timestamp,open,high,low,close,volume,timeframe,source,source_type,is_percentage,lookahead_safe
2023-05-28 12:00:00+00:00,16.122,16.195,16.121,16.187,551.122,4h,uploaded_csv,BTCDOM_INDEX_PROXY,False,True
2023-05-28 16:00:00+00:00,16.187,16.38,16.168,16.278,513.304,4h,uploaded_csv,BTCDOM_INDEX_PROXY,False,True
2023-05-28 20:00:00+00:00,16.279,16.392,16.158,16.182,930.237,4h,uploaded_csv,BTCDOM_INDEX_PROXY,False,True
2023-05-29 00:00:00+00:00,16.18,16.291,16.169,16.177,455.489,4h,uploaded_csv,BTCDOM_INDEX_PROXY,False,True
2023-05-29 04:00:00+00:00,16.174,16.211,16.155,16.165,204.484,4h,uploaded_csv,BTCDOM_INDEX_PROXY,False,True
2023-05-29 08:00:00+00:00,16.166,16.178,16.117,16.128,153.759,4h,uploaded_csv,BTCDOM_INDEX_PROXY,False,True
2023-05-29 12:00:00+00:00,16.127,16.155,16.077,16.082,260.05,4h,uploaded_csv,BTCDOM_INDEX_PROXY,False,True
2023-05-29 16:00:00+00:00,16.083,16.127,16.049,16.075,300.635,4h,uploaded_csv,BTCDOM_INDEX_PROXY,False,True
2023-05-29 20:00:00+00:00,16.075,16.119,16.055,16.119,204.732,4h,uploaded_csv,BTCDOM_INDEX_PROXY,False,True
2023-05-30 00:00:00+00:00,16.118,16.126,16.09,16.099,187.032,4h,uploaded_csv,BTCDOM_INDEX_PROXY,False,True
2023-05-30 04:00:00+00:00,16.099,16.101,16.051,16.062,132.982,4h,uploaded_csv,BTCDOM_INDEX_PROXY,False,True
2023-05-30 08:00:00+00:00,16.061,16.1,16.046,16.092,157.074,4h,uploaded_csv,BTCDOM_INDEX_PROXY,False,True
2023-05-30 12:00:00+00:00,16.095,16.103,16.021,16.026,201.819,4h,uploaded_csv,BTCDOM_INDEX_PROXY,False,True
2023-05-30 16:00:00+00:00,16.025,16.031,15.952,16.019,281.248,4h,uploaded_csv,BTCDOM_INDEX_PROXY,False,True
2023-05-30 20:00:00+00:00,16.02,16.022,15.954,15.978,166.611,4h,uploaded_csv,BTCDOM_INDEX_PROXY,False,True
2023-05-31 00:00:00+00:00,15.977,16.04,15.972,15.978,186.917,4h,uploaded_csv,BTCDOM_INDEX_PROXY,False,True
2023-05-31 04:00:00+00:00,15.978,16.006,15.905,15.951,478.458,4h,uploaded_csv,BTCDOM_INDEX_PROXY,False,True
2023-05-31 08:00:00+00:00,15.952,15.967,15.911,15.929,178.131,4h,uploaded_csv,BTCDOM_INDEX_PROXY,False,True
2023-05-31 12:00:00+00:00,15.929,15.944,15.89,15.9,193.334,4h,uploaded_csv,BTCDOM_INDEX_PROXY,False,True
2023-05-31 16:00:00+00:00,15.901,15.957,15.896,15.898,209.884,4h,uploaded_csv,BTCDOM_INDEX_PROXY,False,True
2023-05-31 20:00:00+00:00,15.898,15.984,15.898,15.944,255.295,4h,uploaded_csv,BTCDOM_INDEX_PROXY,False,True
2023-06-01 00:00:00+00:00,15.944,15.957,15.833,15.848,400.008,4h,uploaded_csv,BTCDOM_INDEX_PROXY,False,True
2023-06-01 04:00:00+00:00,15.85,15.915,15.848,15.87,165.132,4h,uploaded_csv,BTCDOM_INDEX_PROXY,False,True
2023-06-01 08:00:00+00:00,15.871,15.923,15.859,15.881,155.127,4h,uploaded_csv,BTCDOM_INDEX_PROXY,False,True
2023-06-01 12:00:00+00:00,15.881,15.897,15.851,15.855,117.361,4h,uploaded_csv,BTCDOM_INDEX_PROXY,False,True
2023-06-01 16:00:00+00:00,15.854,15.903,15.779,15.803,263.479,4h,uploaded_csv,BTCDOM_INDEX_PROXY,False,True
2023-06-01 20:00:00+00:00,15.802,15.833,15.788,15.827,185.512,4h,uploaded_csv,BTCDOM_INDEX_PROXY,False,True
2023-06-02 00:00:00+00:00,15.827,15.851,15.763,15.787,250.037,4h,uploaded_csv,BTCDOM_INDEX_PROXY,False,True
2023-06-02 04:00:00+00:00,15.786,15.793,15.735,15.772,232.168,4h,uploaded_csv,BTCDOM_INDEX_PROXY,False,True
2023-06-02 08:00:00+00:00,15.771,15.795,15.738,15.756,161.256,4h,uploaded_csv,BTCDOM_INDEX_PROXY,False,True
2023-06-02 12:00:00+00:00,15.755,15.787,15.724,15.764,263.286,4h,uploaded_csv,BTCDOM_INDEX_PROXY,False,True
2023-06-02 16:00:00+00:00,15.762,15.764,15.679,15.718,286.742,4h,uploaded_csv,BTCDOM_INDEX_PROXY,False,True
2023-06-02 20:00:00+00:00,15.717,15.736,15.684,15.704,146.37,4h,uploaded_csv,BTCDOM_INDEX_PROXY,False,True
2023-06-03 00:00:00+00:00,15.704,15.727,15.666,15.716,166.825,4h,uploaded_csv,BTCDOM_INDEX_PROXY,False,True
2023-06-03 04:00:00+00:00,15.715,15.74,15.675,15.7,202.283,4h,uploaded_csv,BTCDOM_INDEX_PROXY,False,True
2023-06-03 08:00:00+00:00,15.701,15.707,15.651,15.662,142.355,4h,uploaded_csv,BTCDOM_INDEX_PROXY,False,True
2023-06-03 12:00:00+00:00,15.662,15.769,15.655,15.752,240.172,4h,uploaded_csv,BTCDOM_INDEX_PROXY,False,True
2023-06-03 16:00:00+00:00,15.755,15.784,15.722,15.754,194.188,4h,uploaded_csv,BTCDOM_INDEX_PROXY,False,True
2023-06-03 20:00:00+00:00,15.753,15.76,15.681,15.686,188.095,4h,uploaded_csv,BTCDOM_INDEX_PROXY,False,True
2023-06-04 00:00:00+00:00,15.687,15.699,15.666,15.681,167.69,4h,uploaded_csv,BTCDOM_INDEX_PROXY,False,True
2023-06-04 04:00:00+00:00,15.681,15.717,15.669,15.671,114.796,4h,uploaded_csv,BTCDOM_INDEX_PROXY,False,True
2023-06-04 08:00:00+00:00,15.67,15.691,15.662,15.678,116.517,4h,uploaded_csv,BTCDOM_INDEX_PROXY,False,True
2023-06-04 12:00:00+00:00,15.679,15.699,15.661,15.669,106.376,4h,uploaded_csv,BTCDOM_INDEX_PROXY,False,True
2023-06-04 16:00:00+00:00,15.669,15.7,15.622,15.65,147.887,4h,uploaded_csv,BTCDOM_INDEX_PROXY,False,True
2023-06-04 20:00:00+00:00,15.65,15.739,15.648,15.705,294.498,4h,uploaded_csv,BTCDOM_INDEX_PROXY,False,True
2023-06-05 00:00:00+00:00,15.704,15.776,15.7,15.746,327.176,4h,uploaded_csv,BTCDOM_INDEX_PROXY,False,True
2023-06-05 04:00:00+00:00,15.743,15.77,15.68,15.685,216.792,4h,uploaded_csv,BTCDOM_INDEX_PROXY,False,True
2023-06-05 08:00:00+00:00,15.686,15.709,15.662,15.688,147.882,4h,uploaded_csv,BTCDOM_INDEX_PROXY,False,True
2023-06-05 12:00:00+00:00,15.688,15.873,15.664,15.868,558.047,4h,uploaded_csv,BTCDOM_INDEX_PROXY,False,True
2023-06-05 16:00:00+00:00,15.857,15.996,15.671,15.741,1422.367,4h,uploaded_csv,BTCDOM_INDEX_PROXY,False,True
2023-06-05 20:00:00+00:00,15.744,15.838,15.744,15.778,445.471,4h,uploaded_csv,BTCDOM_INDEX_PROXY,False,True
2023-06-06 00:00:00+00:00,15.779,15.815,15.721,15.776,330.145,4h,uploaded_csv,BTCDOM_INDEX_PROXY,False,True
2023-06-06 04:00:00+00:00,15.776,15.799,15.743,15.767,200.334,4h,uploaded_csv,BTCDOM_INDEX_PROXY,False,True
2023-06-06 08:00:00+00:00,15.767,15.777,15.712,15.729,315.008,4h,uploaded_csv,BTCDOM_INDEX_PROXY,False,True
2023-06-06 12:00:00+00:00,15.73,15.807,15.623,15.784,594.54,4h,uploaded_csv,BTCDOM_INDEX_PROXY,False,True
2023-06-06 16:00:00+00:00,15.783,16.005,15.779,15.981,683.982,4h,uploaded_csv,BTCDOM_INDEX_PROXY,False,True
2023-06-06 20:00:00+00:00,15.981,16.166,15.976,16.149,742.094,4h,uploaded_csv,BTCDOM_INDEX_PROXY,False,True
2023-06-07 00:00:00+00:00,16.148,16.196,16.019,16.067,493.356,4h,uploaded_csv,BTCDOM_INDEX_PROXY,False,True
2023-06-07 04:00:00+00:00,16.068,16.086,16.018,16.05,181.148,4h,uploaded_csv,BTCDOM_INDEX_PROXY,False,True
2023-06-07 08:00:00+00:00,16.051,16.147,16.029,16.146,364.329,4h,uploaded_csv,BTCDOM_INDEX_PROXY,False,True
2023-06-07 12:00:00+00:00,16.146,16.3,16.136,16.229,564.436,4h,uploaded_csv,BTCDOM_INDEX_PROXY,False,True
2023-06-07 16:00:00+00:00,16.229,16.296,16.221,16.242,294.87,4h,uploaded_csv,BTCDOM_INDEX_PROXY,False,True
2023-06-07 20:00:00+00:00,16.244,16.309,16.191,16.272,310.361,4h,uploaded_csv,BTCDOM_INDEX_PROXY,False,True
2023-06-08 00:00:00+00:00,16.271,16.289,16.217,16.281,400.714,4h,uploaded_csv,BTCDOM_INDEX_PROXY,False,True
2023-06-08 04:00:00+00:00,16.28,16.289,16.246,16.26,326.325,4h,uploaded_csv,BTCDOM_INDEX_PROXY,False,True
2023-06-08 08:00:00+00:00,16.26,16.283,16.185,16.201,501.955,4h,uploaded_csv,BTCDOM_INDEX_PROXY,False,True
2023-06-08 12:00:00+00:00,16.202,16.306,16.163,16.298,415.788,4h,uploaded_csv,BTCDOM_INDEX_PROXY,False,True
2023-06-08 16:00:00+00:00,16.298,16.305,16.239,16.242,158.014,4h,uploaded_csv,BTCDOM_INDEX_PROXY,False,True
2023-06-08 20:00:00+00:00,16.242,16.26,16.231,16.255,98.659,4h,uploaded_csv,BTCDOM_INDEX_PROXY,False,True
2023-06-09 00:00:00+00:00,16.255,16.337,16.233,16.308,198.911,4h,uploaded_csv,BTCDOM_INDEX_PROXY,False,True
2023-06-09 04:00:00+00:00,16.31,16.382,16.277,16.354,211.793,4h,uploaded_csv,BTCDOM_INDEX_PROXY,False,True
2023-06-09 08:00:00+00:00,16.354,16.389,16.321,16.327,208.394,4h,uploaded_csv,BTCDOM_INDEX_PROXY,False,True
2023-06-09 12:00:00+00:00,16.327,16.333,16.251,16.284,321.055,4h,uploaded_csv,BTCDOM_INDEX_PROXY,False,True
2023-06-09 16:00:00+00:00,16.282,16.402,16.254,16.395,292.849,4h,uploaded_csv,BTCDOM_INDEX_PROXY,False,True
2023-06-09 20:00:00+00:00,16.395,16.401,16.335,16.368,245.661,4h,uploaded_csv,BTCDOM_INDEX_PROXY,False,True
2023-06-10 00:00:00+00:00,16.369,16.604,16.363,16.595,996.487,4h,uploaded_csv,BTCDOM_INDEX_PROXY,False,True
2023-06-10 04:00:00+00:00,16.595,17.514,16.574,17.31,9988.491,4h,uploaded_csv,BTCDOM_INDEX_PROXY,False,True
2023-06-10 08:00:00+00:00,17.309,17.378,17.153,17.156,3494.323,4h,uploaded_csv,BTCDOM_INDEX_PROXY,False,True
2023-06-10 12:00:00+00:00,17.157,17.291,17.15,17.208,2256.461,4h,uploaded_csv,BTCDOM_INDEX_PROXY,False,True
2023-06-10 16:00:00+00:00,17.208,17.259,17.019,17.08,2956.565,4h,uploaded_csv,BTCDOM_INDEX_PROXY,False,True
2023-06-10 20:00:00+00:00,17.081,17.19,17.024,17.053,982.22,4h,uploaded_csv,BTCDOM_INDEX_PROXY,False,True
2023-06-11 00:00:00+00:00,17.053,17.155,17.027,17.06,1099.871,4h,uploaded_csv,BTCDOM_INDEX_PROXY,False,True
2023-06-11 04:00:00+00:00,17.061,17.135,17.03,17.067,722.121,4h,uploaded_csv,BTCDOM_INDEX_PROXY,False,True
2023-06-11 08:00:00+00:00,17.066,17.118,17.025,17.067,586.711,4h,uploaded_csv,BTCDOM_INDEX_PROXY,False,True
2023-06-11 12:00:00+00:00,17.069,17.15,17.048,17.15,766.333,4h,uploaded_csv,BTCDOM_INDEX_PROXY,False,True
2023-06-11 16:00:00+00:00,17.15,17.158,17.029,17.051,751.345,4h,uploaded_csv,BTCDOM_INDEX_PROXY,False,True
2023-06-11 20:00:00+00:00,17.051,17.113,17.0,17.088,494.041,4h,uploaded_csv,BTCDOM_INDEX_PROXY,False,True
2023-06-12 00:00:00+00:00,17.089,17.328,17.089,17.258,1098.692,4h,uploaded_csv,BTCDOM_INDEX_PROXY,False,True
2023-06-12 04:00:00+00:00,17.258,17.287,17.183,17.278,738.995,4h,uploaded_csv,BTCDOM_INDEX_PROXY,False,True
2023-06-12 08:00:00+00:00,17.28,17.318,17.068,17.179,843.441,4h,uploaded_csv,BTCDOM_INDEX_PROXY,False,True
2023-06-12 12:00:00+00:00,17.178,17.202,17.114,17.201,301.323,4h,uploaded_csv,BTCDOM_INDEX_PROXY,False,True
2023-06-12 16:00:00+00:00,17.202,17.26,17.152,17.215,532.436,4h,uploaded_csv,BTCDOM_INDEX_PROXY,False,True
2023-06-12 20:00:00+00:00,17.214,17.226,17.118,17.151,275.216,4h,uploaded_csv,BTCDOM_INDEX_PROXY,False,True
2023-06-13 00:00:00+00:00,17.151,17.249,17.141,17.167,493.018,4h,uploaded_csv,BTCDOM_INDEX_PROXY,False,True
2023-06-13 04:00:00+00:00,17.168,17.214,17.139,17.154,587.769,4h,uploaded_csv,BTCDOM_INDEX_PROXY,False,True
2023-06-13 08:00:00+00:00,17.154,17.187,16.945,17.003,928.984,4h,uploaded_csv,BTCDOM_INDEX_PROXY,False,True
2023-06-13 12:00:00+00:00,17.002,17.224,16.996,17.166,863.781,4h,uploaded_csv,BTCDOM_INDEX_PROXY,False,True
2023-06-13 16:00:00+00:00,17.166,17.179,17.056,17.089,470.857,4h,uploaded_csv,BTCDOM_INDEX_PROXY,False,True
2023-06-13 20:00:00+00:00,17.091,17.106,17.016,17.074,591.433,4h,uploaded_csv,BTCDOM_INDEX_PROXY,False,True
2023-06-14 00:00:00+00:00,17.073,17.09,17.01,17.013,459.984,4h,uploaded_csv,BTCDOM_INDEX_PROXY,False,True
2023-06-14 04:00:00+00:00,17.013,17.084,17.006,17.063,386.789,4h,uploaded_csv,BTCDOM_INDEX_PROXY,False,True
2023-06-14 08:00:00+00:00,17.062,17.074,17.019,17.048,201.282,4h,uploaded_csv,BTCDOM_INDEX_PROXY,False,True
2023-06-14 12:00:00+00:00,17.047,17.139,17.027,17.105,298.23,4h,uploaded_csv,BTCDOM_INDEX_PROXY,False,True
2023-06-14 16:00:00+00:00,17.105,17.166,17.053,17.127,461.659,4h,uploaded_csv,BTCDOM_INDEX_PROXY,False,True
2023-06-14 20:00:00+00:00,17.133,17.474,17.125,17.329,1898.329,4h,uploaded_csv,BTCDOM_INDEX_PROXY,False,True
2023-06-15 00:00:00+00:00,17.328,17.331,17.233,17.241,433.109,4h,uploaded_csv,BTCDOM_INDEX_PROXY,False,True
2023-06-15 04:00:00+00:00,17.24,17.38,17.232,17.349,427.536,4h,uploaded_csv,BTCDOM_INDEX_PROXY,False,True
2023-06-15 08:00:00+00:00,17.349,17.42,17.32,17.351,729.786,4h,uploaded_csv,BTCDOM_INDEX_PROXY,False,True
2023-06-15 12:00:00+00:00,17.351,17.386,17.302,17.376,507.834,4h,uploaded_csv,BTCDOM_INDEX_PROXY,False,True
2023-06-15 16:00:00+00:00,17.375,17.5,17.356,17.435,1082.367,4h,uploaded_csv,BTCDOM_INDEX_PROXY,False,True
2023-06-15 20:00:00+00:00,17.435,17.592,17.423,17.542,860.523,4h,uploaded_csv,BTCDOM_INDEX_PROXY,False,True
2023-06-16 00:00:00+00:00,17.542,17.555,17.472,17.515,551.296,4h,uploaded_csv,BTCDOM_INDEX_PROXY,False,True
2023-06-16 04:00:00+00:00,17.511,17.515,17.426,17.464,425.361,4h,uploaded_csv,BTCDOM_INDEX_PROXY,False,True
2023-06-16 08:00:00+00:00,17.463,17.655,17.454,17.596,595.03,4h,uploaded_csv,BTCDOM_INDEX_PROXY,False,True
2023-06-16 12:00:00+00:00,17.596,17.706,17.533,17.661,560.854,4h,uploaded_csv,BTCDOM_INDEX_PROXY,False,True
2023-06-16 16:00:00+00:00,17.664,17.83,17.632,17.676,1188.536,4h,uploaded_csv,BTCDOM_INDEX_PROXY,False,True
2023-06-16 20:00:00+00:00,17.676,17.735,17.626,17.698,350.846,4h,uploaded_csv,BTCDOM_INDEX_PROXY,False,True
2023-06-17 00:00:00+00:00,17.699,17.772,17.618,17.649,472.208,4h,uploaded_csv,BTCDOM_INDEX_PROXY,False,True
2023-06-17 04:00:00+00:00,17.649,17.662,17.48,17.551,893.762,4h,uploaded_csv,BTCDOM_INDEX_PROXY,False,True
2023-06-17 08:00:00+00:00,17.55,17.597,17.544,17.571,393.071,4h,uploaded_csv,BTCDOM_INDEX_PROXY,False,True
2023-06-17 12:00:00+00:00,17.571,17.62,17.531,17.58,460.077,4h,uploaded_csv,BTCDOM_INDEX_PROXY,False,True
2023-06-17 16:00:00+00:00,17.58,17.64,17.572,17.615,227.559,4h,uploaded_csv,BTCDOM_INDEX_PROXY,False,True
2023-06-17 20:00:00+00:00,17.616,17.657,17.612,17.642,129.518,4h,uploaded_csv,BTCDOM_INDEX_PROXY,False,True
2023-06-18 00:00:00+00:00,17.642,17.694,17.626,17.671,381.71,4h,uploaded_csv,BTCDOM_INDEX_PROXY,False,True
2023-06-18 04:00:00+00:00,17.671,17.685,17.632,17.67,218.727,4h,uploaded_csv,BTCDOM_INDEX_PROXY,False,True
2023-06-18 08:00:00+00:00,17.669,17.672,17.534,17.564,488.327,4h,uploaded_csv,BTCDOM_INDEX_PROXY,False,True
2023-06-18 12:00:00+00:00,17.563,17.587,17.512,17.533,291.169,4h,uploaded_csv,BTCDOM_INDEX_PROXY,False,True
2023-06-18 16:00:00+00:00,17.533,17.59,17.52,17.57,147.622,4h,uploaded_csv,BTCDOM_INDEX_PROXY,False,True
2023-06-18 20:00:00+00:00,17.568,17.644,17.564,17.6,332.696,4h,uploaded_csv,BTCDOM_INDEX_PROXY,False,True
2023-06-19 00:00:00+00:00,17.599,17.655,17.582,17.628,207.627,4h,uploaded_csv,BTCDOM_INDEX_PROXY,False,True
2023-06-19 04:00:00+00:00,17.628,17.645,17.604,17.624,178.864,4h,uploaded_csv,BTCDOM_INDEX_PROXY,False,True
2023-06-19 08:00:00+00:00,17.623,17.659,17.622,17.644,262.96,4h,uploaded_csv,BTCDOM_INDEX_PROXY,False,True
2023-06-19 12:00:00+00:00,17.644,17.707,17.625,17.697,510.931,4h,uploaded_csv,BTCDOM_INDEX_PROXY,False,True
2023-06-19 16:00:00+00:00,17.697,17.819,17.694,17.795,1143.194,4h,uploaded_csv,BTCDOM_INDEX_PROXY,False,True
2023-06-19 20:00:00+00:00,17.794,17.824,17.737,17.792,351.494,4h,uploaded_csv,BTCDOM_INDEX_PROXY,False,True
2023-06-20 00:00:00+00:00,17.793,17.89,17.787,17.885,875.383,4h,uploaded_csv,BTCDOM_INDEX_PROXY,False,True
2023-06-20 04:00:00+00:00,17.885,17.965,17.851,17.874,619.975,4h,uploaded_csv,BTCDOM_INDEX_PROXY,False,True
2023-06-20 08:00:00+00:00,17.875,17.93,17.847,17.912,314.765,4h,uploaded_csv,BTCDOM_INDEX_PROXY,False,True
2023-06-20 12:00:00+00:00,17.911,18.086,17.905,18.072,1092.31,4h,uploaded_csv,BTCDOM_INDEX_PROXY,False,True
2023-06-20 16:00:00+00:00,18.072,18.26,18.044,18.171,2385.729,4h,uploaded_csv,BTCDOM_INDEX_PROXY,False,True
2023-06-20 20:00:00+00:00,18.172,18.35,18.166,18.285,1502.361,4h,uploaded_csv,BTCDOM_INDEX_PROXY,False,True
2023-06-21 00:00:00+00:00,18.283,18.463,18.247,18.293,1408.903,4h,uploaded_csv,BTCDOM_INDEX_PROXY,False,True
2023-06-21 04:00:00+00:00,18.293,18.396,18.291,18.373,861.674,4h,uploaded_csv,BTCDOM_INDEX_PROXY,False,True
2023-06-21 08:00:00+00:00,18.369,18.571,18.349,18.354,1682.572,4h,uploaded_csv,BTCDOM_INDEX_PROXY,False,True
2023-06-21 12:00:00+00:00,18.355,18.8,18.304,18.738,2817.617,4h,uploaded_csv,BTCDOM_INDEX_PROXY,False,True
2023-06-21 16:00:00+00:00,18.735,18.949,18.652,18.672,2683.482,4h,uploaded_csv,BTCDOM_INDEX_PROXY,False,True
2023-06-21 20:00:00+00:00,18.675,18.688,18.52,18.542,928.303,4h,uploaded_csv,BTCDOM_INDEX_PROXY,False,True
2023-06-22 00:00:00+00:00,18.546,18.556,18.3,18.344,1253.786,4h,uploaded_csv,BTCDOM_INDEX_PROXY,False,True
2023-06-22 04:00:00+00:00,18.343,18.469,18.305,18.31,749.849,4h,uploaded_csv,BTCDOM_INDEX_PROXY,False,True
2023-06-22 08:00:00+00:00,18.31,18.606,18.307,18.547,881.85,4h,uploaded_csv,BTCDOM_INDEX_PROXY,False,True
2023-06-22 12:00:00+00:00,18.546,18.647,18.502,18.599,1138.47,4h,uploaded_csv,BTCDOM_INDEX_PROXY,False,True
2023-06-22 16:00:00+00:00,18.6,18.687,18.594,18.686,450.823,4h,uploaded_csv,BTCDOM_INDEX_PROXY,False,True
2023-06-22 20:00:00+00:00,18.685,18.741,18.629,18.69,495.805,4h,uploaded_csv,BTCDOM_INDEX_PROXY,False,True
2023-06-23 00:00:00+00:00,18.69,18.695,18.612,18.617,462.311,4h,uploaded_csv,BTCDOM_INDEX_PROXY,False,True
2023-06-23 04:00:00+00:00,18.614,18.66,18.567,18.567,347.242,4h,uploaded_csv,BTCDOM_INDEX_PROXY,False,True
2023-06-23 08:00:00+00:00,18.57,18.698,18.556,18.697,467.117,4h,uploaded_csv,BTCDOM_INDEX_PROXY,False,True
2023-06-23 12:00:00+00:00,18.698,19.122,18.693,19.005,1602.763,4h,uploaded_csv,BTCDOM_INDEX_PROXY,False,True
2023-06-23 16:00:00+00:00,19.005,19.01,18.8,18.851,1650.484,4h,uploaded_csv,BTCDOM_INDEX_PROXY,False,True
2023-06-23 20:00:00+00:00,18.851,18.864,18.77,18.84,662.532,4h,uploaded_csv,BTCDOM_INDEX_PROXY,False,True
2023-06-24 00:00:00+00:00,18.838,18.879,18.782,18.818,668.997,4h,uploaded_csv,BTCDOM_INDEX_PROXY,False,True
2023-06-24 04:00:00+00:00,18.817,18.87,18.761,18.852,345.121,4h,uploaded_csv,BTCDOM_INDEX_PROXY,False,True
2023-06-24 08:00:00+00:00,18.852,18.885,18.8,18.862,396.671,4h,uploaded_csv,BTCDOM_INDEX_PROXY,False,True
2023-06-24 12:00:00+00:00,18.861,19.054,18.764,18.991,1220.646,4h,uploaded_csv,BTCDOM_INDEX_PROXY,False,True
2023-06-24 16:00:00+00:00,18.992,19.035,18.955,18.971,543.456,4h,uploaded_csv,BTCDOM_INDEX_PROXY,False,True
2023-06-24 20:00:00+00:00,18.97,19.061,18.959,18.974,427.167,4h,uploaded_csv,BTCDOM_INDEX_PROXY,False,True
2023-06-25 00:00:00+00:00,18.974,19.025,18.884,18.899,495.394,4h,uploaded_csv,BTCDOM_INDEX_PROXY,False,True
2023-06-25 04:00:00+00:00,18.899,18.933,18.718,18.731,603.137,4h,uploaded_csv,BTCDOM_INDEX_PROXY,False,True
2023-06-25 08:00:00+00:00,18.731,18.761,18.599,18.69,661.028,4h,uploaded_csv,BTCDOM_INDEX_PROXY,False,True
2023-06-25 12:00:00+00:00,18.687,18.894,18.681,18.873,693.729,4h,uploaded_csv,BTCDOM_INDEX_PROXY,False,True
2023-06-25 16:00:00+00:00,18.875,18.883,18.694,18.729,441.465,4h,uploaded_csv,BTCDOM_INDEX_PROXY,False,True
2023-06-25 20:00:00+00:00,18.73,18.763,18.663,18.71,432.09,4h,uploaded_csv,BTCDOM_INDEX_PROXY,False,True
2023-06-26 00:00:00+00:00,18.709,18.876,18.698,18.808,743.879,4h,uploaded_csv,BTCDOM_INDEX_PROXY,False,True
2023-06-26 04:00:00+00:00,18.809,18.84,18.731,18.769,568.9,4h,uploaded_csv,BTCDOM_INDEX_PROXY,False,True
2023-06-26 08:00:00+00:00,18.77,18.812,18.728,18.794,373.913,4h,uploaded_csv,BTCDOM_INDEX_PROXY,False,True
2023-06-26 12:00:00+00:00,18.795,18.832,18.722,18.747,575.474,4h,uploaded_csv,BTCDOM_INDEX_PROXY,False,True
2023-06-26 16:00:00+00:00,18.746,18.989,18.735,18.974,839.637,4h,uploaded_csv,BTCDOM_INDEX_PROXY,False,True
2023-06-26 20:00:00+00:00,18.968,19.031,18.923,18.987,548.642,4h,uploaded_csv,BTCDOM_INDEX_PROXY,False,True
2023-06-27 00:00:00+00:00,18.987,19.05,18.894,18.897,508.721,4h,uploaded_csv,BTCDOM_INDEX_PROXY,False,True
2023-06-27 04:00:00+00:00,18.897,18.933,18.852,18.87,323.982,4h,uploaded_csv,BTCDOM_INDEX_PROXY,False,True
2023-06-27 08:00:00+00:00,18.869,19.02,18.819,19.004,449.69,4h,uploaded_csv,BTCDOM_INDEX_PROXY,False,True
2023-06-27 12:00:00+00:00,19.004,19.05,18.939,18.997,576.931,4h,uploaded_csv,BTCDOM_INDEX_PROXY,False,True
2023-06-27 16:00:00+00:00,18.998,19.005,18.8,18.878,413.393,4h,uploaded_csv,BTCDOM_INDEX_PROXY,False,True
2023-06-27 20:00:00+00:00,18.877,18.944,18.85,18.942,251.414,4h,uploaded_csv,BTCDOM_INDEX_PROXY,False,True
2023-06-28 00:00:00+00:00,18.941,19.074,18.94,18.99,637.248,4h,uploaded_csv,BTCDOM_INDEX_PROXY,False,True
2023-06-28 04:00:00+00:00,18.991,19.1,18.97,19.053,492.596,4h,uploaded_csv,BTCDOM_INDEX_PROXY,False,True
2023-06-28 08:00:00+00:00,19.051,19.075,19.018,19.046,329.749,4h,uploaded_csv,BTCDOM_INDEX_PROXY,False,True
2023-06-28 12:00:00+00:00,19.044,19.086,18.992,19.074,579.201,4h,uploaded_csv,BTCDOM_INDEX_PROXY,False,True
2023-06-28 16:00:00+00:00,19.071,19.46,19.028,19.29,1739.325,4h,uploaded_csv,BTCDOM_INDEX_PROXY,False,True
2023-06-28 20:00:00+00:00,19.294,19.318,19.217,19.268,931.61,4h,uploaded_csv,BTCDOM_INDEX_PROXY,False,True
2023-06-29 00:00:00+00:00,19.268,19.268,19.193,19.209,747.2,4h,uploaded_csv,BTCDOM_INDEX_PROXY,False,True
2023-06-29 04:00:00+00:00,19.209,19.275,19.164,19.203,742.427,4h,uploaded_csv,BTCDOM_INDEX_PROXY,False,True
2023-06-29 08:00:00+00:00,19.202,19.25,19.132,19.167,669.953,4h,uploaded_csv,BTCDOM_INDEX_PROXY,False,True
2023-06-29 12:00:00+00:00,19.168,19.253,19.127,19.228,538.875,4h,uploaded_csv,BTCDOM_INDEX_PROXY,False,True
2023-06-29 16:00:00+00:00,19.223,19.298,19.187,19.2,468.115,4h,uploaded_csv,BTCDOM_INDEX_PROXY,False,True
2023-06-29 20:00:00+00:00,19.201,19.223,19.137,19.185,298.307,4h,uploaded_csv,BTCDOM_INDEX_PROXY,False,True
2023-06-30 00:00:00+00:00,19.186,19.233,18.984,18.995,1141.42,4h,uploaded_csv,BTCDOM_INDEX_PROXY,False,True
2023-06-30 04:00:00+00:00,18.995,19.079,18.899,18.908,1119.287,4h,uploaded_csv,BTCDOM_INDEX_PROXY,False,True
2023-06-30 08:00:00+00:00,18.908,18.925,18.768,18.857,895.292,4h,uploaded_csv,BTCDOM_INDEX_PROXY,False,True
2023-06-30 12:00:00+00:00,18.856,18.918,18.6,18.829,1711.149,4h,uploaded_csv,BTCDOM_INDEX_PROXY,False,True
2023-06-30 16:00:00+00:00,18.83,18.83,18.298,18.343,2286.67,4h,uploaded_csv,BTCDOM_INDEX_PROXY,False,True
2023-06-30 20:00:00+00:00,18.341,18.425,18.296,18.345,855.081,4h,uploaded_csv,BTCDOM_INDEX_PROXY,False,True
2023-07-01 00:00:00+00:00,18.346,18.428,18.255,18.396,803.829,4h,uploaded_csv,BTCDOM_INDEX_PROXY,False,True
2023-07-01 04:00:00+00:00,18.396,18.478,18.388,18.419,628.803,4h,uploaded_csv,BTCDOM_INDEX_PROXY,False,True
2023-07-01 08:00:00+00:00,18.419,18.448,18.358,18.431,393.59,4h,uploaded_csv,BTCDOM_INDEX_PROXY,False,True
2023-07-01 12:00:00+00:00,18.432,18.45,18.369,18.392,458.897,4h,uploaded_csv,BTCDOM_INDEX_PROXY,False,True
2023-07-01 16:00:00+00:00,18.393,18.491,18.378,18.434,622.942,4h,uploaded_csv,BTCDOM_INDEX_PROXY,False,True
2023-07-01 20:00:00+00:00,18.432,18.436,18.367,18.387,190.611,4h,uploaded_csv,BTCDOM_INDEX_PROXY,False,True
2023-07-02 00:00:00+00:00,18.384,18.476,18.37,18.434,315.878,4h,uploaded_csv,BTCDOM_INDEX_PROXY,False,True
2023-07-02 04:00:00+00:00,18.434,18.458,18.385,18.389,219.687,4h,uploaded_csv,BTCDOM_INDEX_PROXY,False,True
2023-07-02 08:00:00+00:00,18.388,18.446,18.373,18.376,224.924,4h,uploaded_csv,BTCDOM_INDEX_PROXY,False,True
2023-07-02 12:00:00+00:00,18.375,18.418,18.314,18.348,447.672,4h,uploaded_csv,BTCDOM_INDEX_PROXY,False,True
2023-07-02 16:00:00+00:00,18.347,18.439,18.347,18.405,220.766,4h,uploaded_csv,BTCDOM_INDEX_PROXY,False,True
2023-07-02 20:00:00+00:00,18.405,18.422,18.171,18.246,649.737,4h,uploaded_csv,BTCDOM_INDEX_PROXY,False,True
2023-07-03 00:00:00+00:00,18.247,18.317,18.19,18.211,552.363,4h,uploaded_csv,BTCDOM_INDEX_PROXY,False,True
2023-07-03 04:00:00+00:00,18.212,18.253,18.065,18.079,618.885,4h,uploaded_csv,BTCDOM_INDEX_PROXY,False,True
2023-07-03 08:00:00+00:00,18.078,18.131,18.022,18.09,407.782,4h,uploaded_csv,BTCDOM_INDEX_PROXY,False,True
2023-07-03 12:00:00+00:00,18.091,18.329,18.078,18.299,564.331,4h,uploaded_csv,BTCDOM_INDEX_PROXY,False,True
2023-07-03 16:00:00+00:00,18.304,18.442,18.27,18.409,373.816,4h,uploaded_csv,BTCDOM_INDEX_PROXY,False,True
2023-07-03 20:00:00+00:00,18.404,18.47,18.368,18.438,341.107,4h,uploaded_csv,BTCDOM_INDEX_PROXY,False,True
2023-07-04 00:00:00+00:00,18.439,18.581,18.38,18.413,751.336,4h,uploaded_csv,BTCDOM_INDEX_PROXY,False,True
2023-07-04 04:00:00+00:00,18.417,18.443,18.357,18.379,371.98,4h,uploaded_csv,BTCDOM_INDEX_PROXY,False,True
2023-07-04 08:00:00+00:00,18.379,18.433,18.352,18.377,233.164,4h,uploaded_csv,BTCDOM_INDEX_PROXY,False,True
2023-07-04 12:00:00+00:00,18.375,18.421,18.332,18.386,278.225,4h,uploaded_csv,BTCDOM_INDEX_PROXY,False,True
2023-07-04 16:00:00+00:00,18.385,18.459,18.344,18.403,271.881,4h,uploaded_csv,BTCDOM_INDEX_PROXY,False,True
2023-07-04 20:00:00+00:00,18.399,18.423,18.359,18.415,191.274,4h,uploaded_csv,BTCDOM_INDEX_PROXY,False,True
2023-07-05 00:00:00+00:00,18.413,18.439,18.388,18.41,227.206,4h,uploaded_csv,BTCDOM_INDEX_PROXY,False,True
2023-07-05 04:00:00+00:00,18.408,18.458,18.364,18.386,446.817,4h,uploaded_csv,BTCDOM_INDEX_PROXY,False,True
2023-07-05 08:00:00+00:00,18.385,18.657,18.382,18.517,759.112,4h,uploaded_csv,BTCDOM_INDEX_PROXY,False,True
2023-07-05 12:00:00+00:00,18.516,18.6,18.48,18.563,573.452,4h,uploaded_csv,BTCDOM_INDEX_PROXY,False,True
2023-07-05 16:00:00+00:00,18.564,18.588,18.528,18.571,326.475,4h,uploaded_csv,BTCDOM_INDEX_PROXY,False,True
2023-07-05 20:00:00+00:00,18.572,18.585,18.495,18.552,213.873,4h,uploaded_csv,BTCDOM_INDEX_PROXY,False,True
2023-07-06 00:00:00+00:00,18.552,18.563,18.498,18.501,279.918,4h,uploaded_csv,BTCDOM_INDEX_PROXY,False,True
2023-07-06 04:00:00+00:00,18.499,18.558,18.448,18.545,430.119,4h,uploaded_csv,BTCDOM_INDEX_PROXY,False,True
2023-07-06 08:00:00+00:00,18.545,18.699,18.525,18.647,583.978,4h,uploaded_csv,BTCDOM_INDEX_PROXY,False,True
2023-07-06 12:00:00+00:00,18.645,18.709,18.592,18.673,730.847,4h,uploaded_csv,BTCDOM_INDEX_PROXY,False,True
2023-07-06 16:00:00+00:00,18.674,18.698,18.544,18.624,346.532,4h,uploaded_csv,BTCDOM_INDEX_PROXY,False,True
2023-07-06 20:00:00+00:00,18.624,18.766,18.605,18.755,434.814,4h,uploaded_csv,BTCDOM_INDEX_PROXY,False,True
2023-07-07 00:00:00+00:00,18.755,18.839,18.719,18.734,703.889,4h,uploaded_csv,BTCDOM_INDEX_PROXY,False,True
2023-07-07 04:00:00+00:00,18.731,18.799,18.713,18.73,228.987,4h,uploaded_csv,BTCDOM_INDEX_PROXY,False,True
2023-07-07 08:00:00+00:00,18.731,18.768,18.7,18.748,342.1,4h,uploaded_csv,BTCDOM_INDEX_PROXY,False,True
2023-07-07 12:00:00+00:00,18.748,18.773,18.709,18.758,355.987,4h,uploaded_csv,BTCDOM_INDEX_PROXY,False,True
2023-07-07 16:00:00+00:00,18.755,18.765,18.692,18.722,245.631,4h,uploaded_csv,BTCDOM_INDEX_PROXY,False,True
2023-07-07 20:00:00+00:00,18.725,18.758,18.723,18.746,150.244,4h,uploaded_csv,BTCDOM_INDEX_PROXY,False,True
2023-07-08 00:00:00+00:00,18.746,18.758,18.662,18.75,199.433,4h,uploaded_csv,BTCDOM_INDEX_PROXY,False,True
2023-07-08 04:00:00+00:00,18.749,18.768,18.689,18.706,215.377,4h,uploaded_csv,BTCDOM_INDEX_PROXY,False,True
2023-07-08 08:00:00+00:00,18.708,18.735,18.673,18.72,209.136,4h,uploaded_csv,BTCDOM_INDEX_PROXY,False,True
2023-07-08 12:00:00+00:00,18.718,18.741,18.692,18.712,156.53,4h,uploaded_csv,BTCDOM_INDEX_PROXY,False,True
2023-07-08 16:00:00+00:00,18.714,18.773,18.693,18.768,134.931,4h,uploaded_csv,BTCDOM_INDEX_PROXY,False,True
2023-07-08 20:00:00+00:00,18.767,18.8,18.688,18.703,181.584,4h,uploaded_csv,BTCDOM_INDEX_PROXY,False,True
2023-07-09 00:00:00+00:00,18.703,18.727,18.67,18.681,195.596,4h,uploaded_csv,BTCDOM_INDEX_PROXY,False,True
2023-07-09 04:00:00+00:00,18.682,18.747,18.666,18.725,233.959,4h,uploaded_csv,BTCDOM_INDEX_PROXY,False,True
2023-07-09 08:00:00+00:00,18.725,18.756,18.658,18.704,486.869,4h,uploaded_csv,BTCDOM_INDEX_PROXY,False,True
2023-07-09 12:00:00+00:00,18.705,18.788,18.654,18.785,284.071,4h,uploaded_csv,BTCDOM_INDEX_PROXY,False,True
2023-07-09 16:00:00+00:00,18.785,18.794,18.724,18.724,158.434,4h,uploaded_csv,BTCDOM_INDEX_PROXY,False,True
2023-07-09 20:00:00+00:00,18.724,18.745,18.664,18.728,252.699,4h,uploaded_csv,BTCDOM_INDEX_PROXY,False,True
2023-07-10 00:00:00+00:00,18.728,18.819,18.726,18.774,359.34,4h,uploaded_csv,BTCDOM_INDEX_PROXY,False,True
2023-07-10 04:00:00+00:00,18.77,18.808,18.731,18.801,224.765,4h,uploaded_csv,BTCDOM_INDEX_PROXY,False,True
2023-07-10 08:00:00+00:00,18.799,18.848,18.68,18.709,588.218,4h,uploaded_csv,BTCDOM_INDEX_PROXY,False,True
2023-07-10 12:00:00+00:00,18.707,18.719,18.62,18.635,348.239,4h,uploaded_csv,BTCDOM_INDEX_PROXY,False,True
2023-07-10 16:00:00+00:00,18.635,18.699,18.577,18.688,316.594,4h,uploaded_csv,BTCDOM_INDEX_PROXY,False,True
2023-07-10 20:00:00+00:00,18.689,18.781,18.504,18.618,532.866,4h,uploaded_csv,BTCDOM_INDEX_PROXY,False,True
2023-07-11 00:00:00+00:00,18.618,18.696,18.603,18.648,217.44,4h,uploaded_csv,BTCDOM_INDEX_PROXY,False,True
2023-07-11 04:00:00+00:00,18.647,18.68,18.606,18.64,191.694,4h,uploaded_csv,BTCDOM_INDEX_PROXY,False,True
2023-07-11 08:00:00+00:00,18.639,18.698,18.612,18.67,162.943,4h,uploaded_csv,BTCDOM_INDEX_PROXY,False,True
2023-07-11 12:00:00+00:00,18.67,18.798,18.648,18.765,283.67,4h,uploaded_csv,BTCDOM_INDEX_PROXY,False,True
2023-07-11 16:00:00+00:00,18.765,18.8,18.692,18.747,211.504,4h,uploaded_csv,BTCDOM_INDEX_PROXY,False,True
2023-07-11 20:00:00+00:00,18.748,18.75,18.657,18.709,190.745,4h,uploaded_csv,BTCDOM_INDEX_PROXY,False,True
2023-07-12 00:00:00+00:00,18.71,18.731,18.601,18.668,260.589,4h,uploaded_csv,BTCDOM_INDEX_PROXY,False,True
2023-07-12 04:00:00+00:00,18.668,18.715,18.656,18.679,161.004,4h,uploaded_csv,BTCDOM_INDEX_PROXY,False,True
2023-07-12 08:00:00+00:00,18.678,18.726,18.674,18.718,171.43,4h,uploaded_csv,BTCDOM_INDEX_PROXY,False,True
2023-07-12 12:00:00+00:00,18.719,18.776,18.621,18.665,319.202,4h,uploaded_csv,BTCDOM_INDEX_PROXY,False,True
2023-07-12 16:00:00+00:00,18.665,18.686,18.59,18.661,211.324,4h,uploaded_csv,BTCDOM_INDEX_PROXY,False,True
2023-07-12 20:00:00+00:00,18.661,18.702,18.643,18.666,176.89,4h,uploaded_csv,BTCDOM_INDEX_PROXY,False,True
2023-07-13 00:00:00+00:00,18.669,18.683,18.627,18.656,173.506,4h,uploaded_csv,BTCDOM_INDEX_PROXY,False,True
2023-07-13 04:00:00+00:00,18.658,18.677,18.614,18.642,244.763,4h,uploaded_csv,BTCDOM_INDEX_PROXY,False,True
2023-07-13 08:00:00+00:00,18.635,18.666,18.585,18.597,189.499,4h,uploaded_csv,BTCDOM_INDEX_PROXY,False,True
2023-07-13 12:00:00+00:00,18.596,18.655,18.046,18.081,1556.763,4h,uploaded_csv,BTCDOM_INDEX_PROXY,False,True
2023-07-13 16:00:00+00:00,18.082,18.088,17.312,17.631,4927.004,4h,uploaded_csv,BTCDOM_INDEX_PROXY,False,True
2023-07-13 20:00:00+00:00,17.631,17.658,17.429,17.454,730.185,4h,uploaded_csv,BTCDOM_INDEX_PROXY,False,True
2023-07-14 00:00:00+00:00,17.451,17.636,17.236,17.395,1747.466,4h,uploaded_csv,BTCDOM_INDEX_PROXY,False,True
2023-07-14 04:00:00+00:00,17.395,17.409,17.31,17.359,627.352,4h,uploaded_csv,BTCDOM_INDEX_PROXY,False,True
2023-07-14 08:00:00+00:00,17.362,17.446,17.322,17.386,571.974,4h,uploaded_csv,BTCDOM_INDEX_PROXY,False,True
2023-07-14 12:00:00+00:00,17.386,17.482,17.368,17.371,1264.081,4h,uploaded_csv,BTCDOM_INDEX_PROXY,False,True
2023-07-14 16:00:00+00:00,17.37,17.727,17.357,17.636,1659.057,4h,uploaded_csv,BTCDOM_INDEX_PROXY,False,True
2023-07-14 20:00:00+00:00,17.635,17.698,17.486,17.489,605.689,4h,uploaded_csv,BTCDOM_INDEX_PROXY,False,True
2023-07-15 00:00:00+00:00,17.487,17.581,17.471,17.536,520.655,4h,uploaded_csv,BTCDOM_INDEX_PROXY,False,True
2023-07-15 04:00:00+00:00,17.535,17.536,17.377,17.388,488.991,4h,uploaded_csv,BTCDOM_INDEX_PROXY,False,True
2023-07-15 08:00:00+00:00,17.39,17.419,17.332,17.396,317.213,4h,uploaded_csv,BTCDOM_INDEX_PROXY,False,True
2023-07-15 12:00:00+00:00,17.398,17.501,17.392,17.438,323.814,4h,uploaded_csv,BTCDOM_INDEX_PROXY,False,True
2023-07-15 16:00:00+00:00,17.438,17.517,17.428,17.464,286.31,4h,uploaded_csv,BTCDOM_INDEX_PROXY,False,True
2023-07-15 20:00:00+00:00,17.463,17.54,17.461,17.483,248.694,4h,uploaded_csv,BTCDOM_INDEX_PROXY,False,True
2023-07-16 00:00:00+00:00,17.483,17.567,17.431,17.538,275.56,4h,uploaded_csv,BTCDOM_INDEX_PROXY,False,True
2023-07-16 04:00:00+00:00,17.541,17.574,17.503,17.555,167.446,4h,uploaded_csv,BTCDOM_INDEX_PROXY,False,True
2023-07-16 08:00:00+00:00,17.558,17.558,17.442,17.467,263.835,4h,uploaded_csv,BTCDOM_INDEX_PROXY,False,True
2023-07-16 12:00:00+00:00,17.467,17.517,17.438,17.472,313.053,4h,uploaded_csv,BTCDOM_INDEX_PROXY,False,True
2023-07-16 16:00:00+00:00,17.469,17.593,17.466,17.587,235.491,4h,uploaded_csv,BTCDOM_INDEX_PROXY,False,True
2023-07-16 20:00:00+00:00,17.587,17.639,17.533,17.627,310.654,4h,uploaded_csv,BTCDOM_INDEX_PROXY,False,True
2023-07-17 00:00:00+00:00,17.623,17.658,17.547,17.554,287.861,4h,uploaded_csv,BTCDOM_INDEX_PROXY,False,True
2023-07-17 04:00:00+00:00,17.553,17.579,17.516,17.563,193.348,4h,uploaded_csv,BTCDOM_INDEX_PROXY,False,True
2023-07-17 08:00:00+00:00,17.563,17.8,17.546,17.695,715.715,4h,uploaded_csv,BTCDOM_INDEX_PROXY,False,True
2023-07-17 12:00:00+00:00,17.696,17.739,17.646,17.684,410.984,4h,uploaded_csv,BTCDOM_INDEX_PROXY,False,True
2023-07-17 16:00:00+00:00,17.684,17.797,17.61,17.693,1291.446,4h,uploaded_csv,BTCDOM_INDEX_PROXY,False,True
2023-07-17 20:00:00+00:00,17.689,17.723,17.606,17.638,314.965,4h,uploaded_csv,BTCDOM_INDEX_PROXY,False,True
2023-07-18 00:00:00+00:00,17.639,17.649,17.566,17.622,306.136,4h,uploaded_csv,BTCDOM_INDEX_PROXY,False,True
2023-07-18 04:00:00+00:00,17.621,17.713,17.594,17.667,233.319,4h,uploaded_csv,BTCDOM_INDEX_PROXY,False,True
2023-07-18 08:00:00+00:00,17.668,17.71,17.623,17.699,326.988,4h,uploaded_csv,BTCDOM_INDEX_PROXY,False,True
2023-07-18 12:00:00+00:00,17.701,17.729,17.633,17.662,260.713,4h,uploaded_csv,BTCDOM_INDEX_PROXY,False,True
2023-07-18 16:00:00+00:00,17.662,17.697,17.596,17.606,297.24,4h,uploaded_csv,BTCDOM_INDEX_PROXY,False,True
2023-07-18 20:00:00+00:00,17.606,17.643,17.549,17.599,234.803,4h,uploaded_csv,BTCDOM_INDEX_PROXY,False,True
2023-07-19 00:00:00+00:00,17.599,17.628,17.45,17.509,440.545,4h,uploaded_csv,BTCDOM_INDEX_PROXY,False,True
2023-07-19 04:00:00+00:00,17.508,17.562,17.49,17.551,250.06,4h,uploaded_csv,BTCDOM_INDEX_PROXY,False,True
2023-07-19 08:00:00+00:00,17.551,17.583,17.528,17.535,190.268,4h,uploaded_csv,BTCDOM_INDEX_PROXY,False,True
2023-07-19 12:00:00+00:00,17.536,17.554,17.482,17.526,226.44,4h,uploaded_csv,BTCDOM_INDEX_PROXY,False,True
2023-07-19 16:00:00+00:00,17.524,17.547,17.446,17.473,229.635,4h,uploaded_csv,BTCDOM_INDEX_PROXY,False,True
2023-07-19 20:00:00+00:00,17.473,17.608,17.471,17.576,233.334,4h,uploaded_csv,BTCDOM_INDEX_PROXY,False,True
2023-07-20 00:00:00+00:00,17.575,17.612,17.485,17.519,347.579,4h,uploaded_csv,BTCDOM_INDEX_PROXY,False,True
2023-07-20 04:00:00+00:00,17.52,17.563,17.443,17.507,432.928,4h,uploaded_csv,BTCDOM_INDEX_PROXY,False,True
2023-07-20 08:00:00+00:00,17.509,17.55,17.422,17.473,269.873,4h,uploaded_csv,BTCDOM_INDEX_PROXY,False,True
2023-07-20 12:00:00+00:00,17.472,17.544,17.449,17.542,313.526,4h,uploaded_csv,BTCDOM_INDEX_PROXY,False,True
2023-07-20 16:00:00+00:00,17.543,17.557,17.476,17.504,166.889,4h,uploaded_csv,BTCDOM_INDEX_PROXY,False,True
2023-07-20 20:00:00+00:00,17.504,17.59,17.441,17.486,164.283,4h,uploaded_csv,BTCDOM_INDEX_PROXY,False,True
2023-07-21 00:00:00+00:00,17.487,17.527,17.433,17.464,163.213,4h,uploaded_csv,BTCDOM_INDEX_PROXY,False,True
2023-07-21 04:00:00+00:00,17.464,17.543,17.449,17.529,118.664,4h,uploaded_csv,BTCDOM_INDEX_PROXY,False,True
2023-07-21 08:00:00+00:00,17.53,17.606,17.509,17.528,226.682,4h,uploaded_csv,BTCDOM_INDEX_PROXY,False,True
2023-07-21 12:00:00+00:00,17.529,17.551,17.49,17.54,223.78,4h,uploaded_csv,BTCDOM_INDEX_PROXY,False,True
2023-07-21 16:00:00+00:00,17.541,17.551,17.47,17.489,146.135,4h,uploaded_csv,BTCDOM_INDEX_PROXY,False,True
2023-07-21 20:00:00+00:00,17.489,17.579,17.489,17.576,172.406,4h,uploaded_csv,BTCDOM_INDEX_PROXY,False,True
2023-07-22 00:00:00+00:00,17.571,17.599,17.476,17.51,213.018,4h,uploaded_csv,BTCDOM_INDEX_PROXY,False,True
2023-07-22 04:00:00+00:00,17.513,17.565,17.513,17.552,114.581,4h,uploaded_csv,BTCDOM_INDEX_PROXY,False,True
2023-07-22 08:00:00+00:00,17.549,17.697,17.517,17.587,291.148,4h,uploaded_csv,BTCDOM_INDEX_PROXY,False,True
2023-07-22 12:00:00+00:00,17.588,17.63,17.575,17.593,93.935,4h,uploaded_csv,BTCDOM_INDEX_PROXY,False,True
2023-07-22 16:00:00+00:00,17.592,17.713,17.576,17.644,277.117,4h,uploaded_csv,BTCDOM_INDEX_PROXY,False,True
2023-07-22 20:00:00+00:00,17.648,17.918,17.608,17.855,707.029,4h,uploaded_csv,BTCDOM_INDEX_PROXY,False,True
2023-07-23 00:00:00+00:00,17.855,17.946,17.789,17.803,774.493,4h,uploaded_csv,BTCDOM_INDEX_PROXY,False,True
2023-07-23 04:00:00+00:00,17.803,17.812,17.764,17.79,419.139,4h,uploaded_csv,BTCDOM_INDEX_PROXY,False,True
2023-07-23 08:00:00+00:00,17.79,17.807,17.757,17.78,224.912,4h,uploaded_csv,BTCDOM_INDEX_PROXY,False,True
2023-07-23 12:00:00+00:00,17.78,17.835,17.771,17.782,220.546,4h,uploaded_csv,BTCDOM_INDEX_PROXY,False,True
2023-07-23 16:00:00+00:00,17.782,17.828,17.718,17.811,339.339,4h,uploaded_csv,BTCDOM_INDEX_PROXY,False,True
2023-07-23 20:00:00+00:00,17.811,17.835,17.79,17.818,142.226,4h,uploaded_csv,BTCDOM_INDEX_PROXY,False,True
2023-07-24 00:00:00+00:00,17.818,17.846,17.771,17.806,216.728,4h,uploaded_csv,BTCDOM_INDEX_PROXY,False,True
2023-07-24 04:00:00+00:00,17.806,17.865,17.778,17.797,223.787,4h,uploaded_csv,BTCDOM_INDEX_PROXY,False,True
2023-07-24 08:00:00+00:00,17.797,17.865,17.66,17.79,697.409,4h,uploaded_csv,BTCDOM_INDEX_PROXY,False,True
2023-07-24 12:00:00+00:00,17.793,17.83,17.725,17.788,297.158,4h,uploaded_csv,BTCDOM_INDEX_PROXY,False,True
2023-07-24 16:00:00+00:00,17.787,17.795,17.674,17.728,314.344,4h,uploaded_csv,BTCDOM_INDEX_PROXY,False,True
2023-07-24 20:00:00+00:00,17.728,17.789,17.72,17.737,173.083,4h,uploaded_csv,BTCDOM_INDEX_PROXY,False,True
2023-07-25 00:00:00+00:00,17.739,17.756,17.673,17.714,272.982,4h,uploaded_csv,BTCDOM_INDEX_PROXY,False,True
2023-07-25 04:00:00+00:00,17.714,17.849,17.713,17.808,333.271,4h,uploaded_csv,BTCDOM_INDEX_PROXY,False,True
2023-07-25 08:00:00+00:00,17.808,17.839,17.739,17.767,169.047,4h,uploaded_csv,BTCDOM_INDEX_PROXY,False,True
2023-07-25 12:00:00+00:00,17.768,17.8,17.709,17.733,1781.529,4h,uploaded_csv,BTCDOM_INDEX_PROXY,False,True
2023-07-25 16:00:00+00:00,17.734,17.79,17.708,17.733,154.7,4h,uploaded_csv,BTCDOM_INDEX_PROXY,False,True
2023-07-25 20:00:00+00:00,17.734,17.756,17.665,17.711,119.916,4h,uploaded_csv,BTCDOM_INDEX_PROXY,False,True
2023-07-26 00:00:00+00:00,17.714,17.746,17.692,17.705,123.29,4h,uploaded_csv,BTCDOM_INDEX_PROXY,False,True
2023-07-26 04:00:00+00:00,17.706,17.789,17.702,17.756,91.595,4h,uploaded_csv,BTCDOM_INDEX_PROXY,False,True
2023-07-26 08:00:00+00:00,17.756,17.833,17.739,17.769,209.279,4h,uploaded_csv,BTCDOM_INDEX_PROXY,False,True
2023-07-26 12:00:00+00:00,17.769,17.779,17.68,17.725,191.467,4h,uploaded_csv,BTCDOM_INDEX_PROXY,False,True
2023-07-26 16:00:00+00:00,17.724,17.775,17.603,17.631,366.329,4h,uploaded_csv,BTCDOM_INDEX_PROXY,False,True
2023-07-26 20:00:00+00:00,17.631,17.689,17.594,17.597,268.004,4h,uploaded_csv,BTCDOM_INDEX_PROXY,False,True
2023-07-27 00:00:00+00:00,17.598,17.654,17.553,17.575,200.377,4h,uploaded_csv,BTCDOM_INDEX_PROXY,False,True
2023-07-27 04:00:00+00:00,17.571,17.622,17.533,17.601,150.609,4h,uploaded_csv,BTCDOM_INDEX_PROXY,False,True
2023-07-27 08:00:00+00:00,17.6,17.623,17.534,17.584,263.137,4h,uploaded_csv,BTCDOM_INDEX_PROXY,False,True
2023-07-27 12:00:00+00:00,17.585,17.615,17.513,17.542,146.171,4h,uploaded_csv,BTCDOM_INDEX_PROXY,False,True
2023-07-27 16:00:00+00:00,17.542,17.571,17.502,17.553,171.461,4h,uploaded_csv,BTCDOM_INDEX_PROXY,False,True
2023-07-27 20:00:00+00:00,17.549,17.587,17.537,17.579,152.613,4h,uploaded_csv,BTCDOM_INDEX_PROXY,False,True
2023-07-28 00:00:00+00:00,17.579,17.586,17.525,17.561,183.31,4h,uploaded_csv,BTCDOM_INDEX_PROXY,False,True
2023-07-28 04:00:00+00:00,17.561,17.613,17.532,17.569,161.442,4h,uploaded_csv,BTCDOM_INDEX_PROXY,False,True
2023-07-28 08:00:00+00:00,17.568,17.588,17.515,17.531,144.29,4h,uploaded_csv,BTCDOM_INDEX_PROXY,False,True
2023-07-28 12:00:00+00:00,17.528,17.596,17.517,17.552,237.131,4h,uploaded_csv,BTCDOM_INDEX_PROXY,False,True
2023-07-28 16:00:00+00:00,17.552,17.581,17.5,17.517,175.568,4h,uploaded_csv,BTCDOM_INDEX_PROXY,False,True
2023-07-28 20:00:00+00:00,17.518,17.564,17.5,17.561,160.059,4h,uploaded_csv,BTCDOM_INDEX_PROXY,False,True
2023-07-29 00:00:00+00:00,17.56,17.582,17.53,17.574,94.786,4h,uploaded_csv,BTCDOM_INDEX_PROXY,False,True
2023-07-29 04:00:00+00:00,17.574,17.579,17.523,17.531,101.883,4h,uploaded_csv,BTCDOM_INDEX_PROXY,False,True
2023-07-29 08:00:00+00:00,17.529,17.569,17.52,17.551,147.796,4h,uploaded_csv,BTCDOM_INDEX_PROXY,False,True
2023-07-29 12:00:00+00:00,17.552,17.557,17.528,17.528,66.876,4h,uploaded_csv,BTCDOM_INDEX_PROXY,False,True
2023-07-29 16:00:00+00:00,17.528,17.547,17.456,17.476,198.631,4h,uploaded_csv,BTCDOM_INDEX_PROXY,False,True
2023-07-29 20:00:00+00:00,17.476,17.494,17.442,17.471,137.086,4h,uploaded_csv,BTCDOM_INDEX_PROXY,False,True
2023-07-30 00:00:00+00:00,17.471,17.504,17.456,17.472,136.637,4h,uploaded_csv,BTCDOM_INDEX_PROXY,False,True
2023-07-30 04:00:00+00:00,17.473,17.496,17.439,17.491,135.759,4h,uploaded_csv,BTCDOM_INDEX_PROXY,False,True
2023-07-30 08:00:00+00:00,17.49,17.5,17.406,17.481,202.266,4h,uploaded_csv,BTCDOM_INDEX_PROXY,False,True
2023-07-30 12:00:00+00:00,17.482,17.51,17.459,17.495,169.627,4h,uploaded_csv,BTCDOM_INDEX_PROXY,False,True
2023-07-30 16:00:00+00:00,17.492,17.603,17.492,17.6,185.397,4h,uploaded_csv,BTCDOM_INDEX_PROXY,False,True
2023-07-30 20:00:00+00:00,17.601,17.672,17.579,17.609,621.463,4h,uploaded_csv,BTCDOM_INDEX_PROXY,False,True
2023-07-31 00:00:00+00:00,17.61,17.641,17.582,17.631,221.83,4h,uploaded_csv,BTCDOM_INDEX_PROXY,False,True
2023-07-31 04:00:00+00:00,17.629,17.688,17.618,17.639,177.864,4h,uploaded_csv,BTCDOM_INDEX_PROXY,False,True
2023-07-31 08:00:00+00:00,17.639,17.655,17.604,17.655,302.865,4h,uploaded_csv,BTCDOM_INDEX_PROXY,False,True
2023-07-31 12:00:00+00:00,17.655,17.705,17.643,17.691,185.408,4h,uploaded_csv,BTCDOM_INDEX_PROXY,False,True
2023-07-31 16:00:00+00:00,17.692,17.704,17.591,17.629,199.472,4h,uploaded_csv,BTCDOM_INDEX_PROXY,False,True
2023-07-31 20:00:00+00:00,17.625,17.754,17.619,17.699,273.864,4h,uploaded_csv,BTCDOM_INDEX_PROXY,False,True
2023-08-01 00:00:00+00:00,17.698,17.871,17.656,17.753,769.511,4h,uploaded_csv,BTCDOM_INDEX_PROXY,False,True
2023-08-01 04:00:00+00:00,17.751,17.807,17.685,17.7,482.614,4h,uploaded_csv,BTCDOM_INDEX_PROXY,False,True
2023-08-01 08:00:00+00:00,17.701,17.725,17.661,17.686,260.769,4h,uploaded_csv,BTCDOM_INDEX_PROXY,False,True
2023-08-01 12:00:00+00:00,17.686,17.7,17.616,17.685,260.884,4h,uploaded_csv,BTCDOM_INDEX_PROXY,False,True
2023-08-01 16:00:00+00:00,17.681,17.714,17.636,17.706,300.678,4h,uploaded_csv,BTCDOM_INDEX_PROXY,False,True
2023-08-01 20:00:00+00:00,17.705,17.798,17.664,17.793,215.463,4h,uploaded_csv,BTCDOM_INDEX_PROXY,False,True
2023-08-02 00:00:00+00:00,17.793,17.96,17.777,17.851,641.952,4h,uploaded_csv,BTCDOM_INDEX_PROXY,False,True
2023-08-02 04:00:00+00:00,17.852,17.936,17.832,17.92,234.071,4h,uploaded_csv,BTCDOM_INDEX_PROXY,False,True
2023-08-02 08:00:00+00:00,17.921,17.927,17.837,17.871,173.174,4h,uploaded_csv,BTCDOM_INDEX_PROXY,False,True
2023-08-02 12:00:00+00:00,17.874,17.97,17.857,17.918,228.099,4h,uploaded_csv,BTCDOM_INDEX_PROXY,False,True
2023-08-02 16:00:00+00:00,17.919,17.97,17.857,17.868,329.304,4h,uploaded_csv,BTCDOM_INDEX_PROXY,False,True
2023-08-02 20:00:00+00:00,17.869,17.936,17.846,17.935,167.933,4h,uploaded_csv,BTCDOM_INDEX_PROXY,False,True
2023-08-03 00:00:00+00:00,17.935,17.956,17.902,17.935,172.11,4h,uploaded_csv,BTCDOM_INDEX_PROXY,False,True
2023-08-03 04:00:00+00:00,17.935,17.989,17.917,17.961,165.433,4h,uploaded_csv,BTCDOM_INDEX_PROXY,False,True
2023-08-03 08:00:00+00:00,17.961,18.058,17.961,18.012,567.861,4h,uploaded_csv,BTCDOM_INDEX_PROXY,False,True
2023-08-03 12:00:00+00:00,18.01,18.078,18.006,18.035,242.769,4h,uploaded_csv,BTCDOM_INDEX_PROXY,False,True
2023-08-03 16:00:00+00:00,18.036,18.04,17.954,18.006,229.966,4h,uploaded_csv,BTCDOM_INDEX_PROXY,False,True
2023-08-03 20:00:00+00:00,18.004,18.153,17.969,18.094,396.334,4h,uploaded_csv,BTCDOM_INDEX_PROXY,False,True
2023-08-04 00:00:00+00:00,18.094,18.112,18.059,18.069,173.308,4h,uploaded_csv,BTCDOM_INDEX_PROXY,False,True
2023-08-04 04:00:00+00:00,18.07,18.12,18.06,18.083,126.321,4h,uploaded_csv,BTCDOM_INDEX_PROXY,False,True
2023-08-04 08:00:00+00:00,18.084,18.101,18.062,18.09,151.301,4h,uploaded_csv,BTCDOM_INDEX_PROXY,False,True
2023-08-04 12:00:00+00:00,18.091,18.098,17.984,18.012,194.408,4h,uploaded_csv,BTCDOM_INDEX_PROXY,False,True
2023-08-04 16:00:00+00:00,18.011,18.073,17.979,18.049,172.309,4h,uploaded_csv,BTCDOM_INDEX_PROXY,False,True
2023-08-04 20:00:00+00:00,18.048,18.156,18.036,18.156,319.793,4h,uploaded_csv,BTCDOM_INDEX_PROXY,False,True
2023-08-05 00:00:00+00:00,18.155,18.251,18.144,18.166,321.956,4h,uploaded_csv,BTCDOM_INDEX_PROXY,False,True
2023-08-05 04:00:00+00:00,18.164,18.196,18.128,18.145,192.138,4h,uploaded_csv,BTCDOM_INDEX_PROXY,False,True
2023-08-05 08:00:00+00:00,18.146,18.165,18.089,18.125,158.995,4h,uploaded_csv,BTCDOM_INDEX_PROXY,False,True
2023-08-05 12:00:00+00:00,18.124,18.143,18.083,18.11,161.576,4h,uploaded_csv,BTCDOM_INDEX_PROXY,False,True
2023-08-05 16:00:00+00:00,18.11,18.146,18.054,18.082,133.508,4h,uploaded_csv,BTCDOM_INDEX_PROXY,False,True
2023-08-05 20:00:00+00:00,18.084,18.102,18.053,18.066,115.762,4h,uploaded_csv,BTCDOM_INDEX_PROXY,False,True
2023-08-06 00:00:00+00:00,18.065,18.087,17.97,18.013,302.306,4h,uploaded_csv,BTCDOM_INDEX_PROXY,False,True
2023-08-06 04:00:00+00:00,18.013,18.073,17.998,18.072,185.371,4h,uploaded_csv,BTCDOM_INDEX_PROXY,False,True
2023-08-06 08:00:00+00:00,18.069,18.094,18.025,18.058,165.123,4h,uploaded_csv,BTCDOM_INDEX_PROXY,False,True
2023-08-06 12:00:00+00:00,18.058,18.117,18.054,18.109,137.405,4h,uploaded_csv,BTCDOM_INDEX_PROXY,False,True
2023-08-06 16:00:00+00:00,18.105,18.132,18.064,18.125,119.352,4h,uploaded_csv,BTCDOM_INDEX_PROXY,False,True
2023-08-06 20:00:00+00:00,18.125,18.165,18.112,18.128,135.59,4h,uploaded_csv,BTCDOM_INDEX_PROXY,False,True
2023-08-07 00:00:00+00:00,18.129,18.15,18.031,18.085,206.277,4h,uploaded_csv,BTCDOM_INDEX_PROXY,False,True
2023-08-07 04:00:00+00:00,18.085,18.151,18.061,18.122,311.543,4h,uploaded_csv,BTCDOM_INDEX_PROXY,False,True
2023-08-07 08:00:00+00:00,18.123,18.142,18.094,18.119,170.426,4h,uploaded_csv,BTCDOM_INDEX_PROXY,False,True
2023-08-07 12:00:00+00:00,18.12,18.208,18.101,18.138,395.963,4h,uploaded_csv,BTCDOM_INDEX_PROXY,False,True
2023-08-07 16:00:00+00:00,18.142,18.296,18.135,18.245,592.996,4h,uploaded_csv,BTCDOM_INDEX_PROXY,False,True
2023-08-07 20:00:00+00:00,18.246,18.284,18.214,18.242,222.467,4h,uploaded_csv,BTCDOM_INDEX_PROXY,False,True
2023-08-08 00:00:00+00:00,18.244,18.255,18.189,18.224,165.258,4h,uploaded_csv,BTCDOM_INDEX_PROXY,False,True
2023-08-08 04:00:00+00:00,18.224,18.237,18.172,18.223,126.53,4h,uploaded_csv,BTCDOM_INDEX_PROXY,False,True
2023-08-08 08:00:00+00:00,18.224,18.286,18.198,18.276,182.716,4h,uploaded_csv,BTCDOM_INDEX_PROXY,False,True
2023-08-08 12:00:00+00:00,18.278,18.342,18.251,18.257,283.42,4h,uploaded_csv,BTCDOM_INDEX_PROXY,False,True
2023-08-08 16:00:00+00:00,18.258,18.313,18.218,18.302,245.953,4h,uploaded_csv,BTCDOM_INDEX_PROXY,False,True
2023-08-08 20:00:00+00:00,18.304,18.365,18.223,18.282,219.09,4h,uploaded_csv,BTCDOM_INDEX_PROXY,False,True
2023-08-09 00:00:00+00:00,18.282,18.303,18.243,18.273,245.558,4h,uploaded_csv,BTCDOM_INDEX_PROXY,False,True
2023-08-09 04:00:00+00:00,18.272,18.286,18.222,18.249,71.692,4h,uploaded_csv,BTCDOM_INDEX_PROXY,False,True
2023-08-09 08:00:00+00:00,18.248,18.281,18.218,18.28,94.293,4h,uploaded_csv,BTCDOM_INDEX_PROXY,False,True
2023-08-09 12:00:00+00:00,18.276,18.331,18.215,18.226,188.732,4h,uploaded_csv,BTCDOM_INDEX_PROXY,False,True
2023-08-09 16:00:00+00:00,18.227,18.242,18.061,18.062,273.861,4h,uploaded_csv,BTCDOM_INDEX_PROXY,False,True
2023-08-09 20:00:00+00:00,18.064,18.197,18.038,18.151,154.986,4h,uploaded_csv,BTCDOM_INDEX_PROXY,False,True
2023-08-10 00:00:00+00:00,18.15,18.189,18.137,18.183,88.409,4h,uploaded_csv,BTCDOM_INDEX_PROXY,False,True
2023-08-10 04:00:00+00:00,18.178,18.23,18.155,18.201,146.884,4h,uploaded_csv,BTCDOM_INDEX_PROXY,False,True
2023-08-10 08:00:00+00:00,18.201,18.226,18.192,18.205,132.291,4h,uploaded_csv,BTCDOM_INDEX_PROXY,False,True
2023-08-10 12:00:00+00:00,18.209,18.213,18.141,18.152,166.278,4h,uploaded_csv,BTCDOM_INDEX_PROXY,False,True
2023-08-10 16:00:00+00:00,18.152,18.17,18.117,18.154,126.601,4h,uploaded_csv,BTCDOM_INDEX_PROXY,False,True
2023-08-10 20:00:00+00:00,18.154,18.176,18.134,18.169,111.862,4h,uploaded_csv,BTCDOM_INDEX_PROXY,False,True
2023-08-11 00:00:00+00:00,18.169,18.178,18.131,18.162,122.794,4h,uploaded_csv,BTCDOM_INDEX_PROXY,False,True
2023-08-11 04:00:00+00:00,18.162,18.175,18.14,18.15,74.549,4h,uploaded_csv,BTCDOM_INDEX_PROXY,False,True
2023-08-11 08:00:00+00:00,18.148,18.208,18.143,18.168,118.795,4h,uploaded_csv,BTCDOM_INDEX_PROXY,False,True
2023-08-11 12:00:00+00:00,18.168,18.201,18.161,18.194,85.917,4h,uploaded_csv,BTCDOM_INDEX_PROXY,False,True
2023-08-11 16:00:00+00:00,18.194,18.209,18.168,18.204,140.508,4h,uploaded_csv,BTCDOM_INDEX_PROXY,False,True
2023-08-11 20:00:00+00:00,18.206,18.215,18.17,18.198,117.151,4h,uploaded_csv,BTCDOM_INDEX_PROXY,False,True
2023-08-12 00:00:00+00:00,18.198,18.201,18.157,18.184,102.19,4h,uploaded_csv,BTCDOM_INDEX_PROXY,False,True
2023-08-12 04:00:00+00:00,18.184,18.209,18.159,18.159,102.484,4h,uploaded_csv,BTCDOM_INDEX_PROXY,False,True
2023-08-12 08:00:00+00:00,18.16,18.171,18.15,18.169,56.714,4h,uploaded_csv,BTCDOM_INDEX_PROXY,False,True
2023-08-12 12:00:00+00:00,18.168,18.175,18.132,18.17,86.659,4h,uploaded_csv,BTCDOM_INDEX_PROXY,False,True
2023-08-12 16:00:00+00:00,18.17,18.204,18.158,18.193,69.84,4h,uploaded_csv,BTCDOM_INDEX_PROXY,False,True
2023-08-12 20:00:00+00:00,18.193,18.198,18.152,18.19,84.932,4h,uploaded_csv,BTCDOM_INDEX_PROXY,False,True
2023-08-13 00:00:00+00:00,18.191,18.204,18.162,18.172,120.995,4h,uploaded_csv,BTCDOM_INDEX_PROXY,False,True
2023-08-13 04:00:00+00:00,18.173,18.192,18.156,18.156,80.718,4h,uploaded_csv,BTCDOM_INDEX_PROXY,False,True
2023-08-13 08:00:00+00:00,18.156,18.177,18.143,18.161,145.069,4h,uploaded_csv,BTCDOM_INDEX_PROXY,False,True
2023-08-13 12:00:00+00:00,18.161,18.18,18.124,18.179,213.144,4h,uploaded_csv,BTCDOM_INDEX_PROXY,False,True
2023-08-13 16:00:00+00:00,18.18,18.183,18.088,18.092,120.761,4h,uploaded_csv,BTCDOM_INDEX_PROXY,False,True
2023-08-13 20:00:00+00:00,18.088,18.253,18.073,18.213,303.609,4h,uploaded_csv,BTCDOM_INDEX_PROXY,False,True
2023-08-14 00:00:00+00:00,18.217,18.219,18.13,18.196,346.006,4h,uploaded_csv,BTCDOM_INDEX_PROXY,False,True
2023-08-14 04:00:00+00:00,18.196,18.207,18.161,18.199,197.277,4h,uploaded_csv,BTCDOM_INDEX_PROXY,False,True
2023-08-14 08:00:00+00:00,18.199,18.247,18.181,18.207,288.419,4h,uploaded_csv,BTCDOM_INDEX_PROXY,False,True
2023-08-14 12:00:00+00:00,18.207,18.267,18.182,18.241,161.129,4h,uploaded_csv,BTCDOM_INDEX_PROXY,False,True
2023-08-14 16:00:00+00:00,18.241,18.28,18.184,18.204,115.908,4h,uploaded_csv,BTCDOM_INDEX_PROXY,False,True
2023-08-14 20:00:00+00:00,18.205,18.219,18.173,18.217,132.632,4h,uploaded_csv,BTCDOM_INDEX_PROXY,False,True
2023-08-15 00:00:00+00:00,18.216,18.228,18.174,18.221,473.364,4h,uploaded_csv,BTCDOM_INDEX_PROXY,False,True
2023-08-15 04:00:00+00:00,18.222,18.251,18.211,18.247,68.734,4h,uploaded_csv,BTCDOM_INDEX_PROXY,False,True
2023-08-15 08:00:00+00:00,18.247,18.285,18.239,18.276,164.081,4h,uploaded_csv,BTCDOM_INDEX_PROXY,False,True
2023-08-15 12:00:00+00:00,18.278,18.295,18.24,18.244,159.964,4h,uploaded_csv,BTCDOM_INDEX_PROXY,False,True
2023-08-15 16:00:00+00:00,18.244,18.624,18.225,18.443,1268.429,4h,uploaded_csv,BTCDOM_INDEX_PROXY,False,True
2023-08-15 20:00:00+00:00,18.445,18.476,18.392,18.412,385.595,4h,uploaded_csv,BTCDOM_INDEX_PROXY,False,True
2023-08-16 00:00:00+00:00,18.412,18.468,18.406,18.465,269.994,4h,uploaded_csv,BTCDOM_INDEX_PROXY,False,True
2023-08-16 04:00:00+00:00,18.466,18.517,18.423,18.496,379.337,4h,uploaded_csv,BTCDOM_INDEX_PROXY,False,True
2023-08-16 08:00:00+00:00,18.496,18.553,18.49,18.515,424.296,4h,uploaded_csv,BTCDOM_INDEX_PROXY,False,True
2023-08-16 12:00:00+00:00,18.515,18.627,18.512,18.591,1046.611,4h,uploaded_csv,BTCDOM_INDEX_PROXY,False,True
2023-08-16 16:00:00+00:00,18.59,18.607,18.515,18.59,648.233,4h,uploaded_csv,BTCDOM_INDEX_PROXY,False,True
2023-08-16 20:00:00+00:00,18.59,18.795,18.492,18.514,961.165,4h,uploaded_csv,BTCDOM_INDEX_PROXY,False,True
2023-08-17 00:00:00+00:00,18.515,18.567,18.437,18.493,588.717,4h,uploaded_csv,BTCDOM_INDEX_PROXY,False,True
2023-08-17 04:00:00+00:00,18.492,18.509,18.454,18.474,282.583,4h,uploaded_csv,BTCDOM_INDEX_PROXY,False,True
2023-08-17 08:00:00+00:00,18.475,18.554,18.468,18.546,228.013,4h,uploaded_csv,BTCDOM_INDEX_PROXY,False,True
2023-08-17 12:00:00+00:00,18.545,18.743,18.443,18.577,699.143,4h,uploaded_csv,BTCDOM_INDEX_PROXY,False,True
2023-08-17 16:00:00+00:00,18.583,18.633,18.513,18.515,376.989,4h,uploaded_csv,BTCDOM_INDEX_PROXY,False,True
2023-08-17 20:00:00+00:00,18.515,19.35,18.303,18.582,3241.677,4h,uploaded_csv,BTCDOM_INDEX_PROXY,False,True
2023-08-18 00:00:00+00:00,18.58,18.662,18.477,18.529,761.427,4h,uploaded_csv,BTCDOM_INDEX_PROXY,False,True
2023-08-18 04:00:00+00:00,18.529,18.564,18.306,18.311,895.455,4h,uploaded_csv,BTCDOM_INDEX_PROXY,False,True
2023-08-18 08:00:00+00:00,18.309,18.43,18.307,18.375,359.601,4h,uploaded_csv,BTCDOM_INDEX_PROXY,False,True
2023-08-18 12:00:00+00:00,18.375,18.395,18.236,18.279,581.12,4h,uploaded_csv,BTCDOM_INDEX_PROXY,False,True
2023-08-18 16:00:00+00:00,18.28,18.359,18.18,18.356,472.225,4h,uploaded_csv,BTCDOM_INDEX_PROXY,False,True
2023-08-18 20:00:00+00:00,18.356,18.381,18.265,18.285,293.279,4h,uploaded_csv,BTCDOM_INDEX_PROXY,False,True
2023-08-19 00:00:00+00:00,18.285,18.312,18.238,18.243,208.904,4h,uploaded_csv,BTCDOM_INDEX_PROXY,False,True
2023-08-19 04:00:00+00:00,18.243,18.253,18.158,18.167,464.841,4h,uploaded_csv,BTCDOM_INDEX_PROXY,False,True
2023-08-19 08:00:00+00:00,18.166,18.203,18.163,18.195,149.026,4h,uploaded_csv,BTCDOM_INDEX_PROXY,False,True
2023-08-19 12:00:00+00:00,18.195,18.232,18.1,18.138,248.244,4h,uploaded_csv,BTCDOM_INDEX_PROXY,False,True
2023-08-19 16:00:00+00:00,18.14,18.144,18.001,18.139,373.456,4h,uploaded_csv,BTCDOM_INDEX_PROXY,False,True
2023-08-19 20:00:00+00:00,18.138,18.204,18.138,18.161,211.946,4h,uploaded_csv,BTCDOM_INDEX_PROXY,False,True
2023-08-20 00:00:00+00:00,18.161,18.209,18.154,18.184,169.482,4h,uploaded_csv,BTCDOM_INDEX_PROXY,False,True
2023-08-20 04:00:00+00:00,18.184,18.218,18.172,18.178,155.332,4h,uploaded_csv,BTCDOM_INDEX_PROXY,False,True
2023-08-20 08:00:00+00:00,18.182,18.185,18.038,18.076,188.732,4h,uploaded_csv,BTCDOM_INDEX_PROXY,False,True
2023-08-20 12:00:00+00:00,18.076,18.124,18.039,18.091,121.53,4h,uploaded_csv,BTCDOM_INDEX_PROXY,False,True
2023-08-20 16:00:00+00:00,18.091,18.109,18.02,18.026,168.335,4h,uploaded_csv,BTCDOM_INDEX_PROXY,False,True
2023-08-20 20:00:00+00:00,18.028,18.06,17.97,18.046,241.328,4h,uploaded_csv,BTCDOM_INDEX_PROXY,False,True
2023-08-21 00:00:00+00:00,18.046,18.068,18.02,18.055,126.421,4h,uploaded_csv,BTCDOM_INDEX_PROXY,False,True
2023-08-21 04:00:00+00:00,18.055,18.137,18.003,18.119,231.263,4h,uploaded_csv,BTCDOM_INDEX_PROXY,False,True
2023-08-21 08:00:00+00:00,18.115,18.21,18.108,18.137,230.876,4h,uploaded_csv,BTCDOM_INDEX_PROXY,False,True
2023-08-21 12:00:00+00:00,18.139,18.394,18.122,18.325,991.395,4h,uploaded_csv,BTCDOM_INDEX_PROXY,False,True
2023-08-21 16:00:00+00:00,18.326,18.351,18.22,18.235,392.126,4h,uploaded_csv,BTCDOM_INDEX_PROXY,False,True
2023-08-21 20:00:00+00:00,18.234,18.289,18.22,18.266,171.384,4h,uploaded_csv,BTCDOM_INDEX_PROXY,False,True
2023-08-22 00:00:00+00:00,18.265,18.298,18.249,18.289,235.363,4h,uploaded_csv,BTCDOM_INDEX_PROXY,False,True
2023-08-22 04:00:00+00:00,18.289,18.343,18.28,18.306,162.592,4h,uploaded_csv,BTCDOM_INDEX_PROXY,False,True
2023-08-22 08:00:00+00:00,18.305,18.364,18.268,18.348,217.296,4h,uploaded_csv,BTCDOM_INDEX_PROXY,False,True
2023-08-22 12:00:00+00:00,18.35,18.467,18.31,18.426,333.937,4h,uploaded_csv,BTCDOM_INDEX_PROXY,False,True
2023-08-22 16:00:00+00:00,18.427,18.62,18.409,18.511,770.431,4h,uploaded_csv,BTCDOM_INDEX_PROXY,False,True
2023-08-22 20:00:00+00:00,18.508,18.657,18.414,18.519,579.588,4h,uploaded_csv,BTCDOM_INDEX_PROXY,False,True
2023-08-23 00:00:00+00:00,18.519,18.553,18.446,18.5,336.567,4h,uploaded_csv,BTCDOM_INDEX_PROXY,False,True
2023-08-23 04:00:00+00:00,18.5,18.504,18.36,18.389,193.661,4h,uploaded_csv,BTCDOM_INDEX_PROXY,False,True
2023-08-23 08:00:00+00:00,18.389,18.4,18.317,18.338,171.685,4h,uploaded_csv,BTCDOM_INDEX_PROXY,False,True
2023-08-23 12:00:00+00:00,18.34,18.374,18.285,18.322,311.427,4h,uploaded_csv,BTCDOM_INDEX_PROXY,False,True
2023-08-23 16:00:00+00:00,18.322,18.411,18.222,18.363,379.017,4h,uploaded_csv,BTCDOM_INDEX_PROXY,False,True
2023-08-23 20:00:00+00:00,18.362,18.379,18.279,18.286,191.503,4h,uploaded_csv,BTCDOM_INDEX_PROXY,False,True
2023-08-24 00:00:00+00:00,18.286,18.348,18.279,18.327,74.008,4h,uploaded_csv,BTCDOM_INDEX_PROXY,False,True
2023-08-24 04:00:00+00:00,18.326,18.349,18.266,18.348,102.29,4h,uploaded_csv,BTCDOM_INDEX_PROXY,False,True
2023-08-24 08:00:00+00:00,18.347,18.402,18.343,18.396,126.769,4h,uploaded_csv,BTCDOM_INDEX_PROXY,False,True
2023-08-24 12:00:00+00:00,18.396,18.417,18.364,18.375,165.844,4h,uploaded_csv,BTCDOM_INDEX_PROXY,False,True
2023-08-24 16:00:00+00:00,18.374,18.419,18.314,18.343,174.984,4h,uploaded_csv,BTCDOM_INDEX_PROXY,False,True
2023-08-24 20:00:00+00:00,18.339,18.389,18.31,18.326,145.766,4h,uploaded_csv,BTCDOM_INDEX_PROXY,False,True
2023-08-25 00:00:00+00:00,18.326,18.438,18.309,18.371,203.407,4h,uploaded_csv,BTCDOM_INDEX_PROXY,False,True
2023-08-25 04:00:00+00:00,18.371,18.451,18.365,18.365,315.304,4h,uploaded_csv,BTCDOM_INDEX_PROXY,False,True
2023-08-25 08:00:00+00:00,18.366,18.426,18.366,18.397,107.366,4h,uploaded_csv,BTCDOM_INDEX_PROXY,False,True
2023-08-25 12:00:00+00:00,18.396,18.409,18.277,18.317,283.528,4h,uploaded_csv,BTCDOM_INDEX_PROXY,False,True
2023-08-25 16:00:00+00:00,18.321,18.361,18.274,18.313,112.591,4h,uploaded_csv,BTCDOM_INDEX_PROXY,False,True
2023-08-25 20:00:00+00:00,18.312,18.355,18.29,18.292,87.52,4h,uploaded_csv,BTCDOM_INDEX_PROXY,False,True
2023-08-26 00:00:00+00:00,18.292,18.344,18.287,18.318,94.263,4h,uploaded_csv,BTCDOM_INDEX_PROXY,False,True
2023-08-26 04:00:00+00:00,18.318,18.36,18.316,18.322,56.491,4h,uploaded_csv,BTCDOM_INDEX_PROXY,False,True
2023-08-26 08:00:00+00:00,18.323,18.366,18.311,18.345,96.683,4h,uploaded_csv,BTCDOM_INDEX_PROXY,False,True
2023-08-26 12:00:00+00:00,18.345,18.359,18.319,18.319,50.109,4h,uploaded_csv,BTCDOM_INDEX_PROXY,False,True
2023-08-26 16:00:00+00:00,18.319,18.372,18.313,18.356,85.946,4h,uploaded_csv,BTCDOM_INDEX_PROXY,False,True
2023-08-26 20:00:00+00:00,18.357,18.358,18.298,18.348,97.182,4h,uploaded_csv,BTCDOM_INDEX_PROXY,False,True
2023-08-27 00:00:00+00:00,18.347,18.364,18.316,18.338,124.152,4h,uploaded_csv,BTCDOM_INDEX_PROXY,False,True
2023-08-27 04:00:00+00:00,18.338,18.339,18.28,18.315,149.364,4h,uploaded_csv,BTCDOM_INDEX_PROXY,False,True
2023-08-27 08:00:00+00:00,18.31,18.327,18.27,18.327,87.929,4h,uploaded_csv,BTCDOM_INDEX_PROXY,False,True
2023-08-27 12:00:00+00:00,18.326,18.338,18.241,18.284,124.389,4h,uploaded_csv,BTCDOM_INDEX_PROXY,False,True
2023-08-27 16:00:00+00:00,18.283,18.309,18.257,18.284,87.995,4h,uploaded_csv,BTCDOM_INDEX_PROXY,False,True
2023-08-27 20:00:00+00:00,18.288,18.307,18.25,18.274,115.608,4h,uploaded_csv,BTCDOM_INDEX_PROXY,False,True
2023-08-28 00:00:00+00:00,18.275,18.344,18.27,18.307,169.486,4h,uploaded_csv,BTCDOM_INDEX_PROXY,False,True
2023-08-28 04:00:00+00:00,18.307,18.385,18.287,18.336,147.076,4h,uploaded_csv,BTCDOM_INDEX_PROXY,False,True
2023-08-28 08:00:00+00:00,18.337,18.485,18.299,18.404,2461.467,4h,uploaded_csv,BTCDOM_INDEX_PROXY,False,True
2023-08-28 12:00:00+00:00,18.406,18.411,18.316,18.346,566.49,4h,uploaded_csv,BTCDOM_INDEX_PROXY,False,True
2023-08-28 16:00:00+00:00,18.346,18.374,18.305,18.306,852.836,4h,uploaded_csv,BTCDOM_INDEX_PROXY,False,True
2023-08-28 20:00:00+00:00,18.306,18.322,18.267,18.319,228.313,4h,uploaded_csv,BTCDOM_INDEX_PROXY,False,True
2023-08-29 00:00:00+00:00,18.319,18.343,18.246,18.318,260.685,4h,uploaded_csv,BTCDOM_INDEX_PROXY,False,True
2023-08-29 04:00:00+00:00,18.318,18.355,18.296,18.33,149.78,4h,uploaded_csv,BTCDOM_INDEX_PROXY,False,True
2023-08-29 08:00:00+00:00,18.329,18.395,18.314,18.383,235.406,4h,uploaded_csv,BTCDOM_INDEX_PROXY,False,True
2023-08-29 12:00:00+00:00,18.384,18.63,18.283,18.528,1187.901,4h,uploaded_csv,BTCDOM_INDEX_PROXY,False,True
2023-08-29 16:00:00+00:00,18.527,18.767,18.525,18.663,696.857,4h,uploaded_csv,BTCDOM_INDEX_PROXY,False,True
2023-08-29 20:00:00+00:00,18.661,18.661,18.498,18.614,508.328,4h,uploaded_csv,BTCDOM_INDEX_PROXY,False,True
2023-08-30 00:00:00+00:00,18.614,18.679,18.551,18.568,252.105,4h,uploaded_csv,BTCDOM_INDEX_PROXY,False,True
2023-08-30 04:00:00+00:00,18.567,18.64,18.567,18.628,150.32,4h,uploaded_csv,BTCDOM_INDEX_PROXY,False,True
2023-08-30 08:00:00+00:00,18.629,18.656,18.601,18.607,301.481,4h,uploaded_csv,BTCDOM_INDEX_PROXY,False,True
2023-08-30 12:00:00+00:00,18.608,18.669,18.583,18.647,300.495,4h,uploaded_csv,BTCDOM_INDEX_PROXY,False,True
2023-08-30 16:00:00+00:00,18.645,18.698,18.615,18.647,188.688,4h,uploaded_csv,BTCDOM_INDEX_PROXY,False,True
2023-08-30 20:00:00+00:00,18.645,18.689,18.643,18.681,94.717,4h,uploaded_csv,BTCDOM_INDEX_PROXY,False,True
2023-08-31 00:00:00+00:00,18.682,18.707,18.656,18.686,126.335,4h,uploaded_csv,BTCDOM_INDEX_PROXY,False,True
2023-08-31 04:00:00+00:00,18.683,18.688,18.629,18.634,87.039,4h,uploaded_csv,BTCDOM_INDEX_PROXY,False,True
2023-08-31 08:00:00+00:00,18.634,18.677,18.586,18.612,188.958,4h,uploaded_csv,BTCDOM_INDEX_PROXY,False,True
2023-08-31 12:00:00+00:00,18.609,18.711,18.549,18.639,275.915,4h,uploaded_csv,BTCDOM_INDEX_PROXY,False,True
2023-08-31 16:00:00+00:00,18.636,18.678,18.438,18.473,456.196,4h,uploaded_csv,BTCDOM_INDEX_PROXY,False,True
2023-08-31 20:00:00+00:00,18.47,18.508,18.359,18.375,365.792,4h,uploaded_csv,BTCDOM_INDEX_PROXY,False,True
2023-09-01 00:00:00+00:00,18.376,18.449,18.36,18.436,169.8,4h,uploaded_csv,BTCDOM_INDEX_PROXY,False,True
2023-09-01 04:00:00+00:00,18.434,18.478,18.424,18.448,169.591,4h,uploaded_csv,BTCDOM_INDEX_PROXY,False,True
2023-09-01 08:00:00+00:00,18.447,18.489,18.436,18.469,90.249,4h,uploaded_csv,BTCDOM_INDEX_PROXY,False,True
2023-09-01 12:00:00+00:00,18.469,18.5,18.401,18.457,135.67,4h,uploaded_csv,BTCDOM_INDEX_PROXY,False,True
2023-09-01 16:00:00+00:00,18.452,18.596,18.439,18.5,192.915,4h,uploaded_csv,BTCDOM_INDEX_PROXY,False,True
2023-09-01 20:00:00+00:00,18.499,18.547,18.458,18.511,127.457,4h,uploaded_csv,BTCDOM_INDEX_PROXY,False,True
2023-09-02 00:00:00+00:00,18.512,18.523,18.464,18.464,63.875,4h,uploaded_csv,BTCDOM_INDEX_PROXY,False,True
2023-09-02 04:00:00+00:00,18.464,18.516,18.438,18.482,83.423,4h,uploaded_csv,BTCDOM_INDEX_PROXY,False,True
2023-09-02 08:00:00+00:00,18.481,18.516,18.458,18.472,119.475,4h,uploaded_csv,BTCDOM_INDEX_PROXY,False,True
2023-09-02 12:00:00+00:00,18.472,18.499,18.436,18.49,159.328,4h,uploaded_csv,BTCDOM_INDEX_PROXY,False,True
2023-09-02 16:00:00+00:00,18.489,18.546,18.476,18.505,254.284,4h,uploaded_csv,BTCDOM_INDEX_PROXY,False,True
2023-09-02 20:00:00+00:00,18.508,18.516,18.458,18.466,127.264,4h,uploaded_csv,BTCDOM_INDEX_PROXY,False,True
2023-09-03 00:00:00+00:00,18.467,18.516,18.467,18.47,76.311,4h,uploaded_csv,BTCDOM_INDEX_PROXY,False,True
2023-09-03 04:00:00+00:00,18.47,18.525,18.465,18.52,68.24,4h,uploaded_csv,BTCDOM_INDEX_PROXY,False,True
2023-09-03 08:00:00+00:00,18.518,18.555,18.512,18.547,139.343,4h,uploaded_csv,BTCDOM_INDEX_PROXY,False,True
2023-09-03 12:00:00+00:00,18.547,18.584,18.493,18.504,186.177,4h,uploaded_csv,BTCDOM_INDEX_PROXY,False,True
2023-09-03 16:00:00+00:00,18.505,18.549,18.485,18.545,105.757,4h,uploaded_csv,BTCDOM_INDEX_PROXY,False,True
2023-09-03 20:00:00+00:00,18.55,18.556,18.509,18.527,66.78,4h,uploaded_csv,BTCDOM_INDEX_PROXY,False,True
2023-09-04 00:00:00+00:00,18.526,18.539,18.437,18.487,87.543,4h,uploaded_csv,BTCDOM_INDEX_PROXY,False,True
2023-09-04 04:00:00+00:00,18.486,18.499,18.463,18.484,53.923,4h,uploaded_csv,BTCDOM_INDEX_PROXY,False,True
2023-09-04 08:00:00+00:00,18.485,18.529,18.464,18.519,78.796,4h,uploaded_csv,BTCDOM_INDEX_PROXY,False,True
2023-09-04 12:00:00+00:00,18.517,18.548,18.469,18.504,111.318,4h,uploaded_csv,BTCDOM_INDEX_PROXY,False,True
2023-09-04 16:00:00+00:00,18.503,18.517,18.463,18.475,100.549,4h,uploaded_csv,BTCDOM_INDEX_PROXY,False,True
2023-09-04 20:00:00+00:00,18.475,18.494,18.42,18.446,132.071,4h,uploaded_csv,BTCDOM_INDEX_PROXY,False,True
2023-09-05 00:00:00+00:00,18.446,18.482,18.436,18.453,92.221,4h,uploaded_csv,BTCDOM_INDEX_PROXY,False,True
2023-09-05 04:00:00+00:00,18.452,18.459,18.411,18.428,49.209,4h,uploaded_csv,BTCDOM_INDEX_PROXY,False,True
2023-09-05 08:00:00+00:00,18.428,18.435,18.36,18.383,93.964,4h,uploaded_csv,BTCDOM_INDEX_PROXY,False,True
2023-09-05 12:00:00+00:00,18.382,18.395,18.308,18.325,146.191,4h,uploaded_csv,BTCDOM_INDEX_PROXY,False,True
2023-09-05 16:00:00+00:00,18.325,18.352,18.306,18.328,118.295,4h,uploaded_csv,BTCDOM_INDEX_PROXY,False,True
2023-09-05 20:00:00+00:00,18.329,18.385,18.328,18.375,74.457,4h,uploaded_csv,BTCDOM_INDEX_PROXY,False,True
2023-09-06 00:00:00+00:00,18.373,18.397,18.336,18.365,53.692,4h,uploaded_csv,BTCDOM_INDEX_PROXY,False,True
2023-09-06 04:00:00+00:00,18.366,18.429,18.365,18.396,53.525,4h,uploaded_csv,BTCDOM_INDEX_PROXY,False,True
2023-09-06 08:00:00+00:00,18.396,18.41,18.358,18.363,43.98,4h,uploaded_csv,BTCDOM_INDEX_PROXY,False,True
2023-09-06 12:00:00+00:00,18.361,18.415,18.349,18.369,58.739,4h,uploaded_csv,BTCDOM_INDEX_PROXY,False,True
2023-09-06 16:00:00+00:00,18.37,18.426,18.255,18.344,262.121,4h,uploaded_csv,BTCDOM_INDEX_PROXY,False,True
2023-09-06 20:00:00+00:00,18.347,18.37,18.334,18.366,34.96,4h,uploaded_csv,BTCDOM_INDEX_PROXY,False,True
2023-09-07 00:00:00+00:00,18.365,18.381,18.326,18.347,90.246,4h,uploaded_csv,BTCDOM_INDEX_PROXY,False,True
2023-09-07 04:00:00+00:00,18.339,18.356,18.322,18.356,34.487,4h,uploaded_csv,BTCDOM_INDEX_PROXY,False,True
2023-09-07 08:00:00+00:00,18.355,18.424,18.35,18.415,54.509,4h,uploaded_csv,BTCDOM_INDEX_PROXY,False,True
2023-09-07 12:00:00+00:00,18.416,18.428,18.382,18.419,49.843,4h,uploaded_csv,BTCDOM_INDEX_PROXY,False,True
2023-09-07 16:00:00+00:00,18.419,18.469,18.409,18.445,84.523,4h,uploaded_csv,BTCDOM_INDEX_PROXY,False,True
2023-09-07 20:00:00+00:00,18.444,18.635,18.443,18.55,209.494,4h,uploaded_csv,BTCDOM_INDEX_PROXY,False,True
2023-09-08 00:00:00+00:00,18.55,18.601,18.549,18.576,90.052,4h,uploaded_csv,BTCDOM_INDEX_PROXY,False,True
2023-09-08 04:00:00+00:00,18.576,18.618,18.571,18.584,68.418,4h,uploaded_csv,BTCDOM_INDEX_PROXY,False,True
2023-09-08 08:00:00+00:00,18.583,18.591,18.488,18.541,134.561,4h,uploaded_csv,BTCDOM_INDEX_PROXY,False,True
2023-09-08 12:00:00+00:00,18.541,18.543,18.494,18.507,43.974,4h,uploaded_csv,BTCDOM_INDEX_PROXY,False,True
2023-09-08 16:00:00+00:00,18.508,18.519,18.447,18.466,95.975,4h,uploaded_csv,BTCDOM_INDEX_PROXY,False,True
2023-09-08 20:00:00+00:00,18.467,18.485,18.452,18.458,37.191,4h,uploaded_csv,BTCDOM_INDEX_PROXY,False,True
2023-09-09 00:00:00+00:00,18.458,18.461,18.429,18.452,41.035,4h,uploaded_csv,BTCDOM_INDEX_PROXY,False,True
2023-09-09 04:00:00+00:00,18.452,18.469,18.437,18.459,39.805,4h,uploaded_csv,BTCDOM_INDEX_PROXY,False,True
2023-09-09 08:00:00+00:00,18.459,18.48,18.431,18.431,46.813,4h,uploaded_csv,BTCDOM_INDEX_PROXY,False,True
2023-09-09 12:00:00+00:00,18.431,18.464,18.429,18.448,38.52,4h,uploaded_csv,BTCDOM_INDEX_PROXY,False,True
2023-09-09 16:00:00+00:00,18.448,18.473,18.441,18.451,26.013,4h,uploaded_csv,BTCDOM_INDEX_PROXY,False,True
2023-09-09 20:00:00+00:00,18.451,18.479,18.442,18.477,27.66,4h,uploaded_csv,BTCDOM_INDEX_PROXY,False,True
2023-09-10 00:00:00+00:00,18.476,18.527,18.472,18.514,76.81,4h,uploaded_csv,BTCDOM_INDEX_PROXY,False,True
2023-09-10 04:00:00+00:00,18.514,18.7,18.513,18.611,566.824,4h,uploaded_csv,BTCDOM_INDEX_PROXY,False,True
2023-09-10 08:00:00+00:00,18.616,18.65,18.6,18.603,248.014,4h,uploaded_csv,BTCDOM_INDEX_PROXY,False,True
2023-09-10 12:00:00+00:00,18.604,18.71,18.57,18.634,236.212,4h,uploaded_csv,BTCDOM_INDEX_PROXY,False,True
2023-09-10 16:00:00+00:00,18.635,18.767,18.634,18.673,641.164,4h,uploaded_csv,BTCDOM_INDEX_PROXY,False,True
2023-09-10 20:00:00+00:00,18.669,18.721,18.631,18.706,178.211,4h,uploaded_csv,BTCDOM_INDEX_PROXY,False,True
2023-09-11 00:00:00+00:00,18.707,18.722,18.662,18.667,212.691,4h,uploaded_csv,BTCDOM_INDEX_PROXY,False,True
2023-09-11 04:00:00+00:00,18.667,18.788,18.653,18.761,266.5,4h,uploaded_csv,BTCDOM_INDEX_PROXY,False,True
2023-09-11 08:00:00+00:00,18.761,19.1,18.76,18.979,1211.521,4h,uploaded_csv,BTCDOM_INDEX_PROXY,False,True
2023-09-11 12:00:00+00:00,18.977,19.003,18.794,18.808,982.168,4h,uploaded_csv,BTCDOM_INDEX_PROXY,False,True
2023-09-11 16:00:00+00:00,18.812,19.025,18.803,18.968,333.773,4h,uploaded_csv,BTCDOM_INDEX_PROXY,False,True
2023-09-11 20:00:00+00:00,18.968,19.024,18.905,18.905,303.593,4h,uploaded_csv,BTCDOM_INDEX_PROXY,False,True
2023-09-12 00:00:00+00:00,18.905,19.033,18.876,19.012,413.314,4h,uploaded_csv,BTCDOM_INDEX_PROXY,False,True
2023-09-12 04:00:00+00:00,19.01,19.14,18.975,19.108,659.785,4h,uploaded_csv,BTCDOM_INDEX_PROXY,False,True
2023-09-12 08:00:00+00:00,19.103,19.127,18.967,18.998,608.917,4h,uploaded_csv,BTCDOM_INDEX_PROXY,False,True
2023-09-12 12:00:00+00:00,18.998,19.144,18.998,19.108,476.926,4h,uploaded_csv,BTCDOM_INDEX_PROXY,False,True
2023-09-12 16:00:00+00:00,19.108,19.162,19.059,19.079,287.747,4h,uploaded_csv,BTCDOM_INDEX_PROXY,False,True
2023-09-12 20:00:00+00:00,19.076,19.097,18.972,18.99,133.851,4h,uploaded_csv,BTCDOM_INDEX_PROXY,False,True
2023-09-13 00:00:00+00:00,18.99,19.082,18.981,19.062,134.693,4h,uploaded_csv,BTCDOM_INDEX_PROXY,False,True
2023-09-13 04:00:00+00:00,19.062,19.27,18.986,19.107,685.029,4h,uploaded_csv,BTCDOM_INDEX_PROXY,False,True
2023-09-13 08:00:00+00:00,19.107,19.156,19.041,19.113,163.161,4h,uploaded_csv,BTCDOM_INDEX_PROXY,False,True
2023-09-13 12:00:00+00:00,19.112,19.164,19.058,19.107,202.338,4h,uploaded_csv,BTCDOM_INDEX_PROXY,False,True
2023-09-13 16:00:00+00:00,19.106,19.174,19.079,19.118,172.469,4h,uploaded_csv,BTCDOM_INDEX_PROXY,False,True
2023-09-13 20:00:00+00:00,19.115,19.122,19.081,19.097,51.941,4h,uploaded_csv,BTCDOM_INDEX_PROXY,False,True
2023-09-14 00:00:00+00:00,19.097,19.097,18.931,19.016,401.325,4h,uploaded_csv,BTCDOM_INDEX_PROXY,False,True
2023-09-14 04:00:00+00:00,19.016,19.082,19.016,19.079,88.77,4h,uploaded_csv,BTCDOM_INDEX_PROXY,False,True
2023-09-14 08:00:00+00:00,19.08,19.11,19.04,19.102,96.651,4h,uploaded_csv,BTCDOM_INDEX_PROXY,False,True
2023-09-14 12:00:00+00:00,19.101,19.211,19.097,19.144,347.551,4h,uploaded_csv,BTCDOM_INDEX_PROXY,False,True
2023-09-14 16:00:00+00:00,19.145,19.164,19.094,19.105,174.142,4h,uploaded_csv,BTCDOM_INDEX_PROXY,False,True
2023-09-14 20:00:00+00:00,19.106,19.134,19.053,19.087,106.367,4h,uploaded_csv,BTCDOM_INDEX_PROXY,False,True
2023-09-15 00:00:00+00:00,19.083,19.099,18.976,19.03,161.886,4h,uploaded_csv,BTCDOM_INDEX_PROXY,False,True
2023-09-15 04:00:00+00:00,19.028,19.081,19.01,19.081,97.38,4h,uploaded_csv,BTCDOM_INDEX_PROXY,False,True
2023-09-15 08:00:00+00:00,19.082,19.106,19.047,19.048,95.451,4h,uploaded_csv,BTCDOM_INDEX_PROXY,False,True
2023-09-15 12:00:00+00:00,19.047,19.061,18.966,18.971,165.016,4h,uploaded_csv,BTCDOM_INDEX_PROXY,False,True
2023-09-15 16:00:00+00:00,18.974,19.037,18.957,18.992,170.784,4h,uploaded_csv,BTCDOM_INDEX_PROXY,False,True
2023-09-15 20:00:00+00:00,18.991,19.005,18.9,18.923,214.3,4h,uploaded_csv,BTCDOM_INDEX_PROXY,False,True
2023-09-16 00:00:00+00:00,18.923,18.951,18.871,18.911,191.164,4h,uploaded_csv,BTCDOM_INDEX_PROXY,False,True
2023-09-16 04:00:00+00:00,18.907,18.919,18.848,18.891,166.322,4h,uploaded_csv,BTCDOM_INDEX_PROXY,False,True
2023-09-16 08:00:00+00:00,18.889,18.95,18.882,18.931,151.746,4h,uploaded_csv,BTCDOM_INDEX_PROXY,False,True
2023-09-16 12:00:00+00:00,18.931,18.978,18.927,18.956,117.326,4h,uploaded_csv,BTCDOM_INDEX_PROXY,False,True
2023-09-16 16:00:00+00:00,18.955,18.989,18.921,18.981,94.982,4h,uploaded_csv,BTCDOM_INDEX_PROXY,False,True
2023-09-16 20:00:00+00:00,18.981,18.984,18.948,18.963,45.733,4h,uploaded_csv,BTCDOM_INDEX_PROXY,False,True
2023-09-17 00:00:00+00:00,18.964,19.095,18.957,19.003,259.669,4h,uploaded_csv,BTCDOM_INDEX_PROXY,False,True
2023-09-17 04:00:00+00:00,19.003,19.037,18.995,19.032,148.175,4h,uploaded_csv,BTCDOM_INDEX_PROXY,False,True
2023-09-17 08:00:00+00:00,19.033,19.037,18.984,19.018,131.115,4h,uploaded_csv,BTCDOM_INDEX_PROXY,False,True
2023-09-17 12:00:00+00:00,19.019,19.028,18.983,18.988,55.969,4h,uploaded_csv,BTCDOM_INDEX_PROXY,False,True
2023-09-17 16:00:00+00:00,18.988,19.087,18.985,19.03,132.668,4h,uploaded_csv,BTCDOM_INDEX_PROXY,False,True
2023-09-17 20:00:00+00:00,19.03,19.126,19.015,19.08,298.391,4h,uploaded_csv,BTCDOM_INDEX_PROXY,False,True
2023-09-18 00:00:00+00:00,19.082,19.169,19.036,19.037,197.693,4h,uploaded_csv,BTCDOM_INDEX_PROXY,False,True
2023-09-18 04:00:00+00:00,19.039,19.097,19.013,19.092,156.84,4h,uploaded_csv,BTCDOM_INDEX_PROXY,False,True
2023-09-18 08:00:00+00:00,19.092,19.19,19.061,19.151,217.48,4h,uploaded_csv,BTCDOM_INDEX_PROXY,False,True
2023-09-18 12:00:00+00:00,19.152,19.193,19.106,19.19,249.679,4h,uploaded_csv,BTCDOM_INDEX_PROXY,False,True
2023-09-18 16:00:00+00:00,19.193,19.21,19.017,19.05,252.228,4h,uploaded_csv,BTCDOM_INDEX_PROXY,False,True
2023-09-18 20:00:00+00:00,19.049,19.07,19.023,19.036,104.971,4h,uploaded_csv,BTCDOM_INDEX_PROXY,False,True
2023-09-19 00:00:00+00:00,19.037,19.071,18.98,19.054,100.892,4h,uploaded_csv,BTCDOM_INDEX_PROXY,False,True
2023-09-19 04:00:00+00:00,19.052,19.1,19.026,19.077,65.978,4h,uploaded_csv,BTCDOM_INDEX_PROXY,False,True
2023-09-19 08:00:00+00:00,19.077,19.21,19.072,19.194,254.425,4h,uploaded_csv,BTCDOM_INDEX_PROXY,False,True
2023-09-19 12:00:00+00:00,19.194,19.274,19.109,19.232,451.583,4h,uploaded_csv,BTCDOM_INDEX_PROXY,False,True
2023-09-19 16:00:00+00:00,19.236,19.259,19.131,19.186,248.157,4h,uploaded_csv,BTCDOM_INDEX_PROXY,False,True
2023-09-19 20:00:00+00:00,19.186,19.222,19.15,19.207,90.164,4h,uploaded_csv,BTCDOM_INDEX_PROXY,False,True
2023-09-20 00:00:00+00:00,19.207,19.256,19.173,19.181,129.891,4h,uploaded_csv,BTCDOM_INDEX_PROXY,False,True
2023-09-20 04:00:00+00:00,19.182,19.227,19.156,19.219,158.302,4h,uploaded_csv,BTCDOM_INDEX_PROXY,False,True
2023-09-20 08:00:00+00:00,19.221,19.295,19.201,19.277,313.931,4h,uploaded_csv,BTCDOM_INDEX_PROXY,False,True
2023-09-20 12:00:00+00:00,19.276,19.32,19.26,19.312,267.474,4h,uploaded_csv,BTCDOM_INDEX_PROXY,False,True
2023-09-20 16:00:00+00:00,19.312,19.346,19.242,19.265,361.609,4h,uploaded_csv,BTCDOM_INDEX_PROXY,False,True
2023-09-20 20:00:00+00:00,19.263,19.343,19.262,19.339,136.696,4h,uploaded_csv,BTCDOM_INDEX_PROXY,False,True
2023-09-21 00:00:00+00:00,19.341,19.344,19.26,19.267,159.27,4h,uploaded_csv,BTCDOM_INDEX_PROXY,False,True
2023-09-21 04:00:00+00:00,19.266,19.36,19.241,19.352,208.22,4h,uploaded_csv,BTCDOM_INDEX_PROXY,False,True
2023-09-21 08:00:00+00:00,19.352,19.448,19.282,19.401,507.188,4h,uploaded_csv,BTCDOM_INDEX_PROXY,False,True
2023-09-21 12:00:00+00:00,19.404,19.436,19.332,19.39,233.099,4h,uploaded_csv,BTCDOM_INDEX_PROXY,False,True
2023-09-21 16:00:00+00:00,19.389,19.391,19.315,19.34,162.74,4h,uploaded_csv,BTCDOM_INDEX_PROXY,False,True
2023-09-21 20:00:00+00:00,19.34,19.4,19.331,19.378,182.78,4h,uploaded_csv,BTCDOM_INDEX_PROXY,False,True
2023-09-22 00:00:00+00:00,19.382,19.418,19.29,19.292,223.507,4h,uploaded_csv,BTCDOM_INDEX_PROXY,False,True
2023-09-22 04:00:00+00:00,19.292,19.357,19.291,19.333,110.687,4h,uploaded_csv,BTCDOM_INDEX_PROXY,False,True
2023-09-22 08:00:00+00:00,19.333,19.353,19.301,19.317,97.599,4h,uploaded_csv,BTCDOM_INDEX_PROXY,False,True
2023-09-22 12:00:00+00:00,19.314,19.362,19.294,19.359,88.134,4h,uploaded_csv,BTCDOM_INDEX_PROXY,False,True
2023-09-22 16:00:00+00:00,19.36,19.385,19.283,19.293,162.675,4h,uploaded_csv,BTCDOM_INDEX_PROXY,False,True
2023-09-22 20:00:00+00:00,19.295,19.323,19.275,19.295,164.482,4h,uploaded_csv,BTCDOM_INDEX_PROXY,False,True
2023-09-23 00:00:00+00:00,19.295,19.304,19.257,19.288,160.628,4h,uploaded_csv,BTCDOM_INDEX_PROXY,False,True
2023-09-23 04:00:00+00:00,19.288,19.299,19.269,19.282,89.288,4h,uploaded_csv,BTCDOM_INDEX_PROXY,False,True
2023-09-23 08:00:00+00:00,19.282,19.32,19.272,19.294,152.003,4h,uploaded_csv,BTCDOM_INDEX_PROXY,False,True
2023-09-23 12:00:00+00:00,19.294,19.346,19.285,19.324,158.804,4h,uploaded_csv,BTCDOM_INDEX_PROXY,False,True
2023-09-23 16:00:00+00:00,19.325,19.333,19.297,19.3,121.632,4h,uploaded_csv,BTCDOM_INDEX_PROXY,False,True
2023-09-23 20:00:00+00:00,19.301,19.336,19.276,19.306,57.072,4h,uploaded_csv,BTCDOM_INDEX_PROXY,False,True
2023-09-24 00:00:00+00:00,19.306,19.329,19.265,19.294,94.559,4h,uploaded_csv,BTCDOM_INDEX_PROXY,False,True
2023-09-24 04:00:00+00:00,19.296,19.313,19.273,19.305,83.3,4h,uploaded_csv,BTCDOM_INDEX_PROXY,False,True
2023-09-24 08:00:00+00:00,19.306,19.31,19.269,19.303,70.783,4h,uploaded_csv,BTCDOM_INDEX_PROXY,False,True
2023-09-24 12:00:00+00:00,19.301,19.343,19.279,19.324,127.186,4h,uploaded_csv,BTCDOM_INDEX_PROXY,False,True
2023-09-24 16:00:00+00:00,19.328,19.359,19.281,19.3,167.637,4h,uploaded_csv,BTCDOM_INDEX_PROXY,False,True
2023-09-24 20:00:00+00:00,19.3,19.319,19.23,19.24,158.894,4h,uploaded_csv,BTCDOM_INDEX_PROXY,False,True
2023-09-25 00:00:00+00:00,19.24,19.258,19.121,19.166,418.303,4h,uploaded_csv,BTCDOM_INDEX_PROXY,False,True
2023-09-25 04:00:00+00:00,19.167,19.189,19.136,19.17,148.856,4h,uploaded_csv,BTCDOM_INDEX_PROXY,False,True
2023-09-25 08:00:00+00:00,19.169,19.2,19.139,19.199,128.99,4h,uploaded_csv,BTCDOM_INDEX_PROXY,False,True
2023-09-25 12:00:00+00:00,19.199,19.205,19.139,19.159,75.583,4h,uploaded_csv,BTCDOM_INDEX_PROXY,False,True
2023-09-25 16:00:00+00:00,19.159,19.159,19.082,19.138,189.382,4h,uploaded_csv,BTCDOM_INDEX_PROXY,False,True
2023-09-25 20:00:00+00:00,19.136,19.17,19.124,19.137,70.771,4h,uploaded_csv,BTCDOM_INDEX_PROXY,False,True
2023-09-26 00:00:00+00:00,19.138,19.138,19.082,19.126,43.427,4h,uploaded_csv,BTCDOM_INDEX_PROXY,False,True
2023-09-26 04:00:00+00:00,19.125,19.145,19.096,19.108,41.128,4h,uploaded_csv,BTCDOM_INDEX_PROXY,False,True
2023-09-26 08:00:00+00:00,19.107,19.108,19.051,19.095,120.228,4h,uploaded_csv,BTCDOM_INDEX_PROXY,False,True
2023-09-26 12:00:00+00:00,19.096,19.126,19.083,19.094,198.363,4h,uploaded_csv,BTCDOM_INDEX_PROXY,False,True
2023-09-26 16:00:00+00:00,19.094,19.129,19.091,19.113,139.71,4h,uploaded_csv,BTCDOM_INDEX_PROXY,False,True
2023-09-26 20:00:00+00:00,19.112,19.135,19.06,19.06,78.266,4h,uploaded_csv,BTCDOM_INDEX_PROXY,False,True
2023-09-27 00:00:00+00:00,19.059,19.117,19.05,19.078,121.255,4h,uploaded_csv,BTCDOM_INDEX_PROXY,False,True
2023-09-27 04:00:00+00:00,19.078,19.129,19.071,19.09,244.673,4h,uploaded_csv,BTCDOM_INDEX_PROXY,False,True
2023-09-27 08:00:00+00:00,19.091,19.127,18.985,19.085,285.447,4h,uploaded_csv,BTCDOM_INDEX_PROXY,False,True
2023-09-27 12:00:00+00:00,19.093,19.137,19.009,19.054,332.7,4h,uploaded_csv,BTCDOM_INDEX_PROXY,False,True
2023-09-27 16:00:00+00:00,19.06,19.096,19.028,19.064,84.773,4h,uploaded_csv,BTCDOM_INDEX_PROXY,False,True
2023-09-27 20:00:00+00:00,19.063,19.13,19.051,19.13,54.435,4h,uploaded_csv,BTCDOM_INDEX_PROXY,False,True
2023-09-28 00:00:00+00:00,19.129,19.168,19.043,19.088,84.833,4h,uploaded_csv,BTCDOM_INDEX_PROXY,False,True
2023-09-28 04:00:00+00:00,19.089,19.122,19.02,19.024,74.47,4h,uploaded_csv,BTCDOM_INDEX_PROXY,False,True
2023-09-28 08:00:00+00:00,19.021,19.03,18.901,18.979,316.241,4h,uploaded_csv,BTCDOM_INDEX_PROXY,False,True
2023-09-28 12:00:00+00:00,18.978,19.084,18.97,19.067,221.193,4h,uploaded_csv,BTCDOM_INDEX_PROXY,False,True
2023-09-28 16:00:00+00:00,19.069,19.142,19.044,19.081,218.828,4h,uploaded_csv,BTCDOM_INDEX_PROXY,False,True
2023-09-28 20:00:00+00:00,19.08,19.12,19.051,19.059,100.356,4h,uploaded_csv,BTCDOM_INDEX_PROXY,False,True
2023-09-29 00:00:00+00:00,19.06,19.095,18.975,19.023,119.721,4h,uploaded_csv,BTCDOM_INDEX_PROXY,False,True
2023-09-29 04:00:00+00:00,19.022,19.029,18.876,18.892,207.317,4h,uploaded_csv,BTCDOM_INDEX_PROXY,False,True
2023-09-29 08:00:00+00:00,18.891,18.925,18.86,18.884,204.386,4h,uploaded_csv,BTCDOM_INDEX_PROXY,False,True
2023-09-29 12:00:00+00:00,18.88,18.883,18.699,18.719,437.633,4h,uploaded_csv,BTCDOM_INDEX_PROXY,False,True
2023-09-29 16:00:00+00:00,18.721,18.81,18.709,18.796,82.638,4h,uploaded_csv,BTCDOM_INDEX_PROXY,False,True
2023-09-29 20:00:00+00:00,18.795,18.829,18.746,18.796,92.75,4h,uploaded_csv,BTCDOM_INDEX_PROXY,False,True
2023-09-30 00:00:00+00:00,18.794,18.854,18.793,18.828,120.129,4h,uploaded_csv,BTCDOM_INDEX_PROXY,False,True
2023-09-30 04:00:00+00:00,18.824,18.842,18.797,18.817,39.638,4h,uploaded_csv,BTCDOM_INDEX_PROXY,False,True
2023-09-30 08:00:00+00:00,18.814,18.826,18.777,18.792,54.335,4h,uploaded_csv,BTCDOM_INDEX_PROXY,False,True
2023-09-30 12:00:00+00:00,18.791,18.797,18.7,18.729,138.209,4h,uploaded_csv,BTCDOM_INDEX_PROXY,False,True
2023-09-30 16:00:00+00:00,18.727,18.783,18.706,18.77,55.985,4h,uploaded_csv,BTCDOM_INDEX_PROXY,False,True
2023-09-30 20:00:00+00:00,18.771,18.847,18.766,18.8,65.931,4h,uploaded_csv,BTCDOM_INDEX_PROXY,False,True
2023-10-01 00:00:00+00:00,18.8,18.836,18.777,18.817,43.993,4h,uploaded_csv,BTCDOM_INDEX_PROXY,False,True
2023-10-01 04:00:00+00:00,18.817,18.858,18.79,18.826,76.176,4h,uploaded_csv,BTCDOM_INDEX_PROXY,False,True
2023-10-01 08:00:00+00:00,18.826,18.85,18.714,18.726,142.001,4h,uploaded_csv,BTCDOM_INDEX_PROXY,False,True
2023-10-01 12:00:00+00:00,18.726,18.762,18.714,18.745,136.702,4h,uploaded_csv,BTCDOM_INDEX_PROXY,False,True
2023-10-01 16:00:00+00:00,18.745,18.853,18.741,18.812,120.825,4h,uploaded_csv,BTCDOM_INDEX_PROXY,False,True
2023-10-01 20:00:00+00:00,18.813,18.9,18.74,18.883,302.536,4h,uploaded_csv,BTCDOM_INDEX_PROXY,False,True
2023-10-02 00:00:00+00:00,18.883,18.99,18.869,18.988,173.932,4h,uploaded_csv,BTCDOM_INDEX_PROXY,False,True
2023-10-02 04:00:00+00:00,18.989,19.153,18.964,19.086,267.985,4h,uploaded_csv,BTCDOM_INDEX_PROXY,False,True
2023-10-02 08:00:00+00:00,19.088,19.131,19.05,19.089,279.401,4h,uploaded_csv,BTCDOM_INDEX_PROXY,False,True
2023-10-02 12:00:00+00:00,19.087,19.32,19.082,19.284,517.706,4h,uploaded_csv,BTCDOM_INDEX_PROXY,False,True
2023-10-02 16:00:00+00:00,19.284,19.504,19.229,19.378,974.482,4h,uploaded_csv,BTCDOM_INDEX_PROXY,False,True
2023-10-02 20:00:00+00:00,19.378,19.441,19.184,19.205,554.261,4h,uploaded_csv,BTCDOM_INDEX_PROXY,False,True
2023-10-03 00:00:00+00:00,19.192,19.233,19.125,19.212,205.461,4h,uploaded_csv,BTCDOM_INDEX_PROXY,False,True
2023-10-03 04:00:00+00:00,19.214,19.255,19.19,19.216,179.141,4h,uploaded_csv,BTCDOM_INDEX_PROXY,False,True
2023-10-03 08:00:00+00:00,19.213,19.333,19.196,19.293,245.638,4h,uploaded_csv,BTCDOM_INDEX_PROXY,False,True
2023-10-03 12:00:00+00:00,19.292,19.296,19.175,19.211,275.928,4h,uploaded_csv,BTCDOM_INDEX_PROXY,False,True
2023-10-03 16:00:00+00:00,19.212,19.237,19.166,19.174,111.955,4h,uploaded_csv,BTCDOM_INDEX_PROXY,False,True
2023-10-03 20:00:00+00:00,19.168,19.215,19.045,19.116,198.531,4h,uploaded_csv,BTCDOM_INDEX_PROXY,False,True
2023-10-04 00:00:00+00:00,19.115,19.345,19.113,19.302,297.619,4h,uploaded_csv,BTCDOM_INDEX_PROXY,False,True
2023-10-04 04:00:00+00:00,19.302,19.337,19.27,19.273,137.114,4h,uploaded_csv,BTCDOM_INDEX_PROXY,False,True
2023-10-04 08:00:00+00:00,19.272,19.366,19.27,19.339,137.966,4h,uploaded_csv,BTCDOM_INDEX_PROXY,False,True
2023-10-04 12:00:00+00:00,19.34,19.389,19.307,19.374,184.112,4h,uploaded_csv,BTCDOM_INDEX_PROXY,False,True
2023-10-04 16:00:00+00:00,19.381,19.455,19.359,19.428,283.463,4h,uploaded_csv,BTCDOM_INDEX_PROXY,False,True
2023-10-04 20:00:00+00:00,19.428,19.491,19.415,19.486,206.738,4h,uploaded_csv,BTCDOM_INDEX_PROXY,False,True
2023-10-05 00:00:00+00:00,19.485,19.493,19.425,19.441,223.343,4h,uploaded_csv,BTCDOM_INDEX_PROXY,False,True
2023-10-05 04:00:00+00:00,19.441,19.501,19.422,19.495,215.96,4h,uploaded_csv,BTCDOM_INDEX_PROXY,False,True
2023-10-05 08:00:00+00:00,19.49,19.542,19.47,19.537,237.472,4h,uploaded_csv,BTCDOM_INDEX_PROXY,False,True
2023-10-05 12:00:00+00:00,19.537,19.687,19.529,19.629,748.284,4h,uploaded_csv,BTCDOM_INDEX_PROXY,False,True
2023-10-05 16:00:00+00:00,19.63,19.64,19.509,19.558,222.343,4h,uploaded_csv,BTCDOM_INDEX_PROXY,False,True
2023-10-05 20:00:00+00:00,19.564,19.584,19.515,19.581,84.885,4h,uploaded_csv,BTCDOM_INDEX_PROXY,False,True
2023-10-06 00:00:00+00:00,19.577,19.577,19.512,19.543,104.72,4h,uploaded_csv,BTCDOM_INDEX_PROXY,False,True
2023-10-06 04:00:00+00:00,19.535,19.562,19.48,19.531,127.748,4h,uploaded_csv,BTCDOM_INDEX_PROXY,False,True
2023-10-06 08:00:00+00:00,19.532,19.626,19.48,19.62,219.234,4h,uploaded_csv,BTCDOM_INDEX_PROXY,False,True
2023-10-06 12:00:00+00:00,19.621,19.64,19.448,19.622,256.66,4h,uploaded_csv,BTCDOM_INDEX_PROXY,False,True
2023-10-06 16:00:00+00:00,19.623,19.676,19.544,19.598,217.589,4h,uploaded_csv,BTCDOM_INDEX_PROXY,False,True
2023-10-06 20:00:00+00:00,19.594,19.667,19.574,19.602,229.41,4h,uploaded_csv,BTCDOM_INDEX_PROXY,False,True
2023-10-07 00:00:00+00:00,19.596,19.614,19.54,19.605,110.934,4h,uploaded_csv,BTCDOM_INDEX_PROXY,False,True
2023-10-07 04:00:00+00:00,19.604,19.66,19.583,19.647,100.859,4h,uploaded_csv,BTCDOM_INDEX_PROXY,False,True
2023-10-07 08:00:00+00:00,19.647,19.69,19.631,19.675,142.157,4h,uploaded_csv,BTCDOM_INDEX_PROXY,False,True
2023-10-07 12:00:00+00:00,19.673,19.679,19.626,19.67,122.735,4h,uploaded_csv,BTCDOM_INDEX_PROXY,False,True
2023-10-07 16:00:00+00:00,19.67,19.733,19.648,19.724,237.692,4h,uploaded_csv,BTCDOM_INDEX_PROXY,False,True
2023-10-07 20:00:00+00:00,19.726,19.748,19.686,19.738,209.603,4h,uploaded_csv,BTCDOM_INDEX_PROXY,False,True
2023-10-08 00:00:00+00:00,19.739,19.773,19.68,19.74,288.259,4h,uploaded_csv,BTCDOM_INDEX_PROXY,False,True
2023-10-08 04:00:00+00:00,19.738,19.771,19.713,19.752,183.647,4h,uploaded_csv,BTCDOM_INDEX_PROXY,False,True
2023-10-08 08:00:00+00:00,19.752,19.835,19.741,19.804,277.322,4h,uploaded_csv,BTCDOM_INDEX_PROXY,False,True
2023-10-08 12:00:00+00:00,19.801,19.806,19.681,19.745,264.444,4h,uploaded_csv,BTCDOM_INDEX_PROXY,False,True
2023-10-08 16:00:00+00:00,19.742,19.747,19.661,19.693,239.344,4h,uploaded_csv,BTCDOM_INDEX_PROXY,False,True
2023-10-08 20:00:00+00:00,19.694,19.775,19.669,19.758,96.61,4h,uploaded_csv,BTCDOM_INDEX_PROXY,False,True
2023-10-09 00:00:00+00:00,19.758,19.792,19.721,19.731,191.775,4h,uploaded_csv,BTCDOM_INDEX_PROXY,False,True
2023-10-09 04:00:00+00:00,19.731,19.849,19.714,19.823,171.769,4h,uploaded_csv,BTCDOM_INDEX_PROXY,False,True
2023-10-09 08:00:00+00:00,19.821,20.079,19.808,20.005,655.773,4h,uploaded_csv,BTCDOM_INDEX_PROXY,False,True
2023-10-09 12:00:00+00:00,20.006,20.04,19.945,20.014,469.529,4h,uploaded_csv,BTCDOM_INDEX_PROXY,False,True
2023-10-09 16:00:00+00:00,20.014,20.376,20.008,20.157,1561.117,4h,uploaded_csv,BTCDOM_INDEX_PROXY,False,True
2023-10-09 20:00:00+00:00,20.157,20.212,20.148,20.176,207.666,4h,uploaded_csv,BTCDOM_INDEX_PROXY,False,True
2023-10-10 00:00:00+00:00,20.175,20.241,20.134,20.171,643.593,4h,uploaded_csv,BTCDOM_INDEX_PROXY,False,True
2023-10-10 04:00:00+00:00,20.171,20.193,20.09,20.108,398.932,4h,uploaded_csv,BTCDOM_INDEX_PROXY,False,True
2023-10-10 08:00:00+00:00,20.108,20.178,20.091,20.16,246.103,4h,uploaded_csv,BTCDOM_INDEX_PROXY,False,True
2023-10-10 12:00:00+00:00,20.159,20.209,20.096,20.181,270.385,4h,uploaded_csv,BTCDOM_INDEX_PROXY,False,True
2023-10-10 16:00:00+00:00,20.182,20.241,20.136,20.17,222.789,4h,uploaded_csv,BTCDOM_INDEX_PROXY,False,True
2023-10-10 20:00:00+00:00,20.17,20.277,20.139,20.149,135.543,4h,uploaded_csv,BTCDOM_INDEX_PROXY,False,True
2023-10-11 00:00:00+00:00,20.15,20.213,20.043,20.057,236.491,4h,uploaded_csv,BTCDOM_INDEX_PROXY,False,True
2023-10-11 04:00:00+00:00,20.057,20.159,20.033,20.061,168.748,4h,uploaded_csv,BTCDOM_INDEX_PROXY,False,True
2023-10-11 08:00:00+00:00,20.061,20.099,19.994,20.019,215.649,4h,uploaded_csv,BTCDOM_INDEX_PROXY,False,True
2023-10-11 12:00:00+00:00,20.017,20.032,19.879,19.879,336.755,4h,uploaded_csv,BTCDOM_INDEX_PROXY,False,True
2023-10-11 16:00:00+00:00,19.879,19.899,19.788,19.836,457.51,4h,uploaded_csv,BTCDOM_INDEX_PROXY,False,True
2023-10-11 20:00:00+00:00,19.836,19.855,19.774,19.853,159.886,4h,uploaded_csv,BTCDOM_INDEX_PROXY,False,True
2023-10-12 00:00:00+00:00,19.854,19.93,19.845,19.904,198.459,4h,uploaded_csv,BTCDOM_INDEX_PROXY,False,True
2023-10-12 04:00:00+00:00,19.904,19.945,19.885,19.918,112.505,4h,uploaded_csv,BTCDOM_INDEX_PROXY,False,True
2023-10-12 08:00:00+00:00,19.921,20.117,19.913,20.022,355.531,4h,uploaded_csv,BTCDOM_INDEX_PROXY,False,True
2023-10-12 12:00:00+00:00,20.022,20.046,19.972,20.005,140.027,4h,uploaded_csv,BTCDOM_INDEX_PROXY,False,True
2023-10-12 16:00:00+00:00,20.007,20.3,20.001,20.118,319.46,4h,uploaded_csv,BTCDOM_INDEX_PROXY,False,True
2023-10-12 20:00:00+00:00,20.119,20.143,20.04,20.069,125.643,4h,uploaded_csv,BTCDOM_INDEX_PROXY,False,True
2023-10-13 00:00:00+00:00,20.07,20.107,20.022,20.105,119.1,4h,uploaded_csv,BTCDOM_INDEX_PROXY,False,True
2023-10-13 04:00:00+00:00,20.106,20.133,20.041,20.048,159.576,4h,uploaded_csv,BTCDOM_INDEX_PROXY,False,True
2023-10-13 08:00:00+00:00,20.048,20.055,20.001,20.035,125.615,4h,uploaded_csv,BTCDOM_INDEX_PROXY,False,True
2023-10-13 12:00:00+00:00,20.034,20.055,19.987,20.022,124.29,4h,uploaded_csv,BTCDOM_INDEX_PROXY,False,True
2023-10-13 16:00:00+00:00,20.022,20.031,19.983,19.998,51.819,4h,uploaded_csv,BTCDOM_INDEX_PROXY,False,True
2023-10-13 20:00:00+00:00,19.997,20.052,19.891,19.974,251.657,4h,uploaded_csv,BTCDOM_INDEX_PROXY,False,True
2023-10-14 00:00:00+00:00,19.974,20.02,19.954,19.986,96.266,4h,uploaded_csv,BTCDOM_INDEX_PROXY,False,True
2023-10-14 04:00:00+00:00,19.986,20.025,19.961,20.02,70.531,4h,uploaded_csv,BTCDOM_INDEX_PROXY,False,True
2023-10-14 08:00:00+00:00,20.019,20.031,20.001,20.016,127.057,4h,uploaded_csv,BTCDOM_INDEX_PROXY,False,True
2023-10-14 12:00:00+00:00,20.017,20.02,19.945,19.954,75.99,4h,uploaded_csv,BTCDOM_INDEX_PROXY,False,True
2023-10-14 16:00:00+00:00,19.959,19.98,19.91,19.916,78.422,4h,uploaded_csv,BTCDOM_INDEX_PROXY,False,True
2023-10-14 20:00:00+00:00,19.915,19.924,19.884,19.911,104.567,4h,uploaded_csv,BTCDOM_INDEX_PROXY,False,True
2023-10-15 00:00:00+00:00,19.911,19.957,19.894,19.943,265.446,4h,uploaded_csv,BTCDOM_INDEX_PROXY,False,True
2023-10-15 04:00:00+00:00,19.944,19.985,19.938,19.939,77.365,4h,uploaded_csv,BTCDOM_INDEX_PROXY,False,True
2023-10-15 08:00:00+00:00,19.939,19.952,19.901,19.922,88.664,4h,uploaded_csv,BTCDOM_INDEX_PROXY,False,True
2023-10-15 12:00:00+00:00,19.922,19.973,19.902,19.936,210.551,4h,uploaded_csv,BTCDOM_INDEX_PROXY,False,True
2023-10-15 16:00:00+00:00,19.937,19.983,19.903,19.96,95.837,4h,uploaded_csv,BTCDOM_INDEX_PROXY,False,True
2023-10-15 20:00:00+00:00,19.961,20.096,19.954,20.076,278.902,4h,uploaded_csv,BTCDOM_INDEX_PROXY,False,True
2023-10-16 00:00:00+00:00,20.077,20.088,20.032,20.073,117.099,4h,uploaded_csv,BTCDOM_INDEX_PROXY,False,True
2023-10-16 04:00:00+00:00,20.075,20.309,20.054,20.266,791.206,4h,uploaded_csv,BTCDOM_INDEX_PROXY,False,True
2023-10-16 08:00:00+00:00,20.268,20.28,20.144,20.184,210.719,4h,uploaded_csv,BTCDOM_INDEX_PROXY,False,True
2023-10-16 12:00:00+00:00,20.182,21.309,20.162,20.452,2717.345,4h,uploaded_csv,BTCDOM_INDEX_PROXY,False,True
2023-10-16 16:00:00+00:00,20.452,20.682,20.442,20.561,1080.154,4h,uploaded_csv,BTCDOM_INDEX_PROXY,False,True
2023-10-16 20:00:00+00:00,20.564,20.635,20.464,20.539,257.63,4h,uploaded_csv,BTCDOM_INDEX_PROXY,False,True
2023-10-17 00:00:00+00:00,20.538,20.56,20.433,20.479,140.936,4h,uploaded_csv,BTCDOM_INDEX_PROXY,False,True
2023-10-17 04:00:00+00:00,20.479,20.591,20.397,20.577,131.525,4h,uploaded_csv,BTCDOM_INDEX_PROXY,False,True
2023-10-17 08:00:00+00:00,20.577,20.719,20.542,20.643,403.414,4h,uploaded_csv,BTCDOM_INDEX_PROXY,False,True
2023-10-17 12:00:00+00:00,20.646,20.86,20.597,20.789,618.694,4h,uploaded_csv,BTCDOM_INDEX_PROXY,False,True
2023-10-17 16:00:00+00:00,20.789,20.961,20.773,20.936,327.09,4h,uploaded_csv,BTCDOM_INDEX_PROXY,False,True
2023-10-17 20:00:00+00:00,20.937,20.958,20.829,20.848,204.49,4h,uploaded_csv,BTCDOM_INDEX_PROXY,False,True
2023-10-18 00:00:00+00:00,20.848,20.927,20.785,20.888,357.011,4h,uploaded_csv,BTCDOM_INDEX_PROXY,False,True
2023-10-18 04:00:00+00:00,20.889,21.075,20.85,20.878,372.326,4h,uploaded_csv,BTCDOM_INDEX_PROXY,False,True
2023-10-18 08:00:00+00:00,20.874,20.883,20.669,20.678,283.254,4h,uploaded_csv,BTCDOM_INDEX_PROXY,False,True
2023-10-18 12:00:00+00:00,20.678,20.755,20.657,20.709,214.792,4h,uploaded_csv,BTCDOM_INDEX_PROXY,False,True
2023-10-18 16:00:00+00:00,20.712,20.825,20.706,20.809,137.295,4h,uploaded_csv,BTCDOM_INDEX_PROXY,False,True
2023-10-18 20:00:00+00:00,20.802,20.926,20.783,20.871,158.284,4h,uploaded_csv,BTCDOM_INDEX_PROXY,False,True
2023-10-19 00:00:00+00:00,20.871,21.018,20.859,20.994,250.571,4h,uploaded_csv,BTCDOM_INDEX_PROXY,False,True
2023-10-19 04:00:00+00:00,20.995,21.04,20.95,21.018,326.736,4h,uploaded_csv,BTCDOM_INDEX_PROXY,False,True
2023-10-19 08:00:00+00:00,21.019,21.099,20.993,21.044,445.501,4h,uploaded_csv,BTCDOM_INDEX_PROXY,False,True
2023-10-19 12:00:00+00:00,21.042,21.204,21.013,21.118,598.709,4h,uploaded_csv,BTCDOM_INDEX_PROXY,False,True
2023-10-19 16:00:00+00:00,21.117,21.158,21.0,21.075,228.799,4h,uploaded_csv,BTCDOM_INDEX_PROXY,False,True
2023-10-19 20:00:00+00:00,21.078,21.096,20.921,20.933,340.485,4h,uploaded_csv,BTCDOM_INDEX_PROXY,False,True
2023-10-20 00:00:00+00:00,20.933,21.119,20.86,21.066,372.196,4h,uploaded_csv,BTCDOM_INDEX_PROXY,False,True
2023-10-20 04:00:00+00:00,21.065,21.202,21.057,21.142,740.414,4h,uploaded_csv,BTCDOM_INDEX_PROXY,False,True
2023-10-20 08:00:00+00:00,21.142,21.267,21.075,21.197,631.442,4h,uploaded_csv,BTCDOM_INDEX_PROXY,False,True
2023-10-20 12:00:00+00:00,21.197,21.217,21.03,21.079,378.395,4h,uploaded_csv,BTCDOM_INDEX_PROXY,False,True
2023-10-20 16:00:00+00:00,21.079,21.108,20.99,21.06,192.88,4h,uploaded_csv,BTCDOM_INDEX_PROXY,False,True
2023-10-20 20:00:00+00:00,21.06,21.226,21.042,21.213,175.446,4h,uploaded_csv,BTCDOM_INDEX_PROXY,False,True
2023-10-21 00:00:00+00:00,21.212,21.226,21.152,21.201,114.868,4h,uploaded_csv,BTCDOM_INDEX_PROXY,False,True
2023-10-21 04:00:00+00:00,21.202,21.208,21.114,21.116,112.917,4h,uploaded_csv,BTCDOM_INDEX_PROXY,False,True
2023-10-21 08:00:00+00:00,21.116,21.205,21.09,21.122,136.554,4h,uploaded_csv,BTCDOM_INDEX_PROXY,False,True
2023-10-21 12:00:00+00:00,21.123,21.149,20.961,20.976,213.984,4h,uploaded_csv,BTCDOM_INDEX_PROXY,False,True
2023-10-21 16:00:00+00:00,20.975,21.082,20.924,21.036,315.607,4h,uploaded_csv,BTCDOM_INDEX_PROXY,False,True
2023-10-21 20:00:00+00:00,21.033,21.033,20.921,20.933,198.686,4h,uploaded_csv,BTCDOM_INDEX_PROXY,False,True
2023-10-22 00:00:00+00:00,20.933,21.005,20.876,20.932,463.732,4h,uploaded_csv,BTCDOM_INDEX_PROXY,False,True
2023-10-22 04:00:00+00:00,20.932,20.969,20.861,20.896,233.078,4h,uploaded_csv,BTCDOM_INDEX_PROXY,False,True
2023-10-22 08:00:00+00:00,20.897,21.048,20.882,21.038,310.206,4h,uploaded_csv,BTCDOM_INDEX_PROXY,False,True
2023-10-22 12:00:00+00:00,21.037,21.039,20.939,20.968,207.745,4h,uploaded_csv,BTCDOM_INDEX_PROXY,False,True
2023-10-22 16:00:00+00:00,20.966,20.977,20.848,20.85,143.964,4h,uploaded_csv,BTCDOM_INDEX_PROXY,False,True
2023-10-22 20:00:00+00:00,20.851,20.859,20.607,20.648,428.996,4h,uploaded_csv,BTCDOM_INDEX_PROXY,False,True
2023-10-23 00:00:00+00:00,20.647,20.794,20.576,20.784,485.774,4h,uploaded_csv,BTCDOM_INDEX_PROXY,False,True
2023-10-23 04:00:00+00:00,20.786,20.895,20.704,20.847,447.073,4h,uploaded_csv,BTCDOM_INDEX_PROXY,False,True
2023-10-23 08:00:00+00:00,20.847,20.933,20.791,20.878,242.32,4h,uploaded_csv,BTCDOM_INDEX_PROXY,False,True
2023-10-23 12:00:00+00:00,20.879,21.066,20.868,21.065,311.087,4h,uploaded_csv,BTCDOM_INDEX_PROXY,False,True
2023-10-23 16:00:00+00:00,21.063,21.149,20.886,21.019,428.436,4h,uploaded_csv,BTCDOM_INDEX_PROXY,False,True
2023-10-23 20:00:00+00:00,21.012,23.789,21.003,21.496,3491.654,4h,uploaded_csv,BTCDOM_INDEX_PROXY,False,True
2023-10-24 00:00:00+00:00,21.497,22.323,21.401,21.802,1859.631,4h,uploaded_csv,BTCDOM_INDEX_PROXY,False,True
2023-10-24 04:00:00+00:00,21.812,21.981,21.69,21.877,756.544,4h,uploaded_csv,BTCDOM_INDEX_PROXY,False,True
2023-10-24 08:00:00+00:00,21.872,22.05,21.766,21.772,477.7,4h,uploaded_csv,BTCDOM_INDEX_PROXY,False,True
2023-10-24 12:00:00+00:00,21.775,21.979,21.666,21.91,1073.932,4h,uploaded_csv,BTCDOM_INDEX_PROXY,False,True
2023-10-24 16:00:00+00:00,21.92,22.135,21.91,21.963,513.297,4h,uploaded_csv,BTCDOM_INDEX_PROXY,False,True
2023-10-24 20:00:00+00:00,21.961,22.166,21.89,21.963,339.583,4h,uploaded_csv,BTCDOM_INDEX_PROXY,False,True
2023-10-25 00:00:00+00:00,21.966,22.018,21.878,21.952,242.839,4h,uploaded_csv,BTCDOM_INDEX_PROXY,False,True
2023-10-25 04:00:00+00:00,21.951,22.14,21.938,22.11,242.278,4h,uploaded_csv,BTCDOM_INDEX_PROXY,False,True
2023-10-25 08:00:00+00:00,22.11,22.205,22.068,22.145,330.584,4h,uploaded_csv,BTCDOM_INDEX_PROXY,False,True
2023-10-25 12:00:00+00:00,22.149,22.3,22.122,22.242,420.901,4h,uploaded_csv,BTCDOM_INDEX_PROXY,False,True
2023-10-25 16:00:00+00:00,22.244,22.412,22.231,22.41,290.431,4h,uploaded_csv,BTCDOM_INDEX_PROXY,False,True
2023-10-25 20:00:00+00:00,22.406,22.439,22.234,22.271,280.551,4h,uploaded_csv,BTCDOM_INDEX_PROXY,False,True
2023-10-26 00:00:00+00:00,22.271,22.399,22.135,22.135,303.446,4h,uploaded_csv,BTCDOM_INDEX_PROXY,False,True
2023-10-26 04:00:00+00:00,22.133,22.234,21.744,21.766,634.453,4h,uploaded_csv,BTCDOM_INDEX_PROXY,False,True
2023-10-26 08:00:00+00:00,21.763,21.863,21.638,21.795,767.447,4h,uploaded_csv,BTCDOM_INDEX_PROXY,False,True
2023-10-26 12:00:00+00:00,21.794,22.233,21.728,22.174,645.108,4h,uploaded_csv,BTCDOM_INDEX_PROXY,False,True
2023-10-26 16:00:00+00:00,22.175,22.237,21.964,22.021,325.267,4h,uploaded_csv,BTCDOM_INDEX_PROXY,False,True
2023-10-26 20:00:00+00:00,22.022,22.051,21.892,21.924,154.161,4h,uploaded_csv,BTCDOM_INDEX_PROXY,False,True
2023-10-27 00:00:00+00:00,21.923,22.1,21.9,22.04,249.762,4h,uploaded_csv,BTCDOM_INDEX_PROXY,False,True
2023-10-27 04:00:00+00:00,22.035,22.114,21.978,22.082,109.801,4h,uploaded_csv,BTCDOM_INDEX_PROXY,False,True
2023-10-27 08:00:00+00:00,22.095,22.116,21.996,22.023,114.657,4h,uploaded_csv,BTCDOM_INDEX_PROXY,False,True
2023-10-27 12:00:00+00:00,22.028,22.049,21.901,21.957,184.15,4h,uploaded_csv,BTCDOM_INDEX_PROXY,False,True
2023-10-27 16:00:00+00:00,21.962,22.134,21.943,21.951,199.581,4h,uploaded_csv,BTCDOM_INDEX_PROXY,False,True
2023-10-27 20:00:00+00:00,21.953,22.059,21.935,22.048,74.223,4h,uploaded_csv,BTCDOM_INDEX_PROXY,False,True
2023-10-28 00:00:00+00:00,22.043,22.05,21.954,21.963,85.467,4h,uploaded_csv,BTCDOM_INDEX_PROXY,False,True
2023-10-28 04:00:00+00:00,21.964,22.022,21.947,21.977,71.167,4h,uploaded_csv,BTCDOM_INDEX_PROXY,False,True
2023-10-28 08:00:00+00:00,21.974,22.094,21.958,22.055,127.147,4h,uploaded_csv,BTCDOM_INDEX_PROXY,False,True
2023-10-28 12:00:00+00:00,22.059,22.097,22.028,22.064,98.196,4h,uploaded_csv,BTCDOM_INDEX_PROXY,False,True
2023-10-28 16:00:00+00:00,22.06,22.166,22.057,22.165,84.584,4h,uploaded_csv,BTCDOM_INDEX_PROXY,False,True
2023-10-28 20:00:00+00:00,22.166,22.186,22.093,22.13,135.889,4h,uploaded_csv,BTCDOM_INDEX_PROXY,False,True
2023-10-29 00:00:00+00:00,22.13,22.245,22.072,22.109,150.813,4h,uploaded_csv,BTCDOM_INDEX_PROXY,False,True
2023-10-29 04:00:00+00:00,22.112,22.121,22.044,22.044,80.159,4h,uploaded_csv,BTCDOM_INDEX_PROXY,False,True
2023-10-29 08:00:00+00:00,22.043,22.104,22.021,22.081,106.531,4h,uploaded_csv,BTCDOM_INDEX_PROXY,False,True
2023-10-29 12:00:00+00:00,22.083,22.161,22.053,22.11,186.901,4h,uploaded_csv,BTCDOM_INDEX_PROXY,False,True
2023-10-29 16:00:00+00:00,22.111,22.205,22.069,22.149,122.347,4h,uploaded_csv,BTCDOM_INDEX_PROXY,False,True
2023-10-29 20:00:00+00:00,22.148,22.157,22.066,22.11,76.952,4h,uploaded_csv,BTCDOM_INDEX_PROXY,False,True
2023-10-30 00:00:00+00:00,22.111,22.152,21.936,22.081,722.433,4h,uploaded_csv,BTCDOM_INDEX_PROXY,False,True
2023-10-30 04:00:00+00:00,22.081,22.148,22.03,22.046,88.664,4h,uploaded_csv,BTCDOM_INDEX_PROXY,False,True
2023-10-30 08:00:00+00:00,22.05,22.059,21.756,21.912,731.254,4h,uploaded_csv,BTCDOM_INDEX_PROXY,False,True
2023-10-30 12:00:00+00:00,21.918,21.984,21.8,21.832,416.753,4h,uploaded_csv,BTCDOM_INDEX_PROXY,False,True
2023-10-30 16:00:00+00:00,21.832,21.936,21.776,21.831,153.322,4h,uploaded_csv,BTCDOM_INDEX_PROXY,False,True
2023-10-30 20:00:00+00:00,21.84,21.861,21.774,21.793,63.606,4h,uploaded_csv,BTCDOM_INDEX_PROXY,False,True
2023-10-31 00:00:00+00:00,21.794,21.81,21.691,21.752,114.415,4h,uploaded_csv,BTCDOM_INDEX_PROXY,False,True
2023-10-31 04:00:00+00:00,21.751,21.806,21.705,21.806,89.141,4h,uploaded_csv,BTCDOM_INDEX_PROXY,False,True
2023-10-31 08:00:00+00:00,21.807,21.859,21.614,21.658,253.541,4h,uploaded_csv,BTCDOM_INDEX_PROXY,False,True
2023-10-31 12:00:00+00:00,21.659,21.969,21.606,21.86,222.847,4h,uploaded_csv,BTCDOM_INDEX_PROXY,False,True
2023-10-31 16:00:00+00:00,21.868,21.897,21.765,21.799,144.898,4h,uploaded_csv,BTCDOM_INDEX_PROXY,False,True
2023-10-31 20:00:00+00:00,21.809,21.853,21.756,21.77,74.757,4h,uploaded_csv,BTCDOM_INDEX_PROXY,False,True
2023-11-01 00:00:00+00:00,21.769,21.786,21.61,21.747,107.052,4h,uploaded_csv,BTCDOM_INDEX_PROXY,False,True
2023-11-01 04:00:00+00:00,21.741,21.877,21.74,21.803,68.286,4h,uploaded_csv,BTCDOM_INDEX_PROXY,False,True
2023-11-01 08:00:00+00:00,21.813,21.875,21.767,21.81,85.759,4h,uploaded_csv,BTCDOM_INDEX_PROXY,False,True
2023-11-01 12:00:00+00:00,21.806,21.967,21.745,21.804,307.294,4h,uploaded_csv,BTCDOM_INDEX_PROXY,False,True
2023-11-01 16:00:00+00:00,21.804,21.849,21.312,21.414,461.301,4h,uploaded_csv,BTCDOM_INDEX_PROXY,False,True
2023-11-01 20:00:00+00:00,21.414,21.852,21.328,21.8,464.16,4h,uploaded_csv,BTCDOM_INDEX_PROXY,False,True
2023-11-02 00:00:00+00:00,21.798,21.906,21.672,21.745,177.191,4h,uploaded_csv,BTCDOM_INDEX_PROXY,False,True
2023-11-02 04:00:00+00:00,21.739,21.817,21.693,21.788,110.24,4h,uploaded_csv,BTCDOM_INDEX_PROXY,False,True
2023-11-02 08:00:00+00:00,21.781,21.845,21.734,21.74,252.885,4h,uploaded_csv,BTCDOM_INDEX_PROXY,False,True
2023-11-02 12:00:00+00:00,21.744,21.825,21.6,21.786,317.723,4h,uploaded_csv,BTCDOM_INDEX_PROXY,False,True
2023-11-02 16:00:00+00:00,21.791,21.865,21.76,21.785,143.91,4h,uploaded_csv,BTCDOM_INDEX_PROXY,False,True
2023-11-02 20:00:00+00:00,21.788,21.906,21.776,21.878,90.163,4h,uploaded_csv,BTCDOM_INDEX_PROXY,False,True
2023-11-03 00:00:00+00:00,21.882,21.984,21.84,21.863,780.005,4h,uploaded_csv,BTCDOM_INDEX_PROXY,False,True
2023-11-03 04:00:00+00:00,21.867,21.9,21.649,21.697,199.391,4h,uploaded_csv,BTCDOM_INDEX_PROXY,False,True
2023-11-03 08:00:00+00:00,21.697,21.722,21.632,21.656,120.03,4h,uploaded_csv,BTCDOM_INDEX_PROXY,False,True
2023-11-03 12:00:00+00:00,21.656,21.785,21.629,21.703,128.691,4h,uploaded_csv,BTCDOM_INDEX_PROXY,False,True
2023-11-03 16:00:00+00:00,21.702,21.711,21.547,21.575,85.766,4h,uploaded_csv,BTCDOM_INDEX_PROXY,False,True
2023-11-03 20:00:00+00:00,21.571,21.577,21.46,21.52,139.436,4h,uploaded_csv,BTCDOM_INDEX_PROXY,False,True
2023-11-04 00:00:00+00:00,21.521,21.585,21.417,21.44,196.279,4h,uploaded_csv,BTCDOM_INDEX_PROXY,False,True
2023-11-04 04:00:00+00:00,21.435,21.588,21.43,21.455,181.289,4h,uploaded_csv,BTCDOM_INDEX_PROXY,False,True
2023-11-04 08:00:00+00:00,21.456,21.476,21.33,21.39,220.218,4h,uploaded_csv,BTCDOM_INDEX_PROXY,False,True
2023-11-04 12:00:00+00:00,21.399,21.502,21.375,21.481,160.379,4h,uploaded_csv,BTCDOM_INDEX_PROXY,False,True
2023-11-04 16:00:00+00:00,21.48,21.494,21.38,21.413,162.944,4h,uploaded_csv,BTCDOM_INDEX_PROXY,False,True
2023-11-04 20:00:00+00:00,21.412,21.509,21.357,21.401,184.102,4h,uploaded_csv,BTCDOM_INDEX_PROXY,False,True
2023-11-05 00:00:00+00:00,21.404,21.44,21.132,21.179,290.093,4h,uploaded_csv,BTCDOM_INDEX_PROXY,False,True
2023-11-05 04:00:00+00:00,21.17,21.217,21.101,21.139,267.847,4h,uploaded_csv,BTCDOM_INDEX_PROXY,False,True
2023-11-05 08:00:00+00:00,21.137,21.179,20.959,21.004,337.396,4h,uploaded_csv,BTCDOM_INDEX_PROXY,False,True
2023-11-05 12:00:00+00:00,20.999,21.164,20.936,21.053,289.234,4h,uploaded_csv,BTCDOM_INDEX_PROXY,False,True
2023-11-05 16:00:00+00:00,21.054,21.064,20.852,20.946,254.185,4h,uploaded_csv,BTCDOM_INDEX_PROXY,False,True
2023-11-05 20:00:00+00:00,20.946,21.052,20.871,20.887,208.433,4h,uploaded_csv,BTCDOM_INDEX_PROXY,False,True
2023-11-06 00:00:00+00:00,20.886,20.888,20.709,20.838,485.735,4h,uploaded_csv,BTCDOM_INDEX_PROXY,False,True
2023-11-06 04:00:00+00:00,20.831,20.965,20.826,20.88,150.9,4h,uploaded_csv,BTCDOM_INDEX_PROXY,False,True
2023-11-06 08:00:00+00:00,20.88,20.923,20.81,20.826,157.932,4h,uploaded_csv,BTCDOM_INDEX_PROXY,False,True
2023-11-06 12:00:00+00:00,20.827,20.85,20.53,20.618,448.514,4h,uploaded_csv,BTCDOM_INDEX_PROXY,False,True
2023-11-06 16:00:00+00:00,20.619,20.691,20.538,20.538,261.45,4h,uploaded_csv,BTCDOM_INDEX_PROXY,False,True
2023-11-06 20:00:00+00:00,20.54,20.623,20.43,20.455,206.822,4h,uploaded_csv,BTCDOM_INDEX_PROXY,False,True
2023-11-07 00:00:00+00:00,20.458,20.729,20.454,20.623,377.198,4h,uploaded_csv,BTCDOM_INDEX_PROXY,False,True
2023-11-07 04:00:00+00:00,20.621,20.65,20.552,20.582,327.477,4h,uploaded_csv,BTCDOM_INDEX_PROXY,False,True
2023-11-07 08:00:00+00:00,20.587,20.746,20.553,20.659,240.464,4h,uploaded_csv,BTCDOM_INDEX_PROXY,False,True
2023-11-07 12:00:00+00:00,20.656,20.92,20.628,20.878,280.521,4h,uploaded_csv,BTCDOM_INDEX_PROXY,False,True
2023-11-07 16:00:00+00:00,20.874,20.991,20.783,20.873,328.229,4h,uploaded_csv,BTCDOM_INDEX_PROXY,False,True
2023-11-07 20:00:00+00:00,20.871,21.051,20.836,20.976,265.098,4h,uploaded_csv,BTCDOM_INDEX_PROXY,False,True
2023-11-08 00:00:00+00:00,20.966,20.984,20.833,20.885,252.561,4h,uploaded_csv,BTCDOM_INDEX_PROXY,False,True
2023-11-08 04:00:00+00:00,20.893,20.939,20.868,20.908,95.91,4h,uploaded_csv,BTCDOM_INDEX_PROXY,False,True
2023-11-08 08:00:00+00:00,20.907,20.936,20.833,20.873,134.27,4h,uploaded_csv,BTCDOM_INDEX_PROXY,False,True
2023-11-08 12:00:00+00:00,20.873,20.913,20.772,20.772,165.866,4h,uploaded_csv,BTCDOM_INDEX_PROXY,False,True
2023-11-08 16:00:00+00:00,20.772,20.882,20.698,20.847,254.108,4h,uploaded_csv,BTCDOM_INDEX_PROXY,False,True
2023-11-08 20:00:00+00:00,20.852,21.107,20.825,20.925,255.198,4h,uploaded_csv,BTCDOM_INDEX_PROXY,False,True
2023-11-09 00:00:00+00:00,20.929,21.179,20.899,21.083,480.571,4h,uploaded_csv,BTCDOM_INDEX_PROXY,False,True
2023-11-09 04:00:00+00:00,21.09,21.24,21.089,21.214,353.534,4h,uploaded_csv,BTCDOM_INDEX_PROXY,False,True
2023-11-09 08:00:00+00:00,21.219,21.296,21.142,21.268,234.121,4h,uploaded_csv,BTCDOM_INDEX_PROXY,False,True
2023-11-09 12:00:00+00:00,21.267,21.686,20.615,20.66,1449.736,4h,uploaded_csv,BTCDOM_INDEX_PROXY,False,True
2023-11-09 16:00:00+00:00,20.65,21.303,20.558,20.754,1163.604,4h,uploaded_csv,BTCDOM_INDEX_PROXY,False,True
2023-11-09 20:00:00+00:00,20.748,20.812,20.114,20.152,852.435,4h,uploaded_csv,BTCDOM_INDEX_PROXY,False,True
2023-11-10 00:00:00+00:00,20.146,20.233,20.06,20.104,460.663,4h,uploaded_csv,BTCDOM_INDEX_PROXY,False,True
2023-11-10 04:00:00+00:00,20.105,20.211,20.015,20.13,340.589,4h,uploaded_csv,BTCDOM_INDEX_PROXY,False,True
2023-11-10 08:00:00+00:00,20.13,20.332,19.94,20.308,692.226,4h,uploaded_csv,BTCDOM_INDEX_PROXY,False,True
2023-11-10 12:00:00+00:00,20.309,20.631,20.3,20.556,256.132,4h,uploaded_csv,BTCDOM_INDEX_PROXY,False,True
2023-11-10 16:00:00+00:00,20.497,20.562,20.342,20.44,241.739,4h,uploaded_csv,BTCDOM_INDEX_PROXY,False,True
2023-11-10 20:00:00+00:00,20.438,20.478,20.377,20.419,128.262,4h,uploaded_csv,BTCDOM_INDEX_PROXY,False,True
2023-11-11 00:00:00+00:00,20.415,20.663,20.397,20.612,288.666,4h,uploaded_csv,BTCDOM_INDEX_PROXY,False,True
2023-11-11 04:00:00+00:00,20.61,20.742,20.441,20.491,150.796,4h,uploaded_csv,BTCDOM_INDEX_PROXY,False,True
2023-11-11 08:00:00+00:00,20.492,20.508,20.315,20.408,147.24,4h,uploaded_csv,BTCDOM_INDEX_PROXY,False,True
2023-11-11 12:00:00+00:00,20.408,20.45,20.14,20.159,319.039,4h,uploaded_csv,BTCDOM_INDEX_PROXY,False,True
2023-11-11 16:00:00+00:00,20.161,20.234,20.029,20.129,307.888,4h,uploaded_csv,BTCDOM_INDEX_PROXY,False,True
2023-11-11 20:00:00+00:00,20.128,20.421,20.128,20.4,293.259,4h,uploaded_csv,BTCDOM_INDEX_PROXY,False,True
2023-11-12 00:00:00+00:00,20.401,20.696,20.368,20.396,376.988,4h,uploaded_csv,BTCDOM_INDEX_PROXY,False,True
2023-11-12 04:00:00+00:00,20.396,20.488,20.282,20.294,203.484,4h,uploaded_csv,BTCDOM_INDEX_PROXY,False,True
2023-11-12 08:00:00+00:00,20.291,20.401,20.246,20.35,268.198,4h,uploaded_csv,BTCDOM_INDEX_PROXY,False,True
2023-11-12 12:00:00+00:00,20.344,20.441,20.331,20.375,277.331,4h,uploaded_csv,BTCDOM_INDEX_PROXY,False,True
2023-11-12 16:00:00+00:00,20.375,20.493,20.366,20.434,104.435,4h,uploaded_csv,BTCDOM_INDEX_PROXY,False,True
2023-11-12 20:00:00+00:00,20.43,20.478,20.292,20.394,195.199,4h,uploaded_csv,BTCDOM_INDEX_PROXY,False,True
2023-11-13 00:00:00+00:00,20.402,20.468,20.181,20.416,271.594,4h,uploaded_csv,BTCDOM_INDEX_PROXY,False,True
2023-11-13 04:00:00+00:00,20.417,20.507,20.332,20.377,246.445,4h,uploaded_csv,BTCDOM_INDEX_PROXY,False,True
2023-11-13 08:00:00+00:00,20.372,20.453,20.31,20.387,165.498,4h,uploaded_csv,BTCDOM_INDEX_PROXY,False,True
2023-11-13 12:00:00+00:00,20.387,20.451,20.039,20.05,642.455,4h,uploaded_csv,BTCDOM_INDEX_PROXY,False,True
2023-11-13 16:00:00+00:00,20.051,20.314,19.969,20.096,492.284,4h,uploaded_csv,BTCDOM_INDEX_PROXY,False,True
2023-11-13 20:00:00+00:00,20.099,20.479,19.92,20.315,518.96,4h,uploaded_csv,BTCDOM_INDEX_PROXY,False,True
2023-11-14 00:00:00+00:00,20.315,20.444,20.237,20.25,205.965,4h,uploaded_csv,BTCDOM_INDEX_PROXY,False,True
2023-11-14 04:00:00+00:00,20.25,20.299,20.192,20.239,120.792,4h,uploaded_csv,BTCDOM_INDEX_PROXY,False,True
2023-11-14 08:00:00+00:00,20.239,20.413,20.181,20.37,193.437,4h,uploaded_csv,BTCDOM_INDEX_PROXY,False,True
2023-11-14 12:00:00+00:00,20.369,20.44,20.152,20.194,373.211,4h,uploaded_csv,BTCDOM_INDEX_PROXY,False,True
2023-11-14 16:00:00+00:00,20.196,20.65,20.095,20.316,654.224,4h,uploaded_csv,BTCDOM_INDEX_PROXY,False,True
2023-11-14 20:00:00+00:00,20.313,20.378,20.248,20.338,93.954,4h,uploaded_csv,BTCDOM_INDEX_PROXY,False,True
2023-11-15 00:00:00+00:00,20.338,20.347,20.231,20.296,127.363,4h,uploaded_csv,BTCDOM_INDEX_PROXY,False,True
2023-11-15 04:00:00+00:00,20.297,20.3,20.184,20.188,110.145,4h,uploaded_csv,BTCDOM_INDEX_PROXY,False,True
2023-11-15 08:00:00+00:00,20.19,20.326,20.182,20.237,139.478,4h,uploaded_csv,BTCDOM_INDEX_PROXY,False,True
2023-11-15 12:00:00+00:00,20.237,20.265,20.102,20.245,212.151,4h,uploaded_csv,BTCDOM_INDEX_PROXY,False,True
2023-11-15 16:00:00+00:00,20.246,20.777,20.245,20.598,612.73,4h,uploaded_csv,BTCDOM_INDEX_PROXY,False,True
2023-11-15 20:00:00+00:00,20.593,20.8,20.578,20.722,292.318,4h,uploaded_csv,BTCDOM_INDEX_PROXY,False,True
2023-11-16 00:00:00+00:00,20.722,20.769,20.508,20.541,262.235,4h,uploaded_csv,BTCDOM_INDEX_PROXY,False,True
2023-11-16 04:00:00+00:00,20.537,20.564,20.429,20.455,105.358,4h,uploaded_csv,BTCDOM_INDEX_PROXY,False,True
2023-11-16 08:00:00+00:00,20.455,20.597,20.254,20.349,301.801,4h,uploaded_csv,BTCDOM_INDEX_PROXY,False,True
2023-11-16 12:00:00+00:00,20.351,20.686,20.342,20.553,348.34,4h,uploaded_csv,BTCDOM_INDEX_PROXY,False,True
2023-11-16 16:00:00+00:00,20.553,20.747,20.472,20.54,313.871,4h,uploaded_csv,BTCDOM_INDEX_PROXY,False,True
2023-11-16 20:00:00+00:00,20.536,20.931,20.524,20.817,283.457,4h,uploaded_csv,BTCDOM_INDEX_PROXY,False,True
2023-11-17 00:00:00+00:00,20.817,20.831,20.686,20.747,197.466,4h,uploaded_csv,BTCDOM_INDEX_PROXY,False,True
2023-11-17 04:00:00+00:00,20.747,20.816,20.66,20.778,194.638,4h,uploaded_csv,BTCDOM_INDEX_PROXY,False,True
2023-11-17 08:00:00+00:00,20.778,20.95,20.711,20.912,373.794,4h,uploaded_csv,BTCDOM_INDEX_PROXY,False,True
2023-11-17 12:00:00+00:00,20.911,21.373,20.902,21.336,1197.676,4h,uploaded_csv,BTCDOM_INDEX_PROXY,False,True
2023-11-17 16:00:00+00:00,21.333,21.51,21.112,21.146,1035.575,4h,uploaded_csv,BTCDOM_INDEX_PROXY,False,True
2023-11-17 20:00:00+00:00,21.145,21.231,20.983,21.049,363.624,4h,uploaded_csv,BTCDOM_INDEX_PROXY,False,True
2023-11-18 00:00:00+00:00,21.049,21.225,21.009,21.207,239.192,4h,uploaded_csv,BTCDOM_INDEX_PROXY,False,True
2023-11-18 04:00:00+00:00,21.206,21.495,21.152,21.316,615.752,4h,uploaded_csv,BTCDOM_INDEX_PROXY,False,True
2023-11-18 08:00:00+00:00,21.323,21.379,21.166,21.256,560.53,4h,uploaded_csv,BTCDOM_INDEX_PROXY,False,True
2023-11-18 12:00:00+00:00,21.256,21.415,21.213,21.247,574.238,4h,uploaded_csv,BTCDOM_INDEX_PROXY,False,True
2023-11-18 16:00:00+00:00,21.247,21.274,21.046,21.067,1224.298,4h,uploaded_csv,BTCDOM_INDEX_PROXY,False,True
2023-11-18 20:00:00+00:00,21.062,21.122,21.029,21.064,201.552,4h,uploaded_csv,BTCDOM_INDEX_PROXY,False,True
2023-11-19 00:00:00+00:00,21.061,21.256,21.06,21.061,253.635,4h,uploaded_csv,BTCDOM_INDEX_PROXY,False,True
2023-11-19 04:00:00+00:00,21.061,21.109,20.972,21.002,154.259,4h,uploaded_csv,BTCDOM_INDEX_PROXY,False,True
2023-11-19 08:00:00+00:00,21.001,21.089,20.962,21.041,204.379,4h,uploaded_csv,BTCDOM_INDEX_PROXY,False,True
2023-11-19 12:00:00+00:00,21.035,21.081,20.919,20.958,222.422,4h,uploaded_csv,BTCDOM_INDEX_PROXY,False,True
2023-11-19 16:00:00+00:00,20.957,20.965,20.526,20.926,1527.344,4h,uploaded_csv,BTCDOM_INDEX_PROXY,False,True
2023-11-19 20:00:00+00:00,20.926,21.094,20.918,20.994,188.442,4h,uploaded_csv,BTCDOM_INDEX_PROXY,False,True
2023-11-20 00:00:00+00:00,20.993,21.087,20.966,20.975,179.486,4h,uploaded_csv,BTCDOM_INDEX_PROXY,False,True
2023-11-20 04:00:00+00:00,20.977,21.027,20.872,20.891,135.904,4h,uploaded_csv,BTCDOM_INDEX_PROXY,False,True
2023-11-20 08:00:00+00:00,20.89,20.899,20.652,20.777,312.603,4h,uploaded_csv,BTCDOM_INDEX_PROXY,False,True
2023-11-20 12:00:00+00:00,20.777,20.939,20.764,20.916,326.306,4h,uploaded_csv,BTCDOM_INDEX_PROXY,False,True
2023-11-20 16:00:00+00:00,20.916,21.058,20.771,21.026,358.858,4h,uploaded_csv,BTCDOM_INDEX_PROXY,False,True
2023-11-20 20:00:00+00:00,21.032,21.206,20.081,21.15,787.81,4h,uploaded_csv,BTCDOM_INDEX_PROXY,False,True
2023-11-21 00:00:00+00:00,21.15,21.278,20.924,21.126,303.395,4h,uploaded_csv,BTCDOM_INDEX_PROXY,False,True
2023-11-21 04:00:00+00:00,21.126,21.213,21.078,21.212,134.518,4h,uploaded_csv,BTCDOM_INDEX_PROXY,False,True
2023-11-21 08:00:00+00:00,21.212,21.239,21.071,21.114,202.031,4h,uploaded_csv,BTCDOM_INDEX_PROXY,False,True
2023-11-21 12:00:00+00:00,21.114,21.304,20.95,21.144,544.079,4h,uploaded_csv,BTCDOM_INDEX_PROXY,False,True
2023-11-21 16:00:00+00:00,21.15,21.68,21.045,21.468,1571.073,4h,uploaded_csv,BTCDOM_INDEX_PROXY,False,True
2023-11-21 20:00:00+00:00,21.472,21.895,21.303,21.471,923.408,4h,uploaded_csv,BTCDOM_INDEX_PROXY,False,True
2023-11-22 00:00:00+00:00,21.471,21.471,21.232,21.248,355.867,4h,uploaded_csv,BTCDOM_INDEX_PROXY,False,True
2023-11-22 04:00:00+00:00,21.249,21.25,21.139,21.184,227.444,4h,uploaded_csv,BTCDOM_INDEX_PROXY,False,True
2023-11-22 08:00:00+00:00,21.184,21.206,21.004,21.054,218.348,4h,uploaded_csv,BTCDOM_INDEX_PROXY,False,True
2023-11-22 12:00:00+00:00,21.053,21.103,20.937,20.958,206.355,4h,uploaded_csv,BTCDOM_INDEX_PROXY,False,True
2023-11-22 16:00:00+00:00,20.954,21.093,20.837,20.963,280.855,4h,uploaded_csv,BTCDOM_INDEX_PROXY,False,True
2023-11-22 20:00:00+00:00,20.96,21.103,20.957,21.078,173.443,4h,uploaded_csv,BTCDOM_INDEX_PROXY,False,True
2023-11-23 00:00:00+00:00,21.069,21.137,20.984,21.024,202.44,4h,uploaded_csv,BTCDOM_INDEX_PROXY,False,True
2023-11-23 04:00:00+00:00,21.027,21.057,20.8,20.979,259.491,4h,uploaded_csv,BTCDOM_INDEX_PROXY,False,True
2023-11-23 08:00:00+00:00,20.979,21.094,20.894,21.022,154.899,4h,uploaded_csv,BTCDOM_INDEX_PROXY,False,True
2023-11-23 12:00:00+00:00,21.023,21.078,20.973,20.995,106.941,4h,uploaded_csv,BTCDOM_INDEX_PROXY,False,True
2023-11-23 16:00:00+00:00,20.997,21.03,20.957,21.017,95.456,4h,uploaded_csv,BTCDOM_INDEX_PROXY,False,True
2023-11-23 20:00:00+00:00,21.017,21.025,20.928,20.985,64.878,4h,uploaded_csv,BTCDOM_INDEX_PROXY,False,True
2023-11-24 00:00:00+00:00,20.983,20.987,20.876,20.937,98.83,4h,uploaded_csv,BTCDOM_INDEX_PROXY,False,True
2023-11-24 04:00:00+00:00,20.934,20.976,20.889,20.917,61.588,4h,uploaded_csv,BTCDOM_INDEX_PROXY,False,True
2023-11-24 08:00:00+00:00,20.919,20.983,20.757,20.941,377.401,4h,uploaded_csv,BTCDOM_INDEX_PROXY,False,True
2023-11-24 12:00:00+00:00,20.938,21.053,20.883,21.04,206.517,4h,uploaded_csv,BTCDOM_INDEX_PROXY,False,True
2023-11-24 16:00:00+00:00,21.04,21.066,20.911,21.048,128.228,4h,uploaded_csv,BTCDOM_INDEX_PROXY,False,True
2023-11-24 20:00:00+00:00,21.046,21.179,21.029,21.05,136.351,4h,uploaded_csv,BTCDOM_INDEX_PROXY,False,True
2023-11-25 00:00:00+00:00,21.051,21.104,20.931,20.963,97.989,4h,uploaded_csv,BTCDOM_INDEX_PROXY,False,True
2023-11-25 04:00:00+00:00,20.963,21.026,20.94,20.948,81.375,4h,uploaded_csv,BTCDOM_INDEX_PROXY,False,True
2023-11-25 08:00:00+00:00,20.948,21.078,20.934,21.045,70.365,4h,uploaded_csv,BTCDOM_INDEX_PROXY,False,True
2023-11-25 12:00:00+00:00,21.049,21.058,20.979,20.993,59.781,4h,uploaded_csv,BTCDOM_INDEX_PROXY,False,True
2023-11-25 16:00:00+00:00,20.992,21.042,20.954,21.006,40.428,4h,uploaded_csv,BTCDOM_INDEX_PROXY,False,True
2023-11-25 20:00:00+00:00,21.006,21.025,20.941,20.943,45.93,4h,uploaded_csv,BTCDOM_INDEX_PROXY,False,True
2023-11-26 00:00:00+00:00,20.942,21.035,20.937,20.993,65.201,4h,uploaded_csv,BTCDOM_INDEX_PROXY,False,True
2023-11-26 04:00:00+00:00,20.994,21.018,20.9,20.924,57.004,4h,uploaded_csv,BTCDOM_INDEX_PROXY,False,True
2023-11-26 08:00:00+00:00,20.924,20.961,20.881,20.917,70.779,4h,uploaded_csv,BTCDOM_INDEX_PROXY,False,True
2023-11-26 12:00:00+00:00,20.916,21.0,20.808,20.979,203.496,4h,uploaded_csv,BTCDOM_INDEX_PROXY,False,True
2023-11-26 16:00:00+00:00,20.979,21.191,20.97,21.029,222.593,4h,uploaded_csv,BTCDOM_INDEX_PROXY,False,True
2023-11-26 20:00:00+00:00,21.029,21.042,20.937,21.002,78.773,4h,uploaded_csv,BTCDOM_INDEX_PROXY,False,True
2023-11-27 00:00:00+00:00,21.002,21.143,20.943,21.091,139.584,4h,uploaded_csv,BTCDOM_INDEX_PROXY,False,True
2023-11-27 04:00:00+00:00,21.091,21.194,21.061,21.126,129.095,4h,uploaded_csv,BTCDOM_INDEX_PROXY,False,True
2023-11-27 08:00:00+00:00,21.127,21.297,21.12,21.206,233.857,4h,uploaded_csv,BTCDOM_INDEX_PROXY,False,True
2023-11-27 12:00:00+00:00,21.206,21.316,21.132,21.296,162.761,4h,uploaded_csv,BTCDOM_INDEX_PROXY,False,True
2023-11-27 16:00:00+00:00,21.295,21.461,21.261,21.391,318.691,4h,uploaded_csv,BTCDOM_INDEX_PROXY,False,True
2023-11-27 20:00:00+00:00,21.391,21.464,21.261,21.291,202.212,4h,uploaded_csv,BTCDOM_INDEX_PROXY,False,True
2023-11-28 00:00:00+00:00,21.298,21.343,21.241,21.243,140.978,4h,uploaded_csv,BTCDOM_INDEX_PROXY,False,True
2023-11-28 04:00:00+00:00,21.244,21.435,21.22,21.365,170.373,4h,uploaded_csv,BTCDOM_INDEX_PROXY,False,True
2023-11-28 08:00:00+00:00,21.366,21.399,21.275,21.303,182.827,4h,uploaded_csv,BTCDOM_INDEX_PROXY,False,True
2023-11-28 12:00:00+00:00,21.305,21.352,21.246,21.338,127.919,4h,uploaded_csv,BTCDOM_INDEX_PROXY,False,True
2023-11-28 16:00:00+00:00,21.337,21.49,21.308,21.416,303.352,4h,uploaded_csv,BTCDOM_INDEX_PROXY,False,True
2023-11-28 20:00:00+00:00,21.416,21.441,21.311,21.343,118.852,4h,uploaded_csv,BTCDOM_INDEX_PROXY,False,True
2023-11-29 00:00:00+00:00,21.342,21.457,21.315,21.364,175.8,4h,uploaded_csv,BTCDOM_INDEX_PROXY,False,True
2023-11-29 04:00:00+00:00,21.364,21.426,21.332,21.386,67.202,4h,uploaded_csv,BTCDOM_INDEX_PROXY,False,True
2023-11-29 08:00:00+00:00,21.386,21.441,21.324,21.425,149.172,4h,uploaded_csv,BTCDOM_INDEX_PROXY,False,True
2023-11-29 12:00:00+00:00,21.425,21.5,21.405,21.468,198.846,4h,uploaded_csv,BTCDOM_INDEX_PROXY,False,True
2023-11-29 16:00:00+00:00,21.468,21.52,21.398,21.411,101.304,4h,uploaded_csv,BTCDOM_INDEX_PROXY,False,True
2023-11-29 20:00:00+00:00,21.41,21.499,21.404,21.49,62.793,4h,uploaded_csv,BTCDOM_INDEX_PROXY,False,True
2023-11-30 00:00:00+00:00,21.49,21.513,21.446,21.48,91.337,4h,uploaded_csv,BTCDOM_INDEX_PROXY,False,True
2023-11-30 04:00:00+00:00,21.48,21.509,21.432,21.435,99.658,4h,uploaded_csv,BTCDOM_INDEX_PROXY,False,True
2023-11-30 08:00:00+00:00,21.435,21.493,21.361,21.363,87.165,4h,uploaded_csv,BTCDOM_INDEX_PROXY,False,True
2023-11-30 12:00:00+00:00,21.362,21.416,21.315,21.343,118.39,4h,uploaded_csv,BTCDOM_INDEX_PROXY,False,True
2023-11-30 16:00:00+00:00,21.342,21.372,21.327,21.337,39.661,4h,uploaded_csv,BTCDOM_INDEX_PROXY,False,True
2023-11-30 20:00:00+00:00,21.336,21.336,21.252,21.268,73.967,4h,uploaded_csv,BTCDOM_INDEX_PROXY,False,True
2023-12-01 00:00:00+00:00,21.267,21.311,21.076,21.121,203.3,4h,uploaded_csv,BTCDOM_INDEX_PROXY,False,True
2023-12-01 04:00:00+00:00,21.121,21.238,21.105,21.226,118.452,4h,uploaded_csv,BTCDOM_INDEX_PROXY,False,True
2023-12-01 08:00:00+00:00,21.225,21.412,21.212,21.374,140.112,4h,uploaded_csv,BTCDOM_INDEX_PROXY,False,True
2023-12-01 12:00:00+00:00,21.372,21.423,21.274,21.388,106.276,4h,uploaded_csv,BTCDOM_INDEX_PROXY,False,True
2023-12-01 16:00:00+00:00,21.388,21.511,21.383,21.476,168.294,4h,uploaded_csv,BTCDOM_INDEX_PROXY,False,True
2023-12-01 20:00:00+00:00,21.473,21.531,21.446,21.472,75.401,4h,uploaded_csv,BTCDOM_INDEX_PROXY,False,True
2023-12-02 00:00:00+00:00,21.472,21.483,21.379,21.441,83.571,4h,uploaded_csv,BTCDOM_INDEX_PROXY,False,True
2023-12-02 04:00:00+00:00,21.441,21.454,21.306,21.361,87.503,4h,uploaded_csv,BTCDOM_INDEX_PROXY,False,True
2023-12-02 08:00:00+00:00,21.361,21.362,21.307,21.352,94.57,4h,uploaded_csv,BTCDOM_INDEX_PROXY,False,True
2023-12-02 12:00:00+00:00,21.352,21.438,21.31,21.365,103.742,4h,uploaded_csv,BTCDOM_INDEX_PROXY,False,True
2023-12-02 16:00:00+00:00,21.364,21.388,21.033,21.274,463.877,4h,uploaded_csv,BTCDOM_INDEX_PROXY,False,True
2023-12-02 20:00:00+00:00,21.277,21.358,21.219,21.232,157.488,4h,uploaded_csv,BTCDOM_INDEX_PROXY,False,True
2023-12-03 00:00:00+00:00,21.234,21.256,21.14,21.229,103.186,4h,uploaded_csv,BTCDOM_INDEX_PROXY,False,True
2023-12-03 04:00:00+00:00,21.236,21.312,21.221,21.26,77.234,4h,uploaded_csv,BTCDOM_INDEX_PROXY,False,True
2023-12-03 08:00:00+00:00,21.259,21.324,21.215,21.299,77.386,4h,uploaded_csv,BTCDOM_INDEX_PROXY,False,True
2023-12-03 12:00:00+00:00,21.302,21.511,21.297,21.51,172.743,4h,uploaded_csv,BTCDOM_INDEX_PROXY,False,True
2023-12-03 16:00:00+00:00,21.511,21.549,21.361,21.371,103.339,4h,uploaded_csv,BTCDOM_INDEX_PROXY,False,True
2023-12-03 20:00:00+00:00,21.37,21.431,21.206,21.406,163.23,4h,uploaded_csv,BTCDOM_INDEX_PROXY,False,True
2023-12-04 00:00:00+00:00,21.406,21.58,21.371,21.566,216.417,4h,uploaded_csv,BTCDOM_INDEX_PROXY,False,True
2023-12-04 04:00:00+00:00,21.568,21.734,21.471,21.669,254.883,4h,uploaded_csv,BTCDOM_INDEX_PROXY,False,True
2023-12-04 08:00:00+00:00,21.669,22.33,21.608,21.958,738.722,4h,uploaded_csv,BTCDOM_INDEX_PROXY,False,True
2023-12-04 12:00:00+00:00,21.952,22.22,21.873,22.035,389.251,4h,uploaded_csv,BTCDOM_INDEX_PROXY,False,True
2023-12-04 16:00:00+00:00,22.034,22.252,22.011,22.205,190.928,4h,uploaded_csv,BTCDOM_INDEX_PROXY,False,True
2023-12-04 20:00:00+00:00,22.205,22.281,22.051,22.054,158.529,4h,uploaded_csv,BTCDOM_INDEX_PROXY,False,True
2023-12-05 00:00:00+00:00,22.056,22.154,21.92,22.139,152.621,4h,uploaded_csv,BTCDOM_INDEX_PROXY,False,True
2023-12-05 04:00:00+00:00,22.132,22.328,22.103,22.253,123.35,4h,uploaded_csv,BTCDOM_INDEX_PROXY,False,True
2023-12-05 08:00:00+00:00,22.253,22.374,22.229,22.318,174.537,4h,uploaded_csv,BTCDOM_INDEX_PROXY,False,True
2023-12-05 12:00:00+00:00,22.32,22.497,22.292,22.378,209.773,4h,uploaded_csv,BTCDOM_INDEX_PROXY,False,True
2023-12-05 16:00:00+00:00,22.372,22.938,22.36,22.792,728.748,4h,uploaded_csv,BTCDOM_INDEX_PROXY,False,True
2023-12-05 20:00:00+00:00,22.792,23.123,22.723,22.83,468.719,4h,uploaded_csv,BTCDOM_INDEX_PROXY,False,True
2023-12-06 00:00:00+00:00,22.83,22.836,22.631,22.661,225.51,4h,uploaded_csv,BTCDOM_INDEX_PROXY,False,True
2023-12-06 04:00:00+00:00,22.661,22.877,22.598,22.649,106.914,4h,uploaded_csv,BTCDOM_INDEX_PROXY,False,True
2023-12-06 08:00:00+00:00,22.654,22.9,22.504,22.863,335.151,4h,uploaded_csv,BTCDOM_INDEX_PROXY,False,True
2023-12-06 12:00:00+00:00,22.865,23.02,22.762,22.789,270.856,4h,uploaded_csv,BTCDOM_INDEX_PROXY,False,True
2023-12-06 16:00:00+00:00,22.795,22.81,22.682,22.754,187.747,4h,uploaded_csv,BTCDOM_INDEX_PROXY,False,True
2023-12-06 20:00:00+00:00,22.758,22.975,22.694,22.961,177.796,4h,uploaded_csv,BTCDOM_INDEX_PROXY,False,True
2023-12-07 00:00:00+00:00,22.962,22.975,22.866,22.876,132.766,4h,uploaded_csv,BTCDOM_INDEX_PROXY,False,True
2023-12-07 04:00:00+00:00,22.874,22.883,22.662,22.713,174.481,4h,uploaded_csv,BTCDOM_INDEX_PROXY,False,True
2023-12-07 08:00:00+00:00,22.713,22.808,22.64,22.651,295.513,4h,uploaded_csv,BTCDOM_INDEX_PROXY,False,True
2023-12-07 12:00:00+00:00,22.651,22.664,22.247,22.25,511.356,4h,uploaded_csv,BTCDOM_INDEX_PROXY,False,True
2023-12-07 16:00:00+00:00,22.249,22.283,21.905,22.004,633.713,4h,uploaded_csv,BTCDOM_INDEX_PROXY,False,True
2023-12-07 20:00:00+00:00,22.003,22.003,21.708,21.774,380.084,4h,uploaded_csv,BTCDOM_INDEX_PROXY,False,True
2023-12-08 00:00:00+00:00,21.773,21.828,21.585,21.609,445.773,4h,uploaded_csv,BTCDOM_INDEX_PROXY,False,True
2023-12-08 04:00:00+00:00,21.609,21.684,21.512,21.584,376.536,4h,uploaded_csv,BTCDOM_INDEX_PROXY,False,True
2023-12-08 08:00:00+00:00,21.583,21.65,21.515,21.608,386.787,4h,uploaded_csv,BTCDOM_INDEX_PROXY,False,True
2023-12-08 12:00:00+00:00,21.611,21.762,21.558,21.669,362.499,4h,uploaded_csv,BTCDOM_INDEX_PROXY,False,True
2023-12-08 16:00:00+00:00,21.67,21.717,21.585,21.681,188.845,4h,uploaded_csv,BTCDOM_INDEX_PROXY,False,True
2023-12-08 20:00:00+00:00,21.684,21.855,21.629,21.661,258.749,4h,uploaded_csv,BTCDOM_INDEX_PROXY,False,True
2023-12-09 00:00:00+00:00,21.66,21.677,21.515,21.519,230.984,4h,uploaded_csv,BTCDOM_INDEX_PROXY,False,True
2023-12-09 04:00:00+00:00,21.514,21.528,21.193,21.202,857.805,4h,uploaded_csv,BTCDOM_INDEX_PROXY,False,True
2023-12-09 08:00:00+00:00,21.202,21.398,21.053,21.26,601.603,4h,uploaded_csv,BTCDOM_INDEX_PROXY,False,True
2023-12-09 12:00:00+00:00,21.26,21.5,21.218,21.417,312.397,4h,uploaded_csv,BTCDOM_INDEX_PROXY,False,True
2023-12-09 16:00:00+00:00,21.418,21.662,21.389,21.481,355.703,4h,uploaded_csv,BTCDOM_INDEX_PROXY,False,True
2023-12-09 20:00:00+00:00,21.478,21.666,21.462,21.571,201.326,4h,uploaded_csv,BTCDOM_INDEX_PROXY,False,True
2023-12-10 00:00:00+00:00,21.575,21.585,21.233,21.471,318.424,4h,uploaded_csv,BTCDOM_INDEX_PROXY,False,True
2023-12-10 04:00:00+00:00,21.47,21.589,21.433,21.546,128.906,4h,uploaded_csv,BTCDOM_INDEX_PROXY,False,True
2023-12-10 08:00:00+00:00,21.546,21.758,21.528,21.634,232.126,4h,uploaded_csv,BTCDOM_INDEX_PROXY,False,True
2023-12-10 12:00:00+00:00,21.618,21.63,21.482,21.508,124.853,4h,uploaded_csv,BTCDOM_INDEX_PROXY,False,True
2023-12-10 16:00:00+00:00,21.503,21.591,21.418,21.422,114.768,4h,uploaded_csv,BTCDOM_INDEX_PROXY,False,True
2023-12-10 20:00:00+00:00,21.421,21.426,21.306,21.395,113.25,4h,uploaded_csv,BTCDOM_INDEX_PROXY,False,True
2023-12-11 00:00:00+00:00,21.395,23.219,21.075,21.65,2551.233,4h,uploaded_csv,BTCDOM_INDEX_PROXY,False,True
2023-12-11 04:00:00+00:00,21.641,21.795,21.5,21.781,334.467,4h,uploaded_csv,BTCDOM_INDEX_PROXY,False,True
2023-12-11 08:00:00+00:00,21.777,21.834,21.684,21.706,231.153,4h,uploaded_csv,BTCDOM_INDEX_PROXY,False,True
2023-12-11 12:00:00+00:00,21.706,21.774,21.568,21.66,168.379,4h,uploaded_csv,BTCDOM_INDEX_PROXY,False,True
2023-12-11 16:00:00+00:00,21.659,21.73,21.37,21.41,421.435,4h,uploaded_csv,BTCDOM_INDEX_PROXY,False,True
2023-12-11 20:00:00+00:00,21.41,21.413,21.276,21.304,177.502,4h,uploaded_csv,BTCDOM_INDEX_PROXY,False,True
2023-12-12 00:00:00+00:00,21.298,21.473,21.236,21.387,118.403,4h,uploaded_csv,BTCDOM_INDEX_PROXY,False,True
2023-12-12 04:00:00+00:00,21.391,21.455,21.331,21.412,89.464,4h,uploaded_csv,BTCDOM_INDEX_PROXY,False,True
2023-12-12 08:00:00+00:00,21.412,21.497,21.402,21.45,88.588,4h,uploaded_csv,BTCDOM_INDEX_PROXY,False,True
2023-12-12 12:00:00+00:00,21.448,21.51,21.321,21.452,185.941,4h,uploaded_csv,BTCDOM_INDEX_PROXY,False,True
2023-12-12 16:00:00+00:00,21.451,21.582,21.41,21.512,175.811,4h,uploaded_csv,BTCDOM_INDEX_PROXY,False,True
2023-12-12 20:00:00+00:00,21.51,21.6,21.457,21.464,152.419,4h,uploaded_csv,BTCDOM_INDEX_PROXY,False,True
2023-12-13 00:00:00+00:00,21.466,21.659,21.395,21.602,255.286,4h,uploaded_csv,BTCDOM_INDEX_PROXY,False,True
2023-12-13 04:00:00+00:00,21.61,21.847,21.585,21.715,215.666,4h,uploaded_csv,BTCDOM_INDEX_PROXY,False,True
2023-12-13 08:00:00+00:00,21.718,21.73,21.608,21.637,151.275,4h,uploaded_csv,BTCDOM_INDEX_PROXY,False,True
2023-12-13 12:00:00+00:00,21.638,21.666,21.546,21.623,196.498,4h,uploaded_csv,BTCDOM_INDEX_PROXY,False,True
2023-12-13 16:00:00+00:00,21.623,21.803,21.622,21.657,261.003,4h,uploaded_csv,BTCDOM_INDEX_PROXY,False,True
2023-12-13 20:00:00+00:00,21.663,21.751,21.631,21.647,211.512,4h,uploaded_csv,BTCDOM_INDEX_PROXY,False,True
2023-12-14 00:00:00+00:00,21.647,21.743,21.608,21.693,122.191,4h,uploaded_csv,BTCDOM_INDEX_PROXY,False,True
2023-12-14 04:00:00+00:00,21.693,21.745,21.549,21.565,115.025,4h,uploaded_csv,BTCDOM_INDEX_PROXY,False,True
2023-12-14 08:00:00+00:00,21.564,21.614,21.484,21.501,178.616,4h,uploaded_csv,BTCDOM_INDEX_PROXY,False,True
2023-12-14 12:00:00+00:00,21.504,21.574,21.37,21.441,445.58,4h,uploaded_csv,BTCDOM_INDEX_PROXY,False,True
2023-12-14 16:00:00+00:00,21.44,21.619,21.37,21.566,248.137,4h,uploaded_csv,BTCDOM_INDEX_PROXY,False,True
2023-12-14 20:00:00+00:00,21.569,21.58,21.257,21.308,240.982,4h,uploaded_csv,BTCDOM_INDEX_PROXY,False,True
2023-12-15 00:00:00+00:00,21.307,21.456,21.2,21.454,135.931,4h,uploaded_csv,BTCDOM_INDEX_PROXY,False,True
2023-12-15 04:00:00+00:00,21.453,21.54,21.421,21.505,96.789,4h,uploaded_csv,BTCDOM_INDEX_PROXY,False,True
2023-12-15 08:00:00+00:00,21.505,21.523,21.415,21.446,128.62,4h,uploaded_csv,BTCDOM_INDEX_PROXY,False,True
2023-12-15 12:00:00+00:00,21.447,21.597,21.32,21.408,272.24,4h,uploaded_csv,BTCDOM_INDEX_PROXY,False,True
2023-12-15 16:00:00+00:00,21.402,21.438,21.31,21.422,181.287,4h,uploaded_csv,BTCDOM_INDEX_PROXY,False,True
2023-12-15 20:00:00+00:00,21.425,21.776,21.403,21.66,281.246,4h,uploaded_csv,BTCDOM_INDEX_PROXY,False,True
2023-12-16 00:00:00+00:00,21.66,21.714,21.51,21.561,255.56,4h,uploaded_csv,BTCDOM_INDEX_PROXY,False,True
2023-12-16 04:00:00+00:00,21.559,21.575,21.484,21.528,67.917,4h,uploaded_csv,BTCDOM_INDEX_PROXY,False,True
2023-12-16 08:00:00+00:00,21.527,21.544,21.463,21.463,125.461,4h,uploaded_csv,BTCDOM_INDEX_PROXY,False,True
2023-12-16 12:00:00+00:00,21.464,21.566,21.452,21.536,112.934,4h,uploaded_csv,BTCDOM_INDEX_PROXY,False,True
2023-12-16 16:00:00+00:00,21.539,21.693,21.507,21.633,193.652,4h,uploaded_csv,BTCDOM_INDEX_PROXY,False,True
2023-12-16 20:00:00+00:00,21.628,21.685,21.575,21.615,88.382,4h,uploaded_csv,BTCDOM_INDEX_PROXY,False,True
2023-12-17 00:00:00+00:00,21.617,21.645,21.524,21.538,73.338,4h,uploaded_csv,BTCDOM_INDEX_PROXY,False,True
2023-12-17 04:00:00+00:00,21.538,21.715,21.516,21.698,97.575,4h,uploaded_csv,BTCDOM_INDEX_PROXY,False,True
2023-12-17 08:00:00+00:00,21.702,21.707,21.587,21.622,70.047,4h,uploaded_csv,BTCDOM_INDEX_PROXY,False,True
2023-12-17 12:00:00+00:00,21.624,21.72,21.529,21.529,175.574,4h,uploaded_csv,BTCDOM_INDEX_PROXY,False,True
2023-12-17 16:00:00+00:00,21.529,21.643,21.528,21.588,94.671,4h,uploaded_csv,BTCDOM_INDEX_PROXY,False,True
2023-12-17 20:00:00+00:00,21.587,21.677,21.484,21.602,90.926,4h,uploaded_csv,BTCDOM_INDEX_PROXY,False,True
2023-12-18 00:00:00+00:00,21.606,21.752,21.518,21.705,147.396,4h,uploaded_csv,BTCDOM_INDEX_PROXY,False,True
2023-12-18 04:00:00+00:00,21.706,21.864,21.688,21.842,191.648,4h,uploaded_csv,BTCDOM_INDEX_PROXY,False,True
2023-12-18 08:00:00+00:00,21.842,22.148,21.794,22.063,793.919,4h,uploaded_csv,BTCDOM_INDEX_PROXY,False,True
2023-12-18 12:00:00+00:00,22.062,22.111,21.955,21.971,383.267,4h,uploaded_csv,BTCDOM_INDEX_PROXY,False,True
2023-12-18 16:00:00+00:00,21.974,22.037,21.922,21.945,148.904,4h,uploaded_csv,BTCDOM_INDEX_PROXY,False,True
2023-12-18 20:00:00+00:00,21.944,22.063,21.941,21.979,232.032,4h,uploaded_csv,BTCDOM_INDEX_PROXY,False,True
2023-12-19 00:00:00+00:00,21.979,22.086,21.878,22.043,228.078,4h,uploaded_csv,BTCDOM_INDEX_PROXY,False,True
2023-12-19 04:00:00+00:00,22.039,22.051,21.89,21.943,150.739,4h,uploaded_csv,BTCDOM_INDEX_PROXY,False,True
2023-12-19 08:00:00+00:00,21.937,22.067,21.923,22.022,171.305,4h,uploaded_csv,BTCDOM_INDEX_PROXY,False,True
2023-12-19 12:00:00+00:00,22.022,22.166,21.975,22.128,239.712,4h,uploaded_csv,BTCDOM_INDEX_PROXY,False,True
2023-12-19 16:00:00+00:00,22.126,22.269,22.056,22.131,229.208,4h,uploaded_csv,BTCDOM_INDEX_PROXY,False,True
2023-12-19 20:00:00+00:00,22.14,22.213,22.086,22.122,78.247,4h,uploaded_csv,BTCDOM_INDEX_PROXY,False,True
2023-12-20 00:00:00+00:00,22.121,22.202,22.071,22.087,92.981,4h,uploaded_csv,BTCDOM_INDEX_PROXY,False,True
2023-12-20 04:00:00+00:00,22.089,22.153,22.003,22.061,108.474,4h,uploaded_csv,BTCDOM_INDEX_PROXY,False,True
2023-12-20 08:00:00+00:00,22.061,22.102,21.942,22.054,124.123,4h,uploaded_csv,BTCDOM_INDEX_PROXY,False,True
2023-12-20 12:00:00+00:00,22.052,22.361,22.001,22.256,344.815,4h,uploaded_csv,BTCDOM_INDEX_PROXY,False,True
2023-12-20 16:00:00+00:00,22.257,22.46,22.185,22.39,196.484,4h,uploaded_csv,BTCDOM_INDEX_PROXY,False,True
2023-12-20 20:00:00+00:00,22.391,22.593,22.367,22.377,252.573,4h,uploaded_csv,BTCDOM_INDEX_PROXY,False,True
2023-12-21 00:00:00+00:00,22.377,22.539,22.291,22.357,126.193,4h,uploaded_csv,BTCDOM_INDEX_PROXY,False,True
2023-12-21 04:00:00+00:00,22.362,22.376,22.217,22.233,77.076,4h,uploaded_csv,BTCDOM_INDEX_PROXY,False,True
2023-12-21 08:00:00+00:00,22.228,22.267,21.969,21.99,218.141,4h,uploaded_csv,BTCDOM_INDEX_PROXY,False,True
2023-12-21 12:00:00+00:00,21.99,22.122,21.881,22.072,262.963,4h,uploaded_csv,BTCDOM_INDEX_PROXY,False,True
2023-12-21 16:00:00+00:00,22.072,22.086,21.691,21.812,224.119,4h,uploaded_csv,BTCDOM_INDEX_PROXY,False,True
2023-12-21 20:00:00+00:00,21.813,21.862,21.74,21.748,126.024,4h,uploaded_csv,BTCDOM_INDEX_PROXY,False,True
2023-12-22 00:00:00+00:00,21.748,21.779,21.642,21.716,162.446,4h,uploaded_csv,BTCDOM_INDEX_PROXY,False,True
2023-12-22 04:00:00+00:00,21.716,21.747,21.523,21.555,344.882,4h,uploaded_csv,BTCDOM_INDEX_PROXY,False,True
2023-12-22 08:00:00+00:00,21.553,21.563,21.25,21.326,355.401,4h,uploaded_csv,BTCDOM_INDEX_PROXY,False,True
2023-12-22 12:00:00+00:00,21.326,21.424,21.157,21.22,329.247,4h,uploaded_csv,BTCDOM_INDEX_PROXY,False,True
2023-12-22 16:00:00+00:00,21.221,21.316,21.105,21.254,221.827,4h,uploaded_csv,BTCDOM_INDEX_PROXY,False,True
2023-12-22 20:00:00+00:00,21.255,21.297,21.177,21.262,116.136,4h,uploaded_csv,BTCDOM_INDEX_PROXY,False,True
2023-12-23 00:00:00+00:00,21.268,21.621,21.22,21.578,293.205,4h,uploaded_csv,BTCDOM_INDEX_PROXY,False,True
2023-12-23 04:00:00+00:00,21.578,21.607,21.434,21.49,129.375,4h,uploaded_csv,BTCDOM_INDEX_PROXY,False,True
2023-12-23 08:00:00+00:00,21.49,21.522,21.42,21.44,198.568,4h,uploaded_csv,BTCDOM_INDEX_PROXY,False,True
2023-12-23 12:00:00+00:00,21.44,21.555,21.403,21.477,207.005,4h,uploaded_csv,BTCDOM_INDEX_PROXY,False,True
2023-12-23 16:00:00+00:00,21.48,21.492,21.263,21.325,162.607,4h,uploaded_csv,BTCDOM_INDEX_PROXY,False,True
2023-12-23 20:00:00+00:00,21.327,21.382,21.044,21.108,145.383,4h,uploaded_csv,BTCDOM_INDEX_PROXY,False,True
2023-12-24 00:00:00+00:00,21.112,21.243,20.957,20.999,328.283,4h,uploaded_csv,BTCDOM_INDEX_PROXY,False,True
2023-12-24 04:00:00+00:00,21.002,21.215,20.957,21.097,292.97,4h,uploaded_csv,BTCDOM_INDEX_PROXY,False,True
2023-12-24 08:00:00+00:00,21.097,21.243,21.051,21.128,201.244,4h,uploaded_csv,BTCDOM_INDEX_PROXY,False,True
2023-12-24 12:00:00+00:00,21.123,21.167,21.057,21.067,155.588,4h,uploaded_csv,BTCDOM_INDEX_PROXY,False,True
2023-12-24 16:00:00+00:00,21.067,21.09,20.999,21.021,131.342,4h,uploaded_csv,BTCDOM_INDEX_PROXY,False,True
2023-12-24 20:00:00+00:00,21.021,21.167,20.988,21.042,328.829,4h,uploaded_csv,BTCDOM_INDEX_PROXY,False,True
2023-12-25 00:00:00+00:00,21.042,21.122,20.976,21.006,209.555,4h,uploaded_csv,BTCDOM_INDEX_PROXY,False,True
2023-12-25 04:00:00+00:00,21.002,21.021,20.927,20.963,95.437,4h,uploaded_csv,BTCDOM_INDEX_PROXY,False,True
2023-12-25 08:00:00+00:00,20.962,21.03,20.897,20.918,156.852,4h,uploaded_csv,BTCDOM_INDEX_PROXY,False,True
2023-12-25 12:00:00+00:00,20.919,21.069,20.88,20.923,237.225,4h,uploaded_csv,BTCDOM_INDEX_PROXY,False,True
2023-12-25 16:00:00+00:00,20.919,21.041,20.849,20.925,222.687,4h,uploaded_csv,BTCDOM_INDEX_PROXY,False,True
2023-12-25 20:00:00+00:00,20.926,21.061,20.915,20.962,152.43,4h,uploaded_csv,BTCDOM_INDEX_PROXY,False,True
2023-12-26 00:00:00+00:00,20.962,21.0,20.88,20.916,114.128,4h,uploaded_csv,BTCDOM_INDEX_PROXY,False,True
2023-12-26 04:00:00+00:00,20.918,21.09,20.822,20.933,314.695,4h,uploaded_csv,BTCDOM_INDEX_PROXY,False,True
2023-12-26 08:00:00+00:00,20.94,20.963,20.708,20.712,492.811,4h,uploaded_csv,BTCDOM_INDEX_PROXY,False,True
2023-12-26 12:00:00+00:00,20.712,20.744,20.567,20.696,421.236,4h,uploaded_csv,BTCDOM_INDEX_PROXY,False,True
2023-12-26 16:00:00+00:00,20.687,21.07,20.592,20.773,581.077,4h,uploaded_csv,BTCDOM_INDEX_PROXY,False,True
2023-12-26 20:00:00+00:00,20.773,20.773,20.651,20.66,207.2,4h,uploaded_csv,BTCDOM_INDEX_PROXY,False,True
2023-12-27 00:00:00+00:00,20.656,20.857,20.655,20.811,239.764,4h,uploaded_csv,BTCDOM_INDEX_PROXY,False,True
2023-12-27 04:00:00+00:00,20.816,20.818,20.709,20.728,100.612,4h,uploaded_csv,BTCDOM_INDEX_PROXY,False,True
2023-12-27 08:00:00+00:00,20.723,20.743,20.476,20.49,494.951,4h,uploaded_csv,BTCDOM_INDEX_PROXY,False,True
2023-12-27 12:00:00+00:00,20.49,20.511,20.106,20.181,519.506,4h,uploaded_csv,BTCDOM_INDEX_PROXY,False,True
2023-12-27 16:00:00+00:00,20.189,20.205,20.044,20.173,432.011,4h,uploaded_csv,BTCDOM_INDEX_PROXY,False,True
2023-12-27 20:00:00+00:00,20.173,20.31,20.061,20.123,306.86,4h,uploaded_csv,BTCDOM_INDEX_PROXY,False,True
2023-12-28 00:00:00+00:00,20.119,20.135,19.78,19.895,820.843,4h,uploaded_csv,BTCDOM_INDEX_PROXY,False,True
2023-12-28 04:00:00+00:00,19.893,19.994,19.839,19.878,571.411,4h,uploaded_csv,BTCDOM_INDEX_PROXY,False,True
2023-12-28 08:00:00+00:00,19.886,19.901,19.706,19.733,394.622,4h,uploaded_csv,BTCDOM_INDEX_PROXY,False,True
2023-12-28 12:00:00+00:00,19.733,20.057,19.701,19.886,819.837,4h,uploaded_csv,BTCDOM_INDEX_PROXY,False,True
2023-12-28 16:00:00+00:00,19.886,19.947,19.792,19.855,256.733,4h,uploaded_csv,BTCDOM_INDEX_PROXY,False,True
2023-12-28 20:00:00+00:00,19.856,20.078,19.855,20.021,212.779,4h,uploaded_csv,BTCDOM_INDEX_PROXY,False,True
2023-12-29 00:00:00+00:00,20.022,20.134,19.964,20.013,421.446,4h,uploaded_csv,BTCDOM_INDEX_PROXY,False,True
2023-12-29 04:00:00+00:00,20.021,20.048,19.835,20.029,238.904,4h,uploaded_csv,BTCDOM_INDEX_PROXY,False,True
2023-12-29 08:00:00+00:00,20.021,20.025,19.871,19.961,172.095,4h,uploaded_csv,BTCDOM_INDEX_PROXY,False,True
2023-12-29 12:00:00+00:00,19.968,20.081,19.908,20.026,253.405,4h,uploaded_csv,BTCDOM_INDEX_PROXY,False,True
2023-12-29 16:00:00+00:00,20.022,20.173,19.97,19.987,408.262,4h,uploaded_csv,BTCDOM_INDEX_PROXY,False,True
2023-12-29 20:00:00+00:00,19.99,20.196,19.986,20.09,221.473,4h,uploaded_csv,BTCDOM_INDEX_PROXY,False,True
2023-12-30 00:00:00+00:00,20.089,20.116,19.986,20.069,130.693,4h,uploaded_csv,BTCDOM_INDEX_PROXY,False,True
2023-12-30 04:00:00+00:00,20.075,20.075,19.976,20.025,95.566,4h,uploaded_csv,BTCDOM_INDEX_PROXY,False,True
2023-12-30 08:00:00+00:00,20.023,20.152,20.016,20.106,177.38,4h,uploaded_csv,BTCDOM_INDEX_PROXY,False,True
2023-12-30 12:00:00+00:00,20.107,20.172,20.067,20.088,128.345,4h,uploaded_csv,BTCDOM_INDEX_PROXY,False,True
2023-12-30 16:00:00+00:00,20.089,20.218,20.088,20.2,120.135,4h,uploaded_csv,BTCDOM_INDEX_PROXY,False,True
2023-12-30 20:00:00+00:00,20.2,20.282,20.137,20.194,79.256,4h,uploaded_csv,BTCDOM_INDEX_PROXY,False,True
2023-12-31 00:00:00+00:00,20.189,20.297,20.18,20.282,88.969,4h,uploaded_csv,BTCDOM_INDEX_PROXY,False,True
2023-12-31 04:00:00+00:00,20.282,20.283,20.188,20.225,96.287,4h,uploaded_csv,BTCDOM_INDEX_PROXY,False,True
2023-12-31 08:00:00+00:00,20.224,20.321,20.134,20.182,131.44,4h,uploaded_csv,BTCDOM_INDEX_PROXY,False,True
2023-12-31 12:00:00+00:00,20.182,20.268,20.115,20.242,97.643,4h,uploaded_csv,BTCDOM_INDEX_PROXY,False,True
2023-12-31 16:00:00+00:00,20.243,20.322,20.194,20.293,184.177,4h,uploaded_csv,BTCDOM_INDEX_PROXY,False,True
2023-12-31 20:00:00+00:00,20.291,20.529,20.282,20.343,395.751,4h,uploaded_csv,BTCDOM_INDEX_PROXY,False,True
2024-01-01 00:00:00+00:00,20.343,20.491,20.309,20.431,427.288,4h,uploaded_csv,BTCDOM_INDEX_PROXY,False,True
2024-01-01 04:00:00+00:00,20.437,20.495,20.318,20.384,328.076,4h,uploaded_csv,BTCDOM_INDEX_PROXY,False,True
2024-01-01 08:00:00+00:00,20.393,20.425,20.318,20.352,117.564,4h,uploaded_csv,BTCDOM_INDEX_PROXY,False,True
2024-01-01 12:00:00+00:00,20.353,20.378,20.233,20.244,96.84,4h,uploaded_csv,BTCDOM_INDEX_PROXY,False,True
2024-01-01 16:00:00+00:00,20.244,20.374,20.219,20.361,109.46,4h,uploaded_csv,BTCDOM_INDEX_PROXY,False,True
2024-01-01 20:00:00+00:00,20.364,20.602,20.361,20.573,195.3,4h,uploaded_csv,BTCDOM_INDEX_PROXY,False,True
2024-01-02 00:00:00+00:00,20.575,20.968,20.564,20.874,543.143,4h,uploaded_csv,BTCDOM_INDEX_PROXY,False,True
2024-01-02 04:00:00+00:00,20.877,20.98,20.75,20.883,238.055,4h,uploaded_csv,BTCDOM_INDEX_PROXY,False,True
2024-01-02 08:00:00+00:00,20.885,20.955,20.734,20.842,220.556,4h,uploaded_csv,BTCDOM_INDEX_PROXY,False,True
2024-01-02 12:00:00+00:00,20.847,21.134,20.789,21.122,379.189,4h,uploaded_csv,BTCDOM_INDEX_PROXY,False,True
2024-01-02 16:00:00+00:00,21.122,21.2,20.975,21.01,204.317,4h,uploaded_csv,BTCDOM_INDEX_PROXY,False,True
2024-01-02 20:00:00+00:00,21.01,21.103,20.952,21.085,174.029,4h,uploaded_csv,BTCDOM_INDEX_PROXY,False,True
2024-01-03 00:00:00+00:00,21.089,21.141,21.019,21.111,158.389,4h,uploaded_csv,BTCDOM_INDEX_PROXY,False,True
2024-01-03 04:00:00+00:00,21.113,21.116,20.911,20.946,128.773,4h,uploaded_csv,BTCDOM_INDEX_PROXY,False,True
2024-01-03 08:00:00+00:00,20.948,20.982,20.745,20.82,268.292,4h,uploaded_csv,BTCDOM_INDEX_PROXY,False,True
2024-01-03 12:00:00+00:00,20.82,22.28,20.674,21.26,2810.746,4h,uploaded_csv,BTCDOM_INDEX_PROXY,False,True
2024-01-03 16:00:00+00:00,21.251,21.507,21.218,21.394,918.99,4h,uploaded_csv,BTCDOM_INDEX_PROXY,False,True
2024-01-03 20:00:00+00:00,21.396,21.448,21.233,21.417,382.742,4h,uploaded_csv,BTCDOM_INDEX_PROXY,False,True
2024-01-04 00:00:00+00:00,21.42,21.513,21.348,21.359,405.576,4h,uploaded_csv,BTCDOM_INDEX_PROXY,False,True
2024-01-04 04:00:00+00:00,21.359,21.36,21.166,21.314,290.429,4h,uploaded_csv,BTCDOM_INDEX_PROXY,False,True
2024-01-04 08:00:00+00:00,21.312,21.489,21.294,21.465,358.052,4h,uploaded_csv,BTCDOM_INDEX_PROXY,False,True
2024-01-04 12:00:00+00:00,21.464,21.603,21.277,21.417,405.756,4h,uploaded_csv,BTCDOM_INDEX_PROXY,False,True
2024-01-04 16:00:00+00:00,21.418,21.504,21.384,21.399,152.898,4h,uploaded_csv,BTCDOM_INDEX_PROXY,False,True
2024-01-04 20:00:00+00:00,21.398,21.662,21.336,21.526,363.19,4h,uploaded_csv,BTCDOM_INDEX_PROXY,False,True
2024-01-05 00:00:00+00:00,21.523,21.661,21.254,21.534,459.255,4h,uploaded_csv,BTCDOM_INDEX_PROXY,False,True
2024-01-05 04:00:00+00:00,21.538,21.662,21.464,21.64,252.565,4h,uploaded_csv,BTCDOM_INDEX_PROXY,False,True
2024-01-05 08:00:00+00:00,21.636,21.82,21.613,21.789,206.342,4h,uploaded_csv,BTCDOM_INDEX_PROXY,False,True
2024-01-05 12:00:00+00:00,21.79,21.988,21.761,21.899,549.494,4h,uploaded_csv,BTCDOM_INDEX_PROXY,False,True
2024-01-05 16:00:00+00:00,21.903,22.001,21.815,21.883,440.632,4h,uploaded_csv,BTCDOM_INDEX_PROXY,False,True
2024-01-05 20:00:00+00:00,21.886,22.01,21.808,21.853,345.425,4h,uploaded_csv,BTCDOM_INDEX_PROXY,False,True
2024-01-06 00:00:00+00:00,21.848,22.0,21.843,21.93,199.829,4h,uploaded_csv,BTCDOM_INDEX_PROXY,False,True
2024-01-06 04:00:00+00:00,21.935,22.414,21.919,22.167,977.942,4h,uploaded_csv,BTCDOM_INDEX_PROXY,False,True
2024-01-06 08:00:00+00:00,22.166,22.208,21.996,22.093,348.678,4h,uploaded_csv,BTCDOM_INDEX_PROXY,False,True
2024-01-06 12:00:00+00:00,22.097,22.19,22.036,22.067,432.748,4h,uploaded_csv,BTCDOM_INDEX_PROXY,False,True
2024-01-06 16:00:00+00:00,22.066,22.196,22.055,22.159,188.965,4h,uploaded_csv,BTCDOM_INDEX_PROXY,False,True
2024-01-06 20:00:00+00:00,22.16,22.325,22.13,22.259,177.954,4h,uploaded_csv,BTCDOM_INDEX_PROXY,False,True
2024-01-07 00:00:00+00:00,22.259,22.322,22.148,22.236,266.241,4h,uploaded_csv,BTCDOM_INDEX_PROXY,False,True
2024-01-07 04:00:00+00:00,22.235,22.239,22.105,22.15,187.912,4h,uploaded_csv,BTCDOM_INDEX_PROXY,False,True
2024-01-07 08:00:00+00:00,22.147,22.343,22.141,22.301,345.757,4h,uploaded_csv,BTCDOM_INDEX_PROXY,False,True
2024-01-07 12:00:00+00:00,22.301,22.421,22.261,22.355,302.386,4h,uploaded_csv,BTCDOM_INDEX_PROXY,False,True
2024-01-07 16:00:00+00:00,22.356,22.481,22.31,22.376,292.635,4h,uploaded_csv,BTCDOM_INDEX_PROXY,False,True
2024-01-07 20:00:00+00:00,22.377,22.792,22.348,22.657,857.58,4h,uploaded_csv,BTCDOM_INDEX_PROXY,False,True
2024-01-08 00:00:00+00:00,22.658,23.073,22.462,22.894,1921.856,4h,uploaded_csv,BTCDOM_INDEX_PROXY,False,True
2024-01-08 04:00:00+00:00,22.894,22.925,22.643,22.68,878.49,4h,uploaded_csv,BTCDOM_INDEX_PROXY,False,True
2024-01-08 08:00:00+00:00,22.679,22.828,22.577,22.795,545.406,4h,uploaded_csv,BTCDOM_INDEX_PROXY,False,True
2024-01-08 12:00:00+00:00,22.792,22.884,22.602,22.653,1196.873,4h,uploaded_csv,BTCDOM_INDEX_PROXY,False,True
2024-01-08 16:00:00+00:00,22.653,23.06,22.63,22.829,1238.265,4h,uploaded_csv,BTCDOM_INDEX_PROXY,False,True
2024-01-08 20:00:00+00:00,22.832,23.072,22.81,22.981,343.64,4h,uploaded_csv,BTCDOM_INDEX_PROXY,False,True
2024-01-09 00:00:00+00:00,22.988,23.209,22.979,23.185,480.238,4h,uploaded_csv,BTCDOM_INDEX_PROXY,False,True
2024-01-09 04:00:00+00:00,23.185,23.194,22.909,23.047,345.142,4h,uploaded_csv,BTCDOM_INDEX_PROXY,False,True
2024-01-09 08:00:00+00:00,23.047,23.223,22.884,23.087,586.776,4h,uploaded_csv,BTCDOM_INDEX_PROXY,False,True
2024-01-09 12:00:00+00:00,23.087,23.645,22.88,23.628,1938.496,4h,uploaded_csv,BTCDOM_INDEX_PROXY,False,True
2024-01-09 16:00:00+00:00,23.622,23.721,23.319,23.524,1223.781,4h,uploaded_csv,BTCDOM_INDEX_PROXY,False,True
2024-01-09 20:00:00+00:00,23.524,23.8,22.442,22.729,3173.533,4h,uploaded_csv,BTCDOM_INDEX_PROXY,False,True
2024-01-10 00:00:00+00:00,22.729,22.759,22.319,22.631,838.695,4h,uploaded_csv,BTCDOM_INDEX_PROXY,False,True
2024-01-10 04:00:00+00:00,22.635,22.673,22.409,22.516,329.063,4h,uploaded_csv,BTCDOM_INDEX_PROXY,False,True
2024-01-10 08:00:00+00:00,22.516,22.575,21.993,22.178,755.552,4h,uploaded_csv,BTCDOM_INDEX_PROXY,False,True
2024-01-10 12:00:00+00:00,22.178,22.402,21.952,22.081,899.998,4h,uploaded_csv,BTCDOM_INDEX_PROXY,False,True
2024-01-10 16:00:00+00:00,22.082,22.534,21.987,22.231,648.467,4h,uploaded_csv,BTCDOM_INDEX_PROXY,False,True
2024-01-10 20:00:00+00:00,22.228,22.291,21.24,21.324,2260.086,4h,uploaded_csv,BTCDOM_INDEX_PROXY,False,True
2024-01-11 00:00:00+00:00,21.324,21.386,21.07,21.072,843.903,4h,uploaded_csv,BTCDOM_INDEX_PROXY,False,True
2024-01-11 04:00:00+00:00,21.076,21.161,20.972,21.078,623.066,4h,uploaded_csv,BTCDOM_INDEX_PROXY,False,True
2024-01-11 08:00:00+00:00,21.074,21.094,20.831,20.894,961.23,4h,uploaded_csv,BTCDOM_INDEX_PROXY,False,True
2024-01-11 12:00:00+00:00,20.895,21.687,20.884,21.152,2224.276,4h,uploaded_csv,BTCDOM_INDEX_PROXY,False,True
2024-01-11 16:00:00+00:00,21.17,21.201,20.083,21.068,2939.987,4h,uploaded_csv,BTCDOM_INDEX_PROXY,False,True
2024-01-11 20:00:00+00:00,21.068,21.135,20.944,20.978,783.97,4h,uploaded_csv,BTCDOM_INDEX_PROXY,False,True
2024-01-12 00:00:00+00:00,20.978,21.093,20.883,20.98,477.866,4h,uploaded_csv,BTCDOM_INDEX_PROXY,False,True
2024-01-12 04:00:00+00:00,20.976,20.984,20.795,20.937,281.403,4h,uploaded_csv,BTCDOM_INDEX_PROXY,False,True
2024-01-12 08:00:00+00:00,20.93,20.949,20.637,20.648,315.428,4h,uploaded_csv,BTCDOM_INDEX_PROXY,False,True
2024-01-12 12:00:00+00:00,20.648,20.652,20.021,20.176,1126.427,4h,uploaded_csv,BTCDOM_INDEX_PROXY,False,True
2024-01-12 16:00:00+00:00,20.176,20.32,19.68,20.115,1639.33,4h,uploaded_csv,BTCDOM_INDEX_PROXY,False,True
2024-01-12 20:00:00+00:00,20.115,20.57,20.021,20.223,1295.156,4h,uploaded_csv,BTCDOM_INDEX_PROXY,False,True
2024-01-13 00:00:00+00:00,20.22,20.423,20.0,20.056,519.616,4h,uploaded_csv,BTCDOM_INDEX_PROXY,False,True
2024-01-13 04:00:00+00:00,20.059,20.214,20.053,20.167,255.495,4h,uploaded_csv,BTCDOM_INDEX_PROXY,False,True
2024-01-13 08:00:00+00:00,20.166,20.232,20.0,20.034,438.882,4h,uploaded_csv,BTCDOM_INDEX_PROXY,False,True
2024-01-13 12:00:00+00:00,20.039,20.18,19.961,20.119,374.961,4h,uploaded_csv,BTCDOM_INDEX_PROXY,False,True
2024-01-13 16:00:00+00:00,20.122,20.149,19.88,19.89,281.971,4h,uploaded_csv,BTCDOM_INDEX_PROXY,False,True
2024-01-13 20:00:00+00:00,19.888,19.98,19.805,19.835,358.082,4h,uploaded_csv,BTCDOM_INDEX_PROXY,False,True
2024-01-14 00:00:00+00:00,19.832,19.914,19.831,19.885,307.937,4h,uploaded_csv,BTCDOM_INDEX_PROXY,False,True
2024-01-14 04:00:00+00:00,19.885,20.028,19.862,19.992,326.105,4h,uploaded_csv,BTCDOM_INDEX_PROXY,False,True
2024-01-14 08:00:00+00:00,19.991,20.021,19.915,20.01,234.443,4h,uploaded_csv,BTCDOM_INDEX_PROXY,False,True
2024-01-14 12:00:00+00:00,20.004,20.06,19.936,19.981,310.67,4h,uploaded_csv,BTCDOM_INDEX_PROXY,False,True
2024-01-14 16:00:00+00:00,19.986,20.175,19.931,20.158,255.699,4h,uploaded_csv,BTCDOM_INDEX_PROXY,False,True
2024-01-14 20:00:00+00:00,20.163,20.198,19.836,19.969,605.505,4h,uploaded_csv,BTCDOM_INDEX_PROXY,False,True
2024-01-15 00:00:00+00:00,19.97,20.046,19.919,20.038,256.284,4h,uploaded_csv,BTCDOM_INDEX_PROXY,False,True
2024-01-15 04:00:00+00:00,20.038,20.053,19.951,20.047,217.504,4h,uploaded_csv,BTCDOM_INDEX_PROXY,False,True
2024-01-15 08:00:00+00:00,20.045,20.1,19.837,19.895,258.355,4h,uploaded_csv,BTCDOM_INDEX_PROXY,False,True
2024-01-15 12:00:00+00:00,19.896,19.976,19.769,19.942,328.752,4h,uploaded_csv,BTCDOM_INDEX_PROXY,False,True
2024-01-15 16:00:00+00:00,19.942,20.096,19.922,20.026,232.103,4h,uploaded_csv,BTCDOM_INDEX_PROXY,False,True
2024-01-15 20:00:00+00:00,20.026,20.087,19.965,19.999,190.481,4h,uploaded_csv,BTCDOM_INDEX_PROXY,False,True
2024-01-16 00:00:00+00:00,19.999,20.067,19.962,20.013,158.082,4h,uploaded_csv,BTCDOM_INDEX_PROXY,False,True
2024-01-16 04:00:00+00:00,20.011,20.038,19.954,20.009,119.147,4h,uploaded_csv,BTCDOM_INDEX_PROXY,False,True
2024-01-16 08:00:00+00:00,20.005,20.06,19.972,20.046,170.061,4h,uploaded_csv,BTCDOM_INDEX_PROXY,False,True
2024-01-16 12:00:00+00:00,20.045,20.082,19.935,20.051,425.362,4h,uploaded_csv,BTCDOM_INDEX_PROXY,False,True
2024-01-16 16:00:00+00:00,20.051,20.089,19.946,19.968,166.893,4h,uploaded_csv,BTCDOM_INDEX_PROXY,False,True
2024-01-16 20:00:00+00:00,19.966,19.996,19.848,19.91,171.272,4h,uploaded_csv,BTCDOM_INDEX_PROXY,False,True
2024-01-17 00:00:00+00:00,19.911,19.935,19.788,19.812,193.251,4h,uploaded_csv,BTCDOM_INDEX_PROXY,False,True
2024-01-17 04:00:00+00:00,19.811,19.905,19.796,19.894,339.099,4h,uploaded_csv,BTCDOM_INDEX_PROXY,False,True
2024-01-17 08:00:00+00:00,19.894,20.024,19.812,19.854,264.057,4h,uploaded_csv,BTCDOM_INDEX_PROXY,False,True
2024-01-17 12:00:00+00:00,19.85,19.895,19.739,19.843,221.197,4h,uploaded_csv,BTCDOM_INDEX_PROXY,False,True
2024-01-17 16:00:00+00:00,19.842,19.962,19.8,19.924,210.739,4h,uploaded_csv,BTCDOM_INDEX_PROXY,False,True
2024-01-17 20:00:00+00:00,19.922,20.037,19.89,19.997,184.232,4h,uploaded_csv,BTCDOM_INDEX_PROXY,False,True
2024-01-18 00:00:00+00:00,19.997,20.088,19.921,19.971,190.576,4h,uploaded_csv,BTCDOM_INDEX_PROXY,False,True
2024-01-18 04:00:00+00:00,19.971,20.055,19.949,20.019,166.061,4h,uploaded_csv,BTCDOM_INDEX_PROXY,False,True
2024-01-18 08:00:00+00:00,20.021,20.039,19.925,20.012,146.718,4h,uploaded_csv,BTCDOM_INDEX_PROXY,False,True
2024-01-18 12:00:00+00:00,20.014,20.093,19.994,20.039,262.263,4h,uploaded_csv,BTCDOM_INDEX_PROXY,False,True
2024-01-18 16:00:00+00:00,20.04,20.118,19.913,20.005,422.082,4h,uploaded_csv,BTCDOM_INDEX_PROXY,False,True
2024-01-18 20:00:00+00:00,19.999,19.999,19.834,19.904,389.868,4h,uploaded_csv,BTCDOM_INDEX_PROXY,False,True
2024-01-19 00:00:00+00:00,19.905,20.014,19.892,19.91,224.712,4h,uploaded_csv,BTCDOM_INDEX_PROXY,False,True
2024-01-19 04:00:00+00:00,19.911,19.999,19.892,19.938,297.374,4h,uploaded_csv,BTCDOM_INDEX_PROXY,False,True
2024-01-19 08:00:00+00:00,19.938,19.949,19.819,19.881,236.052,4h,uploaded_csv,BTCDOM_INDEX_PROXY,False,True
2024-01-19 12:00:00+00:00,19.88,19.904,19.74,19.887,263.659,4h,uploaded_csv,BTCDOM_INDEX_PROXY,False,True
2024-01-19 16:00:00+00:00,19.888,20.106,19.859,20.041,570.514,4h,uploaded_csv,BTCDOM_INDEX_PROXY,False,True
2024-01-19 20:00:00+00:00,20.041,20.142,19.913,19.932,218.015,4h,uploaded_csv,BTCDOM_INDEX_PROXY,False,True
2024-01-20 00:00:00+00:00,19.937,20.015,19.88,19.974,160.822,4h,uploaded_csv,BTCDOM_INDEX_PROXY,False,True
2024-01-20 04:00:00+00:00,19.975,20.007,19.948,19.991,100.287,4h,uploaded_csv,BTCDOM_INDEX_PROXY,False,True
2024-01-20 08:00:00+00:00,19.991,20.04,19.964,19.994,91.372,4h,uploaded_csv,BTCDOM_INDEX_PROXY,False,True
2024-01-20 12:00:00+00:00,19.994,20.08,19.981,20.073,145.412,4h,uploaded_csv,BTCDOM_INDEX_PROXY,False,True
2024-01-20 16:00:00+00:00,20.074,20.106,20.036,20.079,143.82,4h,uploaded_csv,BTCDOM_INDEX_PROXY,False,True
2024-01-20 20:00:00+00:00,20.079,20.091,19.966,19.97,101.209,4h,uploaded_csv,BTCDOM_INDEX_PROXY,False,True
2024-01-21 00:00:00+00:00,19.969,20.017,19.903,19.946,107.012,4h,uploaded_csv,BTCDOM_INDEX_PROXY,False,True
2024-01-21 04:00:00+00:00,19.945,19.988,19.934,19.949,48.374,4h,uploaded_csv,BTCDOM_INDEX_PROXY,False,True
2024-01-21 08:00:00+00:00,19.949,19.979,19.941,19.966,42.994,4h,uploaded_csv,BTCDOM_INDEX_PROXY,False,True
2024-01-21 12:00:00+00:00,19.965,20.014,19.952,19.985,73.078,4h,uploaded_csv,BTCDOM_INDEX_PROXY,False,True
2024-01-21 16:00:00+00:00,19.985,20.01,19.941,19.978,73.048,4h,uploaded_csv,BTCDOM_INDEX_PROXY,False,True
2024-01-21 20:00:00+00:00,19.977,20.108,19.971,20.098,94.181,4h,uploaded_csv,BTCDOM_INDEX_PROXY,False,True
2024-01-22 00:00:00+00:00,20.098,20.175,20.057,20.081,261.934,4h,uploaded_csv,BTCDOM_INDEX_PROXY,False,True
2024-01-22 04:00:00+00:00,20.082,20.127,20.009,20.105,129.423,4h,uploaded_csv,BTCDOM_INDEX_PROXY,False,True
2024-01-22 08:00:00+00:00,20.107,20.325,20.078,20.292,699.179,4h,uploaded_csv,BTCDOM_INDEX_PROXY,False,True
2024-01-22 12:00:00+00:00,20.297,20.39,20.261,20.312,641.251,4h,uploaded_csv,BTCDOM_INDEX_PROXY,False,True
2024-01-22 16:00:00+00:00,20.311,20.361,20.127,20.301,463.953,4h,uploaded_csv,BTCDOM_INDEX_PROXY,False,True
2024-01-22 20:00:00+00:00,20.292,20.356,20.21,20.216,227.737,4h,uploaded_csv,BTCDOM_INDEX_PROXY,False,True
2024-01-23 00:00:00+00:00,20.218,20.279,20.155,20.201,199.616,4h,uploaded_csv,BTCDOM_INDEX_PROXY,False,True
2024-01-23 04:00:00+00:00,20.207,20.331,20.171,20.321,139.062,4h,uploaded_csv,BTCDOM_INDEX_PROXY,False,True
2024-01-23 08:00:00+00:00,20.321,20.788,20.305,20.676,1306.143,4h,uploaded_csv,BTCDOM_INDEX_PROXY,False,True
2024-01-23 12:00:00+00:00,20.679,21.0,20.648,20.772,1146.383,4h,uploaded_csv,BTCDOM_INDEX_PROXY,False,True
2024-01-23 16:00:00+00:00,20.769,21.0,20.746,20.998,528.05,4h,uploaded_csv,BTCDOM_INDEX_PROXY,False,True
2024-01-23 20:00:00+00:00,20.997,21.033,20.769,20.865,434.775,4h,uploaded_csv,BTCDOM_INDEX_PROXY,False,True
2024-01-24 00:00:00+00:00,20.865,21.012,20.862,20.94,388.976,4h,uploaded_csv,BTCDOM_INDEX_PROXY,False,True
2024-01-24 04:00:00+00:00,20.938,21.009,20.897,20.954,205.91,4h,uploaded_csv,BTCDOM_INDEX_PROXY,False,True
2024-01-24 08:00:00+00:00,20.954,20.954,20.866,20.935,255.384,4h,uploaded_csv,BTCDOM_INDEX_PROXY,False,True
2024-01-24 12:00:00+00:00,20.937,20.997,20.897,20.957,327.039,4h,uploaded_csv,BTCDOM_INDEX_PROXY,False,True
2024-01-24 16:00:00+00:00,20.953,21.108,20.938,21.01,298.285,4h,uploaded_csv,BTCDOM_INDEX_PROXY,False,True
2024-01-24 20:00:00+00:00,21.006,21.022,20.898,20.917,142.526,4h,uploaded_csv,BTCDOM_INDEX_PROXY,False,True
2024-01-25 00:00:00+00:00,20.927,21.097,20.887,21.033,183.804,4h,uploaded_csv,BTCDOM_INDEX_PROXY,False,True
2024-01-25 04:00:00+00:00,21.035,21.084,20.978,20.996,206.652,4h,uploaded_csv,BTCDOM_INDEX_PROXY,False,True
2024-01-25 08:00:00+00:00,21.0,21.097,20.896,20.957,264.887,4h,uploaded_csv,BTCDOM_INDEX_PROXY,False,True
2024-01-25 12:00:00+00:00,20.954,21.15,20.947,21.147,438.256,4h,uploaded_csv,BTCDOM_INDEX_PROXY,False,True
2024-01-25 16:00:00+00:00,21.144,21.19,20.933,20.987,232.778,4h,uploaded_csv,BTCDOM_INDEX_PROXY,False,True
2024-01-25 20:00:00+00:00,20.988,21.029,20.86,21.008,136.273,4h,uploaded_csv,BTCDOM_INDEX_PROXY,False,True
2024-01-26 00:00:00+00:00,21.008,21.061,20.923,20.985,132.114,4h,uploaded_csv,BTCDOM_INDEX_PROXY,False,True
2024-01-26 04:00:00+00:00,20.98,21.12,20.976,21.111,100.683,4h,uploaded_csv,BTCDOM_INDEX_PROXY,False,True
2024-01-26 08:00:00+00:00,21.111,21.192,21.023,21.186,222.874,4h,uploaded_csv,BTCDOM_INDEX_PROXY,False,True
2024-01-26 12:00:00+00:00,21.191,21.313,21.157,21.223,315.434,4h,uploaded_csv,BTCDOM_INDEX_PROXY,False,True
2024-01-26 16:00:00+00:00,21.214,21.5,21.211,21.5,316.023,4h,uploaded_csv,BTCDOM_INDEX_PROXY,False,True
2024-01-26 20:00:00+00:00,21.5,21.543,21.343,21.345,152.114,4h,uploaded_csv,BTCDOM_INDEX_PROXY,False,True
2024-01-27 00:00:00+00:00,21.345,21.346,21.205,21.251,187.07,4h,uploaded_csv,BTCDOM_INDEX_PROXY,False,True
2024-01-27 04:00:00+00:00,21.251,21.373,21.24,21.37,109.315,4h,uploaded_csv,BTCDOM_INDEX_PROXY,False,True
2024-01-27 08:00:00+00:00,21.371,21.373,21.271,21.326,107.78,4h,uploaded_csv,BTCDOM_INDEX_PROXY,False,True
2024-01-27 12:00:00+00:00,21.327,21.334,21.259,21.297,72.725,4h,uploaded_csv,BTCDOM_INDEX_PROXY,False,True
2024-01-27 16:00:00+00:00,21.296,21.352,21.248,21.299,82.839,4h,uploaded_csv,BTCDOM_INDEX_PROXY,False,True
2024-01-27 20:00:00+00:00,21.3,21.445,21.3,21.401,90.221,4h,uploaded_csv,BTCDOM_INDEX_PROXY,False,True
2024-01-28 00:00:00+00:00,21.404,21.435,21.264,21.265,156.71,4h,uploaded_csv,BTCDOM_INDEX_PROXY,False,True
2024-01-28 04:00:00+00:00,21.268,21.438,21.265,21.415,173.436,4h,uploaded_csv,BTCDOM_INDEX_PROXY,False,True
2024-01-28 08:00:00+00:00,21.416,21.437,21.351,21.406,92.633,4h,uploaded_csv,BTCDOM_INDEX_PROXY,False,True
2024-01-28 12:00:00+00:00,21.404,21.497,21.387,21.436,160.23,4h,uploaded_csv,BTCDOM_INDEX_PROXY,False,True
2024-01-28 16:00:00+00:00,21.436,21.443,21.338,21.371,98.265,4h,uploaded_csv,BTCDOM_INDEX_PROXY,False,True
2024-01-28 20:00:00+00:00,21.374,21.433,21.327,21.422,82.405,4h,uploaded_csv,BTCDOM_INDEX_PROXY,False,True
2024-01-29 00:00:00+00:00,21.423,21.437,21.356,21.413,82.905,4h,uploaded_csv,BTCDOM_INDEX_PROXY,False,True
2024-01-29 04:00:00+00:00,21.414,21.415,21.376,21.4,63.069,4h,uploaded_csv,BTCDOM_INDEX_PROXY,False,True
2024-01-29 08:00:00+00:00,21.399,21.438,21.367,21.427,68.091,4h,uploaded_csv,BTCDOM_INDEX_PROXY,False,True
2024-01-29 12:00:00+00:00,21.434,21.499,21.368,21.466,268.247,4h,uploaded_csv,BTCDOM_INDEX_PROXY,False,True
2024-01-29 16:00:00+00:00,21.461,21.599,21.376,21.452,241.809,4h,uploaded_csv,BTCDOM_INDEX_PROXY,False,True
2024-01-29 20:00:00+00:00,21.455,21.464,21.331,21.43,127.857,4h,uploaded_csv,BTCDOM_INDEX_PROXY,False,True
2024-01-30 00:00:00+00:00,21.431,21.569,21.411,21.567,110.962,4h,uploaded_csv,BTCDOM_INDEX_PROXY,False,True
2024-01-30 04:00:00+00:00,21.571,21.573,21.485,21.498,111.564,4h,uploaded_csv,BTCDOM_INDEX_PROXY,False,True
2024-01-30 08:00:00+00:00,21.498,21.537,21.467,21.493,79.084,4h,uploaded_csv,BTCDOM_INDEX_PROXY,False,True
2024-01-30 12:00:00+00:00,21.499,21.615,21.303,21.325,239.237,4h,uploaded_csv,BTCDOM_INDEX_PROXY,False,True
2024-01-30 16:00:00+00:00,21.323,21.336,21.087,21.258,595.369,4h,uploaded_csv,BTCDOM_INDEX_PROXY,False,True
2024-01-30 20:00:00+00:00,21.264,21.323,21.207,21.265,127.29,4h,uploaded_csv,BTCDOM_INDEX_PROXY,False,True
2024-01-31 00:00:00+00:00,21.262,21.412,21.252,21.262,139.312,4h,uploaded_csv,BTCDOM_INDEX_PROXY,False,True
2024-01-31 04:00:00+00:00,21.266,21.379,21.244,21.339,309.756,4h,uploaded_csv,BTCDOM_INDEX_PROXY,False,True
2024-01-31 08:00:00+00:00,21.339,21.541,21.301,21.471,173.351,4h,uploaded_csv,BTCDOM_INDEX_PROXY,False,True
2024-01-31 12:00:00+00:00,21.472,21.68,21.407,21.589,297.147,4h,uploaded_csv,BTCDOM_INDEX_PROXY,False,True
2024-01-31 16:00:00+00:00,21.588,21.68,21.549,21.607,345.573,4h,uploaded_csv,BTCDOM_INDEX_PROXY,False,True
2024-01-31 20:00:00+00:00,21.608,21.722,21.539,21.673,255.532,4h,uploaded_csv,BTCDOM_INDEX_PROXY,False,True
2024-02-01 00:00:00+00:00,21.671,21.739,21.559,21.616,346.114,4h,uploaded_csv,BTCDOM_INDEX_PROXY,False,True
2024-02-01 04:00:00+00:00,21.618,21.657,21.57,21.624,161.707,4h,uploaded_csv,BTCDOM_INDEX_PROXY,False,True
2024-02-01 08:00:00+00:00,21.624,21.633,21.492,21.556,199.814,4h,uploaded_csv,BTCDOM_INDEX_PROXY,False,True
2024-02-01 12:00:00+00:00,21.552,21.632,21.494,21.598,208.361,4h,uploaded_csv,BTCDOM_INDEX_PROXY,False,True
2024-02-01 16:00:00+00:00,21.596,21.739,21.543,21.739,404.889,4h,uploaded_csv,BTCDOM_INDEX_PROXY,False,True
2024-02-01 20:00:00+00:00,21.737,21.752,21.643,21.671,102.924,4h,uploaded_csv,BTCDOM_INDEX_PROXY,False,True
2024-02-02 00:00:00+00:00,21.672,21.697,21.563,21.576,78.093,4h,uploaded_csv,BTCDOM_INDEX_PROXY,False,True
2024-02-02 04:00:00+00:00,21.577,21.599,21.461,21.482,185.139,4h,uploaded_csv,BTCDOM_INDEX_PROXY,False,True
2024-02-02 08:00:00+00:00,21.476,21.496,21.446,21.464,60.976,4h,uploaded_csv,BTCDOM_INDEX_PROXY,False,True
2024-02-02 12:00:00+00:00,21.468,21.555,21.436,21.542,123.662,4h,uploaded_csv,BTCDOM_INDEX_PROXY,False,True
2024-02-02 16:00:00+00:00,21.546,21.604,21.54,21.585,110.346,4h,uploaded_csv,BTCDOM_INDEX_PROXY,False,True
2024-02-02 20:00:00+00:00,21.585,21.589,21.541,21.559,31.549,4h,uploaded_csv,BTCDOM_INDEX_PROXY,False,True
2024-02-03 00:00:00+00:00,21.56,21.593,21.472,21.492,55.101,4h,uploaded_csv,BTCDOM_INDEX_PROXY,False,True
2024-02-03 04:00:00+00:00,21.492,21.509,21.445,21.487,34.342,4h,uploaded_csv,BTCDOM_INDEX_PROXY,False,True
2024-02-03 08:00:00+00:00,21.488,21.53,21.449,21.48,56.521,4h,uploaded_csv,BTCDOM_INDEX_PROXY,False,True
2024-02-03 12:00:00+00:00,21.48,21.596,21.466,21.567,34.757,4h,uploaded_csv,BTCDOM_INDEX_PROXY,False,True
2024-02-03 16:00:00+00:00,21.567,21.599,21.533,21.542,84.545,4h,uploaded_csv,BTCDOM_INDEX_PROXY,False,True
2024-02-03 20:00:00+00:00,21.542,21.607,21.54,21.587,18.381,4h,uploaded_csv,BTCDOM_INDEX_PROXY,False,True
2024-02-04 00:00:00+00:00,21.587,21.657,21.547,21.566,96.396,4h,uploaded_csv,BTCDOM_INDEX_PROXY,False,True
2024-02-04 04:00:00+00:00,21.567,21.656,21.554,21.65,99.262,4h,uploaded_csv,BTCDOM_INDEX_PROXY,False,True
2024-02-04 08:00:00+00:00,21.651,21.653,21.548,21.576,78.284,4h,uploaded_csv,BTCDOM_INDEX_PROXY,False,True
2024-02-04 12:00:00+00:00,21.578,21.588,21.502,21.519,53.511,4h,uploaded_csv,BTCDOM_INDEX_PROXY,False,True
2024-02-04 16:00:00+00:00,21.523,21.606,21.463,21.532,93.161,4h,uploaded_csv,BTCDOM_INDEX_PROXY,False,True
2024-02-04 20:00:00+00:00,21.532,21.563,21.455,21.517,90.806,4h,uploaded_csv,BTCDOM_INDEX_PROXY,False,True
2024-02-05 00:00:00+00:00,21.518,21.61,21.482,21.538,151.406,4h,uploaded_csv,BTCDOM_INDEX_PROXY,False,True
2024-02-05 04:00:00+00:00,21.545,21.603,21.525,21.584,43.857,4h,uploaded_csv,BTCDOM_INDEX_PROXY,False,True
2024-02-05 08:00:00+00:00,21.581,21.599,21.475,21.475,77.899,4h,uploaded_csv,BTCDOM_INDEX_PROXY,False,True
2024-02-05 12:00:00+00:00,21.475,21.6,21.475,21.506,115.005,4h,uploaded_csv,BTCDOM_INDEX_PROXY,False,True
2024-02-05 16:00:00+00:00,21.506,21.526,21.477,21.504,39.062,4h,uploaded_csv,BTCDOM_INDEX_PROXY,False,True
2024-02-05 20:00:00+00:00,21.503,21.509,21.362,21.502,87.136,4h,uploaded_csv,BTCDOM_INDEX_PROXY,False,True
2024-02-06 00:00:00+00:00,21.502,21.524,21.388,21.455,52.717,4h,uploaded_csv,BTCDOM_INDEX_PROXY,False,True
2024-02-06 04:00:00+00:00,21.458,21.497,21.383,21.468,257.363,4h,uploaded_csv,BTCDOM_INDEX_PROXY,False,True
2024-02-06 08:00:00+00:00,21.467,21.506,21.447,21.496,48.912,4h,uploaded_csv,BTCDOM_INDEX_PROXY,False,True
2024-02-06 12:00:00+00:00,21.499,21.578,21.44,21.572,98.936,4h,uploaded_csv,BTCDOM_INDEX_PROXY,False,True
2024-02-06 16:00:00+00:00,21.571,21.579,21.304,21.34,241.758,4h,uploaded_csv,BTCDOM_INDEX_PROXY,False,True
2024-02-06 20:00:00+00:00,21.34,21.351,21.233,21.34,133.143,4h,uploaded_csv,BTCDOM_INDEX_PROXY,False,True
2024-02-07 00:00:00+00:00,21.34,21.34,21.251,21.277,61.341,4h,uploaded_csv,BTCDOM_INDEX_PROXY,False,True
2024-02-07 04:00:00+00:00,21.277,21.417,21.252,21.347,158.56,4h,uploaded_csv,BTCDOM_INDEX_PROXY,False,True
2024-02-07 08:00:00+00:00,21.347,21.389,21.334,21.367,38.51,4h,uploaded_csv,BTCDOM_INDEX_PROXY,False,True
2024-02-07 12:00:00+00:00,21.367,21.4,21.331,21.331,53.888,4h,uploaded_csv,BTCDOM_INDEX_PROXY,False,True
2024-02-07 16:00:00+00:00,21.331,21.334,21.111,21.244,165.528,4h,uploaded_csv,BTCDOM_INDEX_PROXY,False,True
2024-02-07 20:00:00+00:00,21.243,21.435,21.242,21.423,175.839,4h,uploaded_csv,BTCDOM_INDEX_PROXY,False,True
2024-02-08 00:00:00+00:00,21.422,21.526,21.414,21.454,139.781,4h,uploaded_csv,BTCDOM_INDEX_PROXY,False,True
2024-02-08 04:00:00+00:00,21.455,21.645,21.433,21.498,204.547,4h,uploaded_csv,BTCDOM_INDEX_PROXY,False,True
2024-02-08 08:00:00+00:00,21.499,21.599,21.497,21.533,146.872,4h,uploaded_csv,BTCDOM_INDEX_PROXY,False,True
2024-02-08 12:00:00+00:00,21.533,21.645,21.512,21.62,276.876,4h,uploaded_csv,BTCDOM_INDEX_PROXY,False,True
2024-02-08 16:00:00+00:00,21.62,21.856,21.609,21.808,288.387,4h,uploaded_csv,BTCDOM_INDEX_PROXY,False,True
2024-02-08 20:00:00+00:00,21.809,21.86,21.769,21.802,106.184,4h,uploaded_csv,BTCDOM_INDEX_PROXY,False,True
2024-02-09 00:00:00+00:00,21.8,21.97,21.753,21.951,267.305,4h,uploaded_csv,BTCDOM_INDEX_PROXY,False,True
2024-02-09 04:00:00+00:00,21.952,21.987,21.865,21.937,216.245,4h,uploaded_csv,BTCDOM_INDEX_PROXY,False,True
2024-02-09 08:00:00+00:00,21.938,22.14,21.9,22.038,425.066,4h,uploaded_csv,BTCDOM_INDEX_PROXY,False,True
2024-02-09 12:00:00+00:00,22.038,22.221,22.019,22.128,389.258,4h,uploaded_csv,BTCDOM_INDEX_PROXY,False,True
2024-02-09 16:00:00+00:00,22.127,22.431,22.114,22.36,462.497,4h,uploaded_csv,BTCDOM_INDEX_PROXY,False,True
2024-02-09 20:00:00+00:00,22.363,22.383,22.074,22.117,187.512,4h,uploaded_csv,BTCDOM_INDEX_PROXY,False,True
2024-02-10 00:00:00+00:00,22.117,22.131,21.993,21.993,163.57,4h,uploaded_csv,BTCDOM_INDEX_PROXY,False,True
2024-02-10 04:00:00+00:00,21.997,22.137,21.987,22.097,157.835,4h,uploaded_csv,BTCDOM_INDEX_PROXY,False,True
2024-02-10 08:00:00+00:00,22.102,22.223,22.08,22.21,189.122,4h,uploaded_csv,BTCDOM_INDEX_PROXY,False,True
2024-02-10 12:00:00+00:00,22.211,22.242,22.155,22.202,70.982,4h,uploaded_csv,BTCDOM_INDEX_PROXY,False,True
2024-02-10 16:00:00+00:00,22.202,22.249,22.113,22.198,117.674,4h,uploaded_csv,BTCDOM_INDEX_PROXY,False,True
2024-02-10 20:00:00+00:00,22.199,22.38,22.193,22.266,136.28,4h,uploaded_csv,BTCDOM_INDEX_PROXY,False,True
2024-02-11 00:00:00+00:00,22.265,22.391,22.163,22.374,116.312,4h,uploaded_csv,BTCDOM_INDEX_PROXY,False,True
2024-02-11 04:00:00+00:00,22.382,22.382,22.207,22.217,84.76,4h,uploaded_csv,BTCDOM_INDEX_PROXY,False,True
2024-02-11 08:00:00+00:00,22.218,22.298,22.162,22.293,119.129,4h,uploaded_csv,BTCDOM_INDEX_PROXY,False,True
2024-02-11 12:00:00+00:00,22.291,22.364,22.253,22.361,84.753,4h,uploaded_csv,BTCDOM_INDEX_PROXY,False,True
2024-02-11 16:00:00+00:00,22.357,22.508,22.339,22.46,166.425,4h,uploaded_csv,BTCDOM_INDEX_PROXY,False,True
2024-02-11 20:00:00+00:00,22.461,22.504,22.426,22.501,56.524,4h,uploaded_csv,BTCDOM_INDEX_PROXY,False,True
2024-02-12 00:00:00+00:00,22.503,22.583,22.364,22.467,287.631,4h,uploaded_csv,BTCDOM_INDEX_PROXY,False,True
2024-02-12 04:00:00+00:00,22.468,22.684,22.466,22.604,286.232,4h,uploaded_csv,BTCDOM_INDEX_PROXY,False,True
2024-02-12 08:00:00+00:00,22.605,22.706,22.563,22.566,464.287,4h,uploaded_csv,BTCDOM_INDEX_PROXY,False,True
2024-02-12 12:00:00+00:00,22.567,22.9,22.545,22.885,457.314,4h,uploaded_csv,BTCDOM_INDEX_PROXY,False,True
2024-02-12 16:00:00+00:00,22.885,22.928,22.256,22.366,843.471,4h,uploaded_csv,BTCDOM_INDEX_PROXY,False,True
2024-02-12 20:00:00+00:00,22.371,22.477,22.229,22.274,304.715,4h,uploaded_csv,BTCDOM_INDEX_PROXY,False,True
2024-02-13 00:00:00+00:00,22.271,22.306,22.14,22.292,471.604,4h,uploaded_csv,BTCDOM_INDEX_PROXY,False,True
2024-02-13 04:00:00+00:00,22.294,22.399,22.254,22.326,312.47,4h,uploaded_csv,BTCDOM_INDEX_PROXY,False,True
2024-02-13 08:00:00+00:00,22.326,22.333,22.1,22.132,278.262,4h,uploaded_csv,BTCDOM_INDEX_PROXY,False,True
2024-02-13 12:00:00+00:00,22.129,22.327,22.03,22.054,591.074,4h,uploaded_csv,BTCDOM_INDEX_PROXY,False,True
2024-02-13 16:00:00+00:00,22.054,22.221,22.021,22.216,349.12,4h,uploaded_csv,BTCDOM_INDEX_PROXY,False,True
2024-02-13 20:00:00+00:00,22.215,22.381,22.208,22.38,229.908,4h,uploaded_csv,BTCDOM_INDEX_PROXY,False,True
2024-02-14 00:00:00+00:00,22.381,22.389,22.256,22.28,164.355,4h,uploaded_csv,BTCDOM_INDEX_PROXY,False,True
2024-02-14 04:00:00+00:00,22.281,22.32,22.207,22.274,105.63,4h,uploaded_csv,BTCDOM_INDEX_PROXY,False,True
2024-02-14 08:00:00+00:00,22.278,22.453,22.185,22.369,512.069,4h,uploaded_csv,BTCDOM_INDEX_PROXY,False,True
2024-02-14 12:00:00+00:00,22.367,22.587,22.338,22.411,320.019,4h,uploaded_csv,BTCDOM_INDEX_PROXY,False,True
2024-02-14 16:00:00+00:00,22.406,22.518,22.288,22.371,275.927,4h,uploaded_csv,BTCDOM_INDEX_PROXY,False,True
2024-02-14 20:00:00+00:00,22.371,22.461,22.255,22.319,164.856,4h,uploaded_csv,BTCDOM_INDEX_PROXY,False,True
2024-02-15 00:00:00+00:00,22.32,22.409,22.257,22.311,210.96,4h,uploaded_csv,BTCDOM_INDEX_PROXY,False,True
2024-02-15 04:00:00+00:00,22.311,22.438,22.264,22.271,75.515,4h,uploaded_csv,BTCDOM_INDEX_PROXY,False,True
2024-02-15 08:00:00+00:00,22.27,22.342,22.23,22.308,63.335,4h,uploaded_csv,BTCDOM_INDEX_PROXY,False,True
2024-02-15 12:00:00+00:00,22.31,22.367,21.823,21.958,575.05,4h,uploaded_csv,BTCDOM_INDEX_PROXY,False,True
2024-02-15 16:00:00+00:00,21.957,22.158,21.896,21.954,217.393,4h,uploaded_csv,BTCDOM_INDEX_PROXY,False,True
2024-02-15 20:00:00+00:00,21.958,22.22,21.773,21.957,429.2,4h,uploaded_csv,BTCDOM_INDEX_PROXY,False,True
2024-02-16 00:00:00+00:00,21.955,21.991,21.839,21.905,131.826,4h,uploaded_csv,BTCDOM_INDEX_PROXY,False,True
2024-02-16 04:00:00+00:00,21.904,22.023,21.806,21.95,183.443,4h,uploaded_csv,BTCDOM_INDEX_PROXY,False,True
2024-02-16 08:00:00+00:00,21.95,22.11,21.89,22.066,181.617,4h,uploaded_csv,BTCDOM_INDEX_PROXY,False,True
2024-02-16 12:00:00+00:00,22.068,22.339,21.945,22.241,374.649,4h,uploaded_csv,BTCDOM_INDEX_PROXY,False,True
2024-02-16 16:00:00+00:00,22.241,22.362,22.173,22.287,219.038,4h,uploaded_csv,BTCDOM_INDEX_PROXY,False,True
2024-02-16 20:00:00+00:00,22.293,22.307,22.157,22.195,65.811,4h,uploaded_csv,BTCDOM_INDEX_PROXY,False,True
2024-02-17 00:00:00+00:00,22.195,22.256,22.137,22.18,100.877,4h,uploaded_csv,BTCDOM_INDEX_PROXY,False,True
2024-02-17 04:00:00+00:00,22.183,22.261,22.132,22.134,80.87,4h,uploaded_csv,BTCDOM_INDEX_PROXY,False,True
2024-02-17 08:00:00+00:00,22.133,22.255,22.11,22.146,98.819,4h,uploaded_csv,BTCDOM_INDEX_PROXY,False,True
2024-02-17 12:00:00+00:00,22.145,22.3,22.114,22.134,206.246,4h,uploaded_csv,BTCDOM_INDEX_PROXY,False,True
2024-02-17 16:00:00+00:00,22.135,22.166,22.085,22.132,106.339,4h,uploaded_csv,BTCDOM_INDEX_PROXY,False,True
2024-02-17 20:00:00+00:00,22.132,22.204,22.101,22.118,82.523,4h,uploaded_csv,BTCDOM_INDEX_PROXY,False,True
2024-02-18 00:00:00+00:00,22.119,22.172,22.066,22.09,142.307,4h,uploaded_csv,BTCDOM_INDEX_PROXY,False,True
2024-02-18 04:00:00+00:00,22.087,22.095,21.961,22.019,106.353,4h,uploaded_csv,BTCDOM_INDEX_PROXY,False,True
2024-02-18 08:00:00+00:00,22.017,22.041,21.955,22.006,71.425,4h,uploaded_csv,BTCDOM_INDEX_PROXY,False,True
2024-02-18 12:00:00+00:00,22.005,22.072,21.966,21.991,117.166,4h,uploaded_csv,BTCDOM_INDEX_PROXY,False,True
2024-02-18 16:00:00+00:00,21.994,22.054,21.808,21.867,191.508,4h,uploaded_csv,BTCDOM_INDEX_PROXY,False,True
2024-02-18 20:00:00+00:00,21.867,21.92,21.732,21.788,233.143,4h,uploaded_csv,BTCDOM_INDEX_PROXY,False,True
2024-02-19 00:00:00+00:00,21.792,21.849,21.684,21.701,205.226,4h,uploaded_csv,BTCDOM_INDEX_PROXY,False,True
2024-02-19 04:00:00+00:00,21.701,21.761,21.591,21.592,240.013,4h,uploaded_csv,BTCDOM_INDEX_PROXY,False,True
2024-02-19 08:00:00+00:00,21.592,21.759,21.584,21.663,207.493,4h,uploaded_csv,BTCDOM_INDEX_PROXY,False,True
2024-02-19 12:00:00+00:00,21.658,21.71,21.577,21.597,327.392,4h,uploaded_csv,BTCDOM_INDEX_PROXY,False,True
2024-02-19 16:00:00+00:00,21.598,21.6,21.328,21.356,531.208,4h,uploaded_csv,BTCDOM_INDEX_PROXY,False,True
2024-02-19 20:00:00+00:00,21.355,21.389,21.168,21.282,253.235,4h,uploaded_csv,BTCDOM_INDEX_PROXY,False,True
2024-02-20 00:00:00+00:00,21.282,21.437,21.188,21.433,286.951,4h,uploaded_csv,BTCDOM_INDEX_PROXY,False,True
2024-02-20 04:00:00+00:00,21.433,21.47,21.369,21.441,171.368,4h,uploaded_csv,BTCDOM_INDEX_PROXY,False,True
2024-02-20 08:00:00+00:00,21.443,21.661,21.425,21.537,204.084,4h,uploaded_csv,BTCDOM_INDEX_PROXY,False,True
2024-02-20 12:00:00+00:00,21.537,21.719,21.357,21.556,622.053,4h,uploaded_csv,BTCDOM_INDEX_PROXY,False,True
2024-02-20 16:00:00+00:00,21.555,21.654,21.396,21.399,398.529,4h,uploaded_csv,BTCDOM_INDEX_PROXY,False,True
2024-02-20 20:00:00+00:00,21.401,21.48,21.229,21.303,205.142,4h,uploaded_csv,BTCDOM_INDEX_PROXY,False,True
2024-02-21 00:00:00+00:00,21.3,21.45,21.275,21.322,239.7,4h,uploaded_csv,BTCDOM_INDEX_PROXY,False,True
2024-02-21 04:00:00+00:00,21.322,21.64,21.296,21.484,194.968,4h,uploaded_csv,BTCDOM_INDEX_PROXY,False,True
2024-02-21 08:00:00+00:00,21.486,21.643,21.439,21.521,230.784,4h,uploaded_csv,BTCDOM_INDEX_PROXY,False,True
2024-02-21 12:00:00+00:00,21.523,21.668,21.45,21.491,335.648,4h,uploaded_csv,BTCDOM_INDEX_PROXY,False,True
2024-02-21 16:00:00+00:00,21.492,21.641,21.435,21.498,184.926,4h,uploaded_csv,BTCDOM_INDEX_PROXY,False,True
2024-02-21 20:00:00+00:00,21.497,21.549,21.326,21.418,167.989,4h,uploaded_csv,BTCDOM_INDEX_PROXY,False,True
2024-02-22 00:00:00+00:00,21.417,21.596,21.41,21.53,186.802,4h,uploaded_csv,BTCDOM_INDEX_PROXY,False,True
2024-02-22 04:00:00+00:00,21.531,21.562,21.235,21.235,154.219,4h,uploaded_csv,BTCDOM_INDEX_PROXY,False,True
2024-02-22 08:00:00+00:00,21.239,21.28,21.102,21.177,493.02,4h,uploaded_csv,BTCDOM_INDEX_PROXY,False,True
2024-02-22 12:00:00+00:00,21.176,21.303,21.133,21.187,319.199,4h,uploaded_csv,BTCDOM_INDEX_PROXY,False,True
2024-02-22 16:00:00+00:00,21.187,21.308,21.136,21.183,244.287,4h,uploaded_csv,BTCDOM_INDEX_PROXY,False,True
2024-02-22 20:00:00+00:00,21.183,21.27,21.106,21.208,194.342,4h,uploaded_csv,BTCDOM_INDEX_PROXY,False,True
2024-02-23 00:00:00+00:00,21.211,21.364,21.132,21.248,349.922,4h,uploaded_csv,BTCDOM_INDEX_PROXY,False,True
2024-02-23 04:00:00+00:00,21.246,21.362,21.212,21.306,204.431,4h,uploaded_csv,BTCDOM_INDEX_PROXY,False,True
2024-02-23 08:00:00+00:00,21.306,21.445,21.29,21.353,172.427,4h,uploaded_csv,BTCDOM_INDEX_PROXY,False,True
2024-02-23 12:00:00+00:00,21.354,21.408,21.213,21.39,199.188,4h,uploaded_csv,BTCDOM_INDEX_PROXY,False,True
2024-02-23 16:00:00+00:00,21.389,21.457,21.216,21.227,247.834,4h,uploaded_csv,BTCDOM_INDEX_PROXY,False,True
2024-02-23 20:00:00+00:00,21.223,21.346,21.17,21.271,82.213,4h,uploaded_csv,BTCDOM_INDEX_PROXY,False,True
2024-02-24 00:00:00+00:00,21.271,21.38,21.217,21.245,114.675,4h,uploaded_csv,BTCDOM_INDEX_PROXY,False,True
2024-02-24 04:00:00+00:00,21.246,21.278,21.027,21.088,328.001,4h,uploaded_csv,BTCDOM_INDEX_PROXY,False,True
2024-02-24 08:00:00+00:00,21.086,21.156,21.078,21.117,140.795,4h,uploaded_csv,BTCDOM_INDEX_PROXY,False,True
2024-02-24 12:00:00+00:00,21.117,21.184,21.09,21.157,91.975,4h,uploaded_csv,BTCDOM_INDEX_PROXY,False,True
2024-02-24 16:00:00+00:00,21.157,21.217,21.072,21.143,204.012,4h,uploaded_csv,BTCDOM_INDEX_PROXY,False,True
2024-02-24 20:00:00+00:00,21.144,21.164,21.105,21.105,63.453,4h,uploaded_csv,BTCDOM_INDEX_PROXY,False,True
2024-02-25 00:00:00+00:00,21.108,21.157,20.947,21.03,152.289,4h,uploaded_csv,BTCDOM_INDEX_PROXY,False,True
2024-02-25 04:00:00+00:00,21.03,21.081,20.964,21.037,100.716,4h,uploaded_csv,BTCDOM_INDEX_PROXY,False,True
2024-02-25 08:00:00+00:00,21.039,21.103,20.972,20.975,111.535,4h,uploaded_csv,BTCDOM_INDEX_PROXY,False,True
2024-02-25 12:00:00+00:00,20.974,21.016,20.84,20.911,303.058,4h,uploaded_csv,BTCDOM_INDEX_PROXY,False,True
2024-02-25 16:00:00+00:00,20.913,20.954,20.575,20.752,253.233,4h,uploaded_csv,BTCDOM_INDEX_PROXY,False,True
2024-02-25 20:00:00+00:00,20.75,20.755,20.64,20.648,289.011,4h,uploaded_csv,BTCDOM_INDEX_PROXY,False,True
2024-02-26 00:00:00+00:00,20.645,20.719,20.55,20.638,209.157,4h,uploaded_csv,BTCDOM_INDEX_PROXY,False,True
2024-02-26 04:00:00+00:00,20.635,20.679,20.541,20.626,103.27,4h,uploaded_csv,BTCDOM_INDEX_PROXY,False,True
2024-02-26 08:00:00+00:00,20.629,20.816,20.525,20.728,371.307,4h,uploaded_csv,BTCDOM_INDEX_PROXY,False,True
2024-02-26 12:00:00+00:00,20.731,20.906,20.617,20.822,286.945,4h,uploaded_csv,BTCDOM_INDEX_PROXY,False,True
2024-02-26 16:00:00+00:00,20.821,21.319,20.781,21.184,572.437,4h,uploaded_csv,BTCDOM_INDEX_PROXY,False,True
2024-02-26 20:00:00+00:00,21.188,21.32,21.135,21.179,289.053,4h,uploaded_csv,BTCDOM_INDEX_PROXY,False,True
2024-02-27 00:00:00+00:00,21.181,21.921,21.157,21.454,905.396,4h,uploaded_csv,BTCDOM_INDEX_PROXY,False,True
2024-02-27 04:00:00+00:00,21.456,21.664,21.445,21.596,185.352,4h,uploaded_csv,BTCDOM_INDEX_PROXY,False,True
2024-02-27 08:00:00+00:00,21.596,21.661,21.485,21.566,136.888,4h,uploaded_csv,BTCDOM_INDEX_PROXY,False,True
2024-02-27 12:00:00+00:00,21.574,21.925,21.57,21.891,417.649,4h,uploaded_csv,BTCDOM_INDEX_PROXY,False,True
2024-02-27 16:00:00+00:00,21.888,21.961,21.772,21.871,356.638,4h,uploaded_csv,BTCDOM_INDEX_PROXY,False,True
2024-02-27 20:00:00+00:00,21.869,21.874,21.625,21.832,181.198,4h,uploaded_csv,BTCDOM_INDEX_PROXY,False,True
2024-02-28 00:00:00+00:00,21.831,21.874,21.738,21.793,122.992,4h,uploaded_csv,BTCDOM_INDEX_PROXY,False,True
2024-02-28 04:00:00+00:00,21.792,22.015,21.738,21.948,220.11,4h,uploaded_csv,BTCDOM_INDEX_PROXY,False,True
2024-02-28 08:00:00+00:00,21.949,22.257,21.905,22.188,725.155,4h,uploaded_csv,BTCDOM_INDEX_PROXY,False,True
2024-02-28 12:00:00+00:00,22.188,22.666,22.17,22.588,936.459,4h,uploaded_csv,BTCDOM_INDEX_PROXY,False,True
2024-02-28 16:00:00+00:00,22.588,23.5,22.44,22.959,2305.157,4h,uploaded_csv,BTCDOM_INDEX_PROXY,False,True
2024-02-28 20:00:00+00:00,22.958,23.12,22.589,22.929,547.044,4h,uploaded_csv,BTCDOM_INDEX_PROXY,False,True
2024-02-29 00:00:00+00:00,22.929,22.99,22.183,22.389,737.71,4h,uploaded_csv,BTCDOM_INDEX_PROXY,False,True
2024-02-29 04:00:00+00:00,22.387,22.61,22.251,22.393,426.163,4h,uploaded_csv,BTCDOM_INDEX_PROXY,False,True
2024-02-29 08:00:00+00:00,22.393,22.443,22.2,22.227,477.718,4h,uploaded_csv,BTCDOM_INDEX_PROXY,False,True
2024-02-29 12:00:00+00:00,22.23,22.43,22.208,22.302,343.881,4h,uploaded_csv,BTCDOM_INDEX_PROXY,False,True
2024-02-29 16:00:00+00:00,22.302,22.357,22.079,22.221,399.273,4h,uploaded_csv,BTCDOM_INDEX_PROXY,False,True
2024-02-29 20:00:00+00:00,22.225,22.817,22.223,22.594,515.402,4h,uploaded_csv,BTCDOM_INDEX_PROXY,False,True
2024-03-01 00:00:00+00:00,22.594,22.622,22.151,22.266,382.604,4h,uploaded_csv,BTCDOM_INDEX_PROXY,False,True
2024-03-01 04:00:00+00:00,22.268,22.438,22.228,22.424,204.245,4h,uploaded_csv,BTCDOM_INDEX_PROXY,False,True
2024-03-01 08:00:00+00:00,22.422,22.472,22.253,22.279,214.616,4h,uploaded_csv,BTCDOM_INDEX_PROXY,False,True
2024-03-01 12:00:00+00:00,22.277,22.447,22.239,22.245,267.116,4h,uploaded_csv,BTCDOM_INDEX_PROXY,False,True
2024-03-01 16:00:00+00:00,22.245,22.379,22.208,22.322,186.165,4h,uploaded_csv,BTCDOM_INDEX_PROXY,False,True
2024-03-01 20:00:00+00:00,22.322,22.49,22.288,22.29,177.614,4h,uploaded_csv,BTCDOM_INDEX_PROXY,False,True
2024-03-02 00:00:00+00:00,22.29,22.321,21.953,21.972,396.286,4h,uploaded_csv,BTCDOM_INDEX_PROXY,False,True
2024-03-02 04:00:00+00:00,21.972,22.034,21.88,21.954,383.897,4h,uploaded_csv,BTCDOM_INDEX_PROXY,False,True
2024-03-02 08:00:00+00:00,21.955,22.072,21.923,21.997,252.112,4h,uploaded_csv,BTCDOM_INDEX_PROXY,False,True
2024-03-02 12:00:00+00:00,22.002,22.032,21.882,21.952,215.752,4h,uploaded_csv,BTCDOM_INDEX_PROXY,False,True
2024-03-02 16:00:00+00:00,21.957,21.985,21.883,21.919,146.857,4h,uploaded_csv,BTCDOM_INDEX_PROXY,False,True
2024-03-02 20:00:00+00:00,21.924,21.99,21.822,21.824,113.48,4h,uploaded_csv,BTCDOM_INDEX_PROXY,False,True
2024-03-03 00:00:00+00:00,21.821,21.913,21.734,21.814,227.819,4h,uploaded_csv,BTCDOM_INDEX_PROXY,False,True
2024-03-03 04:00:00+00:00,21.815,22.346,21.771,22.098,757.265,4h,uploaded_csv,BTCDOM_INDEX_PROXY,False,True
2024-03-03 08:00:00+00:00,22.109,22.179,21.887,21.931,523.412,4h,uploaded_csv,BTCDOM_INDEX_PROXY,False,True
2024-03-03 12:00:00+00:00,21.936,22.093,21.92,21.981,349.274,4h,uploaded_csv,BTCDOM_INDEX_PROXY,False,True
2024-03-03 16:00:00+00:00,21.979,22.037,21.919,21.963,209.301,4h,uploaded_csv,BTCDOM_INDEX_PROXY,False,True
2024-03-03 20:00:00+00:00,21.963,21.997,21.888,21.98,155.876,4h,uploaded_csv,BTCDOM_INDEX_PROXY,False,True
2024-03-04 00:00:00+00:00,21.977,22.211,21.909,22.143,456.745,4h,uploaded_csv,BTCDOM_INDEX_PROXY,False,True
2024-03-04 04:00:00+00:00,22.143,22.276,22.1,22.252,224.561,4h,uploaded_csv,BTCDOM_INDEX_PROXY,False,True
2024-03-04 08:00:00+00:00,22.243,22.487,22.194,22.421,571.11,4h,uploaded_csv,BTCDOM_INDEX_PROXY,False,True
2024-03-04 12:00:00+00:00,22.429,22.682,22.344,22.612,534.683,4h,uploaded_csv,BTCDOM_INDEX_PROXY,False,True
2024-03-04 16:00:00+00:00,22.612,23.066,22.55,22.865,1092.457,4h,uploaded_csv,BTCDOM_INDEX_PROXY,False,True
2024-03-04 20:00:00+00:00,22.865,23.005,22.735,22.97,457.082,4h,uploaded_csv,BTCDOM_INDEX_PROXY,False,True
2024-03-05 00:00:00+00:00,22.97,23.071,22.635,22.651,642.504,4h,uploaded_csv,BTCDOM_INDEX_PROXY,False,True
2024-03-05 04:00:00+00:00,22.652,22.654,21.927,22.109,1132.985,4h,uploaded_csv,BTCDOM_INDEX_PROXY,False,True
2024-03-05 08:00:00+00:00,22.106,22.228,21.938,21.999,421.104,4h,uploaded_csv,BTCDOM_INDEX_PROXY,False,True
2024-03-05 12:00:00+00:00,21.988,22.38,21.782,21.858,1083.697,4h,uploaded_csv,BTCDOM_INDEX_PROXY,False,True
2024-03-05 16:00:00+00:00,21.862,23.063,21.739,22.674,1890.251,4h,uploaded_csv,BTCDOM_INDEX_PROXY,False,True
2024-03-05 20:00:00+00:00,22.644,23.035,22.319,22.325,1665.229,4h,uploaded_csv,BTCDOM_INDEX_PROXY,False,True
2024-03-06 00:00:00+00:00,22.328,22.485,22.182,22.368,394.1,4h,uploaded_csv,BTCDOM_INDEX_PROXY,False,True
2024-03-06 04:00:00+00:00,22.369,22.391,21.936,22.047,661.614,4h,uploaded_csv,BTCDOM_INDEX_PROXY,False,True
2024-03-06 08:00:00+00:00,22.046,22.083,21.664,21.872,552.446,4h,uploaded_csv,BTCDOM_INDEX_PROXY,False,True
2024-03-06 12:00:00+00:00,21.873,22.141,21.664,22.061,734.073,4h,uploaded_csv,BTCDOM_INDEX_PROXY,False,True
2024-03-06 16:00:00+00:00,22.061,22.15,21.755,21.821,424.203,4h,uploaded_csv,BTCDOM_INDEX_PROXY,False,True
2024-03-06 20:00:00+00:00,21.825,21.888,21.607,21.642,349.365,4h,uploaded_csv,BTCDOM_INDEX_PROXY,False,True
2024-03-07 00:00:00+00:00,21.642,21.722,21.476,21.642,433.653,4h,uploaded_csv,BTCDOM_INDEX_PROXY,False,True
2024-03-07 04:00:00+00:00,21.641,21.857,21.594,21.751,318.06,4h,uploaded_csv,BTCDOM_INDEX_PROXY,False,True
2024-03-07 08:00:00+00:00,21.744,21.957,21.743,21.884,275.406,4h,uploaded_csv,BTCDOM_INDEX_PROXY,False,True
2024-03-07 12:00:00+00:00,21.883,21.922,21.63,21.667,438.711,4h,uploaded_csv,BTCDOM_INDEX_PROXY,False,True
2024-03-07 16:00:00+00:00,21.659,21.789,21.506,21.511,236.65,4h,uploaded_csv,BTCDOM_INDEX_PROXY,False,True
2024-03-07 20:00:00+00:00,21.511,21.557,21.3,21.339,350.152,4h,uploaded_csv,BTCDOM_INDEX_PROXY,False,True
2024-03-08 00:00:00+00:00,21.339,21.361,21.102,21.3,506.586,4h,uploaded_csv,BTCDOM_INDEX_PROXY,False,True
2024-03-08 04:00:00+00:00,21.304,21.379,21.264,21.346,160.545,4h,uploaded_csv,BTCDOM_INDEX_PROXY,False,True
2024-03-08 08:00:00+00:00,21.343,21.35,21.136,21.27,211.718,4h,uploaded_csv,BTCDOM_INDEX_PROXY,False,True
2024-03-08 12:00:00+00:00,21.273,21.786,21.069,21.53,1202.726,4h,uploaded_csv,BTCDOM_INDEX_PROXY,False,True
2024-03-08 16:00:00+00:00,21.531,21.721,21.412,21.689,679.063,4h,uploaded_csv,BTCDOM_INDEX_PROXY,False,True
2024-03-08 20:00:00+00:00,21.696,21.796,21.608,21.653,498.689,4h,uploaded_csv,BTCDOM_INDEX_PROXY,False,True
2024-03-09 00:00:00+00:00,21.658,21.68,21.439,21.454,266.646,4h,uploaded_csv,BTCDOM_INDEX_PROXY,False,True
2024-03-09 04:00:00+00:00,21.458,21.509,21.4,21.442,165.495,4h,uploaded_csv,BTCDOM_INDEX_PROXY,False,True
2024-03-09 08:00:00+00:00,21.447,21.615,21.386,21.536,296.355,4h,uploaded_csv,BTCDOM_INDEX_PROXY,False,True
2024-03-09 12:00:00+00:00,21.536,21.644,21.486,21.502,179.144,4h,uploaded_csv,BTCDOM_INDEX_PROXY,False,True
2024-03-09 16:00:00+00:00,21.502,21.667,21.487,21.655,257.744,4h,uploaded_csv,BTCDOM_INDEX_PROXY,False,True
2024-03-09 20:00:00+00:00,21.654,21.662,21.533,21.564,110.278,4h,uploaded_csv,BTCDOM_INDEX_PROXY,False,True
2024-03-10 00:00:00+00:00,21.564,21.71,21.497,21.703,250.367,4h,uploaded_csv,BTCDOM_INDEX_PROXY,False,True
2024-03-10 04:00:00+00:00,21.703,21.803,21.639,21.658,301.507,4h,uploaded_csv,BTCDOM_INDEX_PROXY,False,True
2024-03-10 08:00:00+00:00,21.665,21.8,21.645,21.77,287.343,4h,uploaded_csv,BTCDOM_INDEX_PROXY,False,True
2024-03-10 12:00:00+00:00,21.771,21.97,21.737,21.935,475.799,4h,uploaded_csv,BTCDOM_INDEX_PROXY,False,True
2024-03-10 16:00:00+00:00,21.939,21.955,21.812,21.868,149.06,4h,uploaded_csv,BTCDOM_INDEX_PROXY,False,True
2024-03-10 20:00:00+00:00,21.868,22.051,21.8,21.817,306.537,4h,uploaded_csv,BTCDOM_INDEX_PROXY,False,True
2024-03-11 00:00:00+00:00,21.818,22.074,21.74,21.82,542.362,4h,uploaded_csv,BTCDOM_INDEX_PROXY,False,True
2024-03-11 04:00:00+00:00,21.824,22.034,21.791,21.891,420.92,4h,uploaded_csv,BTCDOM_INDEX_PROXY,False,True
2024-03-11 08:00:00+00:00,21.888,22.074,21.861,21.916,494.559,4h,uploaded_csv,BTCDOM_INDEX_PROXY,False,True
2024-03-11 12:00:00+00:00,21.926,22.216,21.903,22.034,421.271,4h,uploaded_csv,BTCDOM_INDEX_PROXY,False,True
2024-03-11 16:00:00+00:00,22.034,22.128,21.805,21.879,458.906,4h,uploaded_csv,BTCDOM_INDEX_PROXY,False,True
2024-03-11 20:00:00+00:00,21.877,21.952,21.704,21.725,198.427,4h,uploaded_csv,BTCDOM_INDEX_PROXY,False,True
2024-03-12 00:00:00+00:00,21.725,21.901,21.632,21.774,322.414,4h,uploaded_csv,BTCDOM_INDEX_PROXY,False,True
2024-03-12 04:00:00+00:00,21.775,21.992,21.722,21.952,317.721,4h,uploaded_csv,BTCDOM_INDEX_PROXY,False,True
2024-03-12 08:00:00+00:00,21.952,22.174,21.905,22.026,423.215,4h,uploaded_csv,BTCDOM_INDEX_PROXY,False,True
2024-03-12 12:00:00+00:00,22.021,22.148,21.961,21.977,505.879,4h,uploaded_csv,BTCDOM_INDEX_PROXY,False,True
2024-03-12 16:00:00+00:00,21.976,22.082,21.869,21.923,704.482,4h,uploaded_csv,BTCDOM_INDEX_PROXY,False,True
2024-03-12 20:00:00+00:00,21.924,22.072,21.893,21.961,194.433,4h,uploaded_csv,BTCDOM_INDEX_PROXY,False,True
2024-03-13 00:00:00+00:00,21.961,22.013,21.89,21.899,212.357,4h,uploaded_csv,BTCDOM_INDEX_PROXY,False,True
2024-03-13 04:00:00+00:00,21.9,22.06,21.88,22.044,169.09,4h,uploaded_csv,BTCDOM_INDEX_PROXY,False,True
2024-03-13 08:00:00+00:00,22.044,22.096,21.982,21.993,211.787,4h,uploaded_csv,BTCDOM_INDEX_PROXY,False,True
2024-03-13 12:00:00+00:00,21.993,22.231,21.965,22.195,391.36,4h,uploaded_csv,BTCDOM_INDEX_PROXY,False,True
2024-03-13 16:00:00+00:00,22.195,22.204,22.064,22.153,137.865,4h,uploaded_csv,BTCDOM_INDEX_PROXY,False,True
2024-03-13 20:00:00+00:00,22.157,22.2,21.894,21.936,202.265,4h,uploaded_csv,BTCDOM_INDEX_PROXY,False,True
2024-03-14 00:00:00+00:00,21.93,22.053,21.91,22.046,115.428,4h,uploaded_csv,BTCDOM_INDEX_PROXY,False,True
2024-03-14 04:00:00+00:00,22.046,22.159,22.021,22.089,208.384,4h,uploaded_csv,BTCDOM_INDEX_PROXY,False,True
2024-03-14 08:00:00+00:00,22.089,22.111,21.823,21.933,278.086,4h,uploaded_csv,BTCDOM_INDEX_PROXY,False,True
2024-03-14 12:00:00+00:00,21.938,22.205,21.912,21.976,579.181,4h,uploaded_csv,BTCDOM_INDEX_PROXY,False,True
2024-03-14 16:00:00+00:00,21.977,22.078,21.812,21.925,574.148,4h,uploaded_csv,BTCDOM_INDEX_PROXY,False,True
2024-03-14 20:00:00+00:00,21.935,21.96,21.802,21.815,237.09,4h,uploaded_csv,BTCDOM_INDEX_PROXY,False,True
2024-03-15 00:00:00+00:00,21.811,21.925,21.716,21.731,751.998,4h,uploaded_csv,BTCDOM_INDEX_PROXY,False,True
2024-03-15 04:00:00+00:00,21.73,21.831,21.597,21.679,573.447,4h,uploaded_csv,BTCDOM_INDEX_PROXY,False,True
2024-03-15 08:00:00+00:00,21.678,22.041,21.665,21.878,958.441,4h,uploaded_csv,BTCDOM_INDEX_PROXY,False,True
2024-03-15 12:00:00+00:00,21.879,21.918,21.733,21.784,306.614,4h,uploaded_csv,BTCDOM_INDEX_PROXY,False,True
2024-03-15 16:00:00+00:00,21.784,22.0,21.71,22.0,352.413,4h,uploaded_csv,BTCDOM_INDEX_PROXY,False,True
2024-03-15 20:00:00+00:00,21.992,22.093,21.797,21.806,448.149,4h,uploaded_csv,BTCDOM_INDEX_PROXY,False,True
2024-03-16 00:00:00+00:00,21.806,21.924,21.75,21.79,320.535,4h,uploaded_csv,BTCDOM_INDEX_PROXY,False,True
2024-03-16 04:00:00+00:00,21.79,21.895,21.728,21.765,262.131,4h,uploaded_csv,BTCDOM_INDEX_PROXY,False,True
2024-03-16 08:00:00+00:00,21.768,21.798,21.567,21.664,358.89,4h,uploaded_csv,BTCDOM_INDEX_PROXY,False,True
2024-03-16 12:00:00+00:00,21.666,21.965,21.649,21.849,402.077,4h,uploaded_csv,BTCDOM_INDEX_PROXY,False,True
2024-03-16 16:00:00+00:00,21.845,22.185,21.835,22.082,903.671,4h,uploaded_csv,BTCDOM_INDEX_PROXY,False,True
2024-03-16 20:00:00+00:00,22.08,22.192,21.87,21.875,441.512,4h,uploaded_csv,BTCDOM_INDEX_PROXY,False,True
2024-03-17 00:00:00+00:00,21.875,21.993,21.843,21.925,310.478,4h,uploaded_csv,BTCDOM_INDEX_PROXY,False,True
2024-03-17 04:00:00+00:00,21.926,22.42,21.886,22.3,1014.011,4h,uploaded_csv,BTCDOM_INDEX_PROXY,False,True
2024-03-17 08:00:00+00:00,22.302,22.4,21.992,22.03,903.969,4h,uploaded_csv,BTCDOM_INDEX_PROXY,False,True
2024-03-17 12:00:00+00:00,22.03,22.208,21.971,22.025,469.388,4h,uploaded_csv,BTCDOM_INDEX_PROXY,False,True
2024-03-17 16:00:00+00:00,22.025,22.181,22.012,22.112,182.978,4h,uploaded_csv,BTCDOM_INDEX_PROXY,False,True
2024-03-17 20:00:00+00:00,22.113,22.15,22.007,22.125,145.912,4h,uploaded_csv,BTCDOM_INDEX_PROXY,False,True
2024-03-18 00:00:00+00:00,22.125,22.231,22.095,22.175,280.861,4h,uploaded_csv,BTCDOM_INDEX_PROXY,False,True
2024-03-18 04:00:00+00:00,22.176,22.267,22.071,22.081,241.821,4h,uploaded_csv,BTCDOM_INDEX_PROXY,False,True
2024-03-18 08:00:00+00:00,22.083,22.351,22.08,22.228,254.134,4h,uploaded_csv,BTCDOM_INDEX_PROXY,False,True
2024-03-18 12:00:00+00:00,22.239,22.543,22.224,22.469,678.684,4h,uploaded_csv,BTCDOM_INDEX_PROXY,False,True
2024-03-18 16:00:00+00:00,22.472,22.7,22.432,22.605,499.174,4h,uploaded_csv,BTCDOM_INDEX_PROXY,False,True
2024-03-18 20:00:00+00:00,22.607,22.621,22.454,22.502,316.184,4h,uploaded_csv,BTCDOM_INDEX_PROXY,False,True
2024-03-19 00:00:00+00:00,22.51,22.951,22.507,22.721,1033.41,4h,uploaded_csv,BTCDOM_INDEX_PROXY,False,True
2024-03-19 04:00:00+00:00,22.725,22.881,22.59,22.715,867.244,4h,uploaded_csv,BTCDOM_INDEX_PROXY,False,True
2024-03-19 08:00:00+00:00,22.715,23.142,22.676,22.678,1348.897,4h,uploaded_csv,BTCDOM_INDEX_PROXY,False,True
2024-03-19 12:00:00+00:00,22.678,22.836,22.598,22.692,994.203,4h,uploaded_csv,BTCDOM_INDEX_PROXY,False,True
2024-03-19 16:00:00+00:00,22.692,22.981,22.658,22.704,495.864,4h,uploaded_csv,BTCDOM_INDEX_PROXY,False,True
2024-03-19 20:00:00+00:00,22.707,23.1,22.68,23.002,585.317,4h,uploaded_csv,BTCDOM_INDEX_PROXY,False,True
2024-03-20 00:00:00+00:00,23.002,23.1,22.783,22.914,482.328,4h,uploaded_csv,BTCDOM_INDEX_PROXY,False,True
2024-03-20 04:00:00+00:00,22.913,23.285,22.783,22.795,885.582,4h,uploaded_csv,BTCDOM_INDEX_PROXY,False,True
2024-03-20 08:00:00+00:00,22.799,22.905,22.613,22.622,543.516,4h,uploaded_csv,BTCDOM_INDEX_PROXY,False,True
2024-03-20 12:00:00+00:00,22.628,22.874,22.411,22.859,721.67,4h,uploaded_csv,BTCDOM_INDEX_PROXY,False,True
2024-03-20 16:00:00+00:00,22.864,23.202,22.667,22.797,1145.201,4h,uploaded_csv,BTCDOM_INDEX_PROXY,False,True
2024-03-20 20:00:00+00:00,22.794,22.869,22.611,22.731,708.182,4h,uploaded_csv,BTCDOM_INDEX_PROXY,False,True
2024-03-21 00:00:00+00:00,22.725,22.81,22.339,22.415,711.836,4h,uploaded_csv,BTCDOM_INDEX_PROXY,False,True
2024-03-21 04:00:00+00:00,22.416,22.658,22.363,22.502,427.574,4h,uploaded_csv,BTCDOM_INDEX_PROXY,False,True
2024-03-21 08:00:00+00:00,22.5,22.581,22.244,22.405,591.23,4h,uploaded_csv,BTCDOM_INDEX_PROXY,False,True
2024-03-21 12:00:00+00:00,22.405,22.477,22.284,22.367,356.583,4h,uploaded_csv,BTCDOM_INDEX_PROXY,False,True
2024-03-21 16:00:00+00:00,22.371,22.447,22.206,22.293,418.796,4h,uploaded_csv,BTCDOM_INDEX_PROXY,False,True
2024-03-21 20:00:00+00:00,22.293,22.309,22.067,22.139,448.323,4h,uploaded_csv,BTCDOM_INDEX_PROXY,False,True
2024-03-22 00:00:00+00:00,22.139,22.317,22.085,22.101,381.993,4h,uploaded_csv,BTCDOM_INDEX_PROXY,False,True
2024-03-22 04:00:00+00:00,22.099,22.215,22.08,22.132,295.302,4h,uploaded_csv,BTCDOM_INDEX_PROXY,False,True
2024-03-22 08:00:00+00:00,22.133,22.244,22.105,22.153,343.882,4h,uploaded_csv,BTCDOM_INDEX_PROXY,False,True
2024-03-22 12:00:00+00:00,22.157,22.42,22.133,22.374,814.302,4h,uploaded_csv,BTCDOM_INDEX_PROXY,False,True
2024-03-22 16:00:00+00:00,22.378,22.421,22.307,22.369,310.183,4h,uploaded_csv,BTCDOM_INDEX_PROXY,False,True
2024-03-22 20:00:00+00:00,22.371,22.466,22.293,22.293,372.076,4h,uploaded_csv,BTCDOM_INDEX_PROXY,False,True
2024-03-23 00:00:00+00:00,22.293,22.425,22.207,22.382,430.315,4h,uploaded_csv,BTCDOM_INDEX_PROXY,False,True
2024-03-23 04:00:00+00:00,22.382,22.469,22.319,22.377,225.75,4h,uploaded_csv,BTCDOM_INDEX_PROXY,False,True
2024-03-23 08:00:00+00:00,22.375,22.445,22.299,22.364,228.296,4h,uploaded_csv,BTCDOM_INDEX_PROXY,False,True
2024-03-23 12:00:00+00:00,22.367,22.384,22.228,22.285,267.61,4h,uploaded_csv,BTCDOM_INDEX_PROXY,False,True
2024-03-23 16:00:00+00:00,22.286,22.488,22.281,22.315,194.42,4h,uploaded_csv,BTCDOM_INDEX_PROXY,False,True
2024-03-23 20:00:00+00:00,22.315,22.392,22.282,22.35,152.616,4h,uploaded_csv,BTCDOM_INDEX_PROXY,False,True
2024-03-24 00:00:00+00:00,22.35,22.41,22.28,22.404,193.532,4h,uploaded_csv,BTCDOM_INDEX_PROXY,False,True
2024-03-24 04:00:00+00:00,22.402,22.432,22.345,22.415,164.061,4h,uploaded_csv,BTCDOM_INDEX_PROXY,False,True
2024-03-24 08:00:00+00:00,22.417,22.451,22.371,22.43,149.153,4h,uploaded_csv,BTCDOM_INDEX_PROXY,False,True
2024-03-24 12:00:00+00:00,22.431,22.471,22.403,22.442,195.344,4h,uploaded_csv,BTCDOM_INDEX_PROXY,False,True
2024-03-24 16:00:00+00:00,22.442,22.578,22.432,22.547,280.669,4h,uploaded_csv,BTCDOM_INDEX_PROXY,False,True
2024-03-24 20:00:00+00:00,22.548,22.609,22.426,22.569,216.584,4h,uploaded_csv,BTCDOM_INDEX_PROXY,False,True
2024-03-25 00:00:00+00:00,22.569,22.582,22.397,22.526,185.042,4h,uploaded_csv,BTCDOM_INDEX_PROXY,False,True
2024-03-25 04:00:00+00:00,22.526,22.528,22.327,22.4,187.614,4h,uploaded_csv,BTCDOM_INDEX_PROXY,False,True
2024-03-25 08:00:00+00:00,22.4,22.48,22.302,22.421,251.337,4h,uploaded_csv,BTCDOM_INDEX_PROXY,False,True
2024-03-25 12:00:00+00:00,22.42,22.615,22.41,22.577,340.891,4h,uploaded_csv,BTCDOM_INDEX_PROXY,False,True
2024-03-25 16:00:00+00:00,22.578,22.745,22.536,22.711,299.797,4h,uploaded_csv,BTCDOM_INDEX_PROXY,False,True
2024-03-25 20:00:00+00:00,22.712,22.76,22.62,22.683,244.75,4h,uploaded_csv,BTCDOM_INDEX_PROXY,False,True
2024-03-26 00:00:00+00:00,22.683,22.708,22.588,22.626,262.161,4h,uploaded_csv,BTCDOM_INDEX_PROXY,False,True
2024-03-26 04:00:00+00:00,22.63,22.674,22.485,22.556,204.628,4h,uploaded_csv,BTCDOM_INDEX_PROXY,False,True
2024-03-26 08:00:00+00:00,22.565,22.608,22.507,22.594,187.36,4h,uploaded_csv,BTCDOM_INDEX_PROXY,False,True
2024-03-26 12:00:00+00:00,22.598,22.817,22.583,22.79,406.901,4h,uploaded_csv,BTCDOM_INDEX_PROXY,False,True
2024-03-26 16:00:00+00:00,22.791,22.85,22.729,22.737,366.93,4h,uploaded_csv,BTCDOM_INDEX_PROXY,False,True
2024-03-26 20:00:00+00:00,22.737,22.77,22.666,22.715,185.793,4h,uploaded_csv,BTCDOM_INDEX_PROXY,False,True
2024-03-27 00:00:00+00:00,22.715,22.765,22.692,22.756,135.858,4h,uploaded_csv,BTCDOM_INDEX_PROXY,False,True
2024-03-27 04:00:00+00:00,22.757,22.85,22.735,22.828,127.201,4h,uploaded_csv,BTCDOM_INDEX_PROXY,False,True
2024-03-27 08:00:00+00:00,22.829,22.969,22.802,22.834,286.955,4h,uploaded_csv,BTCDOM_INDEX_PROXY,False,True
2024-03-27 12:00:00+00:00,22.834,23.01,22.811,22.867,546.009,4h,uploaded_csv,BTCDOM_INDEX_PROXY,False,True
2024-03-27 16:00:00+00:00,22.872,22.99,22.8,22.857,213.509,4h,uploaded_csv,BTCDOM_INDEX_PROXY,False,True
2024-03-27 20:00:00+00:00,22.857,22.983,22.795,22.967,136.978,4h,uploaded_csv,BTCDOM_INDEX_PROXY,False,True
2024-03-28 00:00:00+00:00,22.97,23.07,22.88,22.993,343.773,4h,uploaded_csv,BTCDOM_INDEX_PROXY,False,True
2024-03-28 04:00:00+00:00,22.992,23.004,22.854,22.878,210.033,4h,uploaded_csv,BTCDOM_INDEX_PROXY,False,True
2024-03-28 08:00:00+00:00,22.877,22.955,22.85,22.919,111.327,4h,uploaded_csv,BTCDOM_INDEX_PROXY,False,True
2024-03-28 12:00:00+00:00,22.916,23.116,22.865,23.083,473.866,4h,uploaded_csv,BTCDOM_INDEX_PROXY,False,True
2024-03-28 16:00:00+00:00,23.08,23.099,22.932,22.981,193.526,4h,uploaded_csv,BTCDOM_INDEX_PROXY,False,True
2024-03-28 20:00:00+00:00,22.985,23.046,22.934,22.958,101.605,4h,uploaded_csv,BTCDOM_INDEX_PROXY,False,True
2024-03-29 00:00:00+00:00,22.957,23.052,22.835,22.854,190.889,4h,uploaded_csv,BTCDOM_INDEX_PROXY,False,True
2024-03-29 04:00:00+00:00,22.854,22.933,22.726,22.896,328.064,4h,uploaded_csv,BTCDOM_INDEX_PROXY,False,True
2024-03-29 08:00:00+00:00,22.895,22.909,22.647,22.672,248.6,4h,uploaded_csv,BTCDOM_INDEX_PROXY,False,True
2024-03-29 12:00:00+00:00,22.671,22.757,22.575,22.677,216.292,4h,uploaded_csv,BTCDOM_INDEX_PROXY,False,True
2024-03-29 16:00:00+00:00,22.672,22.776,22.634,22.72,125.91,4h,uploaded_csv,BTCDOM_INDEX_PROXY,False,True
2024-03-29 20:00:00+00:00,22.72,22.755,22.58,22.647,131.552,4h,uploaded_csv,BTCDOM_INDEX_PROXY,False,True
2024-03-30 00:00:00+00:00,22.639,22.758,22.637,22.743,131.508,4h,uploaded_csv,BTCDOM_INDEX_PROXY,False,True
2024-03-30 04:00:00+00:00,22.742,22.786,22.634,22.786,87.054,4h,uploaded_csv,BTCDOM_INDEX_PROXY,False,True
2024-03-30 08:00:00+00:00,22.787,22.824,22.552,22.577,240.064,4h,uploaded_csv,BTCDOM_INDEX_PROXY,False,True
2024-03-30 12:00:00+00:00,22.576,22.672,22.559,22.627,183.037,4h,uploaded_csv,BTCDOM_INDEX_PROXY,False,True
2024-03-30 16:00:00+00:00,22.625,22.824,22.607,22.739,283.174,4h,uploaded_csv,BTCDOM_INDEX_PROXY,False,True
2024-03-30 20:00:00+00:00,22.747,22.799,22.704,22.737,169.924,4h,uploaded_csv,BTCDOM_INDEX_PROXY,False,True
2024-03-31 00:00:00+00:00,22.738,22.759,22.665,22.691,107.796,4h,uploaded_csv,BTCDOM_INDEX_PROXY,False,True
2024-03-31 04:00:00+00:00,22.69,22.745,22.405,22.408,327.01,4h,uploaded_csv,BTCDOM_INDEX_PROXY,False,True
2024-03-31 08:00:00+00:00,22.407,22.532,22.345,22.507,370.697,4h,uploaded_csv,BTCDOM_INDEX_PROXY,False,True
2024-03-31 12:00:00+00:00,22.508,22.553,22.445,22.472,177.953,4h,uploaded_csv,BTCDOM_INDEX_PROXY,False,True
2024-03-31 16:00:00+00:00,22.468,22.53,22.433,22.449,156.443,4h,uploaded_csv,BTCDOM_INDEX_PROXY,False,True
2024-03-31 20:00:00+00:00,22.45,22.477,22.396,22.462,145.79,4h,uploaded_csv,BTCDOM_INDEX_PROXY,False,True
2024-04-01 00:00:00+00:00,22.459,22.492,22.396,22.406,136.689,4h,uploaded_csv,BTCDOM_INDEX_PROXY,False,True
2024-04-01 04:00:00+00:00,22.41,22.781,22.393,22.529,455.436,4h,uploaded_csv,BTCDOM_INDEX_PROXY,False,True
2024-04-01 08:00:00+00:00,22.529,22.655,22.529,22.628,189.731,4h,uploaded_csv,BTCDOM_INDEX_PROXY,False,True
2024-04-01 12:00:00+00:00,22.628,22.875,22.588,22.831,541.861,4h,uploaded_csv,BTCDOM_INDEX_PROXY,False,True
2024-04-01 16:00:00+00:00,22.831,23.022,22.793,22.952,533.641,4h,uploaded_csv,BTCDOM_INDEX_PROXY,False,True
2024-04-01 20:00:00+00:00,22.946,23.024,22.9,22.925,301.04,4h,uploaded_csv,BTCDOM_INDEX_PROXY,False,True
2024-04-02 00:00:00+00:00,22.924,23.003,22.841,22.842,659.407,4h,uploaded_csv,BTCDOM_INDEX_PROXY,False,True
2024-04-02 04:00:00+00:00,22.843,22.91,22.745,22.812,429.48,4h,uploaded_csv,BTCDOM_INDEX_PROXY,False,True
2024-04-02 08:00:00+00:00,22.811,22.973,22.796,22.849,616.126,4h,uploaded_csv,BTCDOM_INDEX_PROXY,False,True
2024-04-02 12:00:00+00:00,22.849,22.947,22.787,22.902,510.446,4h,uploaded_csv,BTCDOM_INDEX_PROXY,False,True
2024-04-02 16:00:00+00:00,22.907,23.054,22.902,22.934,284.727,4h,uploaded_csv,BTCDOM_INDEX_PROXY,False,True
2024-04-02 20:00:00+00:00,22.928,23.0,22.809,22.875,604.103,4h,uploaded_csv,BTCDOM_INDEX_PROXY,False,True
2024-04-03 00:00:00+00:00,22.876,23.187,22.796,22.852,780.159,4h,uploaded_csv,BTCDOM_INDEX_PROXY,False,True
2024-04-03 04:00:00+00:00,22.852,22.973,22.834,22.856,226.406,4h,uploaded_csv,BTCDOM_INDEX_PROXY,False,True
2024-04-03 08:00:00+00:00,22.857,22.934,22.73,22.86,370.144,4h,uploaded_csv,BTCDOM_INDEX_PROXY,False,True
2024-04-03 12:00:00+00:00,22.856,22.92,22.783,22.784,205.932,4h,uploaded_csv,BTCDOM_INDEX_PROXY,False,True
2024-04-03 16:00:00+00:00,22.783,23.015,22.75,22.899,390.256,4h,uploaded_csv,BTCDOM_INDEX_PROXY,False,True
2024-04-03 20:00:00+00:00,22.894,23.072,22.894,22.988,286.89,4h,uploaded_csv,BTCDOM_INDEX_PROXY,False,True
2024-04-04 00:00:00+00:00,22.99,23.046,22.866,22.995,257.954,4h,uploaded_csv,BTCDOM_INDEX_PROXY,False,True
2024-04-04 04:00:00+00:00,22.995,23.026,22.771,22.805,349.747,4h,uploaded_csv,BTCDOM_INDEX_PROXY,False,True
2024-04-04 08:00:00+00:00,22.805,22.845,22.744,22.803,162.687,4h,uploaded_csv,BTCDOM_INDEX_PROXY,False,True
2024-04-04 12:00:00+00:00,22.803,23.035,22.77,23.018,293.831,4h,uploaded_csv,BTCDOM_INDEX_PROXY,False,True
2024-04-04 16:00:00+00:00,23.02,23.39,22.959,23.277,626.631,4h,uploaded_csv,BTCDOM_INDEX_PROXY,False,True
2024-04-04 20:00:00+00:00,23.276,23.591,23.276,23.555,609.866,4h,uploaded_csv,BTCDOM_INDEX_PROXY,False,True
2024-04-05 00:00:00+00:00,23.556,23.8,23.456,23.554,888.322,4h,uploaded_csv,BTCDOM_INDEX_PROXY,False,True
2024-04-05 04:00:00+00:00,23.554,23.722,23.427,23.441,565.742,4h,uploaded_csv,BTCDOM_INDEX_PROXY,False,True
2024-04-05 08:00:00+00:00,23.442,23.696,23.434,23.622,654.388,4h,uploaded_csv,BTCDOM_INDEX_PROXY,False,True
2024-04-05 12:00:00+00:00,23.626,23.789,23.577,23.651,920.072,4h,uploaded_csv,BTCDOM_INDEX_PROXY,False,True
2024-04-05 16:00:00+00:00,23.653,23.711,23.436,23.436,440.132,4h,uploaded_csv,BTCDOM_INDEX_PROXY,False,True
2024-04-05 20:00:00+00:00,23.439,23.64,23.376,23.635,199.719,4h,uploaded_csv,BTCDOM_INDEX_PROXY,False,True
2024-04-06 00:00:00+00:00,23.635,23.677,23.42,23.469,300.605,4h,uploaded_csv,BTCDOM_INDEX_PROXY,False,True
2024-04-06 04:00:00+00:00,23.47,23.524,23.426,23.477,154.038,4h,uploaded_csv,BTCDOM_INDEX_PROXY,False,True
2024-04-06 08:00:00+00:00,23.475,23.503,23.362,23.428,178.43,4h,uploaded_csv,BTCDOM_INDEX_PROXY,False,True
2024-04-06 12:00:00+00:00,23.428,23.561,23.402,23.478,158.73,4h,uploaded_csv,BTCDOM_INDEX_PROXY,False,True
2024-04-06 16:00:00+00:00,23.477,23.56,23.434,23.503,167.372,4h,uploaded_csv,BTCDOM_INDEX_PROXY,False,True
2024-04-06 20:00:00+00:00,23.504,23.668,23.447,23.628,157.237,4h,uploaded_csv,BTCDOM_INDEX_PROXY,False,True
2024-04-07 00:00:00+00:00,23.629,23.695,23.524,23.558,181.909,4h,uploaded_csv,BTCDOM_INDEX_PROXY,False,True
2024-04-07 04:00:00+00:00,23.558,23.6,23.492,23.59,95.625,4h,uploaded_csv,BTCDOM_INDEX_PROXY,False,True
2024-04-07 08:00:00+00:00,23.591,23.622,23.5,23.543,85.659,4h,uploaded_csv,BTCDOM_INDEX_PROXY,False,True
2024-04-07 12:00:00+00:00,23.542,23.632,23.412,23.615,272.048,4h,uploaded_csv,BTCDOM_INDEX_PROXY,False,True
2024-04-07 16:00:00+00:00,23.616,23.75,23.575,23.592,349.72,4h,uploaded_csv,BTCDOM_INDEX_PROXY,False,True
2024-04-07 20:00:00+00:00,23.592,23.64,23.321,23.324,358.556,4h,uploaded_csv,BTCDOM_INDEX_PROXY,False,True
2024-04-08 00:00:00+00:00,23.322,23.595,23.314,23.564,235.244,4h,uploaded_csv,BTCDOM_INDEX_PROXY,False,True
2024-04-08 04:00:00+00:00,23.564,23.668,23.537,23.63,106.568,4h,uploaded_csv,BTCDOM_INDEX_PROXY,False,True
2024-04-08 08:00:00+00:00,23.631,23.645,23.309,23.428,644.514,4h,uploaded_csv,BTCDOM_INDEX_PROXY,False,True
2024-04-08 12:00:00+00:00,23.418,23.435,23.252,23.354,377.491,4h,uploaded_csv,BTCDOM_INDEX_PROXY,False,True
2024-04-08 16:00:00+00:00,23.344,23.35,23.096,23.107,341.4,4h,uploaded_csv,BTCDOM_INDEX_PROXY,False,True
2024-04-08 20:00:00+00:00,23.117,23.157,23.048,23.096,147.912,4h,uploaded_csv,BTCDOM_INDEX_PROXY,False,True
2024-04-09 00:00:00+00:00,23.096,23.155,22.993,23.136,246.406,4h,uploaded_csv,BTCDOM_INDEX_PROXY,False,True
2024-04-09 04:00:00+00:00,23.136,23.187,23.005,23.126,270.318,4h,uploaded_csv,BTCDOM_INDEX_PROXY,False,True
2024-04-09 08:00:00+00:00,23.13,23.203,23.085,23.153,263.18,4h,uploaded_csv,BTCDOM_INDEX_PROXY,False,True
2024-04-09 12:00:00+00:00,23.154,23.312,23.11,23.187,443.598,4h,uploaded_csv,BTCDOM_INDEX_PROXY,False,True
2024-04-09 16:00:00+00:00,23.186,23.226,23.057,23.112,216.901,4h,uploaded_csv,BTCDOM_INDEX_PROXY,False,True
2024-04-09 20:00:00+00:00,23.11,23.386,23.097,23.268,416.134,4h,uploaded_csv,BTCDOM_INDEX_PROXY,False,True
2024-04-10 00:00:00+00:00,23.268,23.462,23.229,23.347,526.522,4h,uploaded_csv,BTCDOM_INDEX_PROXY,False,True
2024-04-10 04:00:00+00:00,23.347,23.37,23.203,23.254,183.837,4h,uploaded_csv,BTCDOM_INDEX_PROXY,False,True
2024-04-10 08:00:00+00:00,23.255,23.339,23.205,23.285,159.121,4h,uploaded_csv,BTCDOM_INDEX_PROXY,False,True
2024-04-10 12:00:00+00:00,23.286,23.538,23.279,23.318,676.299,4h,uploaded_csv,BTCDOM_INDEX_PROXY,False,True
2024-04-10 16:00:00+00:00,23.318,23.486,23.201,23.466,292.407,4h,uploaded_csv,BTCDOM_INDEX_PROXY,False,True
2024-04-10 20:00:00+00:00,23.468,23.575,23.401,23.5,230.952,4h,uploaded_csv,BTCDOM_INDEX_PROXY,False,True
2024-04-11 00:00:00+00:00,23.501,23.66,23.45,23.458,487.235,4h,uploaded_csv,BTCDOM_INDEX_PROXY,False,True
2024-04-11 04:00:00+00:00,23.453,23.497,23.399,23.406,265.91,4h,uploaded_csv,BTCDOM_INDEX_PROXY,False,True
2024-04-11 08:00:00+00:00,23.406,23.615,23.355,23.605,246.11,4h,uploaded_csv,BTCDOM_INDEX_PROXY,False,True
2024-04-11 12:00:00+00:00,23.606,23.695,23.487,23.588,646.526,4h,uploaded_csv,BTCDOM_INDEX_PROXY,False,True
2024-04-11 16:00:00+00:00,23.589,23.643,23.536,23.627,198.416,4h,uploaded_csv,BTCDOM_INDEX_PROXY,False,True
2024-04-11 20:00:00+00:00,23.623,23.657,23.556,23.579,206.249,4h,uploaded_csv,BTCDOM_INDEX_PROXY,False,True
2024-04-12 00:00:00+00:00,23.579,23.676,23.493,23.672,236.018,4h,uploaded_csv,BTCDOM_INDEX_PROXY,False,True
2024-04-12 04:00:00+00:00,23.673,23.681,23.564,23.676,292.875,4h,uploaded_csv,BTCDOM_INDEX_PROXY,False,True
2024-04-12 08:00:00+00:00,23.677,23.696,23.591,23.658,331.545,4h,uploaded_csv,BTCDOM_INDEX_PROXY,False,True
2024-04-12 12:00:00+00:00,23.659,23.918,23.652,23.785,1275.88,4h,uploaded_csv,BTCDOM_INDEX_PROXY,False,True
2024-04-12 16:00:00+00:00,23.784,28.473,23.53,24.978,6539.675,4h,uploaded_csv,BTCDOM_INDEX_PROXY,False,True
2024-04-12 20:00:00+00:00,24.979,25.048,24.545,24.674,1805.353,4h,uploaded_csv,BTCDOM_INDEX_PROXY,False,True
2024-04-13 00:00:00+00:00,24.67,25.092,24.669,24.839,1762.306,4h,uploaded_csv,BTCDOM_INDEX_PROXY,False,True
2024-04-13 04:00:00+00:00,24.834,24.895,24.616,24.79,895.6,4h,uploaded_csv,BTCDOM_INDEX_PROXY,False,True
2024-04-13 08:00:00+00:00,24.79,24.812,24.585,24.691,769.054,4h,uploaded_csv,BTCDOM_INDEX_PROXY,False,True
2024-04-13 12:00:00+00:00,24.69,24.952,24.592,24.901,932.709,4h,uploaded_csv,BTCDOM_INDEX_PROXY,False,True
2024-04-13 16:00:00+00:00,24.9,26.499,24.849,25.778,5099.05,4h,uploaded_csv,BTCDOM_INDEX_PROXY,False,True
2024-04-13 20:00:00+00:00,25.789,29.7,25.538,25.719,8018.44,4h,uploaded_csv,BTCDOM_INDEX_PROXY,False,True
2024-04-14 00:00:00+00:00,25.719,26.114,25.583,25.832,1939.387,4h,uploaded_csv,BTCDOM_INDEX_PROXY,False,True
2024-04-14 04:00:00+00:00,25.831,25.964,25.0,25.074,1798.043,4h,uploaded_csv,BTCDOM_INDEX_PROXY,False,True
2024-04-14 08:00:00+00:00,25.076,25.597,25.002,25.558,1652.219,4h,uploaded_csv,BTCDOM_INDEX_PROXY,False,True
2024-04-14 12:00:00+00:00,25.559,25.724,25.26,25.451,1628.578,4h,uploaded_csv,BTCDOM_INDEX_PROXY,False,True
2024-04-14 16:00:00+00:00,25.447,25.58,25.16,25.271,1325.727,4h,uploaded_csv,BTCDOM_INDEX_PROXY,False,True
2024-04-14 20:00:00+00:00,25.266,25.296,24.793,24.99,1295.12,4h,uploaded_csv,BTCDOM_INDEX_PROXY,False,True
2024-04-15 00:00:00+00:00,24.99,25.351,24.94,24.962,854.468,4h,uploaded_csv,BTCDOM_INDEX_PROXY,False,True
2024-04-15 04:00:00+00:00,24.961,25.07,24.527,24.596,1052.588,4h,uploaded_csv,BTCDOM_INDEX_PROXY,False,True
2024-04-15 08:00:00+00:00,24.589,24.688,24.454,24.585,742.056,4h,uploaded_csv,BTCDOM_INDEX_PROXY,False,True
2024-04-15 12:00:00+00:00,24.574,24.922,24.547,24.786,998.507,4h,uploaded_csv,BTCDOM_INDEX_PROXY,False,True
2024-04-15 16:00:00+00:00,24.79,25.18,24.675,24.801,1389.245,4h,uploaded_csv,BTCDOM_INDEX_PROXY,False,True
2024-04-15 20:00:00+00:00,24.8,24.906,24.633,24.831,508.275,4h,uploaded_csv,BTCDOM_INDEX_PROXY,False,True
2024-04-16 00:00:00+00:00,24.827,25.078,24.812,24.996,584.893,4h,uploaded_csv,BTCDOM_INDEX_PROXY,False,True
2024-04-16 04:00:00+00:00,24.993,25.236,24.777,24.85,859.09,4h,uploaded_csv,BTCDOM_INDEX_PROXY,False,True
2024-04-16 08:00:00+00:00,24.847,25.103,24.832,24.887,983.516,4h,uploaded_csv,BTCDOM_INDEX_PROXY,False,True
2024-04-16 12:00:00+00:00,24.884,25.227,24.872,25.224,948.394,4h,uploaded_csv,BTCDOM_INDEX_PROXY,False,True
2024-04-16 16:00:00+00:00,25.226,25.296,24.999,25.082,697.673,4h,uploaded_csv,BTCDOM_INDEX_PROXY,False,True
2024-04-16 20:00:00+00:00,25.086,25.195,24.96,25.187,334.912,4h,uploaded_csv,BTCDOM_INDEX_PROXY,False,True
2024-04-17 00:00:00+00:00,25.184,25.363,25.15,25.151,343.649,4h,uploaded_csv,BTCDOM_INDEX_PROXY,False,True
2024-04-17 04:00:00+00:00,25.151,25.204,24.977,24.992,419.616,4h,uploaded_csv,BTCDOM_INDEX_PROXY,False,True
2024-04-17 08:00:00+00:00,24.992,25.177,24.887,25.123,353.744,4h,uploaded_csv,BTCDOM_INDEX_PROXY,False,True
2024-04-17 12:00:00+00:00,25.123,25.336,24.932,24.992,842.929,4h,uploaded_csv,BTCDOM_INDEX_PROXY,False,True
2024-04-17 16:00:00+00:00,24.999,25.037,24.608,24.647,675.438,4h,uploaded_csv,BTCDOM_INDEX_PROXY,False,True
2024-04-17 20:00:00+00:00,24.646,24.938,24.636,24.91,285.479,4h,uploaded_csv,BTCDOM_INDEX_PROXY,False,True
2024-04-18 00:00:00+00:00,24.911,25.14,24.801,24.811,583.834,4h,uploaded_csv,BTCDOM_INDEX_PROXY,False,True
2024-04-18 04:00:00+00:00,24.81,25.037,24.712,24.991,422.774,4h,uploaded_csv,BTCDOM_INDEX_PROXY,False,True
2024-04-18 08:00:00+00:00,24.993,25.1,24.923,25.015,453.796,4h,uploaded_csv,BTCDOM_INDEX_PROXY,False,True
2024-04-18 12:00:00+00:00,25.019,25.258,25.002,25.137,407.224,4h,uploaded_csv,BTCDOM_INDEX_PROXY,False,True
2024-04-18 16:00:00+00:00,25.138,25.206,25.054,25.094,224.544,4h,uploaded_csv,BTCDOM_INDEX_PROXY,False,True
2024-04-18 20:00:00+00:00,25.092,25.122,24.951,25.024,142.977,4h,uploaded_csv,BTCDOM_INDEX_PROXY,False,True
2024-04-19 00:00:00+00:00,25.028,25.355,24.965,25.119,697.434,4h,uploaded_csv,BTCDOM_INDEX_PROXY,False,True
2024-04-19 04:00:00+00:00,25.118,25.381,25.021,25.336,580.791,4h,uploaded_csv,BTCDOM_INDEX_PROXY,False,True
2024-04-19 08:00:00+00:00,25.335,25.398,25.157,25.299,369.021,4h,uploaded_csv,BTCDOM_INDEX_PROXY,False,True
2024-04-19 12:00:00+00:00,25.299,25.457,25.182,25.197,225.273,4h,uploaded_csv,BTCDOM_INDEX_PROXY,False,True
2024-04-19 16:00:00+00:00,25.202,25.24,24.996,25.013,205.684,4h,uploaded_csv,BTCDOM_INDEX_PROXY,False,True
2024-04-19 20:00:00+00:00,25.019,25.151,24.967,25.122,590.274,4h,uploaded_csv,BTCDOM_INDEX_PROXY,False,True
2024-04-20 00:00:00+00:00,25.122,25.211,25.009,25.097,279.832,4h,uploaded_csv,BTCDOM_INDEX_PROXY,False,True
2024-04-20 04:00:00+00:00,25.1,25.119,25.014,25.023,143.007,4h,uploaded_csv,BTCDOM_INDEX_PROXY,False,True
2024-04-20 08:00:00+00:00,25.021,25.137,25.013,25.1,113.402,4h,uploaded_csv,BTCDOM_INDEX_PROXY,False,True
2024-04-20 12:00:00+00:00,25.099,25.117,24.927,24.938,213.974,4h,uploaded_csv,BTCDOM_INDEX_PROXY,False,True
2024-04-20 16:00:00+00:00,24.938,24.973,24.569,24.589,651.901,4h,uploaded_csv,BTCDOM_INDEX_PROXY,False,True
2024-04-20 20:00:00+00:00,24.588,24.589,24.362,24.541,391.549,4h,uploaded_csv,BTCDOM_INDEX_PROXY,False,True
2024-04-21 00:00:00+00:00,24.54,24.689,24.503,24.604,328.176,4h,uploaded_csv,BTCDOM_INDEX_PROXY,False,True
2024-04-21 04:00:00+00:00,24.605,24.632,24.402,24.496,214.033,4h,uploaded_csv,BTCDOM_INDEX_PROXY,False,True
2024-04-21 08:00:00+00:00,24.491,24.625,24.424,24.569,338.68,4h,uploaded_csv,BTCDOM_INDEX_PROXY,False,True
2024-04-21 12:00:00+00:00,24.57,24.712,24.566,24.641,287.391,4h,uploaded_csv,BTCDOM_INDEX_PROXY,False,True
2024-04-21 16:00:00+00:00,24.64,24.734,24.578,24.608,226.769,4h,uploaded_csv,BTCDOM_INDEX_PROXY,False,True
2024-04-21 20:00:00+00:00,24.607,24.715,24.52,24.683,262.673,4h,uploaded_csv,BTCDOM_INDEX_PROXY,False,True
2024-04-22 00:00:00+00:00,24.682,24.711,24.54,24.618,320.784,4h,uploaded_csv,BTCDOM_INDEX_PROXY,False,True
2024-04-22 04:00:00+00:00,24.616,24.631,24.414,24.571,209.615,4h,uploaded_csv,BTCDOM_INDEX_PROXY,False,True
2024-04-22 08:00:00+00:00,24.568,24.592,24.411,24.572,379.154,4h,uploaded_csv,BTCDOM_INDEX_PROXY,False,True
2024-04-22 12:00:00+00:00,24.568,24.736,24.486,24.643,201.158,4h,uploaded_csv,BTCDOM_INDEX_PROXY,False,True
2024-04-22 16:00:00+00:00,24.642,24.76,24.628,24.751,153.194,4h,uploaded_csv,BTCDOM_INDEX_PROXY,False,True
2024-04-22 20:00:00+00:00,24.75,24.763,24.602,24.707,158.426,4h,uploaded_csv,BTCDOM_INDEX_PROXY,False,True
2024-04-23 00:00:00+00:00,24.707,24.796,24.625,24.746,152.292,4h,uploaded_csv,BTCDOM_INDEX_PROXY,False,True
2024-04-23 04:00:00+00:00,24.746,24.854,24.661,24.772,176.21,4h,uploaded_csv,BTCDOM_INDEX_PROXY,False,True
2024-04-23 08:00:00+00:00,24.773,24.795,24.614,24.632,139.123,4h,uploaded_csv,BTCDOM_INDEX_PROXY,False,True
2024-04-23 12:00:00+00:00,24.632,24.687,24.465,24.49,212.045,4h,uploaded_csv,BTCDOM_INDEX_PROXY,False,True
2024-04-23 16:00:00+00:00,24.491,24.582,24.471,24.498,152.425,4h,uploaded_csv,BTCDOM_INDEX_PROXY,False,True
2024-04-23 20:00:00+00:00,24.51,24.584,24.483,24.584,66.029,4h,uploaded_csv,BTCDOM_INDEX_PROXY,False,True
2024-04-24 00:00:00+00:00,24.584,24.69,24.499,24.527,130.128,4h,uploaded_csv,BTCDOM_INDEX_PROXY,False,True
2024-04-24 04:00:00+00:00,24.526,24.534,24.41,24.442,100.689,4h,uploaded_csv,BTCDOM_INDEX_PROXY,False,True
2024-04-24 08:00:00+00:00,24.441,24.445,24.204,24.246,257.555,4h,uploaded_csv,BTCDOM_INDEX_PROXY,False,True
2024-04-24 12:00:00+00:00,24.246,24.441,24.226,24.402,221.044,4h,uploaded_csv,BTCDOM_INDEX_PROXY,False,True
2024-04-24 16:00:00+00:00,24.408,24.522,24.314,24.314,185.737,4h,uploaded_csv,BTCDOM_INDEX_PROXY,False,True
2024-04-24 20:00:00+00:00,24.317,24.544,24.27,24.452,200.306,4h,uploaded_csv,BTCDOM_INDEX_PROXY,False,True
2024-04-25 00:00:00+00:00,24.458,24.483,24.339,24.469,231.282,4h,uploaded_csv,BTCDOM_INDEX_PROXY,False,True
2024-04-25 04:00:00+00:00,24.471,24.58,24.315,24.417,227.616,4h,uploaded_csv,BTCDOM_INDEX_PROXY,False,True
2024-04-25 08:00:00+00:00,24.417,24.601,24.338,24.49,482.703,4h,uploaded_csv,BTCDOM_INDEX_PROXY,False,True
2024-04-25 12:00:00+00:00,24.492,24.502,24.15,24.248,369.56,4h,uploaded_csv,BTCDOM_INDEX_PROXY,False,True
2024-04-25 16:00:00+00:00,24.248,24.465,24.232,24.417,288.742,4h,uploaded_csv,BTCDOM_INDEX_PROXY,False,True
2024-04-25 20:00:00+00:00,24.425,24.476,24.369,24.449,104.395,4h,uploaded_csv,BTCDOM_INDEX_PROXY,False,True
2024-04-26 00:00:00+00:00,24.455,24.58,24.419,24.509,141.916,4h,uploaded_csv,BTCDOM_INDEX_PROXY,False,True
2024-04-26 04:00:00+00:00,24.512,24.552,24.436,24.515,77.343,4h,uploaded_csv,BTCDOM_INDEX_PROXY,False,True
2024-04-26 08:00:00+00:00,24.512,24.631,24.499,24.607,162.316,4h,uploaded_csv,BTCDOM_INDEX_PROXY,False,True
2024-04-26 12:00:00+00:00,24.608,24.615,24.413,24.425,213.346,4h,uploaded_csv,BTCDOM_INDEX_PROXY,False,True
2024-04-26 16:00:00+00:00,24.424,24.522,24.36,24.384,109.677,4h,uploaded_csv,BTCDOM_INDEX_PROXY,False,True
2024-04-26 20:00:00+00:00,24.385,24.625,24.374,24.547,161.699,4h,uploaded_csv,BTCDOM_INDEX_PROXY,False,True
2024-04-27 00:00:00+00:00,24.547,24.675,24.394,24.449,289.472,4h,uploaded_csv,BTCDOM_INDEX_PROXY,False,True
2024-04-27 04:00:00+00:00,24.442,24.466,24.38,24.455,103.69,4h,uploaded_csv,BTCDOM_INDEX_PROXY,False,True
2024-04-27 08:00:00+00:00,24.452,24.509,24.418,24.444,96.743,4h,uploaded_csv,BTCDOM_INDEX_PROXY,False,True
2024-04-27 12:00:00+00:00,24.443,24.457,24.273,24.342,127.158,4h,uploaded_csv,BTCDOM_INDEX_PROXY,False,True
2024-04-27 16:00:00+00:00,24.338,24.366,23.72,23.888,756.9,4h,uploaded_csv,BTCDOM_INDEX_PROXY,False,True
2024-04-27 20:00:00+00:00,23.893,23.931,23.806,23.852,177.243,4h,uploaded_csv,BTCDOM_INDEX_PROXY,False,True
2024-04-28 00:00:00+00:00,23.852,23.907,23.65,23.728,366.639,4h,uploaded_csv,BTCDOM_INDEX_PROXY,False,True
2024-04-28 04:00:00+00:00,23.728,23.771,23.62,23.673,178.395,4h,uploaded_csv,BTCDOM_INDEX_PROXY,False,True
2024-04-28 08:00:00+00:00,23.673,23.734,23.629,23.713,134.914,4h,uploaded_csv,BTCDOM_INDEX_PROXY,False,True
2024-04-28 12:00:00+00:00,23.714,23.742,23.503,23.577,224.595,4h,uploaded_csv,BTCDOM_INDEX_PROXY,False,True
2024-04-28 16:00:00+00:00,23.576,23.636,23.504,23.625,190.177,4h,uploaded_csv,BTCDOM_INDEX_PROXY,False,True
2024-04-28 20:00:00+00:00,23.622,23.804,23.594,23.782,167.239,4h,uploaded_csv,BTCDOM_INDEX_PROXY,False,True
2024-04-29 00:00:00+00:00,23.785,24.053,23.731,24.011,387.201,4h,uploaded_csv,BTCDOM_INDEX_PROXY,False,True
2024-04-29 04:00:00+00:00,24.01,24.1,23.855,24.076,311.758,4h,uploaded_csv,BTCDOM_INDEX_PROXY,False,True
2024-04-29 08:00:00+00:00,24.076,24.179,24.029,24.124,330.68,4h,uploaded_csv,BTCDOM_INDEX_PROXY,False,True
2024-04-29 12:00:00+00:00,24.13,24.299,24.096,24.199,413.381,4h,uploaded_csv,BTCDOM_INDEX_PROXY,False,True
2024-04-29 16:00:00+00:00,24.199,24.346,24.18,24.26,258.139,4h,uploaded_csv,BTCDOM_INDEX_PROXY,False,True
2024-04-29 20:00:00+00:00,24.259,24.35,24.207,24.329,347.254,4h,uploaded_csv,BTCDOM_INDEX_PROXY,False,True
2024-04-30 00:00:00+00:00,24.329,24.536,24.308,24.45,380.093,4h,uploaded_csv,BTCDOM_INDEX_PROXY,False,True
2024-04-30 04:00:00+00:00,24.451,24.472,24.321,24.38,137.834,4h,uploaded_csv,BTCDOM_INDEX_PROXY,False,True
2024-04-30 08:00:00+00:00,24.383,24.752,24.362,24.75,794.263,4h,uploaded_csv,BTCDOM_INDEX_PROXY,False,True
2024-04-30 12:00:00+00:00,24.75,24.938,24.668,24.788,1159.343,4h,uploaded_csv,BTCDOM_INDEX_PROXY,False,True
2024-04-30 16:00:00+00:00,24.789,25.0,24.566,24.566,1072.453,4h,uploaded_csv,BTCDOM_INDEX_PROXY,False,True
2024-04-30 20:00:00+00:00,24.569,24.611,24.448,24.543,600.44,4h,uploaded_csv,BTCDOM_INDEX_PROXY,False,True
2024-05-01 00:00:00+00:00,24.542,24.592,24.379,24.445,312.869,4h,uploaded_csv,BTCDOM_INDEX_PROXY,False,True
2024-05-01 04:00:00+00:00,24.445,24.6,24.217,24.353,633.546,4h,uploaded_csv,BTCDOM_INDEX_PROXY,False,True
2024-05-01 08:00:00+00:00,24.355,24.452,24.117,24.227,522.201,4h,uploaded_csv,BTCDOM_INDEX_PROXY,False,True
2024-05-01 12:00:00+00:00,24.227,24.229,23.952,23.952,252.998,4h,uploaded_csv,BTCDOM_INDEX_PROXY,False,True
2024-05-01 16:00:00+00:00,23.952,24.051,23.425,23.534,742.639,4h,uploaded_csv,BTCDOM_INDEX_PROXY,False,True
2024-05-01 20:00:00+00:00,23.532,23.632,23.489,23.614,298.444,4h,uploaded_csv,BTCDOM_INDEX_PROXY,False,True
2024-05-02 00:00:00+00:00,23.618,23.812,23.468,23.71,352.382,4h,uploaded_csv,BTCDOM_INDEX_PROXY,False,True
2024-05-02 04:00:00+00:00,23.702,23.831,23.67,23.782,116.683,4h,uploaded_csv,BTCDOM_INDEX_PROXY,False,True
2024-05-02 08:00:00+00:00,23.79,23.81,23.373,23.531,317.588,4h,uploaded_csv,BTCDOM_INDEX_PROXY,False,True
2024-05-02 12:00:00+00:00,23.52,23.784,23.504,23.761,201.888,4h,uploaded_csv,BTCDOM_INDEX_PROXY,False,True
2024-05-02 16:00:00+00:00,23.761,23.827,23.672,23.756,104.635,4h,uploaded_csv,BTCDOM_INDEX_PROXY,False,True
2024-05-02 20:00:00+00:00,23.757,23.797,23.621,23.762,102.632,4h,uploaded_csv,BTCDOM_INDEX_PROXY,False,True
2024-05-03 00:00:00+00:00,23.756,23.86,23.668,23.809,134.087,4h,uploaded_csv,BTCDOM_INDEX_PROXY,False,True
2024-05-03 04:00:00+00:00,23.81,23.955,23.787,23.923,130.998,4h,uploaded_csv,BTCDOM_INDEX_PROXY,False,True
2024-05-03 08:00:00+00:00,23.924,23.937,23.83,23.923,126.324,4h,uploaded_csv,BTCDOM_INDEX_PROXY,False,True
2024-05-03 12:00:00+00:00,23.929,24.266,23.841,24.124,358.83,4h,uploaded_csv,BTCDOM_INDEX_PROXY,False,True
2024-05-03 16:00:00+00:00,24.124,24.203,24.038,24.203,119.457,4h,uploaded_csv,BTCDOM_INDEX_PROXY,False,True
2024-05-03 20:00:00+00:00,24.204,24.35,24.188,24.303,154.595,4h,uploaded_csv,BTCDOM_INDEX_PROXY,False,True
2024-05-04 00:00:00+00:00,24.297,24.434,24.213,24.241,133.694,4h,uploaded_csv,BTCDOM_INDEX_PROXY,False,True
2024-05-04 04:00:00+00:00,24.241,24.414,24.187,24.403,99.22,4h,uploaded_csv,BTCDOM_INDEX_PROXY,False,True
2024-05-04 08:00:00+00:00,24.404,24.51,24.354,24.474,151.572,4h,uploaded_csv,BTCDOM_INDEX_PROXY,False,True
2024-05-04 12:00:00+00:00,24.478,24.499,24.339,24.357,137.574,4h,uploaded_csv,BTCDOM_INDEX_PROXY,False,True
2024-05-04 16:00:00+00:00,24.359,24.446,24.34,24.399,84.221,4h,uploaded_csv,BTCDOM_INDEX_PROXY,False,True
2024-05-04 20:00:00+00:00,24.406,24.638,24.397,24.603,143.205,4h,uploaded_csv,BTCDOM_INDEX_PROXY,False,True
2024-05-05 00:00:00+00:00,24.602,24.698,24.497,24.545,265.482,4h,uploaded_csv,BTCDOM_INDEX_PROXY,False,True
2024-05-05 04:00:00+00:00,24.539,24.619,24.522,24.604,70.788,4h,uploaded_csv,BTCDOM_INDEX_PROXY,False,True
2024-05-05 08:00:00+00:00,24.605,24.62,24.286,24.481,140.571,4h,uploaded_csv,BTCDOM_INDEX_PROXY,False,True
2024-05-05 12:00:00+00:00,24.483,24.53,24.376,24.476,153.191,4h,uploaded_csv,BTCDOM_INDEX_PROXY,False,True
2024-05-05 16:00:00+00:00,24.476,24.539,24.383,24.392,82.501,4h,uploaded_csv,BTCDOM_INDEX_PROXY,False,True
2024-05-05 20:00:00+00:00,24.394,24.517,24.351,24.478,56.079,4h,uploaded_csv,BTCDOM_INDEX_PROXY,False,True
2024-05-06 00:00:00+00:00,24.478,24.487,24.374,24.411,110.843,4h,uploaded_csv,BTCDOM_INDEX_PROXY,False,True
2024-05-06 04:00:00+00:00,24.411,24.456,24.232,24.327,127.753,4h,uploaded_csv,BTCDOM_INDEX_PROXY,False,True
2024-05-06 08:00:00+00:00,24.325,24.375,24.258,24.294,145.702,4h,uploaded_csv,BTCDOM_INDEX_PROXY,False,True
2024-05-06 12:00:00+00:00,24.295,24.5,24.291,24.4,245.251,4h,uploaded_csv,BTCDOM_INDEX_PROXY,False,True
2024-05-06 16:00:00+00:00,24.408,24.435,24.326,24.369,60.596,4h,uploaded_csv,BTCDOM_INDEX_PROXY,False,True
2024-05-06 20:00:00+00:00,24.363,24.448,24.339,24.427,62.551,4h,uploaded_csv,BTCDOM_INDEX_PROXY,False,True
2024-05-07 00:00:00+00:00,24.422,24.7,24.381,24.567,294.587,4h,uploaded_csv,BTCDOM_INDEX_PROXY,False,True
2024-05-07 04:00:00+00:00,24.572,24.654,24.524,24.592,93.187,4h,uploaded_csv,BTCDOM_INDEX_PROXY,False,True
2024-05-07 08:00:00+00:00,24.594,24.605,24.444,24.567,94.557,4h,uploaded_csv,BTCDOM_INDEX_PROXY,False,True
2024-05-07 12:00:00+00:00,24.567,24.582,24.468,24.567,196.951,4h,uploaded_csv,BTCDOM_INDEX_PROXY,False,True
2024-05-07 16:00:00+00:00,24.572,24.591,24.493,24.532,75.531,4h,uploaded_csv,BTCDOM_INDEX_PROXY,False,True
2024-05-07 20:00:00+00:00,24.532,24.637,24.494,24.631,106.231,4h,uploaded_csv,BTCDOM_INDEX_PROXY,False,True
2024-05-08 00:00:00+00:00,24.631,24.693,24.568,24.639,145.476,4h,uploaded_csv,BTCDOM_INDEX_PROXY,False,True
2024-05-08 04:00:00+00:00,24.639,24.719,24.611,24.69,79.042,4h,uploaded_csv,BTCDOM_INDEX_PROXY,False,True
2024-05-08 08:00:00+00:00,24.693,24.799,24.644,24.755,267.123,4h,uploaded_csv,BTCDOM_INDEX_PROXY,False,True
2024-05-08 12:00:00+00:00,24.755,24.792,24.469,24.584,254.852,4h,uploaded_csv,BTCDOM_INDEX_PROXY,False,True
2024-05-08 16:00:00+00:00,24.585,24.67,24.56,24.575,92.428,4h,uploaded_csv,BTCDOM_INDEX_PROXY,False,True
2024-05-08 20:00:00+00:00,24.569,24.775,24.379,24.403,257.056,4h,uploaded_csv,BTCDOM_INDEX_PROXY,False,True
2024-05-09 00:00:00+00:00,24.402,24.455,24.292,24.371,218.774,4h,uploaded_csv,BTCDOM_INDEX_PROXY,False,True
2024-05-09 04:00:00+00:00,24.367,24.371,24.25,24.308,65.309,4h,uploaded_csv,BTCDOM_INDEX_PROXY,False,True
2024-05-09 08:00:00+00:00,24.308,24.434,24.282,24.322,103.07,4h,uploaded_csv,BTCDOM_INDEX_PROXY,False,True
2024-05-09 12:00:00+00:00,24.322,24.491,24.306,24.484,163.276,4h,uploaded_csv,BTCDOM_INDEX_PROXY,False,True
2024-05-09 16:00:00+00:00,24.482,24.564,24.404,24.436,121.565,4h,uploaded_csv,BTCDOM_INDEX_PROXY,False,True
2024-05-09 20:00:00+00:00,24.436,24.563,24.404,24.543,160.781,4h,uploaded_csv,BTCDOM_INDEX_PROXY,False,True
2024-05-10 00:00:00+00:00,24.544,24.6,24.431,24.516,105.747,4h,uploaded_csv,BTCDOM_INDEX_PROXY,False,True
2024-05-10 04:00:00+00:00,24.518,24.564,24.46,24.504,59.914,4h,uploaded_csv,BTCDOM_INDEX_PROXY,False,True
2024-05-10 08:00:00+00:00,24.505,24.627,24.488,24.596,65.118,4h,uploaded_csv,BTCDOM_INDEX_PROXY,False,True
2024-05-10 12:00:00+00:00,24.596,24.675,24.463,24.589,317.673,4h,uploaded_csv,BTCDOM_INDEX_PROXY,False,True
2024-05-10 16:00:00+00:00,24.59,24.642,24.466,24.552,216.762,4h,uploaded_csv,BTCDOM_INDEX_PROXY,False,True
2024-05-10 20:00:00+00:00,24.567,24.7,24.531,24.605,122.579,4h,uploaded_csv,BTCDOM_INDEX_PROXY,False,True
2024-05-11 00:00:00+00:00,24.603,24.637,24.495,24.601,84.808,4h,uploaded_csv,BTCDOM_INDEX_PROXY,False,True
2024-05-11 04:00:00+00:00,24.601,24.628,24.528,24.588,62.641,4h,uploaded_csv,BTCDOM_INDEX_PROXY,False,True
2024-05-11 08:00:00+00:00,24.588,24.662,24.572,24.593,52.658,4h,uploaded_csv,BTCDOM_INDEX_PROXY,False,True
2024-05-11 12:00:00+00:00,24.595,24.669,24.579,24.627,103.465,4h,uploaded_csv,BTCDOM_INDEX_PROXY,False,True
2024-05-11 16:00:00+00:00,24.622,24.665,24.544,24.559,68.508,4h,uploaded_csv,BTCDOM_INDEX_PROXY,False,True
2024-05-11 20:00:00+00:00,24.56,24.622,24.548,24.572,32.729,4h,uploaded_csv,BTCDOM_INDEX_PROXY,False,True
2024-05-12 00:00:00+00:00,24.58,24.603,24.529,24.558,32.619,4h,uploaded_csv,BTCDOM_INDEX_PROXY,False,True
2024-05-12 04:00:00+00:00,24.558,24.661,24.531,24.66,34.086,4h,uploaded_csv,BTCDOM_INDEX_PROXY,False,True
2024-05-12 08:00:00+00:00,24.662,24.725,24.574,24.62,116.709,4h,uploaded_csv,BTCDOM_INDEX_PROXY,False,True
2024-05-12 12:00:00+00:00,24.617,24.703,24.594,24.67,69.127,4h,uploaded_csv,BTCDOM_INDEX_PROXY,False,True
2024-05-12 16:00:00+00:00,24.672,24.767,24.664,24.741,122.33,4h,uploaded_csv,BTCDOM_INDEX_PROXY,False,True
2024-05-12 20:00:00+00:00,24.742,24.83,24.685,24.828,68.591,4h,uploaded_csv,BTCDOM_INDEX_PROXY,False,True
2024-05-13 00:00:00+00:00,24.83,25.19,24.758,25.068,518.099,4h,uploaded_csv,BTCDOM_INDEX_PROXY,False,True
2024-05-13 04:00:00+00:00,25.068,25.143,24.895,24.996,361.034,4h,uploaded_csv,BTCDOM_INDEX_PROXY,False,True
2024-05-13 08:00:00+00:00,24.984,25.08,24.899,25.037,135.005,4h,uploaded_csv,BTCDOM_INDEX_PROXY,False,True
2024-05-13 12:00:00+00:00,25.034,25.145,25.004,25.1,97.867,4h,uploaded_csv,BTCDOM_INDEX_PROXY,False,True
2024-05-13 16:00:00+00:00,25.101,25.223,25.0,25.184,148.242,4h,uploaded_csv,BTCDOM_INDEX_PROXY,False,True
2024-05-13 20:00:00+00:00,25.179,25.228,25.145,25.198,133.167,4h,uploaded_csv,BTCDOM_INDEX_PROXY,False,True
2024-05-14 00:00:00+00:00,25.199,25.27,25.068,25.107,287.064,4h,uploaded_csv,BTCDOM_INDEX_PROXY,False,True
2024-05-14 04:00:00+00:00,25.107,25.2,25.008,25.021,164.506,4h,uploaded_csv,BTCDOM_INDEX_PROXY,False,True
2024-05-14 08:00:00+00:00,25.024,25.054,24.965,25.019,66.363,4h,uploaded_csv,BTCDOM_INDEX_PROXY,False,True
2024-05-14 12:00:00+00:00,25.019,25.321,24.924,25.247,365.501,4h,uploaded_csv,BTCDOM_INDEX_PROXY,False,True
2024-05-14 16:00:00+00:00,25.248,25.289,25.119,25.192,221.524,4h,uploaded_csv,BTCDOM_INDEX_PROXY,False,True
2024-05-14 20:00:00+00:00,25.189,25.403,25.182,25.331,202.779,4h,uploaded_csv,BTCDOM_INDEX_PROXY,False,True
2024-05-15 00:00:00+00:00,25.331,25.417,25.289,25.295,141.647,4h,uploaded_csv,BTCDOM_INDEX_PROXY,False,True
2024-05-15 04:00:00+00:00,25.292,25.342,25.265,25.325,64.586,4h,uploaded_csv,BTCDOM_INDEX_PROXY,False,True
2024-05-15 08:00:00+00:00,25.325,25.6,25.313,25.563,334.577,4h,uploaded_csv,BTCDOM_INDEX_PROXY,False,True
2024-05-15 12:00:00+00:00,25.567,25.718,25.497,25.673,787.448,4h,uploaded_csv,BTCDOM_INDEX_PROXY,False,True
2024-05-15 16:00:00+00:00,25.676,25.99,25.655,25.793,385.549,4h,uploaded_csv,BTCDOM_INDEX_PROXY,False,True
2024-05-15 20:00:00+00:00,25.791,25.917,25.674,25.779,263.481,4h,uploaded_csv,BTCDOM_INDEX_PROXY,False,True
2024-05-16 00:00:00+00:00,25.779,25.85,25.69,25.711,131.382,4h,uploaded_csv,BTCDOM_INDEX_PROXY,False,True
2024-05-16 04:00:00+00:00,25.707,25.8,25.643,25.782,135.026,4h,uploaded_csv,BTCDOM_INDEX_PROXY,False,True
2024-05-16 08:00:00+00:00,25.779,26.01,25.763,25.99,334.5,4h,uploaded_csv,BTCDOM_INDEX_PROXY,False,True
2024-05-16 12:00:00+00:00,25.99,26.294,25.966,26.125,640.88,4h,uploaded_csv,BTCDOM_INDEX_PROXY,False,True
2024-05-16 16:00:00+00:00,26.126,26.155,25.805,25.928,353.032,4h,uploaded_csv,BTCDOM_INDEX_PROXY,False,True
2024-05-16 20:00:00+00:00,25.925,26.094,25.921,25.936,106.019,4h,uploaded_csv,BTCDOM_INDEX_PROXY,False,True
2024-05-17 00:00:00+00:00,25.938,26.02,25.885,25.953,136.605,4h,uploaded_csv,BTCDOM_INDEX_PROXY,False,True
2024-05-17 04:00:00+00:00,25.955,26.093,25.536,25.643,396.01,4h,uploaded_csv,BTCDOM_INDEX_PROXY,False,True
2024-05-17 08:00:00+00:00,25.648,25.673,25.459,25.588,215.316,4h,uploaded_csv,BTCDOM_INDEX_PROXY,False,True
2024-05-17 12:00:00+00:00,25.588,25.682,25.339,25.512,415.249,4h,uploaded_csv,BTCDOM_INDEX_PROXY,False,True
2024-05-17 16:00:00+00:00,25.507,25.633,25.448,25.625,233.991,4h,uploaded_csv,BTCDOM_INDEX_PROXY,False,True
2024-05-17 20:00:00+00:00,25.629,25.635,25.43,25.549,122.091,4h,uploaded_csv,BTCDOM_INDEX_PROXY,False,True
2024-05-18 00:00:00+00:00,25.549,25.569,25.31,25.326,137.966,4h,uploaded_csv,BTCDOM_INDEX_PROXY,False,True
2024-05-18 04:00:00+00:00,25.333,25.49,25.326,25.408,89.172,4h,uploaded_csv,BTCDOM_INDEX_PROXY,False,True
2024-05-18 08:00:00+00:00,25.408,25.426,25.284,25.339,141.493,4h,uploaded_csv,BTCDOM_INDEX_PROXY,False,True
2024-05-18 12:00:00+00:00,25.34,25.46,25.324,25.368,135.169,4h,uploaded_csv,BTCDOM_INDEX_PROXY,False,True
2024-05-18 16:00:00+00:00,25.367,25.441,25.337,25.364,60.944,4h,uploaded_csv,BTCDOM_INDEX_PROXY,False,True
2024-05-18 20:00:00+00:00,25.372,25.408,25.341,25.359,45.812,4h,uploaded_csv,BTCDOM_INDEX_PROXY,False,True
2024-05-19 00:00:00+00:00,25.361,25.397,25.279,25.327,93.221,4h,uploaded_csv,BTCDOM_INDEX_PROXY,False,True
2024-05-19 04:00:00+00:00,25.322,25.497,25.319,25.485,126.018,4h,uploaded_csv,BTCDOM_INDEX_PROXY,False,True
2024-05-19 08:00:00+00:00,25.487,25.659,25.463,25.615,231.134,4h,uploaded_csv,BTCDOM_INDEX_PROXY,False,True
2024-05-19 12:00:00+00:00,25.615,25.784,25.595,25.702,475.661,4h,uploaded_csv,BTCDOM_INDEX_PROXY,False,True
2024-05-19 16:00:00+00:00,25.702,25.764,25.444,25.473,319.77,4h,uploaded_csv,BTCDOM_INDEX_PROXY,False,True
2024-05-19 20:00:00+00:00,25.474,25.574,25.446,25.521,143.548,4h,uploaded_csv,BTCDOM_INDEX_PROXY,False,True
2024-05-20 00:00:00+00:00,25.526,25.65,25.431,25.497,178.105,4h,uploaded_csv,BTCDOM_INDEX_PROXY,False,True
2024-05-20 04:00:00+00:00,25.497,25.532,25.301,25.453,164.679,4h,uploaded_csv,BTCDOM_INDEX_PROXY,False,True
2024-05-20 08:00:00+00:00,25.453,25.565,25.381,25.54,90.297,4h,uploaded_csv,BTCDOM_INDEX_PROXY,False,True
2024-05-20 12:00:00+00:00,25.536,25.637,25.481,25.512,175.582,4h,uploaded_csv,BTCDOM_INDEX_PROXY,False,True
2024-05-20 16:00:00+00:00,25.511,25.836,24.606,24.759,1220.545,4h,uploaded_csv,BTCDOM_INDEX_PROXY,False,True
2024-05-20 20:00:00+00:00,24.756,24.829,23.73,24.24,1970.087,4h,uploaded_csv,BTCDOM_INDEX_PROXY,False,True
2024-05-21 00:00:00+00:00,24.24,24.278,23.974,24.164,654.338,4h,uploaded_csv,BTCDOM_INDEX_PROXY,False,True
2024-05-21 04:00:00+00:00,24.158,24.363,23.995,23.995,457.56,4h,uploaded_csv,BTCDOM_INDEX_PROXY,False,True
2024-05-21 08:00:00+00:00,23.995,24.099,23.653,23.766,537.794,4h,uploaded_csv,BTCDOM_INDEX_PROXY,False,True
2024-05-21 12:00:00+00:00,23.758,23.912,23.362,23.408,1237.83,4h,uploaded_csv,BTCDOM_INDEX_PROXY,False,True
2024-05-21 16:00:00+00:00,23.413,23.621,23.224,23.503,973.419,4h,uploaded_csv,BTCDOM_INDEX_PROXY,False,True
2024-05-21 20:00:00+00:00,23.505,23.525,23.322,23.407,277.353,4h,uploaded_csv,BTCDOM_INDEX_PROXY,False,True
2024-05-22 00:00:00+00:00,23.401,23.467,23.296,23.343,300.487,4h,uploaded_csv,BTCDOM_INDEX_PROXY,False,True
2024-05-22 04:00:00+00:00,23.341,23.499,23.313,23.418,295.476,4h,uploaded_csv,BTCDOM_INDEX_PROXY,False,True
2024-05-22 08:00:00+00:00,23.413,23.709,23.388,23.707,419.095,4h,uploaded_csv,BTCDOM_INDEX_PROXY,False,True
2024-05-22 12:00:00+00:00,23.707,23.889,23.543,23.592,693.049,4h,uploaded_csv,BTCDOM_INDEX_PROXY,False,True
2024-05-22 16:00:00+00:00,23.601,23.667,23.463,23.562,441.643,4h,uploaded_csv,BTCDOM_INDEX_PROXY,False,True
2024-05-22 20:00:00+00:00,23.567,23.615,23.32,23.439,488.646,4h,uploaded_csv,BTCDOM_INDEX_PROXY,False,True
2024-05-23 00:00:00+00:00,23.436,23.527,23.3,23.321,307.732,4h,uploaded_csv,BTCDOM_INDEX_PROXY,False,True
2024-05-23 04:00:00+00:00,23.319,23.445,23.27,23.341,324.488,4h,uploaded_csv,BTCDOM_INDEX_PROXY,False,True
2024-05-23 08:00:00+00:00,23.34,23.429,23.084,23.094,754.447,4h,uploaded_csv,BTCDOM_INDEX_PROXY,False,True
2024-05-23 12:00:00+00:00,23.092,23.397,22.912,23.074,1662.81,4h,uploaded_csv,BTCDOM_INDEX_PROXY,False,True
2024-05-23 16:00:00+00:00,23.074,23.266,22.927,22.944,961.673,4h,uploaded_csv,BTCDOM_INDEX_PROXY,False,True
2024-05-23 20:00:00+00:00,22.95,23.8,22.732,23.044,3057.506,4h,uploaded_csv,BTCDOM_INDEX_PROXY,False,True
2024-05-24 00:00:00+00:00,23.049,23.156,22.843,22.98,420.463,4h,uploaded_csv,BTCDOM_INDEX_PROXY,False,True
2024-05-24 04:00:00+00:00,22.982,23.41,22.879,23.335,562.238,4h,uploaded_csv,BTCDOM_INDEX_PROXY,False,True
2024-05-24 08:00:00+00:00,23.336,23.468,23.205,23.22,300.002,4h,uploaded_csv,BTCDOM_INDEX_PROXY,False,True
2024-05-24 12:00:00+00:00,23.219,23.585,23.125,23.579,565.993,4h,uploaded_csv,BTCDOM_INDEX_PROXY,False,True
2024-05-24 16:00:00+00:00,23.575,23.785,23.504,23.6,598.118,4h,uploaded_csv,BTCDOM_INDEX_PROXY,False,True
2024-05-24 20:00:00+00:00,23.593,23.626,23.48,23.493,133.673,4h,uploaded_csv,BTCDOM_INDEX_PROXY,False,True
2024-05-25 00:00:00+00:00,23.498,23.63,23.466,23.467,118.97,4h,uploaded_csv,BTCDOM_INDEX_PROXY,False,True
2024-05-25 04:00:00+00:00,23.467,23.471,23.331,23.458,107.857,4h,uploaded_csv,BTCDOM_INDEX_PROXY,False,True
2024-05-25 08:00:00+00:00,23.458,23.658,23.45,23.576,185.38,4h,uploaded_csv,BTCDOM_INDEX_PROXY,False,True
2024-05-25 12:00:00+00:00,23.584,23.699,23.528,23.54,159.437,4h,uploaded_csv,BTCDOM_INDEX_PROXY,False,True
2024-05-25 16:00:00+00:00,23.529,23.611,23.509,23.549,122.413,4h,uploaded_csv,BTCDOM_INDEX_PROXY,False,True
2024-05-25 20:00:00+00:00,23.55,23.631,23.549,23.564,64.529,4h,uploaded_csv,BTCDOM_INDEX_PROXY,False,True
2024-05-26 00:00:00+00:00,23.569,23.604,23.434,23.437,83.466,4h,uploaded_csv,BTCDOM_INDEX_PROXY,False,True
2024-05-26 04:00:00+00:00,23.44,23.561,23.44,23.5,65.587,4h,uploaded_csv,BTCDOM_INDEX_PROXY,False,True
2024-05-26 08:00:00+00:00,23.5,23.536,23.368,23.394,128.193,4h,uploaded_csv,BTCDOM_INDEX_PROXY,False,True
2024-05-26 12:00:00+00:00,23.394,23.467,23.148,23.257,265.554,4h,uploaded_csv,BTCDOM_INDEX_PROXY,False,True
2024-05-26 16:00:00+00:00,23.261,23.293,23.116,23.148,136.201,4h,uploaded_csv,BTCDOM_INDEX_PROXY,False,True
2024-05-26 20:00:00+00:00,23.148,23.227,23.11,23.196,188.412,4h,uploaded_csv,BTCDOM_INDEX_PROXY,False,True
2024-05-27 00:00:00+00:00,23.197,23.222,22.895,22.953,170.202,4h,uploaded_csv,BTCDOM_INDEX_PROXY,False,True
2024-05-27 04:00:00+00:00,22.946,22.98,22.869,22.911,138.052,4h,uploaded_csv,BTCDOM_INDEX_PROXY,False,True
2024-05-27 08:00:00+00:00,22.907,22.959,22.809,22.849,129.655,4h,uploaded_csv,BTCDOM_INDEX_PROXY,False,True
2024-05-27 12:00:00+00:00,22.849,23.124,22.814,23.057,304.007,4h,uploaded_csv,BTCDOM_INDEX_PROXY,False,True
2024-05-27 16:00:00+00:00,23.062,23.187,23.03,23.145,216.218,4h,uploaded_csv,BTCDOM_INDEX_PROXY,False,True
2024-05-27 20:00:00+00:00,23.14,23.212,23.057,23.077,158.055,4h,uploaded_csv,BTCDOM_INDEX_PROXY,False,True
2024-05-28 00:00:00+00:00,23.079,23.14,22.9,22.918,310.294,4h,uploaded_csv,BTCDOM_INDEX_PROXY,False,True
2024-05-28 04:00:00+00:00,22.926,22.979,22.86,22.876,226.159,4h,uploaded_csv,BTCDOM_INDEX_PROXY,False,True
2024-05-28 08:00:00+00:00,22.871,22.904,22.788,22.801,199.386,4h,uploaded_csv,BTCDOM_INDEX_PROXY,False,True
2024-05-28 12:00:00+00:00,22.801,23.003,22.741,22.976,261.673,4h,uploaded_csv,BTCDOM_INDEX_PROXY,False,True
2024-05-28 16:00:00+00:00,22.975,23.098,22.927,23.027,188.826,4h,uploaded_csv,BTCDOM_INDEX_PROXY,False,True
2024-05-28 20:00:00+00:00,23.025,23.048,22.984,23.038,70.975,4h,uploaded_csv,BTCDOM_INDEX_PROXY,False,True
2024-05-29 00:00:00+00:00,23.038,23.144,23.009,23.062,150.524,4h,uploaded_csv,BTCDOM_INDEX_PROXY,False,True
2024-05-29 04:00:00+00:00,23.062,23.07,22.9,22.934,96.67,4h,uploaded_csv,BTCDOM_INDEX_PROXY,False,True
2024-05-29 08:00:00+00:00,22.927,23.088,22.9,22.957,358.517,4h,uploaded_csv,BTCDOM_INDEX_PROXY,False,True
2024-05-29 12:00:00+00:00,22.96,23.107,22.941,23.04,219.384,4h,uploaded_csv,BTCDOM_INDEX_PROXY,False,True
2024-05-29 16:00:00+00:00,23.038,23.085,22.993,23.045,122.724,4h,uploaded_csv,BTCDOM_INDEX_PROXY,False,True
2024-05-29 20:00:00+00:00,23.046,23.13,23.022,23.118,115.238,4h,uploaded_csv,BTCDOM_INDEX_PROXY,False,True
2024-05-30 00:00:00+00:00,23.114,23.17,23.096,23.129,75.328,4h,uploaded_csv,BTCDOM_INDEX_PROXY,False,True
2024-05-30 04:00:00+00:00,23.129,23.467,23.129,23.428,367.727,4h,uploaded_csv,BTCDOM_INDEX_PROXY,False,True
2024-05-30 08:00:00+00:00,23.428,23.47,23.333,23.363,207.522,4h,uploaded_csv,BTCDOM_INDEX_PROXY,False,True
2024-05-30 12:00:00+00:00,23.361,23.411,23.277,23.363,152.45,4h,uploaded_csv,BTCDOM_INDEX_PROXY,False,True
2024-05-30 16:00:00+00:00,23.365,23.488,23.329,23.488,177.172,4h,uploaded_csv,BTCDOM_INDEX_PROXY,False,True
2024-05-30 20:00:00+00:00,23.489,23.592,23.483,23.516,135.987,4h,uploaded_csv,BTCDOM_INDEX_PROXY,False,True
2024-05-31 00:00:00+00:00,23.519,23.583,23.497,23.512,96.153,4h,uploaded_csv,BTCDOM_INDEX_PROXY,False,True
2024-05-31 04:00:00+00:00,23.512,23.61,23.497,23.545,84.625,4h,uploaded_csv,BTCDOM_INDEX_PROXY,False,True
2024-05-31 08:00:00+00:00,23.548,23.574,23.243,23.271,292.605,4h,uploaded_csv,BTCDOM_INDEX_PROXY,False,True
2024-05-31 12:00:00+00:00,23.271,23.354,23.099,23.253,1023.802,4h,uploaded_csv,BTCDOM_INDEX_PROXY,False,True
2024-05-31 16:00:00+00:00,23.254,23.283,23.104,23.173,105.631,4h,uploaded_csv,BTCDOM_INDEX_PROXY,False,True
2024-05-31 20:00:00+00:00,23.172,23.223,23.105,23.223,60.033,4h,uploaded_csv,BTCDOM_INDEX_PROXY,False,True
2024-06-01 00:00:00+00:00,23.223,23.256,23.124,23.189,127.08,4h,uploaded_csv,BTCDOM_INDEX_PROXY,False,True
2024-06-01 04:00:00+00:00,23.188,23.22,23.083,23.186,157.704,4h,uploaded_csv,BTCDOM_INDEX_PROXY,False,True
2024-06-01 08:00:00+00:00,23.186,23.195,23.087,23.131,41.744,4h,uploaded_csv,BTCDOM_INDEX_PROXY,False,True
2024-06-01 12:00:00+00:00,23.132,23.14,23.03,23.07,132.083,4h,uploaded_csv,BTCDOM_INDEX_PROXY,False,True
2024-06-01 16:00:00+00:00,23.07,23.108,23.044,23.064,49.895,4h,uploaded_csv,BTCDOM_INDEX_PROXY,False,True
2024-06-01 20:00:00+00:00,23.066,23.068,22.982,23.06,50.703,4h,uploaded_csv,BTCDOM_INDEX_PROXY,False,True
2024-06-02 00:00:00+00:00,23.061,23.081,22.962,23.071,48.023,4h,uploaded_csv,BTCDOM_INDEX_PROXY,False,True
2024-06-02 04:00:00+00:00,23.069,23.139,23.032,23.138,46.4,4h,uploaded_csv,BTCDOM_INDEX_PROXY,False,True
2024-06-02 08:00:00+00:00,23.137,23.252,23.134,23.25,112.65,4h,uploaded_csv,BTCDOM_INDEX_PROXY,False,True
2024-06-02 12:00:00+00:00,23.248,23.304,23.19,23.258,148.722,4h,uploaded_csv,BTCDOM_INDEX_PROXY,False,True
2024-06-02 16:00:00+00:00,23.258,23.412,23.25,23.278,168.634,4h,uploaded_csv,BTCDOM_INDEX_PROXY,False,True
2024-06-02 20:00:00+00:00,23.278,23.327,23.25,23.266,96.664,4h,uploaded_csv,BTCDOM_INDEX_PROXY,False,True
2024-06-03 00:00:00+00:00,23.264,23.395,23.257,23.348,94.799,4h,uploaded_csv,BTCDOM_INDEX_PROXY,False,True
2024-06-03 04:00:00+00:00,23.348,23.378,23.263,23.315,94.723,4h,uploaded_csv,BTCDOM_INDEX_PROXY,False,True
2024-06-03 08:00:00+00:00,23.315,23.412,23.315,23.405,82.712,4h,uploaded_csv,BTCDOM_INDEX_PROXY,False,True
2024-06-03 12:00:00+00:00,23.401,23.65,23.394,23.627,304.277,4h,uploaded_csv,BTCDOM_INDEX_PROXY,False,True
2024-06-03 16:00:00+00:00,23.628,23.673,23.53,23.553,127.81,4h,uploaded_csv,BTCDOM_INDEX_PROXY,False,True
2024-06-03 20:00:00+00:00,23.558,23.618,23.498,23.53,72.653,4h,uploaded_csv,BTCDOM_INDEX_PROXY,False,True
2024-06-04 00:00:00+00:00,23.525,23.636,23.521,23.56,186.62,4h,uploaded_csv,BTCDOM_INDEX_PROXY,False,True
2024-06-04 04:00:00+00:00,23.556,23.593,23.533,23.544,95.984,4h,uploaded_csv,BTCDOM_INDEX_PROXY,False,True
2024-06-04 08:00:00+00:00,23.54,23.609,23.47,23.484,241.974,4h,uploaded_csv,BTCDOM_INDEX_PROXY,False,True
2024-06-04 12:00:00+00:00,23.484,23.668,23.474,23.63,266.966,4h,uploaded_csv,BTCDOM_INDEX_PROXY,False,True
2024-06-04 16:00:00+00:00,23.635,23.737,23.562,23.579,230.189,4h,uploaded_csv,BTCDOM_INDEX_PROXY,False,True
2024-06-04 20:00:00+00:00,23.583,23.635,23.501,23.51,74.505,4h,uploaded_csv,BTCDOM_INDEX_PROXY,False,True
2024-06-05 00:00:00+00:00,23.513,23.588,23.453,23.57,201.744,4h,uploaded_csv,BTCDOM_INDEX_PROXY,False,True
2024-06-05 04:00:00+00:00,23.562,23.711,23.546,23.617,169.747,4h,uploaded_csv,BTCDOM_INDEX_PROXY,False,True
2024-06-05 08:00:00+00:00,23.618,23.634,23.562,23.599,87.153,4h,uploaded_csv,BTCDOM_INDEX_PROXY,False,True
2024-06-05 12:00:00+00:00,23.6,23.722,23.526,23.715,120.509,4h,uploaded_csv,BTCDOM_INDEX_PROXY,False,True
2024-06-05 16:00:00+00:00,23.716,23.75,23.403,23.432,217.41,4h,uploaded_csv,BTCDOM_INDEX_PROXY,False,True
2024-06-05 20:00:00+00:00,23.435,23.5,23.35,23.392,128.118,4h,uploaded_csv,BTCDOM_INDEX_PROXY,False,True
2024-06-06 00:00:00+00:00,23.392,23.429,23.366,23.414,136.111,4h,uploaded_csv,BTCDOM_INDEX_PROXY,False,True
2024-06-06 04:00:00+00:00,23.412,23.487,23.389,23.449,60.092,4h,uploaded_csv,BTCDOM_INDEX_PROXY,False,True
2024-06-06 08:00:00+00:00,23.449,23.475,23.414,23.474,57.242,4h,uploaded_csv,BTCDOM_INDEX_PROXY,False,True
2024-06-06 12:00:00+00:00,23.475,23.616,23.469,23.534,215.032,4h,uploaded_csv,BTCDOM_INDEX_PROXY,False,True
2024-06-06 16:00:00+00:00,23.53,23.643,23.451,23.574,100.306,4h,uploaded_csv,BTCDOM_INDEX_PROXY,False,True
2024-06-06 20:00:00+00:00,23.574,23.654,23.538,23.552,97.654,4h,uploaded_csv,BTCDOM_INDEX_PROXY,False,True
2024-06-07 00:00:00+00:00,23.552,23.661,23.545,23.639,112.111,4h,uploaded_csv,BTCDOM_INDEX_PROXY,False,True
2024-06-07 04:00:00+00:00,23.64,23.666,23.606,23.631,43.676,4h,uploaded_csv,BTCDOM_INDEX_PROXY,False,True
2024-06-07 08:00:00+00:00,23.629,23.722,23.614,23.685,85.979,4h,uploaded_csv,BTCDOM_INDEX_PROXY,False,True
2024-06-07 12:00:00+00:00,23.681,23.749,23.603,23.673,178.079,4h,uploaded_csv,BTCDOM_INDEX_PROXY,False,True
2024-06-07 16:00:00+00:00,23.672,24.699,23.632,23.999,1615.546,4h,uploaded_csv,BTCDOM_INDEX_PROXY,False,True
2024-06-07 20:00:00+00:00,23.988,24.04,23.907,24.007,409.159,4h,uploaded_csv,BTCDOM_INDEX_PROXY,False,True
2024-06-08 00:00:00+00:00,24.006,24.127,23.975,23.987,294.682,4h,uploaded_csv,BTCDOM_INDEX_PROXY,False,True
2024-06-08 04:00:00+00:00,23.988,24.035,23.9,23.907,121.758,4h,uploaded_csv,BTCDOM_INDEX_PROXY,False,True
2024-06-08 08:00:00+00:00,23.914,24.124,23.9,24.098,258.137,4h,uploaded_csv,BTCDOM_INDEX_PROXY,False,True
2024-06-08 12:00:00+00:00,24.1,24.211,24.029,24.086,765.757,4h,uploaded_csv,BTCDOM_INDEX_PROXY,False,True
2024-06-08 16:00:00+00:00,24.086,24.205,24.068,24.149,156.412,4h,uploaded_csv,BTCDOM_INDEX_PROXY,False,True
2024-06-08 20:00:00+00:00,24.148,24.22,24.12,24.144,207.214,4h,uploaded_csv,BTCDOM_INDEX_PROXY,False,True
2024-06-09 00:00:00+00:00,24.144,24.24,24.08,24.176,187.52,4h,uploaded_csv,BTCDOM_INDEX_PROXY,False,True
2024-06-09 04:00:00+00:00,24.183,24.204,24.076,24.088,128.377,4h,uploaded_csv,BTCDOM_INDEX_PROXY,False,True
2024-06-09 08:00:00+00:00,24.088,24.137,24.05,24.087,85.443,4h,uploaded_csv,BTCDOM_INDEX_PROXY,False,True
2024-06-09 12:00:00+00:00,24.094,24.135,24.064,24.122,114.217,4h,uploaded_csv,BTCDOM_INDEX_PROXY,False,True
2024-06-09 16:00:00+00:00,24.122,25.662,24.077,24.117,810.248,4h,uploaded_csv,BTCDOM_INDEX_PROXY,False,True
2024-06-09 20:00:00+00:00,24.116,24.18,24.071,24.098,176.176,4h,uploaded_csv,BTCDOM_INDEX_PROXY,False,True
2024-06-10 00:00:00+00:00,24.099,24.253,24.077,24.232,90.858,4h,uploaded_csv,BTCDOM_INDEX_PROXY,False,True
2024-06-10 04:00:00+00:00,24.232,24.499,24.227,24.496,231.437,4h,uploaded_csv,BTCDOM_INDEX_PROXY,False,True
2024-06-10 08:00:00+00:00,24.497,24.499,24.279,24.364,238.918,4h,uploaded_csv,BTCDOM_INDEX_PROXY,False,True
2024-06-10 12:00:00+00:00,24.366,24.402,24.268,24.3,123.174,4h,uploaded_csv,BTCDOM_INDEX_PROXY,False,True
2024-06-10 16:00:00+00:00,24.3,24.371,24.291,24.338,73.419,4h,uploaded_csv,BTCDOM_INDEX_PROXY,False,True
2024-06-10 20:00:00+00:00,24.343,24.582,24.343,24.519,158.898,4h,uploaded_csv,BTCDOM_INDEX_PROXY,False,True
2024-06-11 00:00:00+00:00,24.513,24.793,24.408,24.509,498.494,4h,uploaded_csv,BTCDOM_INDEX_PROXY,False,True
2024-06-11 04:00:00+00:00,24.511,24.71,24.469,24.618,344.922,4h,uploaded_csv,BTCDOM_INDEX_PROXY,False,True
2024-06-11 08:00:00+00:00,24.619,24.641,24.379,24.438,266.475,4h,uploaded_csv,BTCDOM_INDEX_PROXY,False,True
2024-06-11 12:00:00+00:00,24.435,25.152,24.421,24.803,681.147,4h,uploaded_csv,BTCDOM_INDEX_PROXY,False,True
2024-06-11 16:00:00+00:00,24.803,24.947,24.693,24.859,555.778,4h,uploaded_csv,BTCDOM_INDEX_PROXY,False,True
2024-06-11 20:00:00+00:00,24.861,24.939,24.83,24.874,188.948,4h,uploaded_csv,BTCDOM_INDEX_PROXY,False,True
2024-06-12 00:00:00+00:00,24.875,25.076,24.779,24.786,417.238,4h,uploaded_csv,BTCDOM_INDEX_PROXY,False,True
2024-06-12 04:00:00+00:00,24.785,24.825,24.629,24.643,317.175,4h,uploaded_csv,BTCDOM_INDEX_PROXY,False,True
2024-06-12 08:00:00+00:00,24.644,24.793,24.606,24.788,199.515,4h,uploaded_csv,BTCDOM_INDEX_PROXY,False,True
2024-06-12 12:00:00+00:00,24.793,24.811,24.523,24.733,501.25,4h,uploaded_csv,BTCDOM_INDEX_PROXY,False,True
2024-06-12 16:00:00+00:00,24.732,24.794,24.548,24.576,356.469,4h,uploaded_csv,BTCDOM_INDEX_PROXY,False,True
2024-06-12 20:00:00+00:00,24.576,24.679,24.5,24.575,248.779,4h,uploaded_csv,BTCDOM_INDEX_PROXY,False,True
2024-06-13 00:00:00+00:00,24.575,24.93,24.54,24.736,414.521,4h,uploaded_csv,BTCDOM_INDEX_PROXY,False,True
2024-06-13 04:00:00+00:00,24.738,24.866,24.617,24.791,301.361,4h,uploaded_csv,BTCDOM_INDEX_PROXY,False,True
2024-06-13 08:00:00+00:00,24.789,24.95,24.725,24.937,147.962,4h,uploaded_csv,BTCDOM_INDEX_PROXY,False,True
2024-06-13 12:00:00+00:00,24.936,24.976,24.705,24.861,311.738,4h,uploaded_csv,BTCDOM_INDEX_PROXY,False,True
2024-06-13 16:00:00+00:00,24.855,24.876,24.631,24.643,185.597,4h,uploaded_csv,BTCDOM_INDEX_PROXY,False,True
2024-06-13 20:00:00+00:00,24.649,24.882,24.642,24.83,102.264,4h,uploaded_csv,BTCDOM_INDEX_PROXY,False,True
2024-06-14 00:00:00+00:00,24.831,24.86,24.62,24.682,107.371,4h,uploaded_csv,BTCDOM_INDEX_PROXY,False,True
2024-06-14 04:00:00+00:00,24.682,24.692,24.56,24.571,100.845,4h,uploaded_csv,BTCDOM_INDEX_PROXY,False,True
2024-06-14 08:00:00+00:00,24.571,24.663,24.556,24.595,38.391,4h,uploaded_csv,BTCDOM_INDEX_PROXY,False,True
2024-06-14 12:00:00+00:00,24.595,24.869,24.589,24.805,186.169,4h,uploaded_csv,BTCDOM_INDEX_PROXY,False,True
2024-06-14 16:00:00+00:00,24.804,25.1,24.79,24.889,478.907,4h,uploaded_csv,BTCDOM_INDEX_PROXY,False,True
2024-06-14 20:00:00+00:00,24.888,24.96,24.566,24.638,377.804,4h,uploaded_csv,BTCDOM_INDEX_PROXY,False,True
2024-06-15 00:00:00+00:00,24.638,24.708,24.576,24.592,128.728,4h,uploaded_csv,BTCDOM_INDEX_PROXY,False,True
2024-06-15 04:00:00+00:00,24.592,24.623,24.334,24.412,197.719,4h,uploaded_csv,BTCDOM_INDEX_PROXY,False,True
2024-06-15 08:00:00+00:00,24.414,24.478,24.387,24.422,70.534,4h,uploaded_csv,BTCDOM_INDEX_PROXY,False,True
2024-06-15 12:00:00+00:00,24.422,24.441,24.181,24.287,104.513,4h,uploaded_csv,BTCDOM_INDEX_PROXY,False,True
2024-06-15 16:00:00+00:00,24.284,24.319,24.22,24.26,61.001,4h,uploaded_csv,BTCDOM_INDEX_PROXY,False,True
2024-06-15 20:00:00+00:00,24.262,24.305,24.216,24.235,50.544,4h,uploaded_csv,BTCDOM_INDEX_PROXY,False,True
2024-06-16 00:00:00+00:00,24.225,24.323,24.211,24.311,142.908,4h,uploaded_csv,BTCDOM_INDEX_PROXY,False,True
2024-06-16 04:00:00+00:00,24.314,24.38,24.254,24.287,54.042,4h,uploaded_csv,BTCDOM_INDEX_PROXY,False,True
2024-06-16 08:00:00+00:00,24.289,24.396,24.289,24.358,59.866,4h,uploaded_csv,BTCDOM_INDEX_PROXY,False,True
2024-06-16 12:00:00+00:00,24.36,24.396,24.199,24.206,61.665,4h,uploaded_csv,BTCDOM_INDEX_PROXY,False,True
2024-06-16 16:00:00+00:00,24.205,24.23,24.028,24.132,164.014,4h,uploaded_csv,BTCDOM_INDEX_PROXY,False,True
2024-06-16 20:00:00+00:00,24.133,24.154,23.933,24.037,124.725,4h,uploaded_csv,BTCDOM_INDEX_PROXY,False,True
2024-06-17 00:00:00+00:00,24.035,24.198,23.988,24.18,100.457,4h,uploaded_csv,BTCDOM_INDEX_PROXY,False,True
2024-06-17 04:00:00+00:00,24.175,24.36,24.156,24.282,158.35,4h,uploaded_csv,BTCDOM_INDEX_PROXY,False,True
2024-06-17 08:00:00+00:00,24.278,24.548,24.269,24.359,197.347,4h,uploaded_csv,BTCDOM_INDEX_PROXY,False,True
2024-06-17 12:00:00+00:00,24.359,24.431,24.2,24.407,111.314,4h,uploaded_csv,BTCDOM_INDEX_PROXY,False,True
2024-06-17 16:00:00+00:00,24.41,24.625,24.357,24.452,277.163,4h,uploaded_csv,BTCDOM_INDEX_PROXY,False,True
2024-06-17 20:00:00+00:00,24.451,24.734,24.451,24.71,178.944,4h,uploaded_csv,BTCDOM_INDEX_PROXY,False,True
2024-06-18 00:00:00+00:00,24.71,26.15,24.65,25.061,1454.803,4h,uploaded_csv,BTCDOM_INDEX_PROXY,False,True
2024-06-18 04:00:00+00:00,25.064,25.152,25.024,25.073,391.894,4h,uploaded_csv,BTCDOM_INDEX_PROXY,False,True
2024-06-18 08:00:00+00:00,25.076,25.272,24.999,25.173,558.045,4h,uploaded_csv,BTCDOM_INDEX_PROXY,False,True
2024-06-18 12:00:00+00:00,25.174,25.364,24.919,24.963,1056.631,4h,uploaded_csv,BTCDOM_INDEX_PROXY,False,True
2024-06-18 16:00:00+00:00,24.966,25.216,24.918,24.929,655.288,4h,uploaded_csv,BTCDOM_INDEX_PROXY,False,True
2024-06-18 20:00:00+00:00,24.928,24.966,24.741,24.78,660.949,4h,uploaded_csv,BTCDOM_INDEX_PROXY,False,True
2024-06-19 00:00:00+00:00,24.778,24.808,24.322,24.334,358.391,4h,uploaded_csv,BTCDOM_INDEX_PROXY,False,True
2024-06-19 04:00:00+00:00,24.335,24.462,24.268,24.349,501.451,4h,uploaded_csv,BTCDOM_INDEX_PROXY,False,True
2024-06-19 08:00:00+00:00,24.352,24.562,24.318,24.454,274.032,4h,uploaded_csv,BTCDOM_INDEX_PROXY,False,True
2024-06-19 12:00:00+00:00,24.457,24.546,24.368,24.438,105.0,4h,uploaded_csv,BTCDOM_INDEX_PROXY,False,True
2024-06-19 16:00:00+00:00,24.438,24.447,24.19,24.305,163.957,4h,uploaded_csv,BTCDOM_INDEX_PROXY,False,True
2024-06-19 20:00:00+00:00,24.306,24.388,24.26,24.31,82.556,4h,uploaded_csv,BTCDOM_INDEX_PROXY,False,True
2024-06-20 00:00:00+00:00,24.314,24.5,24.26,24.478,96.574,4h,uploaded_csv,BTCDOM_INDEX_PROXY,False,True
2024-06-20 04:00:00+00:00,24.481,24.5,24.291,24.328,127.927,4h,uploaded_csv,BTCDOM_INDEX_PROXY,False,True
2024-06-20 08:00:00+00:00,24.325,24.475,24.308,24.428,156.865,4h,uploaded_csv,BTCDOM_INDEX_PROXY,False,True
2024-06-20 12:00:00+00:00,24.428,24.609,24.412,24.574,315.36,4h,uploaded_csv,BTCDOM_INDEX_PROXY,False,True
2024-06-20 16:00:00+00:00,24.572,24.638,24.414,24.467,167.421,4h,uploaded_csv,BTCDOM_INDEX_PROXY,False,True
2024-06-20 20:00:00+00:00,24.465,24.63,24.458,24.567,115.318,4h,uploaded_csv,BTCDOM_INDEX_PROXY,False,True
2024-06-21 00:00:00+00:00,24.57,24.67,24.463,24.517,85.283,4h,uploaded_csv,BTCDOM_INDEX_PROXY,False,True
2024-06-21 04:00:00+00:00,24.515,24.672,24.457,24.561,123.219,4h,uploaded_csv,BTCDOM_INDEX_PROXY,False,True
2024-06-21 08:00:00+00:00,24.561,24.605,24.2,24.206,212.845,4h,uploaded_csv,BTCDOM_INDEX_PROXY,False,True
2024-06-21 12:00:00+00:00,24.21,24.458,24.186,24.328,157.2,4h,uploaded_csv,BTCDOM_INDEX_PROXY,False,True
2024-06-21 16:00:00+00:00,24.325,24.489,24.238,24.278,106.464,4h,uploaded_csv,BTCDOM_INDEX_PROXY,False,True
2024-06-21 20:00:00+00:00,24.276,24.334,24.238,24.308,63.569,4h,uploaded_csv,BTCDOM_INDEX_PROXY,False,True
2024-06-22 00:00:00+00:00,24.31,24.43,24.31,24.415,48.593,4h,uploaded_csv,BTCDOM_INDEX_PROXY,False,True
2024-06-22 04:00:00+00:00,24.415,24.56,24.41,24.54,62.418,4h,uploaded_csv,BTCDOM_INDEX_PROXY,False,True
2024-06-22 08:00:00+00:00,24.543,24.621,24.43,24.451,136.935,4h,uploaded_csv,BTCDOM_INDEX_PROXY,False,True
2024-06-22 12:00:00+00:00,24.451,24.517,24.327,24.389,160.687,4h,uploaded_csv,BTCDOM_INDEX_PROXY,False,True
2024-06-22 16:00:00+00:00,24.388,24.447,24.376,24.436,26.923,4h,uploaded_csv,BTCDOM_INDEX_PROXY,False,True
2024-06-22 20:00:00+00:00,24.435,24.468,24.379,24.436,55.462,4h,uploaded_csv,BTCDOM_INDEX_PROXY,False,True
2024-06-23 00:00:00+00:00,24.436,24.454,24.333,24.333,60.276,4h,uploaded_csv,BTCDOM_INDEX_PROXY,False,True
2024-06-23 04:00:00+00:00,24.333,24.399,24.328,24.376,36.686,4h,uploaded_csv,BTCDOM_INDEX_PROXY,False,True
2024-06-23 08:00:00+00:00,24.375,24.474,24.368,24.433,81.525,4h,uploaded_csv,BTCDOM_INDEX_PROXY,False,True
2024-06-23 12:00:00+00:00,24.431,24.566,24.42,24.552,101.007,4h,uploaded_csv,BTCDOM_INDEX_PROXY,False,True
2024-06-23 16:00:00+00:00,24.547,24.606,24.508,24.55,125.879,4h,uploaded_csv,BTCDOM_INDEX_PROXY,False,True
2024-06-23 20:00:00+00:00,24.55,24.78,24.543,24.595,151.543,4h,uploaded_csv,BTCDOM_INDEX_PROXY,False,True
2024-06-24 00:00:00+00:00,24.592,24.674,24.476,24.577,201.909,4h,uploaded_csv,BTCDOM_INDEX_PROXY,False,True
2024-06-24 04:00:00+00:00,24.58,24.807,24.565,24.682,381.002,4h,uploaded_csv,BTCDOM_INDEX_PROXY,False,True
2024-06-24 08:00:00+00:00,24.677,24.99,24.309,24.416,627.182,4h,uploaded_csv,BTCDOM_INDEX_PROXY,False,True
2024-06-24 12:00:00+00:00,24.416,24.567,24.345,24.493,287.97,4h,uploaded_csv,BTCDOM_INDEX_PROXY,False,True
2024-06-24 16:00:00+00:00,24.501,24.537,23.847,23.862,552.558,4h,uploaded_csv,BTCDOM_INDEX_PROXY,False,True
2024-06-24 20:00:00+00:00,23.862,23.883,23.628,23.762,485.041,4h,uploaded_csv,BTCDOM_INDEX_PROXY,False,True
2024-06-25 00:00:00+00:00,23.761,23.94,23.657,23.893,286.63,4h,uploaded_csv,BTCDOM_INDEX_PROXY,False,True
2024-06-25 04:00:00+00:00,23.9,23.918,23.729,23.737,118.621,4h,uploaded_csv,BTCDOM_INDEX_PROXY,False,True
2024-06-25 08:00:00+00:00,23.738,23.905,23.7,23.813,104.482,4h,uploaded_csv,BTCDOM_INDEX_PROXY,False,True
2024-06-25 12:00:00+00:00,23.812,23.953,23.737,23.757,119.674,4h,uploaded_csv,BTCDOM_INDEX_PROXY,False,True
2024-06-25 16:00:00+00:00,23.755,23.915,23.708,23.844,127.461,4h,uploaded_csv,BTCDOM_INDEX_PROXY,False,True
2024-06-25 20:00:00+00:00,23.844,23.946,23.812,23.904,73.175,4h,uploaded_csv,BTCDOM_INDEX_PROXY,False,True
2024-06-26 00:00:00+00:00,23.902,23.973,23.812,23.936,193.038,4h,uploaded_csv,BTCDOM_INDEX_PROXY,False,True
2024-06-26 04:00:00+00:00,23.936,23.961,23.832,23.842,73.73,4h,uploaded_csv,BTCDOM_INDEX_PROXY,False,True
2024-06-26 08:00:00+00:00,23.842,23.911,23.838,23.889,73.177,4h,uploaded_csv,BTCDOM_INDEX_PROXY,False,True
2024-06-26 12:00:00+00:00,23.885,24.045,23.873,24.002,130.82,4h,uploaded_csv,BTCDOM_INDEX_PROXY,False,True
2024-06-26 16:00:00+00:00,24.006,24.036,23.581,23.584,238.74,4h,uploaded_csv,BTCDOM_INDEX_PROXY,False,True
2024-06-26 20:00:00+00:00,23.581,23.767,23.551,23.763,99.201,4h,uploaded_csv,BTCDOM_INDEX_PROXY,False,True
2024-06-27 00:00:00+00:00,23.761,23.825,23.714,23.761,99.28,4h,uploaded_csv,BTCDOM_INDEX_PROXY,False,True
2024-06-27 04:00:00+00:00,23.757,23.836,23.752,23.767,48.972,4h,uploaded_csv,BTCDOM_INDEX_PROXY,False,True
2024-06-27 08:00:00+00:00,23.766,23.798,23.696,23.699,82.069,4h,uploaded_csv,BTCDOM_INDEX_PROXY,False,True
2024-06-27 12:00:00+00:00,23.699,23.705,23.421,23.433,287.617,4h,uploaded_csv,BTCDOM_INDEX_PROXY,False,True
2024-06-27 16:00:00+00:00,23.436,23.542,23.363,23.367,77.086,4h,uploaded_csv,BTCDOM_INDEX_PROXY,False,True
2024-06-27 20:00:00+00:00,23.371,23.409,23.334,23.396,70.169,4h,uploaded_csv,BTCDOM_INDEX_PROXY,False,True
2024-06-28 00:00:00+00:00,23.397,23.471,23.351,23.425,144.134,4h,uploaded_csv,BTCDOM_INDEX_PROXY,False,True
2024-06-28 04:00:00+00:00,23.425,23.477,23.401,23.435,50.877,4h,uploaded_csv,BTCDOM_INDEX_PROXY,False,True
2024-06-28 08:00:00+00:00,23.435,23.475,23.397,23.429,85.951,4h,uploaded_csv,BTCDOM_INDEX_PROXY,False,True
2024-06-28 12:00:00+00:00,23.435,23.455,23.297,23.439,247.775,4h,uploaded_csv,BTCDOM_INDEX_PROXY,False,True
2024-06-28 16:00:00+00:00,23.439,23.547,23.312,23.316,136.758,4h,uploaded_csv,BTCDOM_INDEX_PROXY,False,True
2024-06-28 20:00:00+00:00,23.311,23.525,23.289,23.501,165.593,4h,uploaded_csv,BTCDOM_INDEX_PROXY,False,True
2024-06-29 00:00:00+00:00,23.502,23.578,23.47,23.5,165.08,4h,uploaded_csv,BTCDOM_INDEX_PROXY,False,True
2024-06-29 04:00:00+00:00,23.5,23.571,23.5,23.545,88.114,4h,uploaded_csv,BTCDOM_INDEX_PROXY,False,True
2024-06-29 08:00:00+00:00,23.544,23.572,23.507,23.557,42.54,4h,uploaded_csv,BTCDOM_INDEX_PROXY,False,True
2024-06-29 12:00:00+00:00,23.557,23.664,23.545,23.6,169.257,4h,uploaded_csv,BTCDOM_INDEX_PROXY,False,True
2024-06-29 16:00:00+00:00,23.6,23.665,23.586,23.628,107.189,4h,uploaded_csv,BTCDOM_INDEX_PROXY,False,True
2024-06-29 20:00:00+00:00,23.629,23.73,23.615,23.695,60.453,4h,uploaded_csv,BTCDOM_INDEX_PROXY,False,True
2024-06-30 00:00:00+00:00,23.695,23.791,23.658,23.746,107.246,4h,uploaded_csv,BTCDOM_INDEX_PROXY,False,True
2024-06-30 04:00:00+00:00,23.746,23.832,23.704,23.769,114.75,4h,uploaded_csv,BTCDOM_INDEX_PROXY,False,True
2024-06-30 08:00:00+00:00,23.769,23.831,23.724,23.822,55.336,4h,uploaded_csv,BTCDOM_INDEX_PROXY,False,True
2024-06-30 12:00:00+00:00,23.821,23.843,23.751,23.764,62.611,4h,uploaded_csv,BTCDOM_INDEX_PROXY,False,True
2024-06-30 16:00:00+00:00,23.764,23.815,23.651,23.717,100.345,4h,uploaded_csv,BTCDOM_INDEX_PROXY,False,True
2024-06-30 20:00:00+00:00,23.716,23.908,23.709,23.888,97.211,4h,uploaded_csv,BTCDOM_INDEX_PROXY,False,True
2024-07-01 00:00:00+00:00,23.893,23.961,23.759,23.811,207.223,4h,uploaded_csv,BTCDOM_INDEX_PROXY,False,True
2024-07-01 04:00:00+00:00,23.811,23.88,23.786,23.811,59.477,4h,uploaded_csv,BTCDOM_INDEX_PROXY,False,True
2024-07-01 08:00:00+00:00,23.811,23.811,23.687,23.771,65.131,4h,uploaded_csv,BTCDOM_INDEX_PROXY,False,True
2024-07-01 12:00:00+00:00,23.771,23.856,23.726,23.856,62.96,4h,uploaded_csv,BTCDOM_INDEX_PROXY,False,True
2024-07-01 16:00:00+00:00,23.856,24.0,23.84,23.887,88.318,4h,uploaded_csv,BTCDOM_INDEX_PROXY,False,True
2024-07-01 20:00:00+00:00,23.885,23.992,23.855,23.939,36.862,4h,uploaded_csv,BTCDOM_INDEX_PROXY,False,True
2024-07-02 00:00:00+00:00,23.937,24.243,23.907,23.923,193.703,4h,uploaded_csv,BTCDOM_INDEX_PROXY,False,True
2024-07-02 04:00:00+00:00,23.921,23.934,23.829,23.841,43.511,4h,uploaded_csv,BTCDOM_INDEX_PROXY,False,True
2024-07-02 08:00:00+00:00,23.843,23.862,23.754,23.782,28.944,4h,uploaded_csv,BTCDOM_INDEX_PROXY,False,True
2024-07-02 12:00:00+00:00,23.782,23.827,23.67,23.671,74.659,4h,uploaded_csv,BTCDOM_INDEX_PROXY,False,True
2024-07-02 16:00:00+00:00,23.671,23.704,23.527,23.551,146.944,4h,uploaded_csv,BTCDOM_INDEX_PROXY,False,True
2024-07-02 20:00:00+00:00,23.554,23.603,23.524,23.583,54.053,4h,uploaded_csv,BTCDOM_INDEX_PROXY,False,True
2024-07-03 00:00:00+00:00,23.584,23.627,23.455,23.537,111.097,4h,uploaded_csv,BTCDOM_INDEX_PROXY,False,True
2024-07-03 04:00:00+00:00,23.544,23.657,23.543,23.621,94.539,4h,uploaded_csv,BTCDOM_INDEX_PROXY,False,True
2024-07-03 08:00:00+00:00,23.633,23.75,23.473,23.717,157.845,4h,uploaded_csv,BTCDOM_INDEX_PROXY,False,True
2024-07-03 12:00:00+00:00,23.724,23.832,23.709,23.747,182.374,4h,uploaded_csv,BTCDOM_INDEX_PROXY,False,True
2024-07-03 16:00:00+00:00,23.741,23.968,23.741,23.829,144.383,4h,uploaded_csv,BTCDOM_INDEX_PROXY,False,True
2024-07-03 20:00:00+00:00,23.826,23.9,23.759,23.856,149.332,4h,uploaded_csv,BTCDOM_INDEX_PROXY,False,True
2024-07-04 00:00:00+00:00,23.851,24.133,23.826,23.906,395.761,4h,uploaded_csv,BTCDOM_INDEX_PROXY,False,True
2024-07-04 04:00:00+00:00,23.904,24.077,23.836,23.961,153.11,4h,uploaded_csv,BTCDOM_INDEX_PROXY,False,True
2024-07-04 08:00:00+00:00,23.96,23.993,23.738,23.956,352.7,4h,uploaded_csv,BTCDOM_INDEX_PROXY,False,True
2024-07-04 12:00:00+00:00,23.956,24.218,23.855,24.21,620.304,4h,uploaded_csv,BTCDOM_INDEX_PROXY,False,True
2024-07-04 16:00:00+00:00,24.211,24.39,24.183,24.372,465.744,4h,uploaded_csv,BTCDOM_INDEX_PROXY,False,True
2024-07-04 20:00:00+00:00,24.371,24.6,24.258,24.488,608.52,4h,uploaded_csv,BTCDOM_INDEX_PROXY,False,True
2024-07-05 00:00:00+00:00,24.483,25.52,24.42,25.183,3002.627,4h,uploaded_csv,BTCDOM_INDEX_PROXY,False,True
2024-07-05 04:00:00+00:00,25.179,25.429,24.637,24.838,1666.834,4h,uploaded_csv,BTCDOM_INDEX_PROXY,False,True
2024-07-05 08:00:00+00:00,24.836,25.213,24.633,24.681,1286.685,4h,uploaded_csv,BTCDOM_INDEX_PROXY,False,True
2024-07-05 12:00:00+00:00,24.68,24.754,24.5,24.74,1192.036,4h,uploaded_csv,BTCDOM_INDEX_PROXY,False,True
2024-07-05 16:00:00+00:00,24.74,24.819,24.541,24.605,490.889,4h,uploaded_csv,BTCDOM_INDEX_PROXY,False,True
2024-07-05 20:00:00+00:00,24.608,24.758,24.607,24.708,163.758,4h,uploaded_csv,BTCDOM_INDEX_PROXY,False,True
2024-07-06 00:00:00+00:00,24.709,24.775,24.441,24.595,301.939,4h,uploaded_csv,BTCDOM_INDEX_PROXY,False,True
2024-07-06 04:00:00+00:00,24.597,24.682,24.353,24.449,225.449,4h,uploaded_csv,BTCDOM_INDEX_PROXY,False,True
2024-07-06 08:00:00+00:00,24.45,24.482,24.348,24.376,120.617,4h,uploaded_csv,BTCDOM_INDEX_PROXY,False,True
2024-07-06 12:00:00+00:00,24.377,24.497,24.377,24.442,132.863,4h,uploaded_csv,BTCDOM_INDEX_PROXY,False,True
2024-07-06 16:00:00+00:00,24.433,24.48,24.3,24.301,131.329,4h,uploaded_csv,BTCDOM_INDEX_PROXY,False,True
2024-07-06 20:00:00+00:00,24.305,24.427,24.267,24.39,179.02,4h,uploaded_csv,BTCDOM_INDEX_PROXY,False,True
2024-07-07 00:00:00+00:00,24.391,24.6,24.388,24.463,254.059,4h,uploaded_csv,BTCDOM_INDEX_PROXY,False,True
2024-07-07 04:00:00+00:00,24.461,24.681,24.443,24.629,192.049,4h,uploaded_csv,BTCDOM_INDEX_PROXY,False,True
2024-07-07 08:00:00+00:00,24.629,24.7,24.554,24.577,169.302,4h,uploaded_csv,BTCDOM_INDEX_PROXY,False,True
2024-07-07 12:00:00+00:00,24.577,24.843,24.563,24.751,268.239,4h,uploaded_csv,BTCDOM_INDEX_PROXY,False,True
2024-07-07 16:00:00+00:00,24.751,24.802,24.631,24.785,221.497,4h,uploaded_csv,BTCDOM_INDEX_PROXY,False,True
2024-07-07 20:00:00+00:00,24.784,25.079,24.735,24.755,283.098,4h,uploaded_csv,BTCDOM_INDEX_PROXY,False,True
2024-07-08 00:00:00+00:00,24.753,25.054,24.639,24.788,492.964,4h,uploaded_csv,BTCDOM_INDEX_PROXY,False,True
2024-07-08 04:00:00+00:00,24.788,24.801,24.546,24.661,209.247,4h,uploaded_csv,BTCDOM_INDEX_PROXY,False,True
2024-07-08 08:00:00+00:00,24.662,24.673,24.187,24.188,578.357,4h,uploaded_csv,BTCDOM_INDEX_PROXY,False,True
2024-07-08 12:00:00+00:00,24.188,24.553,24.181,24.27,494.98,4h,uploaded_csv,BTCDOM_INDEX_PROXY,False,True
2024-07-08 16:00:00+00:00,24.272,24.439,24.238,24.313,224.39,4h,uploaded_csv,BTCDOM_INDEX_PROXY,False,True
2024-07-08 20:00:00+00:00,24.311,24.377,24.161,24.289,359.256,4h,uploaded_csv,BTCDOM_INDEX_PROXY,False,True
2024-07-09 00:00:00+00:00,24.285,24.314,24.16,24.212,184.747,4h,uploaded_csv,BTCDOM_INDEX_PROXY,False,True
2024-07-09 04:00:00+00:00,24.212,24.301,24.145,24.17,178.915,4h,uploaded_csv,BTCDOM_INDEX_PROXY,False,True
2024-07-09 08:00:00+00:00,24.172,24.267,24.143,24.164,79.923,4h,uploaded_csv,BTCDOM_INDEX_PROXY,False,True
2024-07-09 12:00:00+00:00,24.169,24.335,24.169,24.303,153.386,4h,uploaded_csv,BTCDOM_INDEX_PROXY,False,True
2024-07-09 16:00:00+00:00,24.294,24.5,24.277,24.418,91.845,4h,uploaded_csv,BTCDOM_INDEX_PROXY,False,True
2024-07-09 20:00:00+00:00,24.411,24.517,24.381,24.515,67.129,4h,uploaded_csv,BTCDOM_INDEX_PROXY,False,True
2024-07-10 00:00:00+00:00,24.515,24.57,24.415,24.497,76.859,4h,uploaded_csv,BTCDOM_INDEX_PROXY,False,True
2024-07-10 04:00:00+00:00,24.497,24.702,24.482,24.613,179.166,4h,uploaded_csv,BTCDOM_INDEX_PROXY,False,True
2024-07-10 08:00:00+00:00,24.624,24.63,24.395,24.421,81.17,4h,uploaded_csv,BTCDOM_INDEX_PROXY,False,True
2024-07-10 12:00:00+00:00,24.41,24.421,24.006,24.034,322.481,4h,uploaded_csv,BTCDOM_INDEX_PROXY,False,True
2024-07-10 16:00:00+00:00,24.035,24.124,23.937,23.994,93.777,4h,uploaded_csv,BTCDOM_INDEX_PROXY,False,True
2024-07-10 20:00:00+00:00,23.999,24.149,23.973,24.119,97.598,4h,uploaded_csv,BTCDOM_INDEX_PROXY,False,True
2024-07-11 00:00:00+00:00,24.116,24.195,24.032,24.186,98.585,4h,uploaded_csv,BTCDOM_INDEX_PROXY,False,True
2024-07-11 04:00:00+00:00,24.186,24.257,24.143,24.163,92.725,4h,uploaded_csv,BTCDOM_INDEX_PROXY,False,True
2024-07-11 08:00:00+00:00,24.162,24.18,24.039,24.168,102.067,4h,uploaded_csv,BTCDOM_INDEX_PROXY,False,True
2024-07-11 12:00:00+00:00,24.168,24.203,23.788,23.953,339.641,4h,uploaded_csv,BTCDOM_INDEX_PROXY,False,True
2024-07-11 16:00:00+00:00,23.954,24.012,23.907,23.987,67.81,4h,uploaded_csv,BTCDOM_INDEX_PROXY,False,True
2024-07-11 20:00:00+00:00,23.991,24.066,23.98,24.051,75.321,4h,uploaded_csv,BTCDOM_INDEX_PROXY,False,True
2024-07-12 00:00:00+00:00,24.048,24.056,23.898,23.926,139.293,4h,uploaded_csv,BTCDOM_INDEX_PROXY,False,True
2024-07-12 04:00:00+00:00,23.928,24.086,23.924,24.064,75.318,4h,uploaded_csv,BTCDOM_INDEX_PROXY,False,True
2024-07-12 08:00:00+00:00,24.047,24.142,24.028,24.096,65.388,4h,uploaded_csv,BTCDOM_INDEX_PROXY,False,True
2024-07-12 12:00:00+00:00,24.096,24.143,23.976,24.067,102.162,4h,uploaded_csv,BTCDOM_INDEX_PROXY,False,True
2024-07-12 16:00:00+00:00,24.07,24.096,23.871,23.888,56.529,4h,uploaded_csv,BTCDOM_INDEX_PROXY,False,True
2024-07-12 20:00:00+00:00,23.88,23.961,23.859,23.875,67.952,4h,uploaded_csv,BTCDOM_INDEX_PROXY,False,True
2024-07-13 00:00:00+00:00,23.875,23.897,23.822,23.835,43.501,4h,uploaded_csv,BTCDOM_INDEX_PROXY,False,True
2024-07-13 04:00:00+00:00,23.844,23.881,23.759,23.784,52.879,4h,uploaded_csv,BTCDOM_INDEX_PROXY,False,True
2024-07-13 08:00:00+00:00,23.786,23.876,23.718,23.874,80.167,4h,uploaded_csv,BTCDOM_INDEX_PROXY,False,True
2024-07-13 12:00:00+00:00,23.871,23.983,23.81,23.93,110.851,4h,uploaded_csv,BTCDOM_INDEX_PROXY,False,True
2024-07-13 16:00:00+00:00,23.931,23.95,23.765,23.767,31.039,4h,uploaded_csv,BTCDOM_INDEX_PROXY,False,True
2024-07-13 20:00:00+00:00,23.765,24.022,23.743,23.961,119.786,4h,uploaded_csv,BTCDOM_INDEX_PROXY,False,True
2024-07-14 00:00:00+00:00,23.96,24.086,23.939,24.046,83.91,4h,uploaded_csv,BTCDOM_INDEX_PROXY,False,True
2024-07-14 04:00:00+00:00,24.05,24.194,24.036,24.114,58.085,4h,uploaded_csv,BTCDOM_INDEX_PROXY,False,True
2024-07-14 08:00:00+00:00,24.122,24.154,24.021,24.127,28.991,4h,uploaded_csv,BTCDOM_INDEX_PROXY,False,True
2024-07-14 12:00:00+00:00,24.126,24.198,24.045,24.187,50.767,4h,uploaded_csv,BTCDOM_INDEX_PROXY,False,True
2024-07-14 16:00:00+00:00,24.187,24.191,24.102,24.104,19.633,4h,uploaded_csv,BTCDOM_INDEX_PROXY,False,True
2024-07-14 20:00:00+00:00,24.104,24.239,24.049,24.09,117.697,4h,uploaded_csv,BTCDOM_INDEX_PROXY,False,True
2024-07-15 00:00:00+00:00,24.092,24.316,23.954,24.286,181.57,4h,uploaded_csv,BTCDOM_INDEX_PROXY,False,True
2024-07-15 04:00:00+00:00,24.291,24.33,24.144,24.188,93.323,4h,uploaded_csv,BTCDOM_INDEX_PROXY,False,True
2024-07-15 08:00:00+00:00,24.181,24.24,24.136,24.153,52.584,4h,uploaded_csv,BTCDOM_INDEX_PROXY,False,True
2024-07-15 12:00:00+00:00,24.143,24.201,24.071,24.162,181.189,4h,uploaded_csv,BTCDOM_INDEX_PROXY,False,True
2024-07-15 16:00:00+00:00,24.177,24.195,24.004,24.023,120.617,4h,uploaded_csv,BTCDOM_INDEX_PROXY,False,True
2024-07-15 20:00:00+00:00,24.011,24.1,23.897,24.017,253.34,4h,uploaded_csv,BTCDOM_INDEX_PROXY,False,True
2024-07-16 00:00:00+00:00,24.017,24.181,23.961,24.099,185.423,4h,uploaded_csv,BTCDOM_INDEX_PROXY,False,True
2024-07-16 04:00:00+00:00,24.097,24.147,23.968,24.108,246.695,4h,uploaded_csv,BTCDOM_INDEX_PROXY,False,True
2024-07-16 08:00:00+00:00,24.101,24.171,24.006,24.121,185.566,4h,uploaded_csv,BTCDOM_INDEX_PROXY,False,True
2024-07-16 12:00:00+00:00,24.124,24.25,24.044,24.063,211.232,4h,uploaded_csv,BTCDOM_INDEX_PROXY,False,True
2024-07-16 16:00:00+00:00,24.064,24.173,23.913,24.16,158.39,4h,uploaded_csv,BTCDOM_INDEX_PROXY,False,True
2024-07-16 20:00:00+00:00,24.164,24.334,24.107,24.296,160.062,4h,uploaded_csv,BTCDOM_INDEX_PROXY,False,True
2024-07-17 00:00:00+00:00,24.293,24.403,24.215,24.348,168.349,4h,uploaded_csv,BTCDOM_INDEX_PROXY,False,True
2024-07-17 04:00:00+00:00,24.348,24.368,24.128,24.128,97.155,4h,uploaded_csv,BTCDOM_INDEX_PROXY,False,True
2024-07-17 08:00:00+00:00,24.129,24.157,24.065,24.127,92.82,4h,uploaded_csv,BTCDOM_INDEX_PROXY,False,True
2024-07-17 12:00:00+00:00,24.128,24.272,24.067,24.245,162.959,4h,uploaded_csv,BTCDOM_INDEX_PROXY,False,True
2024-07-17 16:00:00+00:00,24.247,24.418,24.191,24.271,122.187,4h,uploaded_csv,BTCDOM_INDEX_PROXY,False,True
2024-07-17 20:00:00+00:00,24.284,24.308,24.198,24.276,50.471,4h,uploaded_csv,BTCDOM_INDEX_PROXY,False,True
2024-07-18 00:00:00+00:00,24.274,24.319,24.18,24.288,61.175,4h,uploaded_csv,BTCDOM_INDEX_PROXY,False,True
2024-07-18 04:00:00+00:00,24.289,24.355,24.265,24.298,57.811,4h,uploaded_csv,BTCDOM_INDEX_PROXY,False,True
2024-07-18 08:00:00+00:00,24.298,24.347,24.182,24.205,84.733,4h,uploaded_csv,BTCDOM_INDEX_PROXY,False,True
2024-07-18 12:00:00+00:00,24.203,24.276,24.08,24.265,151.863,4h,uploaded_csv,BTCDOM_INDEX_PROXY,False,True
2024-07-18 16:00:00+00:00,24.263,24.333,24.141,24.158,102.371,4h,uploaded_csv,BTCDOM_INDEX_PROXY,False,True
2024-07-18 20:00:00+00:00,24.165,24.211,24.123,24.169,33.398,4h,uploaded_csv,BTCDOM_INDEX_PROXY,False,True
2024-07-19 00:00:00+00:00,24.165,24.275,24.115,24.227,134.616,4h,uploaded_csv,BTCDOM_INDEX_PROXY,False,True
2024-07-19 04:00:00+00:00,24.228,24.308,24.115,24.233,93.754,4h,uploaded_csv,BTCDOM_INDEX_PROXY,False,True
2024-07-19 08:00:00+00:00,24.233,24.331,24.212,24.289,74.688,4h,uploaded_csv,BTCDOM_INDEX_PROXY,False,True
2024-07-19 12:00:00+00:00,24.291,24.442,24.272,24.377,182.569,4h,uploaded_csv,BTCDOM_INDEX_PROXY,False,True
2024-07-19 16:00:00+00:00,24.38,24.551,24.321,24.503,171.628,4h,uploaded_csv,BTCDOM_INDEX_PROXY,False,True
2024-07-19 20:00:00+00:00,24.503,24.598,24.402,24.437,81.778,4h,uploaded_csv,BTCDOM_INDEX_PROXY,False,True
2024-07-20 00:00:00+00:00,24.44,24.511,24.391,24.487,77.165,4h,uploaded_csv,BTCDOM_INDEX_PROXY,False,True
2024-07-20 04:00:00+00:00,24.475,24.482,24.37,24.46,59.531,4h,uploaded_csv,BTCDOM_INDEX_PROXY,False,True
2024-07-20 08:00:00+00:00,24.462,24.515,24.44,24.493,45.19,4h,uploaded_csv,BTCDOM_INDEX_PROXY,False,True
2024-07-20 12:00:00+00:00,24.495,24.502,24.386,24.429,149.946,4h,uploaded_csv,BTCDOM_INDEX_PROXY,False,True
2024-07-20 16:00:00+00:00,24.43,24.566,24.387,24.461,96.196,4h,uploaded_csv,BTCDOM_INDEX_PROXY,False,True
2024-07-20 20:00:00+00:00,24.464,24.464,24.373,24.416,46.345,4h,uploaded_csv,BTCDOM_INDEX_PROXY,False,True
2024-07-21 00:00:00+00:00,24.417,24.474,24.39,24.463,101.033,4h,uploaded_csv,BTCDOM_INDEX_PROXY,False,True
2024-07-21 04:00:00+00:00,24.463,24.504,24.423,24.47,48.065,4h,uploaded_csv,BTCDOM_INDEX_PROXY,False,True
2024-07-21 08:00:00+00:00,24.476,24.51,24.436,24.448,70.729,4h,uploaded_csv,BTCDOM_INDEX_PROXY,False,True
2024-07-21 12:00:00+00:00,24.445,24.515,24.444,24.484,41.195,4h,uploaded_csv,BTCDOM_INDEX_PROXY,False,True
2024-07-21 16:00:00+00:00,24.485,25.02,24.442,24.589,360.647,4h,uploaded_csv,BTCDOM_INDEX_PROXY,False,True
2024-07-21 20:00:00+00:00,24.589,24.623,24.41,24.461,115.078,4h,uploaded_csv,BTCDOM_INDEX_PROXY,False,True
2024-07-22 00:00:00+00:00,24.46,24.531,24.416,24.515,70.775,4h,uploaded_csv,BTCDOM_INDEX_PROXY,False,True
2024-07-22 04:00:00+00:00,24.515,24.663,24.508,24.582,102.964,4h,uploaded_csv,BTCDOM_INDEX_PROXY,False,True
2024-07-22 08:00:00+00:00,24.583,24.619,24.447,24.461,154.761,4h,uploaded_csv,BTCDOM_INDEX_PROXY,False,True
2024-07-22 12:00:00+00:00,24.458,24.592,24.458,24.576,76.804,4h,uploaded_csv,BTCDOM_INDEX_PROXY,False,True
2024-07-22 16:00:00+00:00,24.571,24.73,24.524,24.712,67.156,4h,uploaded_csv,BTCDOM_INDEX_PROXY,False,True
2024-07-22 20:00:00+00:00,24.706,24.925,24.657,24.886,168.671,4h,uploaded_csv,BTCDOM_INDEX_PROXY,False,True
2024-07-23 00:00:00+00:00,24.887,24.954,24.591,24.674,195.416,4h,uploaded_csv,BTCDOM_INDEX_PROXY,False,True
2024-07-23 04:00:00+00:00,24.672,24.765,24.612,24.633,113.113,4h,uploaded_csv,BTCDOM_INDEX_PROXY,False,True
2024-07-23 08:00:00+00:00,24.634,24.646,24.294,24.372,264.593,4h,uploaded_csv,BTCDOM_INDEX_PROXY,False,True
2024-07-23 12:00:00+00:00,24.367,24.669,24.335,24.59,217.866,4h,uploaded_csv,BTCDOM_INDEX_PROXY,False,True
2024-07-23 16:00:00+00:00,24.591,24.823,24.251,24.32,316.051,4h,uploaded_csv,BTCDOM_INDEX_PROXY,False,True
2024-07-23 20:00:00+00:00,24.32,24.443,24.246,24.358,154.606,4h,uploaded_csv,BTCDOM_INDEX_PROXY,False,True
2024-07-24 00:00:00+00:00,24.356,24.48,24.304,24.476,101.993,4h,uploaded_csv,BTCDOM_INDEX_PROXY,False,True
2024-07-24 04:00:00+00:00,24.475,24.51,24.454,24.471,65.494,4h,uploaded_csv,BTCDOM_INDEX_PROXY,False,True
2024-07-24 08:00:00+00:00,24.477,24.493,24.398,24.408,48.321,4h,uploaded_csv,BTCDOM_INDEX_PROXY,False,True
2024-07-24 12:00:00+00:00,24.408,24.656,24.388,24.589,165.54,4h,uploaded_csv,BTCDOM_INDEX_PROXY,False,True
2024-07-24 16:00:00+00:00,24.593,24.709,24.578,24.663,81.716,4h,uploaded_csv,BTCDOM_INDEX_PROXY,False,True
2024-07-24 20:00:00+00:00,24.647,24.927,24.639,24.745,205.751,4h,uploaded_csv,BTCDOM_INDEX_PROXY,False,True
2024-07-25 00:00:00+00:00,24.747,25.451,24.733,25.356,874.529,4h,uploaded_csv,BTCDOM_INDEX_PROXY,False,True
2024-07-25 04:00:00+00:00,25.356,25.467,25.22,25.296,500.584,4h,uploaded_csv,BTCDOM_INDEX_PROXY,False,True
2024-07-25 08:00:00+00:00,25.296,25.398,25.223,25.276,312.761,4h,uploaded_csv,BTCDOM_INDEX_PROXY,False,True
2024-07-25 12:00:00+00:00,25.281,25.64,25.254,25.63,754.074,4h,uploaded_csv,BTCDOM_INDEX_PROXY,False,True
2024-07-25 16:00:00+00:00,25.631,25.877,25.492,25.796,1007.894,4h,uploaded_csv,BTCDOM_INDEX_PROXY,False,True
2024-07-25 20:00:00+00:00,25.801,26.098,25.711,25.814,1059.977,4h,uploaded_csv,BTCDOM_INDEX_PROXY,False,True
2024-07-26 00:00:00+00:00,25.815,25.97,25.772,25.834,341.995,4h,uploaded_csv,BTCDOM_INDEX_PROXY,False,True
2024-07-26 04:00:00+00:00,25.835,25.838,25.546,25.675,431.193,4h,uploaded_csv,BTCDOM_INDEX_PROXY,False,True
2024-07-26 08:00:00+00:00,25.676,25.879,25.656,25.825,198.204,4h,uploaded_csv,BTCDOM_INDEX_PROXY,False,True
2024-07-26 12:00:00+00:00,25.825,26.032,25.796,25.828,506.086,4h,uploaded_csv,BTCDOM_INDEX_PROXY,False,True
2024-07-26 16:00:00+00:00,25.829,25.852,25.72,25.835,149.619,4h,uploaded_csv,BTCDOM_INDEX_PROXY,False,True
2024-07-26 20:00:00+00:00,25.825,25.883,25.71,25.776,145.567,4h,uploaded_csv,BTCDOM_INDEX_PROXY,False,True
2024-07-27 00:00:00+00:00,25.776,25.947,25.776,25.883,159.432,4h,uploaded_csv,BTCDOM_INDEX_PROXY,False,True
2024-07-27 04:00:00+00:00,25.884,25.894,25.786,25.789,83.051,4h,uploaded_csv,BTCDOM_INDEX_PROXY,False,True
2024-07-27 08:00:00+00:00,25.789,25.861,25.726,25.806,103.513,4h,uploaded_csv,BTCDOM_INDEX_PROXY,False,True
2024-07-27 12:00:00+00:00,25.806,26.1,25.755,26.09,335.619,4h,uploaded_csv,BTCDOM_INDEX_PROXY,False,True
2024-07-27 16:00:00+00:00,26.085,26.218,25.905,25.946,367.538,4h,uploaded_csv,BTCDOM_INDEX_PROXY,False,True
2024-07-27 20:00:00+00:00,25.946,26.082,25.763,25.902,505.992,4h,uploaded_csv,BTCDOM_INDEX_PROXY,False,True
2024-07-28 00:00:00+00:00,25.901,26.0,25.857,25.976,85.478,4h,uploaded_csv,BTCDOM_INDEX_PROXY,False,True
2024-07-28 04:00:00+00:00,25.976,25.996,25.89,25.902,83.702,4h,uploaded_csv,BTCDOM_INDEX_PROXY,False,True
2024-07-28 08:00:00+00:00,25.902,25.917,25.727,25.831,91.313,4h,uploaded_csv,BTCDOM_INDEX_PROXY,False,True
2024-07-28 12:00:00+00:00,25.831,25.853,25.739,25.756,75.111,4h,uploaded_csv,BTCDOM_INDEX_PROXY,False,True
2024-07-28 16:00:00+00:00,25.756,25.91,25.728,25.875,99.125,4h,uploaded_csv,BTCDOM_INDEX_PROXY,False,True
2024-07-28 20:00:00+00:00,25.873,25.98,25.87,25.942,81.146,4h,uploaded_csv,BTCDOM_INDEX_PROXY,False,True
2024-07-29 00:00:00+00:00,25.934,26.05,25.725,25.758,281.551,4h,uploaded_csv,BTCDOM_INDEX_PROXY,False,True
2024-07-29 04:00:00+00:00,25.762,25.843,25.658,25.699,215.197,4h,uploaded_csv,BTCDOM_INDEX_PROXY,False,True
2024-07-29 08:00:00+00:00,25.704,25.767,25.57,25.721,246.064,4h,uploaded_csv,BTCDOM_INDEX_PROXY,False,True
2024-07-29 12:00:00+00:00,25.72,25.823,25.531,25.647,273.215,4h,uploaded_csv,BTCDOM_INDEX_PROXY,False,True
2024-07-29 16:00:00+00:00,25.648,25.662,25.226,25.382,374.85,4h,uploaded_csv,BTCDOM_INDEX_PROXY,False,True
2024-07-29 20:00:00+00:00,25.384,25.388,25.207,25.287,109.448,4h,uploaded_csv,BTCDOM_INDEX_PROXY,False,True
2024-07-30 00:00:00+00:00,25.287,25.296,25.111,25.18,174.536,4h,uploaded_csv,BTCDOM_INDEX_PROXY,False,True
2024-07-30 04:00:00+00:00,25.178,25.288,25.158,25.227,55.209,4h,uploaded_csv,BTCDOM_INDEX_PROXY,False,True
2024-07-30 08:00:00+00:00,25.227,25.245,25.023,25.067,170.21,4h,uploaded_csv,BTCDOM_INDEX_PROXY,False,True
2024-07-30 12:00:00+00:00,25.065,25.11,24.974,25.049,160.933,4h,uploaded_csv,BTCDOM_INDEX_PROXY,False,True
2024-07-30 16:00:00+00:00,25.052,25.263,25.019,25.224,129.629,4h,uploaded_csv,BTCDOM_INDEX_PROXY,False,True
2024-07-30 20:00:00+00:00,25.225,25.332,25.192,25.194,164.307,4h,uploaded_csv,BTCDOM_INDEX_PROXY,False,True
2024-07-31 00:00:00+00:00,25.194,25.245,25.025,25.046,125.412,4h,uploaded_csv,BTCDOM_INDEX_PROXY,False,True
2024-07-31 04:00:00+00:00,25.034,25.11,24.81,24.933,277.91,4h,uploaded_csv,BTCDOM_INDEX_PROXY,False,True
2024-07-31 08:00:00+00:00,24.93,24.972,24.833,24.91,90.707,4h,uploaded_csv,BTCDOM_INDEX_PROXY,False,True
2024-07-31 12:00:00+00:00,24.909,25.162,24.895,25.148,131.608,4h,uploaded_csv,BTCDOM_INDEX_PROXY,False,True
2024-07-31 16:00:00+00:00,25.15,25.255,25.047,25.057,150.614,4h,uploaded_csv,BTCDOM_INDEX_PROXY,False,True
2024-07-31 20:00:00+00:00,25.048,25.173,25.011,25.098,136.516,4h,uploaded_csv,BTCDOM_INDEX_PROXY,False,True
2024-08-01 00:00:00+00:00,25.097,25.202,25.026,25.193,132.117,4h,uploaded_csv,BTCDOM_INDEX_PROXY,False,True
2024-08-01 04:00:00+00:00,25.195,25.45,25.169,25.439,243.63,4h,uploaded_csv,BTCDOM_INDEX_PROXY,False,True
2024-08-01 08:00:00+00:00,25.438,25.455,25.333,25.385,106.204,4h,uploaded_csv,BTCDOM_INDEX_PROXY,False,True
2024-08-01 12:00:00+00:00,25.385,25.606,25.328,25.383,407.203,4h,uploaded_csv,BTCDOM_INDEX_PROXY,False,True
2024-08-01 16:00:00+00:00,25.384,25.783,25.383,25.572,668.461,4h,uploaded_csv,BTCDOM_INDEX_PROXY,False,True
2024-08-01 20:00:00+00:00,25.571,25.797,25.511,25.677,362.392,4h,uploaded_csv,BTCDOM_INDEX_PROXY,False,True
2024-08-02 00:00:00+00:00,25.677,25.726,25.527,25.669,279.061,4h,uploaded_csv,BTCDOM_INDEX_PROXY,False,True
2024-08-02 04:00:00+00:00,25.676,25.95,25.622,25.739,341.582,4h,uploaded_csv,BTCDOM_INDEX_PROXY,False,True
2024-08-02 08:00:00+00:00,25.743,25.84,25.717,25.806,148.323,4h,uploaded_csv,BTCDOM_INDEX_PROXY,False,True
2024-08-02 12:00:00+00:00,25.803,26.464,25.792,26.201,868.418,4h,uploaded_csv,BTCDOM_INDEX_PROXY,False,True
2024-08-02 16:00:00+00:00,26.203,26.358,26.1,26.151,335.847,4h,uploaded_csv,BTCDOM_INDEX_PROXY,False,True
2024-08-02 20:00:00+00:00,26.151,26.231,25.858,25.898,409.173,4h,uploaded_csv,BTCDOM_INDEX_PROXY,False,True
2024-08-03 00:00:00+00:00,25.9,26.174,25.807,26.019,533.325,4h,uploaded_csv,BTCDOM_INDEX_PROXY,False,True
2024-08-03 04:00:00+00:00,26.018,26.067,25.875,25.932,144.305,4h,uploaded_csv,BTCDOM_INDEX_PROXY,False,True
2024-08-03 08:00:00+00:00,25.931,26.043,25.92,25.976,158.565,4h,uploaded_csv,BTCDOM_INDEX_PROXY,False,True
2024-08-03 12:00:00+00:00,25.971,26.165,25.912,26.124,235.05,4h,uploaded_csv,BTCDOM_INDEX_PROXY,False,True
2024-08-03 16:00:00+00:00,26.126,26.446,26.124,26.408,845.2,4h,uploaded_csv,BTCDOM_INDEX_PROXY,False,True
2024-08-03 20:00:00+00:00,26.408,26.506,26.276,26.369,591.515,4h,uploaded_csv,BTCDOM_INDEX_PROXY,False,True
2024-08-04 00:00:00+00:00,26.369,26.412,26.233,26.274,297.987,4h,uploaded_csv,BTCDOM_INDEX_PROXY,False,True
2024-08-04 04:00:00+00:00,26.274,26.425,26.204,26.395,298.274,4h,uploaded_csv,BTCDOM_INDEX_PROXY,False,True
2024-08-04 08:00:00+00:00,26.395,26.463,26.31,26.45,299.484,4h,uploaded_csv,BTCDOM_INDEX_PROXY,False,True
2024-08-04 12:00:00+00:00,26.451,26.654,26.306,26.625,888.046,4h,uploaded_csv,BTCDOM_INDEX_PROXY,False,True
2024-08-04 16:00:00+00:00,26.622,27.22,26.546,26.816,1795.272,4h,uploaded_csv,BTCDOM_INDEX_PROXY,False,True
2024-08-04 20:00:00+00:00,26.82,27.102,26.711,26.97,420.329,4h,uploaded_csv,BTCDOM_INDEX_PROXY,False,True
2024-08-05 00:00:00+00:00,26.97,30.058,26.878,28.519,5331.291,4h,uploaded_csv,BTCDOM_INDEX_PROXY,False,True
2024-08-05 04:00:00+00:00,28.523,28.714,27.678,27.682,2940.675,4h,uploaded_csv,BTCDOM_INDEX_PROXY,False,True
2024-08-05 08:00:00+00:00,27.694,28.478,27.694,27.93,1723.546,4h,uploaded_csv,BTCDOM_INDEX_PROXY,False,True
2024-08-05 12:00:00+00:00,27.93,28.326,27.321,27.373,2479.222,4h,uploaded_csv,BTCDOM_INDEX_PROXY,False,True
2024-08-05 16:00:00+00:00,27.372,27.51,27.129,27.411,1421.995,4h,uploaded_csv,BTCDOM_INDEX_PROXY,False,True
2024-08-05 20:00:00+00:00,27.408,27.558,27.231,27.416,421.49,4h,uploaded_csv,BTCDOM_INDEX_PROXY,False,True
2024-08-06 00:00:00+00:00,27.426,27.5,27.0,27.296,750.829,4h,uploaded_csv,BTCDOM_INDEX_PROXY,False,True
2024-08-06 04:00:00+00:00,27.297,27.329,26.903,27.049,504.234,4h,uploaded_csv,BTCDOM_INDEX_PROXY,False,True
2024-08-06 08:00:00+00:00,27.055,27.359,27.029,27.298,501.246,4h,uploaded_csv,BTCDOM_INDEX_PROXY,False,True
2024-08-06 12:00:00+00:00,27.302,27.472,26.97,27.146,651.94,4h,uploaded_csv,BTCDOM_INDEX_PROXY,False,True
2024-08-06 16:00:00+00:00,27.148,27.577,27.11,27.55,342.636,4h,uploaded_csv,BTCDOM_INDEX_PROXY,False,True
2024-08-06 20:00:00+00:00,27.55,27.595,27.295,27.515,240.099,4h,uploaded_csv,BTCDOM_INDEX_PROXY,False,True
2024-08-07 00:00:00+00:00,27.516,27.765,27.311,27.334,322.428,4h,uploaded_csv,BTCDOM_INDEX_PROXY,False,True
2024-08-07 04:00:00+00:00,27.337,27.432,27.141,27.329,246.209,4h,uploaded_csv,BTCDOM_INDEX_PROXY,False,True
2024-08-07 08:00:00+00:00,27.33,27.646,27.269,27.636,318.623,4h,uploaded_csv,BTCDOM_INDEX_PROXY,False,True
2024-08-07 12:00:00+00:00,27.636,28.148,27.623,27.832,920.025,4h,uploaded_csv,BTCDOM_INDEX_PROXY,False,True
2024-08-07 16:00:00+00:00,27.83,28.116,27.683,27.722,509.067,4h,uploaded_csv,BTCDOM_INDEX_PROXY,False,True
2024-08-07 20:00:00+00:00,27.718,27.934,27.542,27.752,390.785,4h,uploaded_csv,BTCDOM_INDEX_PROXY,False,True
2024-08-08 00:00:00+00:00,27.755,27.968,27.532,27.74,458.929,4h,uploaded_csv,BTCDOM_INDEX_PROXY,False,True
2024-08-08 04:00:00+00:00,27.738,27.925,27.643,27.901,328.006,4h,uploaded_csv,BTCDOM_INDEX_PROXY,False,True
2024-08-08 08:00:00+00:00,27.901,27.919,27.642,27.723,239.895,4h,uploaded_csv,BTCDOM_INDEX_PROXY,False,True
2024-08-08 12:00:00+00:00,27.727,28.1,27.522,28.042,684.914,4h,uploaded_csv,BTCDOM_INDEX_PROXY,False,True
2024-08-08 16:00:00+00:00,28.042,28.051,27.525,27.765,430.972,4h,uploaded_csv,BTCDOM_INDEX_PROXY,False,True
2024-08-08 20:00:00+00:00,27.766,28.023,27.75,27.764,453.706,4h,uploaded_csv,BTCDOM_INDEX_PROXY,False,True
2024-08-09 00:00:00+00:00,27.766,27.877,27.617,27.701,405.672,4h,uploaded_csv,BTCDOM_INDEX_PROXY,False,True
2024-08-09 04:00:00+00:00,27.708,27.869,27.644,27.766,210.357,4h,uploaded_csv,BTCDOM_INDEX_PROXY,False,True
2024-08-09 08:00:00+00:00,27.765,28.03,27.703,27.977,225.791,4h,uploaded_csv,BTCDOM_INDEX_PROXY,False,True
2024-08-09 12:00:00+00:00,27.978,28.3,27.951,28.258,548.242,4h,uploaded_csv,BTCDOM_INDEX_PROXY,False,True
2024-08-09 16:00:00+00:00,28.258,28.323,28.065,28.323,231.294,4h,uploaded_csv,BTCDOM_INDEX_PROXY,False,True
2024-08-09 20:00:00+00:00,28.323,28.353,28.158,28.257,185.768,4h,uploaded_csv,BTCDOM_INDEX_PROXY,False,True
2024-08-10 00:00:00+00:00,28.252,28.342,28.037,28.065,227.959,4h,uploaded_csv,BTCDOM_INDEX_PROXY,False,True
2024-08-10 04:00:00+00:00,28.072,28.139,27.946,28.047,105.869,4h,uploaded_csv,BTCDOM_INDEX_PROXY,False,True
2024-08-10 08:00:00+00:00,28.046,28.094,27.985,27.995,79.253,4h,uploaded_csv,BTCDOM_INDEX_PROXY,False,True
2024-08-10 12:00:00+00:00,27.995,28.043,27.93,28.042,138.09,4h,uploaded_csv,BTCDOM_INDEX_PROXY,False,True
2024-08-10 16:00:00+00:00,28.037,28.211,28.037,28.197,131.295,4h,uploaded_csv,BTCDOM_INDEX_PROXY,False,True
2024-08-10 20:00:00+00:00,28.197,28.244,28.108,28.15,73.15,4h,uploaded_csv,BTCDOM_INDEX_PROXY,False,True
2024-08-11 00:00:00+00:00,28.149,28.211,27.806,27.893,176.397,4h,uploaded_csv,BTCDOM_INDEX_PROXY,False,True
2024-08-11 04:00:00+00:00,27.892,27.907,27.682,27.702,274.929,4h,uploaded_csv,BTCDOM_INDEX_PROXY,False,True
2024-08-11 08:00:00+00:00,27.701,27.833,27.601,27.812,260.354,4h,uploaded_csv,BTCDOM_INDEX_PROXY,False,True
2024-08-11 12:00:00+00:00,27.822,28.166,27.816,28.054,237.553,4h,uploaded_csv,BTCDOM_INDEX_PROXY,False,True
2024-08-11 16:00:00+00:00,28.055,28.131,27.912,28.122,162.871,4h,uploaded_csv,BTCDOM_INDEX_PROXY,False,True
2024-08-11 20:00:00+00:00,28.126,28.25,27.931,28.171,317.819,4h,uploaded_csv,BTCDOM_INDEX_PROXY,False,True
2024-08-12 00:00:00+00:00,28.171,28.303,27.997,28.02,332.583,4h,uploaded_csv,BTCDOM_INDEX_PROXY,False,True
2024-08-12 04:00:00+00:00,28.019,28.083,27.786,27.822,248.6,4h,uploaded_csv,BTCDOM_INDEX_PROXY,False,True
2024-08-12 08:00:00+00:00,27.826,27.826,27.336,27.505,521.063,4h,uploaded_csv,BTCDOM_INDEX_PROXY,False,True
2024-08-12 12:00:00+00:00,27.505,27.652,27.334,27.637,519.011,4h,uploaded_csv,BTCDOM_INDEX_PROXY,False,True
2024-08-12 16:00:00+00:00,27.639,27.686,27.469,27.519,144.001,4h,uploaded_csv,BTCDOM_INDEX_PROXY,False,True
2024-08-12 20:00:00+00:00,27.512,27.548,26.952,27.153,312.787,4h,uploaded_csv,BTCDOM_INDEX_PROXY,False,True
2024-08-13 00:00:00+00:00,27.152,27.522,27.137,27.502,205.863,4h,uploaded_csv,BTCDOM_INDEX_PROXY,False,True
2024-08-13 04:00:00+00:00,27.508,27.58,27.448,27.505,78.401,4h,uploaded_csv,BTCDOM_INDEX_PROXY,False,True
2024-08-13 08:00:00+00:00,27.507,27.552,27.386,27.393,155.723,4h,uploaded_csv,BTCDOM_INDEX_PROXY,False,True
2024-08-13 12:00:00+00:00,27.393,27.655,27.27,27.61,445.773,4h,uploaded_csv,BTCDOM_INDEX_PROXY,False,True
2024-08-13 16:00:00+00:00,27.61,27.966,27.581,27.82,314.565,4h,uploaded_csv,BTCDOM_INDEX_PROXY,False,True
2024-08-13 20:00:00+00:00,27.817,27.873,27.636,27.733,81.569,4h,uploaded_csv,BTCDOM_INDEX_PROXY,False,True
2024-08-14 00:00:00+00:00,27.733,27.929,27.727,27.885,235.525,4h,uploaded_csv,BTCDOM_INDEX_PROXY,False,True
2024-08-14 04:00:00+00:00,27.891,27.95,27.645,27.799,149.784,4h,uploaded_csv,BTCDOM_INDEX_PROXY,False,True
2024-08-14 08:00:00+00:00,27.799,27.812,27.653,27.728,101.353,4h,uploaded_csv,BTCDOM_INDEX_PROXY,False,True
2024-08-14 12:00:00+00:00,27.73,27.8,27.405,27.406,325.567,4h,uploaded_csv,BTCDOM_INDEX_PROXY,False,True
2024-08-14 16:00:00+00:00,27.407,27.516,27.307,27.307,199.049,4h,uploaded_csv,BTCDOM_INDEX_PROXY,False,True
2024-08-14 20:00:00+00:00,27.31,27.395,27.25,27.255,90.302,4h,uploaded_csv,BTCDOM_INDEX_PROXY,False,True
2024-08-15 00:00:00+00:00,27.255,27.377,27.107,27.155,132.795,4h,uploaded_csv,BTCDOM_INDEX_PROXY,False,True
2024-08-15 04:00:00+00:00,27.155,27.384,27.135,27.292,192.152,4h,uploaded_csv,BTCDOM_INDEX_PROXY,False,True
2024-08-15 08:00:00+00:00,27.286,27.465,27.28,27.407,118.977,4h,uploaded_csv,BTCDOM_INDEX_PROXY,False,True
2024-08-15 12:00:00+00:00,27.408,27.548,27.328,27.491,178.363,4h,uploaded_csv,BTCDOM_INDEX_PROXY,False,True
2024-08-15 16:00:00+00:00,27.49,27.834,27.383,27.392,352.246,4h,uploaded_csv,BTCDOM_INDEX_PROXY,False,True
2024-08-15 20:00:00+00:00,27.387,27.516,27.215,27.417,215.091,4h,uploaded_csv,BTCDOM_INDEX_PROXY,False,True
2024-08-16 00:00:00+00:00,27.41,27.616,27.271,27.505,186.793,4h,uploaded_csv,BTCDOM_INDEX_PROXY,False,True
2024-08-16 04:00:00+00:00,27.505,27.566,27.38,27.404,69.87,4h,uploaded_csv,BTCDOM_INDEX_PROXY,False,True
2024-08-16 08:00:00+00:00,27.404,27.5,27.336,27.5,44.451,4h,uploaded_csv,BTCDOM_INDEX_PROXY,False,True
2024-08-16 12:00:00+00:00,27.499,27.82,27.48,27.805,350.41,4h,uploaded_csv,BTCDOM_INDEX_PROXY,False,True
2024-08-16 16:00:00+00:00,27.809,28.073,27.716,28.023,252.263,4h,uploaded_csv,BTCDOM_INDEX_PROXY,False,True
2024-08-16 20:00:00+00:00,28.017,28.033,27.852,27.924,93.722,4h,uploaded_csv,BTCDOM_INDEX_PROXY,False,True
2024-08-17 00:00:00+00:00,27.927,28.034,27.902,28.034,119.496,4h,uploaded_csv,BTCDOM_INDEX_PROXY,False,True
2024-08-17 04:00:00+00:00,28.027,28.042,27.925,27.994,64.311,4h,uploaded_csv,BTCDOM_INDEX_PROXY,False,True
2024-08-17 08:00:00+00:00,27.992,28.06,27.887,27.906,86.096,4h,uploaded_csv,BTCDOM_INDEX_PROXY,False,True
2024-08-17 12:00:00+00:00,27.906,27.968,27.82,27.915,121.608,4h,uploaded_csv,BTCDOM_INDEX_PROXY,False,True
2024-08-17 16:00:00+00:00,27.915,27.915,27.781,27.786,77.888,4h,uploaded_csv,BTCDOM_INDEX_PROXY,False,True
2024-08-17 20:00:00+00:00,27.786,27.827,27.743,27.806,49.794,4h,uploaded_csv,BTCDOM_INDEX_PROXY,False,True
2024-08-18 00:00:00+00:00,27.813,28.014,27.78,27.855,95.89,4h,uploaded_csv,BTCDOM_INDEX_PROXY,False,True
2024-08-18 04:00:00+00:00,27.847,27.976,27.84,27.916,70.486,4h,uploaded_csv,BTCDOM_INDEX_PROXY,False,True
2024-08-18 08:00:00+00:00,27.925,27.975,27.717,27.78,117.905,4h,uploaded_csv,BTCDOM_INDEX_PROXY,False,True
2024-08-18 12:00:00+00:00,27.78,27.832,27.54,27.543,172.664,4h,uploaded_csv,BTCDOM_INDEX_PROXY,False,True
2024-08-18 16:00:00+00:00,27.543,27.605,27.463,27.472,92.124,4h,uploaded_csv,BTCDOM_INDEX_PROXY,False,True
2024-08-18 20:00:00+00:00,27.474,27.581,27.428,27.451,68.081,4h,uploaded_csv,BTCDOM_INDEX_PROXY,False,True
2024-08-19 00:00:00+00:00,27.453,27.468,27.315,27.324,74.274,4h,uploaded_csv,BTCDOM_INDEX_PROXY,False,True
2024-08-19 04:00:00+00:00,27.324,27.428,27.285,27.418,120.832,4h,uploaded_csv,BTCDOM_INDEX_PROXY,False,True
2024-08-19 08:00:00+00:00,27.425,27.557,27.313,27.446,134.931,4h,uploaded_csv,BTCDOM_INDEX_PROXY,False,True
2024-08-19 12:00:00+00:00,27.449,27.557,27.426,27.475,122.382,4h,uploaded_csv,BTCDOM_INDEX_PROXY,False,True
2024-08-19 16:00:00+00:00,27.481,27.506,27.34,27.409,66.159,4h,uploaded_csv,BTCDOM_INDEX_PROXY,False,True
2024-08-19 20:00:00+00:00,27.411,27.417,27.3,27.354,77.235,4h,uploaded_csv,BTCDOM_INDEX_PROXY,False,True
2024-08-20 00:00:00+00:00,27.353,27.65,27.301,27.56,149.998,4h,uploaded_csv,BTCDOM_INDEX_PROXY,False,True
2024-08-20 04:00:00+00:00,27.56,27.66,27.529,27.549,93.345,4h,uploaded_csv,BTCDOM_INDEX_PROXY,False,True
2024-08-20 08:00:00+00:00,27.546,27.678,27.534,27.631,65.163,4h,uploaded_csv,BTCDOM_INDEX_PROXY,False,True
2024-08-20 12:00:00+00:00,27.629,27.761,27.428,27.46,270.874,4h,uploaded_csv,BTCDOM_INDEX_PROXY,False,True
2024-08-20 16:00:00+00:00,27.46,27.518,27.35,27.416,96.768,4h,uploaded_csv,BTCDOM_INDEX_PROXY,False,True
2024-08-20 20:00:00+00:00,27.428,27.504,27.397,27.417,53.521,4h,uploaded_csv,BTCDOM_INDEX_PROXY,False,True
2024-08-21 00:00:00+00:00,27.417,27.527,27.403,27.468,66.641,4h,uploaded_csv,BTCDOM_INDEX_PROXY,False,True
2024-08-21 04:00:00+00:00,27.468,27.559,27.455,27.535,61.367,4h,uploaded_csv,BTCDOM_INDEX_PROXY,False,True
2024-08-21 08:00:00+00:00,27.535,27.619,27.531,27.606,90.295,4h,uploaded_csv,BTCDOM_INDEX_PROXY,False,True
2024-08-21 12:00:00+00:00,27.606,27.848,27.576,27.584,261.518,4h,uploaded_csv,BTCDOM_INDEX_PROXY,False,True
2024-08-21 16:00:00+00:00,27.583,27.915,27.448,27.896,162.467,4h,uploaded_csv,BTCDOM_INDEX_PROXY,False,True
2024-08-21 20:00:00+00:00,27.9,27.942,27.775,27.879,118.774,4h,uploaded_csv,BTCDOM_INDEX_PROXY,False,True
2024-08-22 00:00:00+00:00,27.879,27.944,27.7,27.753,95.526,4h,uploaded_csv,BTCDOM_INDEX_PROXY,False,True
2024-08-22 04:00:00+00:00,27.76,27.835,27.711,27.753,70.184,4h,uploaded_csv,BTCDOM_INDEX_PROXY,False,True
2024-08-22 08:00:00+00:00,27.749,27.806,27.715,27.734,50.314,4h,uploaded_csv,BTCDOM_INDEX_PROXY,False,True
2024-08-22 12:00:00+00:00,27.738,27.787,27.564,27.664,177.256,4h,uploaded_csv,BTCDOM_INDEX_PROXY,False,True
2024-08-22 16:00:00+00:00,27.657,27.667,27.541,27.552,47.204,4h,uploaded_csv,BTCDOM_INDEX_PROXY,False,True
2024-08-22 20:00:00+00:00,27.554,27.578,27.432,27.465,77.198,4h,uploaded_csv,BTCDOM_INDEX_PROXY,False,True
2024-08-23 00:00:00+00:00,27.465,27.522,27.408,27.473,106.936,4h,uploaded_csv,BTCDOM_INDEX_PROXY,False,True
2024-08-23 04:00:00+00:00,27.474,27.526,27.3,27.431,167.83,4h,uploaded_csv,BTCDOM_INDEX_PROXY,False,True
2024-08-23 08:00:00+00:00,27.431,27.528,27.422,27.458,88.266,4h,uploaded_csv,BTCDOM_INDEX_PROXY,False,True
2024-08-23 12:00:00+00:00,27.457,27.68,27.435,27.59,250.17,4h,uploaded_csv,BTCDOM_INDEX_PROXY,False,True
2024-08-23 16:00:00+00:00,27.587,27.918,27.514,27.842,287.574,4h,uploaded_csv,BTCDOM_INDEX_PROXY,False,True
2024-08-23 20:00:00+00:00,27.848,28.093,27.754,27.821,236.98,4h,uploaded_csv,BTCDOM_INDEX_PROXY,False,True
2024-08-24 00:00:00+00:00,27.814,27.926,27.788,27.915,72.289,4h,uploaded_csv,BTCDOM_INDEX_PROXY,False,True
2024-08-24 04:00:00+00:00,27.915,28.037,27.856,28.025,163.478,4h,uploaded_csv,BTCDOM_INDEX_PROXY,False,True
2024-08-24 08:00:00+00:00,28.031,28.045,27.777,27.837,131.569,4h,uploaded_csv,BTCDOM_INDEX_PROXY,False,True
2024-08-24 12:00:00+00:00,27.84,27.894,27.729,27.75,149.069,4h,uploaded_csv,BTCDOM_INDEX_PROXY,False,True
2024-08-24 16:00:00+00:00,27.75,27.772,27.461,27.535,264.508,4h,uploaded_csv,BTCDOM_INDEX_PROXY,False,True
2024-08-24 20:00:00+00:00,27.531,27.867,27.467,27.751,264.954,4h,uploaded_csv,BTCDOM_INDEX_PROXY,False,True
2024-08-25 00:00:00+00:00,27.752,28.012,27.729,27.889,397.527,4h,uploaded_csv,BTCDOM_INDEX_PROXY,False,True
2024-08-25 04:00:00+00:00,27.883,28.286,27.832,28.09,423.868,4h,uploaded_csv,BTCDOM_INDEX_PROXY,False,True
2024-08-25 08:00:00+00:00,28.092,28.12,27.933,27.994,208.209,4h,uploaded_csv,BTCDOM_INDEX_PROXY,False,True
2024-08-25 12:00:00+00:00,27.991,28.012,27.864,27.884,120.299,4h,uploaded_csv,BTCDOM_INDEX_PROXY,False,True
2024-08-25 16:00:00+00:00,27.884,27.985,27.869,27.981,79.927,4h,uploaded_csv,BTCDOM_INDEX_PROXY,False,True
2024-08-25 20:00:00+00:00,27.981,28.142,27.851,28.084,253.009,4h,uploaded_csv,BTCDOM_INDEX_PROXY,False,True
2024-08-26 00:00:00+00:00,28.084,28.169,28.006,28.101,171.678,4h,uploaded_csv,BTCDOM_INDEX_PROXY,False,True
2024-08-26 04:00:00+00:00,28.101,28.149,27.989,28.04,130.938,4h,uploaded_csv,BTCDOM_INDEX_PROXY,False,True
2024-08-26 08:00:00+00:00,28.043,28.091,27.983,28.059,64.49,4h,uploaded_csv,BTCDOM_INDEX_PROXY,False,True
2024-08-26 12:00:00+00:00,28.058,28.204,28.052,28.146,236.181,4h,uploaded_csv,BTCDOM_INDEX_PROXY,False,True
2024-08-26 16:00:00+00:00,28.147,28.469,28.139,28.425,472.265,4h,uploaded_csv,BTCDOM_INDEX_PROXY,False,True
2024-08-26 20:00:00+00:00,28.426,28.484,28.23,28.3,229.68,4h,uploaded_csv,BTCDOM_INDEX_PROXY,False,True
2024-08-27 00:00:00+00:00,28.299,28.316,28.19,28.237,183.067,4h,uploaded_csv,BTCDOM_INDEX_PROXY,False,True
2024-08-27 04:00:00+00:00,28.237,28.252,28.132,28.15,182.309,4h,uploaded_csv,BTCDOM_INDEX_PROXY,False,True
2024-08-27 08:00:00+00:00,28.153,28.5,28.145,28.45,431.728,4h,uploaded_csv,BTCDOM_INDEX_PROXY,False,True
2024-08-27 12:00:00+00:00,28.45,28.629,28.295,28.432,462.051,4h,uploaded_csv,BTCDOM_INDEX_PROXY,False,True
2024-08-27 16:00:00+00:00,28.432,28.523,28.42,28.511,185.763,4h,uploaded_csv,BTCDOM_INDEX_PROXY,False,True
2024-08-27 20:00:00+00:00,28.516,29.035,28.479,28.6,734.418,4h,uploaded_csv,BTCDOM_INDEX_PROXY,False,True
2024-08-28 00:00:00+00:00,28.599,28.764,28.471,28.484,392.04,4h,uploaded_csv,BTCDOM_INDEX_PROXY,False,True
2024-08-28 04:00:00+00:00,28.484,28.505,28.334,28.45,298.718,4h,uploaded_csv,BTCDOM_INDEX_PROXY,False,True
2024-08-28 08:00:00+00:00,28.45,28.515,28.175,28.269,307.364,4h,uploaded_csv,BTCDOM_INDEX_PROXY,False,True
2024-08-28 12:00:00+00:00,28.267,28.415,28.064,28.226,381.461,4h,uploaded_csv,BTCDOM_INDEX_PROXY,False,True
2024-08-28 16:00:00+00:00,28.227,28.318,28.061,28.142,226.708,4h,uploaded_csv,BTCDOM_INDEX_PROXY,False,True
2024-08-28 20:00:00+00:00,28.142,28.172,28.003,28.037,176.707,4h,uploaded_csv,BTCDOM_INDEX_PROXY,False,True
2024-08-29 00:00:00+00:00,28.04,28.108,27.997,28.069,100.64,4h,uploaded_csv,BTCDOM_INDEX_PROXY,False,True
2024-08-29 04:00:00+00:00,28.068,28.125,27.969,28.057,124.763,4h,uploaded_csv,BTCDOM_INDEX_PROXY,False,True
2024-08-29 08:00:00+00:00,28.057,28.214,28.03,28.187,102.696,4h,uploaded_csv,BTCDOM_INDEX_PROXY,False,True
2024-08-29 12:00:00+00:00,28.187,28.473,28.15,28.387,181.264,4h,uploaded_csv,BTCDOM_INDEX_PROXY,False,True
2024-08-29 16:00:00+00:00,28.388,28.393,28.241,28.26,206.319,4h,uploaded_csv,BTCDOM_INDEX_PROXY,False,True
2024-08-29 20:00:00+00:00,28.263,28.408,28.252,28.318,113.567,4h,uploaded_csv,BTCDOM_INDEX_PROXY,False,True
2024-08-30 00:00:00+00:00,28.318,28.362,28.203,28.291,125.637,4h,uploaded_csv,BTCDOM_INDEX_PROXY,False,True
2024-08-30 04:00:00+00:00,28.291,28.337,28.202,28.327,64.555,4h,uploaded_csv,BTCDOM_INDEX_PROXY,False,True
2024-08-30 08:00:00+00:00,28.322,28.427,28.322,28.414,65.584,4h,uploaded_csv,BTCDOM_INDEX_PROXY,False,True
2024-08-30 12:00:00+00:00,28.413,28.649,28.293,28.594,473.448,4h,uploaded_csv,BTCDOM_INDEX_PROXY,False,True
2024-08-30 16:00:00+00:00,28.593,28.677,28.22,28.279,343.494,4h,uploaded_csv,BTCDOM_INDEX_PROXY,False,True
2024-08-30 20:00:00+00:00,28.279,28.342,28.197,28.222,101.901,4h,uploaded_csv,BTCDOM_INDEX_PROXY,False,True
2024-08-31 00:00:00+00:00,28.222,28.327,28.19,28.261,82.86,4h,uploaded_csv,BTCDOM_INDEX_PROXY,False,True
2024-08-31 04:00:00+00:00,28.261,28.288,28.204,28.265,48.362,4h,uploaded_csv,BTCDOM_INDEX_PROXY,False,True
2024-08-31 08:00:00+00:00,28.264,28.323,28.197,28.246,63.939,4h,uploaded_csv,BTCDOM_INDEX_PROXY,False,True
2024-08-31 12:00:00+00:00,28.246,28.34,28.239,28.282,83.747,4h,uploaded_csv,BTCDOM_INDEX_PROXY,False,True
2024-08-31 16:00:00+00:00,28.28,28.446,28.278,28.37,81.014,4h,uploaded_csv,BTCDOM_INDEX_PROXY,False,True
2024-08-31 20:00:00+00:00,28.376,28.416,28.301,28.344,47.097,4h,uploaded_csv,BTCDOM_INDEX_PROXY,False,True
2024-09-01 00:00:00+00:00,28.344,28.582,28.344,28.399,186.628,4h,uploaded_csv,BTCDOM_INDEX_PROXY,False,True
2024-09-01 04:00:00+00:00,28.399,28.532,28.321,28.462,146.62,4h,uploaded_csv,BTCDOM_INDEX_PROXY,False,True
2024-09-01 08:00:00+00:00,28.462,28.497,28.395,28.466,66.06,4h,uploaded_csv,BTCDOM_INDEX_PROXY,False,True
2024-09-01 12:00:00+00:00,28.466,28.601,28.383,28.384,243.804,4h,uploaded_csv,BTCDOM_INDEX_PROXY,False,True
2024-09-01 16:00:00+00:00,28.383,28.552,28.36,28.365,155.554,4h,uploaded_csv,BTCDOM_INDEX_PROXY,False,True
2024-09-01 20:00:00+00:00,28.366,28.831,28.3,28.613,342.307,4h,uploaded_csv,BTCDOM_INDEX_PROXY,False,True
2024-09-02 00:00:00+00:00,28.615,28.68,28.487,28.586,301.998,4h,uploaded_csv,BTCDOM_INDEX_PROXY,False,True
2024-09-02 04:00:00+00:00,28.586,28.79,28.554,28.775,192.99,4h,uploaded_csv,BTCDOM_INDEX_PROXY,False,True
2024-09-02 08:00:00+00:00,28.776,28.784,28.262,28.37,401.407,4h,uploaded_csv,BTCDOM_INDEX_PROXY,False,True
2024-09-02 12:00:00+00:00,28.371,28.54,28.323,28.43,138.42,4h,uploaded_csv,BTCDOM_INDEX_PROXY,False,True
2024-09-02 16:00:00+00:00,28.433,28.45,28.266,28.266,84.079,4h,uploaded_csv,BTCDOM_INDEX_PROXY,False,True
2024-09-02 20:00:00+00:00,28.266,28.432,28.179,28.392,198.066,4h,uploaded_csv,BTCDOM_INDEX_PROXY,False,True
2024-09-03 00:00:00+00:00,28.396,28.48,28.368,28.414,104.779,4h,uploaded_csv,BTCDOM_INDEX_PROXY,False,True
2024-09-03 04:00:00+00:00,28.415,28.48,28.365,28.385,73.947,4h,uploaded_csv,BTCDOM_INDEX_PROXY,False,True
2024-09-03 08:00:00+00:00,28.389,28.538,28.385,28.462,76.186,4h,uploaded_csv,BTCDOM_INDEX_PROXY,False,True
2024-09-03 12:00:00+00:00,28.459,28.665,28.454,28.58,190.568,4h,uploaded_csv,BTCDOM_INDEX_PROXY,False,True
2024-09-03 16:00:00+00:00,28.581,28.647,28.523,28.627,106.824,4h,uploaded_csv,BTCDOM_INDEX_PROXY,False,True
2024-09-03 20:00:00+00:00,28.629,28.727,28.518,28.674,81.181,4h,uploaded_csv,BTCDOM_INDEX_PROXY,False,True
2024-09-04 00:00:00+00:00,28.676,29.1,28.646,28.664,576.673,4h,uploaded_csv,BTCDOM_INDEX_PROXY,False,True
2024-09-04 04:00:00+00:00,28.665,28.713,28.383,28.471,267.422,4h,uploaded_csv,BTCDOM_INDEX_PROXY,False,True
2024-09-04 08:00:00+00:00,28.471,28.677,28.286,28.629,1488.32,4h,uploaded_csv,BTCDOM_INDEX_PROXY,False,True
2024-09-04 12:00:00+00:00,28.628,28.69,28.36,28.668,442.872,4h,uploaded_csv,BTCDOM_INDEX_PROXY,False,True
2024-09-04 16:00:00+00:00,28.665,28.7,28.508,28.598,111.935,4h,uploaded_csv,BTCDOM_INDEX_PROXY,False,True
2024-09-04 20:00:00+00:00,28.591,28.709,28.579,28.658,55.199,4h,uploaded_csv,BTCDOM_INDEX_PROXY,False,True
2024-09-05 00:00:00+00:00,28.658,28.677,28.52,28.621,70.649,4h,uploaded_csv,BTCDOM_INDEX_PROXY,False,True
2024-09-05 04:00:00+00:00,28.621,28.677,28.509,28.514,105.294,4h,uploaded_csv,BTCDOM_INDEX_PROXY,False,True
2024-09-05 08:00:00+00:00,28.516,28.61,28.511,28.516,36.136,4h,uploaded_csv,BTCDOM_INDEX_PROXY,False,True
2024-09-05 12:00:00+00:00,28.512,28.646,28.383,28.383,189.769,4h,uploaded_csv,BTCDOM_INDEX_PROXY,False,True
2024-09-05 16:00:00+00:00,28.386,28.6,28.383,28.568,87.68,4h,uploaded_csv,BTCDOM_INDEX_PROXY,False,True
2024-09-05 20:00:00+00:00,28.57,28.612,28.454,28.501,64.275,4h,uploaded_csv,BTCDOM_INDEX_PROXY,False,True
2024-09-06 00:00:00+00:00,28.516,28.579,28.387,28.393,58.934,4h,uploaded_csv,BTCDOM_INDEX_PROXY,False,True
2024-09-06 04:00:00+00:00,28.392,28.636,28.392,28.59,82.54,4h,uploaded_csv,BTCDOM_INDEX_PROXY,False,True
2024-09-06 08:00:00+00:00,28.609,28.636,28.4,28.4,54.352,4h,uploaded_csv,BTCDOM_INDEX_PROXY,False,True
2024-09-06 12:00:00+00:00,28.4,28.558,28.217,28.217,210.477,4h,uploaded_csv,BTCDOM_INDEX_PROXY,False,True
2024-09-06 16:00:00+00:00,28.218,28.775,28.217,28.671,287.294,4h,uploaded_csv,BTCDOM_INDEX_PROXY,False,True
2024-09-06 20:00:00+00:00,28.673,28.874,28.586,28.688,255.358,4h,uploaded_csv,BTCDOM_INDEX_PROXY,False,True
2024-09-07 00:00:00+00:00,28.688,28.731,28.574,28.594,140.926,4h,uploaded_csv,BTCDOM_INDEX_PROXY,False,True
2024-09-07 04:00:00+00:00,28.592,28.626,28.307,28.329,116.087,4h,uploaded_csv,BTCDOM_INDEX_PROXY,False,True
2024-09-07 08:00:00+00:00,28.329,28.457,28.313,28.367,79.966,4h,uploaded_csv,BTCDOM_INDEX_PROXY,False,True
2024-09-07 12:00:00+00:00,28.367,28.481,28.286,28.363,86.799,4h,uploaded_csv,BTCDOM_INDEX_PROXY,False,True
2024-09-07 16:00:00+00:00,28.364,28.39,28.322,28.335,42.777,4h,uploaded_csv,BTCDOM_INDEX_PROXY,False,True
2024-09-07 20:00:00+00:00,28.336,28.447,28.286,28.331,47.802,4h,uploaded_csv,BTCDOM_INDEX_PROXY,False,True
2024-09-08 00:00:00+00:00,28.33,28.35,28.256,28.26,48.997,4h,uploaded_csv,BTCDOM_INDEX_PROXY,False,True
2024-09-08 04:00:00+00:00,28.266,28.281,28.013,28.12,185.452,4h,uploaded_csv,BTCDOM_INDEX_PROXY,False,True
2024-09-08 08:00:00+00:00,28.127,28.173,28.023,28.154,115.069,4h,uploaded_csv,BTCDOM_INDEX_PROXY,False,True
2024-09-08 12:00:00+00:00,28.156,28.356,28.14,28.301,199.715,4h,uploaded_csv,BTCDOM_INDEX_PROXY,False,True
2024-09-08 16:00:00+00:00,28.301,28.365,28.245,28.319,74.258,4h,uploaded_csv,BTCDOM_INDEX_PROXY,False,True
2024-09-08 20:00:00+00:00,28.319,28.352,28.153,28.282,76.915,4h,uploaded_csv,BTCDOM_INDEX_PROXY,False,True
2024-09-09 00:00:00+00:00,28.279,28.413,28.223,28.368,61.105,4h,uploaded_csv,BTCDOM_INDEX_PROXY,False,True
2024-09-09 04:00:00+00:00,28.371,28.394,28.19,28.199,46.784,4h,uploaded_csv,BTCDOM_INDEX_PROXY,False,True
2024-09-09 08:00:00+00:00,28.199,28.31,28.184,28.304,47.032,4h,uploaded_csv,BTCDOM_INDEX_PROXY,False,True
2024-09-09 12:00:00+00:00,28.302,28.55,28.29,28.528,212.781,4h,uploaded_csv,BTCDOM_INDEX_PROXY,False,True
2024-09-09 16:00:00+00:00,28.527,28.67,28.345,28.661,214.351,4h,uploaded_csv,BTCDOM_INDEX_PROXY,False,True
2024-09-09 20:00:00+00:00,28.647,28.81,28.579,28.579,240.301,4h,uploaded_csv,BTCDOM_INDEX_PROXY,False,True
2024-09-10 00:00:00+00:00,28.589,28.732,28.552,28.58,74.221,4h,uploaded_csv,BTCDOM_INDEX_PROXY,False,True
2024-09-10 04:00:00+00:00,28.58,28.686,28.5,28.654,85.316,4h,uploaded_csv,BTCDOM_INDEX_PROXY,False,True
2024-09-10 08:00:00+00:00,28.654,28.718,28.597,28.705,33.481,4h,uploaded_csv,BTCDOM_INDEX_PROXY,False,True
2024-09-10 12:00:00+00:00,28.705,28.75,28.622,28.693,71.156,4h,uploaded_csv,BTCDOM_INDEX_PROXY,False,True
2024-09-10 16:00:00+00:00,28.693,28.788,28.622,28.787,96.738,4h,uploaded_csv,BTCDOM_INDEX_PROXY,False,True
2024-09-10 20:00:00+00:00,28.787,28.8,28.591,28.673,59.694,4h,uploaded_csv,BTCDOM_INDEX_PROXY,False,True
2024-09-11 00:00:00+00:00,28.673,28.76,28.59,28.639,104.645,4h,uploaded_csv,BTCDOM_INDEX_PROXY,False,True
2024-09-11 04:00:00+00:00,28.642,28.7,28.586,28.685,40.06,4h,uploaded_csv,BTCDOM_INDEX_PROXY,False,True
2024-09-11 08:00:00+00:00,28.675,28.86,28.667,28.805,149.177,4h,uploaded_csv,BTCDOM_INDEX_PROXY,False,True
2024-09-11 12:00:00+00:00,28.804,28.837,28.643,28.792,258.835,4h,uploaded_csv,BTCDOM_INDEX_PROXY,False,True
2024-09-11 16:00:00+00:00,28.792,28.972,28.712,28.912,237.195,4h,uploaded_csv,BTCDOM_INDEX_PROXY,False,True
2024-09-11 20:00:00+00:00,28.906,28.906,28.787,28.793,75.978,4h,uploaded_csv,BTCDOM_INDEX_PROXY,False,True
2024-09-12 00:00:00+00:00,28.794,28.844,28.719,28.84,118.741,4h,uploaded_csv,BTCDOM_INDEX_PROXY,False,True
2024-09-12 04:00:00+00:00,28.839,28.874,28.805,28.867,87.492,4h,uploaded_csv,BTCDOM_INDEX_PROXY,False,True
2024-09-12 08:00:00+00:00,28.866,28.925,28.838,28.895,73.596,4h,uploaded_csv,BTCDOM_INDEX_PROXY,False,True
2024-09-12 12:00:00+00:00,28.893,28.93,28.618,28.904,209.324,4h,uploaded_csv,BTCDOM_INDEX_PROXY,False,True
2024-09-12 16:00:00+00:00,28.904,28.977,28.827,28.903,159.454,4h,uploaded_csv,BTCDOM_INDEX_PROXY,False,True
2024-09-12 20:00:00+00:00,28.912,28.931,28.746,28.768,93.215,4h,uploaded_csv,BTCDOM_INDEX_PROXY,False,True
2024-09-13 00:00:00+00:00,28.767,28.833,28.737,28.751,39.15,4h,uploaded_csv,BTCDOM_INDEX_PROXY,False,True
2024-09-13 04:00:00+00:00,28.74,28.89,28.728,28.88,60.505,4h,uploaded_csv,BTCDOM_INDEX_PROXY,False,True
2024-09-13 08:00:00+00:00,28.881,28.887,28.77,28.781,49.337,4h,uploaded_csv,BTCDOM_INDEX_PROXY,False,True
2024-09-13 12:00:00+00:00,28.782,28.99,28.709,28.948,165.535,4h,uploaded_csv,BTCDOM_INDEX_PROXY,False,True
2024-09-13 16:00:00+00:00,28.958,28.999,28.889,28.925,126.852,4h,uploaded_csv,BTCDOM_INDEX_PROXY,False,True
2024-09-13 20:00:00+00:00,28.916,29.333,28.855,29.139,346.407,4h,uploaded_csv,BTCDOM_INDEX_PROXY,False,True
2024-09-14 00:00:00+00:00,29.134,29.244,29.078,29.083,125.545,4h,uploaded_csv,BTCDOM_INDEX_PROXY,False,True
2024-09-14 04:00:00+00:00,29.084,29.136,29.027,29.122,71.98,4h,uploaded_csv,BTCDOM_INDEX_PROXY,False,True
2024-09-14 08:00:00+00:00,29.116,29.149,29.003,29.015,69.24,4h,uploaded_csv,BTCDOM_INDEX_PROXY,False,True
2024-09-14 12:00:00+00:00,29.015,29.092,28.975,29.045,85.167,4h,uploaded_csv,BTCDOM_INDEX_PROXY,False,True
2024-09-14 16:00:00+00:00,29.049,29.14,29.012,29.093,61.828,4h,uploaded_csv,BTCDOM_INDEX_PROXY,False,True
2024-09-14 20:00:00+00:00,29.086,29.139,29.059,29.094,30.777,4h,uploaded_csv,BTCDOM_INDEX_PROXY,False,True
2024-09-15 00:00:00+00:00,29.091,29.117,29.0,29.117,38.103,4h,uploaded_csv,BTCDOM_INDEX_PROXY,False,True
2024-09-15 04:00:00+00:00,29.119,29.186,29.083,29.127,49.591,4h,uploaded_csv,BTCDOM_INDEX_PROXY,False,True
2024-09-15 08:00:00+00:00,29.127,29.243,29.096,29.231,93.9,4h,uploaded_csv,BTCDOM_INDEX_PROXY,False,True
2024-09-15 12:00:00+00:00,29.231,29.3,29.162,29.269,98.505,4h,uploaded_csv,BTCDOM_INDEX_PROXY,False,True
2024-09-15 16:00:00+00:00,29.269,29.492,29.256,29.438,186.688,4h,uploaded_csv,BTCDOM_INDEX_PROXY,False,True
2024-09-15 20:00:00+00:00,29.442,29.663,29.379,29.623,355.885,4h,uploaded_csv,BTCDOM_INDEX_PROXY,False,True
2024-09-16 00:00:00+00:00,29.627,29.875,29.504,29.746,353.504,4h,uploaded_csv,BTCDOM_INDEX_PROXY,False,True
2024-09-16 04:00:00+00:00,29.744,29.761,29.587,29.622,179.305,4h,uploaded_csv,BTCDOM_INDEX_PROXY,False,True
2024-09-16 08:00:00+00:00,29.622,29.718,29.498,29.517,179.656,4h,uploaded_csv,BTCDOM_INDEX_PROXY,False,True
2024-09-16 12:00:00+00:00,29.524,29.612,29.349,29.432,311.624,4h,uploaded_csv,BTCDOM_INDEX_PROXY,False,True
2024-09-16 16:00:00+00:00,29.437,29.541,29.346,29.534,238.839,4h,uploaded_csv,BTCDOM_INDEX_PROXY,False,True
2024-09-16 20:00:00+00:00,29.534,29.594,29.464,29.505,122.26,4h,uploaded_csv,BTCDOM_INDEX_PROXY,False,True
2024-09-17 00:00:00+00:00,29.501,29.584,29.481,29.497,114.896,4h,uploaded_csv,BTCDOM_INDEX_PROXY,False,True
2024-09-17 04:00:00+00:00,29.495,29.598,29.44,29.586,127.997,4h,uploaded_csv,BTCDOM_INDEX_PROXY,False,True
2024-09-17 08:00:00+00:00,29.587,29.786,29.538,29.773,133.324,4h,uploaded_csv,BTCDOM_INDEX_PROXY,False,True
2024-09-17 12:00:00+00:00,29.754,30.151,29.7,30.018,540.743,4h,uploaded_csv,BTCDOM_INDEX_PROXY,False,True
2024-09-17 16:00:00+00:00,30.02,30.3,29.84,29.87,527.679,4h,uploaded_csv,BTCDOM_INDEX_PROXY,False,True
2024-09-17 20:00:00+00:00,29.866,30.142,29.805,30.122,193.441,4h,uploaded_csv,BTCDOM_INDEX_PROXY,False,True
2024-09-18 00:00:00+00:00,30.127,30.31,30.103,30.253,166.72,4h,uploaded_csv,BTCDOM_INDEX_PROXY,False,True
2024-09-18 04:00:00+00:00,30.255,30.491,30.253,30.32,416.335,4h,uploaded_csv,BTCDOM_INDEX_PROXY,False,True
2024-09-18 08:00:00+00:00,30.316,30.44,30.237,30.382,128.138,4h,uploaded_csv,BTCDOM_INDEX_PROXY,False,True
2024-09-18 12:00:00+00:00,30.383,30.398,30.236,30.336,110.926,4h,uploaded_csv,BTCDOM_INDEX_PROXY,False,True
2024-09-18 16:00:00+00:00,30.335,30.44,30.265,30.288,320.819,4h,uploaded_csv,BTCDOM_INDEX_PROXY,False,True
2024-09-18 20:00:00+00:00,30.287,30.345,30.126,30.318,226.964,4h,uploaded_csv,BTCDOM_INDEX_PROXY,False,True
2024-09-19 00:00:00+00:00,30.317,30.41,30.096,30.177,310.783,4h,uploaded_csv,BTCDOM_INDEX_PROXY,False,True
2024-09-19 04:00:00+00:00,30.179,30.182,29.885,29.935,204.64,4h,uploaded_csv,BTCDOM_INDEX_PROXY,False,True
2024-09-19 08:00:00+00:00,29.939,30.227,29.91,30.171,178.052,4h,uploaded_csv,BTCDOM_INDEX_PROXY,False,True
2024-09-19 12:00:00+00:00,30.176,30.416,30.157,30.25,226.875,4h,uploaded_csv,BTCDOM_INDEX_PROXY,False,True
2024-09-19 16:00:00+00:00,30.25,30.252,29.97,30.098,232.465,4h,uploaded_csv,BTCDOM_INDEX_PROXY,False,True
2024-09-19 20:00:00+00:00,30.1,30.101,29.932,29.954,190.294,4h,uploaded_csv,BTCDOM_INDEX_PROXY,False,True
2024-09-20 00:00:00+00:00,29.952,30.166,29.854,29.867,199.004,4h,uploaded_csv,BTCDOM_INDEX_PROXY,False,True
2024-09-20 04:00:00+00:00,29.862,29.893,29.3,29.31,438.774,4h,uploaded_csv,BTCDOM_INDEX_PROXY,False,True
2024-09-20 08:00:00+00:00,29.31,29.6,29.268,29.502,216.854,4h,uploaded_csv,BTCDOM_INDEX_PROXY,False,True
2024-09-20 12:00:00+00:00,29.507,29.512,29.375,29.388,268.679,4h,uploaded_csv,BTCDOM_INDEX_PROXY,False,True
2024-09-20 16:00:00+00:00,29.385,29.459,29.289,29.381,192.555,4h,uploaded_csv,BTCDOM_INDEX_PROXY,False,True
2024-09-20 20:00:00+00:00,29.374,29.485,29.307,29.406,106.9,4h,uploaded_csv,BTCDOM_INDEX_PROXY,False,True
2024-09-21 00:00:00+00:00,29.405,29.49,29.25,29.398,164.465,4h,uploaded_csv,BTCDOM_INDEX_PROXY,False,True
2024-09-21 04:00:00+00:00,29.405,29.525,29.264,29.274,97.304,4h,uploaded_csv,BTCDOM_INDEX_PROXY,False,True
2024-09-21 08:00:00+00:00,29.274,29.326,29.25,29.277,58.365,4h,uploaded_csv,BTCDOM_INDEX_PROXY,False,True
2024-09-21 12:00:00+00:00,29.277,29.302,29.05,29.188,258.226,4h,uploaded_csv,BTCDOM_INDEX_PROXY,False,True
2024-09-21 16:00:00+00:00,29.188,29.21,29.067,29.087,84.098,4h,uploaded_csv,BTCDOM_INDEX_PROXY,False,True
2024-09-21 20:00:00+00:00,29.086,29.132,28.813,28.837,136.048,4h,uploaded_csv,BTCDOM_INDEX_PROXY,False,True
2024-09-22 00:00:00+00:00,28.84,28.958,28.752,28.929,216.844,4h,uploaded_csv,BTCDOM_INDEX_PROXY,False,True
2024-09-22 04:00:00+00:00,28.93,29.029,28.884,28.957,106.855,4h,uploaded_csv,BTCDOM_INDEX_PROXY,False,True
2024-09-22 08:00:00+00:00,28.954,29.011,28.811,29.006,158.513,4h,uploaded_csv,BTCDOM_INDEX_PROXY,False,True
2024-09-22 12:00:00+00:00,29.006,29.176,28.955,29.123,174.209,4h,uploaded_csv,BTCDOM_INDEX_PROXY,False,True
2024-09-22 16:00:00+00:00,29.123,29.213,29.066,29.203,106.52,4h,uploaded_csv,BTCDOM_INDEX_PROXY,False,True
2024-09-22 20:00:00+00:00,29.206,29.45,29.15,29.352,244.901,4h,uploaded_csv,BTCDOM_INDEX_PROXY,False,True
2024-09-23 00:00:00+00:00,29.352,29.387,28.919,28.946,256.945,4h,uploaded_csv,BTCDOM_INDEX_PROXY,False,True
2024-09-23 04:00:00+00:00,28.948,28.998,28.766,28.918,245.007,4h,uploaded_csv,BTCDOM_INDEX_PROXY,False,True
2024-09-23 08:00:00+00:00,28.908,29.0,28.873,28.907,83.817,4h,uploaded_csv,BTCDOM_INDEX_PROXY,False,True
2024-09-23 12:00:00+00:00,28.909,28.924,28.67,28.695,192.542,4h,uploaded_csv,BTCDOM_INDEX_PROXY,False,True
2024-09-23 16:00:00+00:00,28.695,28.729,28.46,28.503,268.1,4h,uploaded_csv,BTCDOM_INDEX_PROXY,False,True
2024-09-23 20:00:00+00:00,28.504,28.688,28.471,28.664,78.932,4h,uploaded_csv,BTCDOM_INDEX_PROXY,False,True
2024-09-24 00:00:00+00:00,28.669,28.721,28.614,28.634,131.429,4h,uploaded_csv,BTCDOM_INDEX_PROXY,False,True
2024-09-24 04:00:00+00:00,28.634,28.744,28.624,28.72,70.897,4h,uploaded_csv,BTCDOM_INDEX_PROXY,False,True
2024-09-24 08:00:00+00:00,28.718,28.765,28.651,28.692,69.075,4h,uploaded_csv,BTCDOM_INDEX_PROXY,False,True
2024-09-24 12:00:00+00:00,28.692,28.808,28.63,28.747,122.464,4h,uploaded_csv,BTCDOM_INDEX_PROXY,False,True
2024-09-24 16:00:00+00:00,28.745,28.889,28.641,28.87,111.543,4h,uploaded_csv,BTCDOM_INDEX_PROXY,False,True
2024-09-24 20:00:00+00:00,28.863,28.916,28.711,28.728,94.331,4h,uploaded_csv,BTCDOM_INDEX_PROXY,False,True
2024-09-25 00:00:00+00:00,28.724,28.85,28.701,28.846,82.067,4h,uploaded_csv,BTCDOM_INDEX_PROXY,False,True
2024-09-25 04:00:00+00:00,28.847,28.999,28.803,28.881,98.497,4h,uploaded_csv,BTCDOM_INDEX_PROXY,False,True
2024-09-25 08:00:00+00:00,28.884,28.901,28.745,28.786,95.89,4h,uploaded_csv,BTCDOM_INDEX_PROXY,False,True
2024-09-25 12:00:00+00:00,28.79,28.861,28.767,28.847,54.88,4h,uploaded_csv,BTCDOM_INDEX_PROXY,False,True
2024-09-25 16:00:00+00:00,28.847,28.95,28.798,28.944,61.572,4h,uploaded_csv,BTCDOM_INDEX_PROXY,False,True
2024-09-25 20:00:00+00:00,28.938,29.07,28.917,28.964,59.372,4h,uploaded_csv,BTCDOM_INDEX_PROXY,False,True
2024-09-26 00:00:00+00:00,28.965,29.047,28.861,28.947,75.539,4h,uploaded_csv,BTCDOM_INDEX_PROXY,False,True
2024-09-26 04:00:00+00:00,28.947,28.974,28.684,28.714,77.299,4h,uploaded_csv,BTCDOM_INDEX_PROXY,False,True
2024-09-26 08:00:00+00:00,28.715,28.95,28.703,28.919,61.071,4h,uploaded_csv,BTCDOM_INDEX_PROXY,False,True
2024-09-26 12:00:00+00:00,28.908,29.051,28.881,28.933,188.608,4h,uploaded_csv,BTCDOM_INDEX_PROXY,False,True
2024-09-26 16:00:00+00:00,28.93,29.103,28.833,28.841,76.028,4h,uploaded_csv,BTCDOM_INDEX_PROXY,False,True
2024-09-26 20:00:00+00:00,28.848,29.11,28.835,29.095,79.92,4h,uploaded_csv,BTCDOM_INDEX_PROXY,False,True
2024-09-27 00:00:00+00:00,29.095,29.141,29.025,29.077,87.536,4h,uploaded_csv,BTCDOM_INDEX_PROXY,False,True
2024-09-27 04:00:00+00:00,29.076,29.085,28.808,28.909,126.755,4h,uploaded_csv,BTCDOM_INDEX_PROXY,False,True
2024-09-27 08:00:00+00:00,28.909,29.105,28.814,28.97,110.781,4h,uploaded_csv,BTCDOM_INDEX_PROXY,False,True
2024-09-27 12:00:00+00:00,28.973,29.048,28.853,28.905,91.732,4h,uploaded_csv,BTCDOM_INDEX_PROXY,False,True
2024-09-27 16:00:00+00:00,28.901,28.929,28.725,28.749,86.984,4h,uploaded_csv,BTCDOM_INDEX_PROXY,False,True
2024-09-27 20:00:00+00:00,28.746,28.852,28.74,28.823,39.119,4h,uploaded_csv,BTCDOM_INDEX_PROXY,False,True
2024-09-28 00:00:00+00:00,28.821,28.879,28.74,28.859,44.548,4h,uploaded_csv,BTCDOM_INDEX_PROXY,False,True
2024-09-28 04:00:00+00:00,28.856,29.054,28.813,28.986,96.039,4h,uploaded_csv,BTCDOM_INDEX_PROXY,False,True
2024-09-28 08:00:00+00:00,28.985,29.15,28.895,28.904,102.498,4h,uploaded_csv,BTCDOM_INDEX_PROXY,False,True
2024-09-28 12:00:00+00:00,28.911,29.0,28.785,28.85,97.77,4h,uploaded_csv,BTCDOM_INDEX_PROXY,False,True
2024-09-28 16:00:00+00:00,28.847,28.871,28.781,28.84,41.896,4h,uploaded_csv,BTCDOM_INDEX_PROXY,False,True
2024-09-28 20:00:00+00:00,28.838,28.964,28.838,28.944,31.632,4h,uploaded_csv,BTCDOM_INDEX_PROXY,False,True
2024-09-29 00:00:00+00:00,28.952,28.985,28.891,28.917,54.727,4h,uploaded_csv,BTCDOM_INDEX_PROXY,False,True
2024-09-29 04:00:00+00:00,28.914,29.21,28.888,29.103,194.476,4h,uploaded_csv,BTCDOM_INDEX_PROXY,False,True
2024-09-29 08:00:00+00:00,29.101,29.162,29.02,29.062,88.02,4h,uploaded_csv,BTCDOM_INDEX_PROXY,False,True
2024-09-29 12:00:00+00:00,29.062,29.164,28.88,28.892,120.178,4h,uploaded_csv,BTCDOM_INDEX_PROXY,False,True
2024-09-29 16:00:00+00:00,28.892,28.983,28.851,28.885,63.708,4h,uploaded_csv,BTCDOM_INDEX_PROXY,False,True
2024-09-29 20:00:00+00:00,28.879,29.027,28.826,28.931,88.595,4h,uploaded_csv,BTCDOM_INDEX_PROXY,False,True
2024-09-30 00:00:00+00:00,28.931,29.086,28.832,28.861,190.798,4h,uploaded_csv,BTCDOM_INDEX_PROXY,False,True
2024-09-30 04:00:00+00:00,28.862,28.89,28.73,28.756,87.458,4h,uploaded_csv,BTCDOM_INDEX_PROXY,False,True
2024-09-30 08:00:00+00:00,28.761,28.793,28.522,28.641,228.995,4h,uploaded_csv,BTCDOM_INDEX_PROXY,False,True
2024-09-30 12:00:00+00:00,28.641,28.87,28.617,28.856,100.871,4h,uploaded_csv,BTCDOM_INDEX_PROXY,False,True
2024-09-30 16:00:00+00:00,28.862,28.9,28.737,28.795,118.584,4h,uploaded_csv,BTCDOM_INDEX_PROXY,False,True
2024-09-30 20:00:00+00:00,28.794,28.898,28.704,28.869,124.951,4h,uploaded_csv,BTCDOM_INDEX_PROXY,False,True
2024-10-01 00:00:00+00:00,28.869,28.878,28.607,28.641,88.625,4h,uploaded_csv,BTCDOM_INDEX_PROXY,False,True
2024-10-01 04:00:00+00:00,28.639,28.651,28.51,28.589,82.169,4h,uploaded_csv,BTCDOM_INDEX_PROXY,False,True
2024-10-01 08:00:00+00:00,28.59,28.612,28.542,28.585,41.982,4h,uploaded_csv,BTCDOM_INDEX_PROXY,False,True
2024-10-01 12:00:00+00:00,28.586,29.506,28.572,29.244,826.704,4h,uploaded_csv,BTCDOM_INDEX_PROXY,False,True
2024-10-01 16:00:00+00:00,29.247,29.74,29.181,29.381,764.191,4h,uploaded_csv,BTCDOM_INDEX_PROXY,False,True
2024-10-01 20:00:00+00:00,29.38,29.38,29.126,29.242,328.86,4h,uploaded_csv,BTCDOM_INDEX_PROXY,False,True
2024-10-02 00:00:00+00:00,29.245,29.324,29.176,29.239,357.579,4h,uploaded_csv,BTCDOM_INDEX_PROXY,False,True
2024-10-02 04:00:00+00:00,29.244,29.294,29.128,29.257,155.472,4h,uploaded_csv,BTCDOM_INDEX_PROXY,False,True
2024-10-02 08:00:00+00:00,29.261,29.442,29.231,29.388,304.052,4h,uploaded_csv,BTCDOM_INDEX_PROXY,False,True
2024-10-02 12:00:00+00:00,29.387,29.647,29.34,29.628,515.524,4h,uploaded_csv,BTCDOM_INDEX_PROXY,False,True
2024-10-02 16:00:00+00:00,29.626,30.022,29.607,29.788,643.207,4h,uploaded_csv,BTCDOM_INDEX_PROXY,False,True
2024-10-02 20:00:00+00:00,29.785,30.2,29.778,30.102,355.869,4h,uploaded_csv,BTCDOM_INDEX_PROXY,False,True
2024-10-03 00:00:00+00:00,30.103,30.259,30.0,30.087,334.469,4h,uploaded_csv,BTCDOM_INDEX_PROXY,False,True
2024-10-03 04:00:00+00:00,30.088,30.318,30.018,30.3,272.514,4h,uploaded_csv,BTCDOM_INDEX_PROXY,False,True
2024-10-03 08:00:00+00:00,30.3,30.54,30.24,30.42,835.969,4h,uploaded_csv,BTCDOM_INDEX_PROXY,False,True
2024-10-03 12:00:00+00:00,30.415,30.607,30.2,30.447,635.173,4h,uploaded_csv,BTCDOM_INDEX_PROXY,False,True
2024-10-03 16:00:00+00:00,30.447,30.567,30.343,30.433,288.995,4h,uploaded_csv,BTCDOM_INDEX_PROXY,False,True
2024-10-03 20:00:00+00:00,30.43,30.49,30.329,30.344,173.484,4h,uploaded_csv,BTCDOM_INDEX_PROXY,False,True
2024-10-04 00:00:00+00:00,30.344,30.393,30.209,30.274,152.597,4h,uploaded_csv,BTCDOM_INDEX_PROXY,False,True
2024-10-04 04:00:00+00:00,30.274,30.287,30.134,30.275,131.1,4h,uploaded_csv,BTCDOM_INDEX_PROXY,False,True
2024-10-04 08:00:00+00:00,30.276,30.293,30.184,30.217,119.103,4h,uploaded_csv,BTCDOM_INDEX_PROXY,False,True
2024-10-04 12:00:00+00:00,30.211,30.341,30.115,30.131,180.791,4h,uploaded_csv,BTCDOM_INDEX_PROXY,False,True
2024-10-04 16:00:00+00:00,30.126,30.219,29.98,30.171,269.497,4h,uploaded_csv,BTCDOM_INDEX_PROXY,False,True
2024-10-04 20:00:00+00:00,30.165,30.245,30.151,30.172,57.944,4h,uploaded_csv,BTCDOM_INDEX_PROXY,False,True
2024-10-05 00:00:00+00:00,30.169,30.3,30.076,30.276,78.861,4h,uploaded_csv,BTCDOM_INDEX_PROXY,False,True
2024-10-05 04:00:00+00:00,30.275,30.313,30.081,30.117,61.719,4h,uploaded_csv,BTCDOM_INDEX_PROXY,False,True
2024-10-05 08:00:00+00:00,30.117,30.166,30.059,30.147,74.346,4h,uploaded_csv,BTCDOM_INDEX_PROXY,False,True
2024-10-05 12:00:00+00:00,30.148,30.277,30.134,30.154,75.708,4h,uploaded_csv,BTCDOM_INDEX_PROXY,False,True
2024-10-05 16:00:00+00:00,30.154,30.269,30.144,30.227,120.559,4h,uploaded_csv,BTCDOM_INDEX_PROXY,False,True
2024-10-05 20:00:00+00:00,30.227,30.286,30.09,30.178,58.277,4h,uploaded_csv,BTCDOM_INDEX_PROXY,False,True
2024-10-06 00:00:00+00:00,30.176,30.205,30.06,30.127,58.447,4h,uploaded_csv,BTCDOM_INDEX_PROXY,False,True
2024-10-06 04:00:00+00:00,30.126,30.162,30.078,30.109,58.667,4h,uploaded_csv,BTCDOM_INDEX_PROXY,False,True
2024-10-06 08:00:00+00:00,30.105,30.137,30.05,30.082,90.576,4h,uploaded_csv,BTCDOM_INDEX_PROXY,False,True
2024-10-06 12:00:00+00:00,30.089,30.134,30.021,30.09,117.622,4h,uploaded_csv,BTCDOM_INDEX_PROXY,False,True
2024-10-06 16:00:00+00:00,30.091,30.167,30.065,30.114,71.135,4h,uploaded_csv,BTCDOM_INDEX_PROXY,False,True
2024-10-06 20:00:00+00:00,30.12,30.233,30.077,30.13,89.261,4h,uploaded_csv,BTCDOM_INDEX_PROXY,False,True
2024-10-07 00:00:00+00:00,30.131,30.148,29.85,29.913,274.255,4h,uploaded_csv,BTCDOM_INDEX_PROXY,False,True
2024-10-07 04:00:00+00:00,29.913,30.133,29.906,30.08,156.552,4h,uploaded_csv,BTCDOM_INDEX_PROXY,False,True
2024-10-07 08:00:00+00:00,30.082,30.294,30.016,30.033,207.365,4h,uploaded_csv,BTCDOM_INDEX_PROXY,False,True
2024-10-07 12:00:00+00:00,30.033,30.18,29.982,30.175,263.948,4h,uploaded_csv,BTCDOM_INDEX_PROXY,False,True
2024-10-07 16:00:00+00:00,30.175,30.359,30.099,30.3,181.092,4h,uploaded_csv,BTCDOM_INDEX_PROXY,False,True
2024-10-07 20:00:00+00:00,30.295,30.316,30.141,30.149,119.743,4h,uploaded_csv,BTCDOM_INDEX_PROXY,False,True
2024-10-08 00:00:00+00:00,30.144,30.196,30.089,30.144,96.109,4h,uploaded_csv,BTCDOM_INDEX_PROXY,False,True
2024-10-08 04:00:00+00:00,30.149,30.315,30.134,30.232,207.52,4h,uploaded_csv,BTCDOM_INDEX_PROXY,False,True
2024-10-08 08:00:00+00:00,30.234,30.275,30.121,30.131,64.539,4h,uploaded_csv,BTCDOM_INDEX_PROXY,False,True
2024-10-08 12:00:00+00:00,30.13,30.28,30.127,30.202,157.596,4h,uploaded_csv,BTCDOM_INDEX_PROXY,False,True
2024-10-08 16:00:00+00:00,30.2,30.225,29.899,29.945,257.704,4h,uploaded_csv,BTCDOM_INDEX_PROXY,False,True
2024-10-08 20:00:00+00:00,29.944,29.996,29.883,29.926,85.883,4h,uploaded_csv,BTCDOM_INDEX_PROXY,False,True
2024-10-09 00:00:00+00:00,29.925,29.995,29.775,29.971,86.224,4h,uploaded_csv,BTCDOM_INDEX_PROXY,False,True
2024-10-09 04:00:00+00:00,29.971,30.012,29.94,29.977,84.34,4h,uploaded_csv,BTCDOM_INDEX_PROXY,False,True
2024-10-09 08:00:00+00:00,29.977,30.0,29.897,29.899,83.267,4h,uploaded_csv,BTCDOM_INDEX_PROXY,False,True
2024-10-09 12:00:00+00:00,29.899,30.018,29.666,29.852,324.207,4h,uploaded_csv,BTCDOM_INDEX_PROXY,False,True
2024-10-09 16:00:00+00:00,29.851,29.913,29.658,29.672,119.409,4h,uploaded_csv,BTCDOM_INDEX_PROXY,False,True
2024-10-09 20:00:00+00:00,29.673,29.984,29.656,29.888,364.969,4h,uploaded_csv,BTCDOM_INDEX_PROXY,False,True
2024-10-10 00:00:00+00:00,29.888,29.939,29.758,29.815,279.88,4h,uploaded_csv,BTCDOM_INDEX_PROXY,False,True
2024-10-10 04:00:00+00:00,29.816,29.864,29.724,29.846,94.32,4h,uploaded_csv,BTCDOM_INDEX_PROXY,False,True
2024-10-10 08:00:00+00:00,29.845,30.022,29.814,29.939,191.418,4h,uploaded_csv,BTCDOM_INDEX_PROXY,False,True
2024-10-10 12:00:00+00:00,29.935,30.023,29.818,29.835,172.502,4h,uploaded_csv,BTCDOM_INDEX_PROXY,False,True
2024-10-10 16:00:00+00:00,29.839,29.887,29.59,29.623,269.424,4h,uploaded_csv,BTCDOM_INDEX_PROXY,False,True
2024-10-10 20:00:00+00:00,29.623,29.727,29.606,29.694,83.059,4h,uploaded_csv,BTCDOM_INDEX_PROXY,False,True
2024-10-11 00:00:00+00:00,29.693,29.717,29.568,29.571,57.297,4h,uploaded_csv,BTCDOM_INDEX_PROXY,False,True
2024-10-11 04:00:00+00:00,29.568,29.662,29.562,29.636,53.173,4h,uploaded_csv,BTCDOM_INDEX_PROXY,False,True
2024-10-11 08:00:00+00:00,29.639,29.686,29.499,29.66,88.025,4h,uploaded_csv,BTCDOM_INDEX_PROXY,False,True
2024-10-11 12:00:00+00:00,29.661,29.839,29.611,29.819,121.277,4h,uploaded_csv,BTCDOM_INDEX_PROXY,False,True
2024-10-11 16:00:00+00:00,29.819,30.081,29.791,30.006,225.329,4h,uploaded_csv,BTCDOM_INDEX_PROXY,False,True
2024-10-11 20:00:00+00:00,30.001,30.05,29.851,29.943,132.758,4h,uploaded_csv,BTCDOM_INDEX_PROXY,False,True
2024-10-12 00:00:00+00:00,29.944,30.031,29.899,29.918,150.691,4h,uploaded_csv,BTCDOM_INDEX_PROXY,False,True
2024-10-12 04:00:00+00:00,29.918,29.966,29.843,29.96,47.073,4h,uploaded_csv,BTCDOM_INDEX_PROXY,False,True
2024-10-12 08:00:00+00:00,29.966,29.968,29.907,29.928,27.772,4h,uploaded_csv,BTCDOM_INDEX_PROXY,False,True
2024-10-12 12:00:00+00:00,29.928,29.96,29.883,29.93,32.878,4h,uploaded_csv,BTCDOM_INDEX_PROXY,False,True
2024-10-12 16:00:00+00:00,29.929,29.929,29.814,29.824,37.013,4h,uploaded_csv,BTCDOM_INDEX_PROXY,False,True
2024-10-12 20:00:00+00:00,29.824,29.953,29.822,29.916,37.229,4h,uploaded_csv,BTCDOM_INDEX_PROXY,False,True
2024-10-13 00:00:00+00:00,29.91,29.96,29.833,29.881,89.242,4h,uploaded_csv,BTCDOM_INDEX_PROXY,False,True
2024-10-13 04:00:00+00:00,29.881,29.922,29.833,29.871,32.249,4h,uploaded_csv,BTCDOM_INDEX_PROXY,False,True
2024-10-13 08:00:00+00:00,29.87,29.899,29.781,29.849,42.222,4h,uploaded_csv,BTCDOM_INDEX_PROXY,False,True
2024-10-13 12:00:00+00:00,29.85,29.937,29.798,29.927,87.895,4h,uploaded_csv,BTCDOM_INDEX_PROXY,False,True
2024-10-13 16:00:00+00:00,29.926,30.037,29.914,29.993,121.509,4h,uploaded_csv,BTCDOM_INDEX_PROXY,False,True
2024-10-13 20:00:00+00:00,29.998,30.008,29.883,29.895,45.11,4h,uploaded_csv,BTCDOM_INDEX_PROXY,False,True
2024-10-14 00:00:00+00:00,29.895,30.0,29.882,29.972,133.644,4h,uploaded_csv,BTCDOM_INDEX_PROXY,False,True
2024-10-14 04:00:00+00:00,29.972,30.069,29.801,30.048,143.444,4h,uploaded_csv,BTCDOM_INDEX_PROXY,False,True
2024-10-14 08:00:00+00:00,30.048,30.187,30.029,30.153,165.831,4h,uploaded_csv,BTCDOM_INDEX_PROXY,False,True
2024-10-14 12:00:00+00:00,30.152,30.17,29.786,29.796,283.135,4h,uploaded_csv,BTCDOM_INDEX_PROXY,False,True
2024-10-14 16:00:00+00:00,29.796,29.946,29.748,29.922,161.07,4h,uploaded_csv,BTCDOM_INDEX_PROXY,False,True
2024-10-14 20:00:00+00:00,29.921,29.933,29.839,29.859,52.348,4h,uploaded_csv,BTCDOM_INDEX_PROXY,False,True
2024-10-15 00:00:00+00:00,29.858,29.904,29.678,29.757,76.122,4h,uploaded_csv,BTCDOM_INDEX_PROXY,False,True
2024-10-15 04:00:00+00:00,29.753,29.924,29.727,29.89,64.205,4h,uploaded_csv,BTCDOM_INDEX_PROXY,False,True
2024-10-15 08:00:00+00:00,29.892,30.14,29.837,30.112,157.8,4h,uploaded_csv,BTCDOM_INDEX_PROXY,False,True
2024-10-15 12:00:00+00:00,30.113,30.403,30.0,30.39,686.072,4h,uploaded_csv,BTCDOM_INDEX_PROXY,False,True
2024-10-15 16:00:00+00:00,30.39,30.713,30.379,30.58,438.657,4h,uploaded_csv,BTCDOM_INDEX_PROXY,False,True
2024-10-15 20:00:00+00:00,30.58,30.74,30.437,30.518,312.742,4h,uploaded_csv,BTCDOM_INDEX_PROXY,False,True
2024-10-16 00:00:00+00:00,30.519,30.603,30.465,30.501,145.863,4h,uploaded_csv,BTCDOM_INDEX_PROXY,False,True
2024-10-16 04:00:00+00:00,30.499,30.635,30.469,30.601,111.771,4h,uploaded_csv,BTCDOM_INDEX_PROXY,False,True
2024-10-16 08:00:00+00:00,30.601,30.768,30.48,30.624,172.83,4h,uploaded_csv,BTCDOM_INDEX_PROXY,False,True
2024-10-16 12:00:00+00:00,30.623,30.773,30.522,30.747,204.744,4h,uploaded_csv,BTCDOM_INDEX_PROXY,False,True
2024-10-16 16:00:00+00:00,30.748,30.883,30.666,30.68,264.982,4h,uploaded_csv,BTCDOM_INDEX_PROXY,False,True
2024-10-16 20:00:00+00:00,30.676,30.714,30.609,30.696,65.985,4h,uploaded_csv,BTCDOM_INDEX_PROXY,False,True
2024-10-17 00:00:00+00:00,30.696,30.701,30.426,30.45,117.461,4h,uploaded_csv,BTCDOM_INDEX_PROXY,False,True
2024-10-17 04:00:00+00:00,30.449,30.579,30.353,30.548,163.112,4h,uploaded_csv,BTCDOM_INDEX_PROXY,False,True
2024-10-17 08:00:00+00:00,30.545,30.672,30.545,30.661,113.113,4h,uploaded_csv,BTCDOM_INDEX_PROXY,False,True
2024-10-17 12:00:00+00:00,30.662,30.739,30.566,30.664,143.074,4h,uploaded_csv,BTCDOM_INDEX_PROXY,False,True
2024-10-17 16:00:00+00:00,30.665,30.936,30.635,30.742,308.693,4h,uploaded_csv,BTCDOM_INDEX_PROXY,False,True
2024-10-17 20:00:00+00:00,30.75,30.824,30.682,30.819,97.928,4h,uploaded_csv,BTCDOM_INDEX_PROXY,False,True
2024-10-18 00:00:00+00:00,30.819,30.835,30.632,30.742,114.515,4h,uploaded_csv,BTCDOM_INDEX_PROXY,False,True
2024-10-18 04:00:00+00:00,30.742,30.833,30.62,30.625,71.359,4h,uploaded_csv,BTCDOM_INDEX_PROXY,False,True
2024-10-18 08:00:00+00:00,30.62,30.739,30.585,30.707,104.147,4h,uploaded_csv,BTCDOM_INDEX_PROXY,False,True
2024-10-18 12:00:00+00:00,30.706,30.87,30.695,30.811,169.241,4h,uploaded_csv,BTCDOM_INDEX_PROXY,False,True
2024-10-18 16:00:00+00:00,30.811,30.866,30.706,30.787,156.838,4h,uploaded_csv,BTCDOM_INDEX_PROXY,False,True
2024-10-18 20:00:00+00:00,30.787,30.828,30.727,30.772,45.389,4h,uploaded_csv,BTCDOM_INDEX_PROXY,False,True
2024-10-19 00:00:00+00:00,30.771,30.785,30.627,30.697,90.368,4h,uploaded_csv,BTCDOM_INDEX_PROXY,False,True
2024-10-19 04:00:00+00:00,30.69,30.724,30.641,30.699,53.278,4h,uploaded_csv,BTCDOM_INDEX_PROXY,False,True
2024-10-19 08:00:00+00:00,30.699,30.739,30.621,30.738,64.331,4h,uploaded_csv,BTCDOM_INDEX_PROXY,False,True
2024-10-19 12:00:00+00:00,30.738,30.749,30.557,30.612,64.706,4h,uploaded_csv,BTCDOM_INDEX_PROXY,False,True
2024-10-19 16:00:00+00:00,30.613,30.662,30.556,30.659,39.624,4h,uploaded_csv,BTCDOM_INDEX_PROXY,False,True
2024-10-19 20:00:00+00:00,30.66,30.665,30.549,30.6,32.904,4h,uploaded_csv,BTCDOM_INDEX_PROXY,False,True
2024-10-20 00:00:00+00:00,30.6,30.662,30.554,30.608,48.167,4h,uploaded_csv,BTCDOM_INDEX_PROXY,False,True
2024-10-20 04:00:00+00:00,30.611,30.683,30.576,30.633,47.846,4h,uploaded_csv,BTCDOM_INDEX_PROXY,False,True
2024-10-20 08:00:00+00:00,30.633,30.739,30.619,30.641,42.731,4h,uploaded_csv,BTCDOM_INDEX_PROXY,False,True
2024-10-20 12:00:00+00:00,30.636,30.71,30.266,30.316,437.913,4h,uploaded_csv,BTCDOM_INDEX_PROXY,False,True
2024-10-20 16:00:00+00:00,30.32,30.391,30.254,30.311,121.579,4h,uploaded_csv,BTCDOM_INDEX_PROXY,False,True
2024-10-20 20:00:00+00:00,30.315,30.321,30.01,30.034,202.321,4h,uploaded_csv,BTCDOM_INDEX_PROXY,False,True
2024-10-21 00:00:00+00:00,30.033,30.078,29.924,29.992,192.834,4h,uploaded_csv,BTCDOM_INDEX_PROXY,False,True
2024-10-21 04:00:00+00:00,29.992,30.072,29.845,29.893,107.458,4h,uploaded_csv,BTCDOM_INDEX_PROXY,False,True
2024-10-21 08:00:00+00:00,29.892,29.999,29.741,29.938,286.08,4h,uploaded_csv,BTCDOM_INDEX_PROXY,False,True
2024-10-21 12:00:00+00:00,29.938,30.08,29.859,29.902,330.41,4h,uploaded_csv,BTCDOM_INDEX_PROXY,False,True
2024-10-21 16:00:00+00:00,29.903,30.029,29.894,29.963,99.182,4h,uploaded_csv,BTCDOM_INDEX_PROXY,False,True
2024-10-21 20:00:00+00:00,29.98,30.021,29.905,29.939,62.936,4h,uploaded_csv,BTCDOM_INDEX_PROXY,False,True
2024-10-22 00:00:00+00:00,29.938,30.11,29.846,30.033,165.781,4h,uploaded_csv,BTCDOM_INDEX_PROXY,False,True
2024-10-22 04:00:00+00:00,30.032,30.08,29.971,29.98,47.966,4h,uploaded_csv,BTCDOM_INDEX_PROXY,False,True
2024-10-22 08:00:00+00:00,29.98,30.166,29.962,30.104,111.349,4h,uploaded_csv,BTCDOM_INDEX_PROXY,False,True
2024-10-22 12:00:00+00:00,30.104,30.2,30.052,30.169,99.906,4h,uploaded_csv,BTCDOM_INDEX_PROXY,False,True
2024-10-22 16:00:00+00:00,30.164,30.263,30.115,30.24,65.711,4h,uploaded_csv,BTCDOM_INDEX_PROXY,False,True
2024-10-22 20:00:00+00:00,30.243,30.294,30.193,30.285,67.692,4h,uploaded_csv,BTCDOM_INDEX_PROXY,False,True
2024-10-23 00:00:00+00:00,30.284,30.333,30.229,30.26,56.001,4h,uploaded_csv,BTCDOM_INDEX_PROXY,False,True
2024-10-23 04:00:00+00:00,30.26,30.364,30.251,30.323,81.366,4h,uploaded_csv,BTCDOM_INDEX_PROXY,False,True
2024-10-23 08:00:00+00:00,30.321,30.442,30.314,30.327,124.038,4h,uploaded_csv,BTCDOM_INDEX_PROXY,False,True
2024-10-23 12:00:00+00:00,30.332,30.52,30.322,30.484,179.541,4h,uploaded_csv,BTCDOM_INDEX_PROXY,False,True
2024-10-23 16:00:00+00:00,30.495,30.833,30.433,30.627,611.006,4h,uploaded_csv,BTCDOM_INDEX_PROXY,False,True
2024-10-23 20:00:00+00:00,30.628,30.741,30.567,30.61,223.969,4h,uploaded_csv,BTCDOM_INDEX_PROXY,False,True
2024-10-24 00:00:00+00:00,30.61,30.733,30.574,30.619,206.053,4h,uploaded_csv,BTCDOM_INDEX_PROXY,False,True
2024-10-24 04:00:00+00:00,30.62,30.664,30.57,30.633,99.14,4h,uploaded_csv,BTCDOM_INDEX_PROXY,False,True
2024-10-24 08:00:00+00:00,30.633,30.782,30.602,30.736,179.125,4h,uploaded_csv,BTCDOM_INDEX_PROXY,False,True
2024-10-24 12:00:00+00:00,30.736,31.022,30.733,30.888,363.244,4h,uploaded_csv,BTCDOM_INDEX_PROXY,False,True
2024-10-24 16:00:00+00:00,30.889,30.981,30.852,30.95,173.553,4h,uploaded_csv,BTCDOM_INDEX_PROXY,False,True
2024-10-24 20:00:00+00:00,30.951,31.0,30.913,30.953,110.342,4h,uploaded_csv,BTCDOM_INDEX_PROXY,False,True
2024-10-25 00:00:00+00:00,30.952,31.075,30.906,31.026,186.668,4h,uploaded_csv,BTCDOM_INDEX_PROXY,False,True
2024-10-25 04:00:00+00:00,31.026,31.307,31.017,31.223,801.383,4h,uploaded_csv,BTCDOM_INDEX_PROXY,False,True
2024-10-25 08:00:00+00:00,31.223,31.26,30.918,31.044,250.413,4h,uploaded_csv,BTCDOM_INDEX_PROXY,False,True
2024-10-25 12:00:00+00:00,31.04,31.179,31.018,31.105,158.737,4h,uploaded_csv,BTCDOM_INDEX_PROXY,False,True
2024-10-25 16:00:00+00:00,31.104,31.339,31.038,31.228,306.15,4h,uploaded_csv,BTCDOM_INDEX_PROXY,False,True
2024-10-25 20:00:00+00:00,31.232,32.7,31.148,31.822,1278.777,4h,uploaded_csv,BTCDOM_INDEX_PROXY,False,True
2024-10-26 00:00:00+00:00,31.823,32.0,31.619,31.653,577.758,4h,uploaded_csv,BTCDOM_INDEX_PROXY,False,True
2024-10-26 04:00:00+00:00,31.653,31.67,31.502,31.586,161.349,4h,uploaded_csv,BTCDOM_INDEX_PROXY,False,True
2024-10-26 08:00:00+00:00,31.586,31.596,31.465,31.508,376.957,4h,uploaded_csv,BTCDOM_INDEX_PROXY,False,True
2024-10-26 12:00:00+00:00,31.509,31.732,31.454,31.608,509.968,4h,uploaded_csv,BTCDOM_INDEX_PROXY,False,True
2024-10-26 16:00:00+00:00,31.609,31.609,31.372,31.396,207.839,4h,uploaded_csv,BTCDOM_INDEX_PROXY,False,True
2024-10-26 20:00:00+00:00,31.393,31.415,31.278,31.394,75.809,4h,uploaded_csv,BTCDOM_INDEX_PROXY,False,True
2024-10-27 00:00:00+00:00,31.394,31.436,31.33,31.373,52.394,4h,uploaded_csv,BTCDOM_INDEX_PROXY,False,True
2024-10-27 04:00:00+00:00,31.373,31.397,31.343,31.36,34.616,4h,uploaded_csv,BTCDOM_INDEX_PROXY,False,True
2024-10-27 08:00:00+00:00,31.357,31.477,31.326,31.454,126.834,4h,uploaded_csv,BTCDOM_INDEX_PROXY,False,True
2024-10-27 12:00:00+00:00,31.447,31.47,31.341,31.376,62.972,4h,uploaded_csv,BTCDOM_INDEX_PROXY,False,True
2024-10-27 16:00:00+00:00,31.378,31.449,31.296,31.414,333.546,4h,uploaded_csv,BTCDOM_INDEX_PROXY,False,True
2024-10-27 20:00:00+00:00,31.414,31.437,31.298,31.363,42.963,4h,uploaded_csv,BTCDOM_INDEX_PROXY,False,True
2024-10-28 00:00:00+00:00,31.367,31.627,31.324,31.567,166.281,4h,uploaded_csv,BTCDOM_INDEX_PROXY,False,True
2024-10-28 04:00:00+00:00,31.566,31.644,31.513,31.555,125.154,4h,uploaded_csv,BTCDOM_INDEX_PROXY,False,True
2024-10-28 08:00:00+00:00,31.56,31.58,31.334,31.539,109.991,4h,uploaded_csv,BTCDOM_INDEX_PROXY,False,True
2024-10-28 12:00:00+00:00,31.539,31.833,31.538,31.776,341.457,4h,uploaded_csv,BTCDOM_INDEX_PROXY,False,True
2024-10-28 16:00:00+00:00,31.775,32.035,31.704,31.974,391.675,4h,uploaded_csv,BTCDOM_INDEX_PROXY,False,True
2024-10-28 20:00:00+00:00,31.87,31.889,31.51,31.635,424.85,4h,uploaded_csv,BTCDOM_INDEX_PROXY,False,True
2024-10-29 00:00:00+00:00,31.635,31.68,31.331,31.531,410.608,4h,uploaded_csv,BTCDOM_INDEX_PROXY,False,True
2024-10-29 04:00:00+00:00,31.531,31.726,31.472,31.606,145.649,4h,uploaded_csv,BTCDOM_INDEX_PROXY,False,True
2024-10-29 08:00:00+00:00,31.61,31.651,31.506,31.617,138.578,4h,uploaded_csv,BTCDOM_INDEX_PROXY,False,True
2024-10-29 12:00:00+00:00,31.61,31.878,31.549,31.799,276.872,4h,uploaded_csv,BTCDOM_INDEX_PROXY,False,True
2024-10-29 16:00:00+00:00,31.799,32.23,31.636,32.128,620.349,4h,uploaded_csv,BTCDOM_INDEX_PROXY,False,True
2024-10-29 20:00:00+00:00,32.136,32.158,31.924,32.013,179.904,4h,uploaded_csv,BTCDOM_INDEX_PROXY,False,True
2024-10-30 00:00:00+00:00,32.017,32.121,31.771,31.811,249.551,4h,uploaded_csv,BTCDOM_INDEX_PROXY,False,True
2024-10-30 04:00:00+00:00,31.811,31.954,31.644,31.758,202.351,4h,uploaded_csv,BTCDOM_INDEX_PROXY,False,True
2024-10-30 08:00:00+00:00,31.754,31.957,31.729,31.919,233.213,4h,uploaded_csv,BTCDOM_INDEX_PROXY,False,True
2024-10-30 12:00:00+00:00,31.921,31.965,31.489,31.788,387.002,4h,uploaded_csv,BTCDOM_INDEX_PROXY,False,True
2024-10-30 16:00:00+00:00,31.788,31.844,31.681,31.838,116.771,4h,uploaded_csv,BTCDOM_INDEX_PROXY,False,True
2024-10-30 20:00:00+00:00,31.838,32.056,31.825,32.001,206.26,4h,uploaded_csv,BTCDOM_INDEX_PROXY,False,True
2024-10-31 00:00:00+00:00,32.003,32.076,31.886,32.059,118.284,4h,uploaded_csv,BTCDOM_INDEX_PROXY,False,True
2024-10-31 04:00:00+00:00,32.059,32.336,32.016,32.197,347.913,4h,uploaded_csv,BTCDOM_INDEX_PROXY,False,True
2024-10-31 08:00:00+00:00,32.201,32.352,32.189,32.235,242.259,4h,uploaded_csv,BTCDOM_INDEX_PROXY,False,True
2024-10-31 12:00:00+00:00,32.236,32.52,32.129,32.293,795.601,4h,uploaded_csv,BTCDOM_INDEX_PROXY,False,True
2024-10-31 16:00:00+00:00,32.298,32.69,32.297,32.579,795.063,4h,uploaded_csv,BTCDOM_INDEX_PROXY,False,True
2024-10-31 20:00:00+00:00,32.589,32.7,32.473,32.544,352.407,4h,uploaded_csv,BTCDOM_INDEX_PROXY,False,True
2024-11-01 00:00:00+00:00,32.545,32.56,32.267,32.276,409.946,4h,uploaded_csv,BTCDOM_INDEX_PROXY,False,True
2024-11-01 04:00:00+00:00,32.276,32.519,32.255,32.363,272.667,4h,uploaded_csv,BTCDOM_INDEX_PROXY,False,True
2024-11-01 08:00:00+00:00,32.363,32.472,32.288,32.413,248.598,4h,uploaded_csv,BTCDOM_INDEX_PROXY,False,True
2024-11-01 12:00:00+00:00,32.414,32.521,32.272,32.414,332.615,4h,uploaded_csv,BTCDOM_INDEX_PROXY,False,True
2024-11-01 16:00:00+00:00,32.416,32.529,32.155,32.234,437.315,4h,uploaded_csv,BTCDOM_INDEX_PROXY,False,True
2024-11-01 20:00:00+00:00,32.224,32.417,32.167,32.36,178.628,4h,uploaded_csv,BTCDOM_INDEX_PROXY,False,True
2024-11-02 00:00:00+00:00,32.362,32.389,32.267,32.365,81.86,4h,uploaded_csv,BTCDOM_INDEX_PROXY,False,True
2024-11-02 04:00:00+00:00,32.363,32.46,32.321,32.436,174.949,4h,uploaded_csv,BTCDOM_INDEX_PROXY,False,True
2024-11-02 08:00:00+00:00,32.434,32.555,32.405,32.504,236.06,4h,uploaded_csv,BTCDOM_INDEX_PROXY,False,True
2024-11-02 12:00:00+00:00,32.503,32.785,32.484,32.638,612.566,4h,uploaded_csv,BTCDOM_INDEX_PROXY,False,True
2024-11-02 16:00:00+00:00,32.638,32.686,32.56,32.563,220.829,4h,uploaded_csv,BTCDOM_INDEX_PROXY,False,True
2024-11-02 20:00:00+00:00,32.563,32.596,32.481,32.487,107.443,4h,uploaded_csv,BTCDOM_INDEX_PROXY,False,True
2024-11-03 00:00:00+00:00,32.486,32.81,32.43,32.652,648.401,4h,uploaded_csv,BTCDOM_INDEX_PROXY,False,True
2024-11-03 04:00:00+00:00,32.652,32.744,32.562,32.594,233.759,4h,uploaded_csv,BTCDOM_INDEX_PROXY,False,True
2024-11-03 08:00:00+00:00,32.593,32.667,32.544,32.639,194.589,4h,uploaded_csv,BTCDOM_INDEX_PROXY,False,True
2024-11-03 12:00:00+00:00,32.639,32.923,32.613,32.848,850.017,4h,uploaded_csv,BTCDOM_INDEX_PROXY,False,True
2024-11-03 16:00:00+00:00,32.848,33.027,32.811,32.926,568.74,4h,uploaded_csv,BTCDOM_INDEX_PROXY,False,True
2024-11-03 20:00:00+00:00,32.925,32.965,32.826,32.864,295.167,4h,uploaded_csv,BTCDOM_INDEX_PROXY,False,True
2024-11-04 00:00:00+00:00,32.863,32.976,32.755,32.822,298.885,4h,uploaded_csv,BTCDOM_INDEX_PROXY,False,True
2024-11-04 04:00:00+00:00,32.822,32.958,32.805,32.83,147.102,4h,uploaded_csv,BTCDOM_INDEX_PROXY,False,True
2024-11-04 08:00:00+00:00,32.829,32.917,32.645,32.673,249.916,4h,uploaded_csv,BTCDOM_INDEX_PROXY,False,True
2024-11-04 12:00:00+00:00,32.674,32.842,32.644,32.817,200.455,4h,uploaded_csv,BTCDOM_INDEX_PROXY,False,True
2024-11-04 16:00:00+00:00,32.816,32.873,32.605,32.712,278.874,4h,uploaded_csv,BTCDOM_INDEX_PROXY,False,True
2024-11-04 20:00:00+00:00,32.705,33.169,32.618,32.999,567.734,4h,uploaded_csv,BTCDOM_INDEX_PROXY,False,True
2024-11-05 00:00:00+00:00,33.0,33.054,32.891,32.93,193.699,4h,uploaded_csv,BTCDOM_INDEX_PROXY,False,True
2024-11-05 04:00:00+00:00,32.934,33.019,32.887,32.912,145.939,4h,uploaded_csv,BTCDOM_INDEX_PROXY,False,True
2024-11-05 08:00:00+00:00,32.913,32.985,32.873,32.89,114.862,4h,uploaded_csv,BTCDOM_INDEX_PROXY,False,True
2024-11-05 12:00:00+00:00,32.889,33.071,32.813,33.047,444.607,4h,uploaded_csv,BTCDOM_INDEX_PROXY,False,True
2024-11-05 16:00:00+00:00,33.045,33.18,32.965,33.143,435.636,4h,uploaded_csv,BTCDOM_INDEX_PROXY,False,True
2024-11-05 20:00:00+00:00,33.139,33.163,32.968,33.054,167.348,4h,uploaded_csv,BTCDOM_INDEX_PROXY,False,True
2024-11-06 00:00:00+00:00,33.053,33.167,32.841,33.12,866.714,4h,uploaded_csv,BTCDOM_INDEX_PROXY,False,True
2024-11-06 04:00:00+00:00,33.12,33.205,32.566,32.675,871.622,4h,uploaded_csv,BTCDOM_INDEX_PROXY,False,True
2024-11-06 08:00:00+00:00,32.672,32.868,32.58,32.739,732.654,4h,uploaded_csv,BTCDOM_INDEX_PROXY,False,True
2024-11-06 12:00:00+00:00,32.742,32.84,32.609,32.82,385.57,4h,uploaded_csv,BTCDOM_INDEX_PROXY,False,True
2024-11-06 16:00:00+00:00,32.819,33.037,32.608,32.985,386.797,4h,uploaded_csv,BTCDOM_INDEX_PROXY,False,True
2024-11-06 20:00:00+00:00,32.987,33.178,32.425,32.592,595.349,4h,uploaded_csv,BTCDOM_INDEX_PROXY,False,True
2024-11-07 00:00:00+00:00,32.585,32.67,31.204,31.373,2067.675,4h,uploaded_csv,BTCDOM_INDEX_PROXY,False,True
2024-11-07 04:00:00+00:00,31.37,31.845,31.283,31.646,743.715,4h,uploaded_csv,BTCDOM_INDEX_PROXY,False,True
2024-11-07 08:00:00+00:00,31.645,31.858,31.602,31.858,292.22,4h,uploaded_csv,BTCDOM_INDEX_PROXY,False,True
2024-11-07 12:00:00+00:00,31.859,31.97,31.692,31.797,390.492,4h,uploaded_csv,BTCDOM_INDEX_PROXY,False,True
2024-11-07 16:00:00+00:00,31.797,31.856,31.589,31.669,513.934,4h,uploaded_csv,BTCDOM_INDEX_PROXY,False,True
2024-11-07 20:00:00+00:00,31.669,31.708,31.308,31.36,477.381,4h,uploaded_csv,BTCDOM_INDEX_PROXY,False,True
2024-11-08 00:00:00+00:00,31.36,31.422,31.0,31.312,800.613,4h,uploaded_csv,BTCDOM_INDEX_PROXY,False,True
2024-11-08 04:00:00+00:00,31.312,31.342,31.126,31.243,250.464,4h,uploaded_csv,BTCDOM_INDEX_PROXY,False,True
2024-11-08 08:00:00+00:00,31.243,31.332,31.098,31.135,242.407,4h,uploaded_csv,BTCDOM_INDEX_PROXY,False,True
2024-11-08 12:00:00+00:00,31.134,31.229,30.864,31.143,569.952,4h,uploaded_csv,BTCDOM_INDEX_PROXY,False,True
2024-11-08 16:00:00+00:00,31.151,31.491,31.104,31.299,552.061,4h,uploaded_csv,BTCDOM_INDEX_PROXY,False,True
2024-11-08 20:00:00+00:00,31.3,31.382,30.977,31.006,267.899,4h,uploaded_csv,BTCDOM_INDEX_PROXY,False,True
2024-11-09 00:00:00+00:00,31.006,31.08,30.66,30.804,490.152,4h,uploaded_csv,BTCDOM_INDEX_PROXY,False,True
2024-11-09 04:00:00+00:00,30.805,30.859,30.277,30.427,678.36,4h,uploaded_csv,BTCDOM_INDEX_PROXY,False,True
2024-11-09 08:00:00+00:00,30.427,30.462,30.215,30.259,426.419,4h,uploaded_csv,BTCDOM_INDEX_PROXY,False,True
2024-11-09 12:00:00+00:00,30.262,30.529,30.241,30.395,536.195,4h,uploaded_csv,BTCDOM_INDEX_PROXY,False,True
2024-11-09 16:00:00+00:00,30.397,30.615,30.067,30.212,683.314,4h,uploaded_csv,BTCDOM_INDEX_PROXY,False,True
2024-11-09 20:00:00+00:00,30.211,30.236,29.678,29.772,436.489,4h,uploaded_csv,BTCDOM_INDEX_PROXY,False,True
2024-11-10 00:00:00+00:00,29.772,29.933,29.643,29.733,918.025,4h,uploaded_csv,BTCDOM_INDEX_PROXY,False,True
2024-11-10 04:00:00+00:00,29.733,30.308,29.631,29.861,1190.045,4h,uploaded_csv,BTCDOM_INDEX_PROXY,False,True
2024-11-10 08:00:00+00:00,29.865,30.089,29.85,29.891,710.234,4h,uploaded_csv,BTCDOM_INDEX_PROXY,False,True
2024-11-10 12:00:00+00:00,29.892,30.04,29.672,29.679,872.836,4h,uploaded_csv,BTCDOM_INDEX_PROXY,False,True
2024-11-10 16:00:00+00:00,29.68,30.021,29.567,29.99,1098.59,4h,uploaded_csv,BTCDOM_INDEX_PROXY,False,True
2024-11-10 20:00:00+00:00,29.984,30.641,29.867,30.159,1449.479,4h,uploaded_csv,BTCDOM_INDEX_PROXY,False,True
2024-11-11 00:00:00+00:00,30.16,30.407,29.945,30.371,520.6,4h,uploaded_csv,BTCDOM_INDEX_PROXY,False,True
2024-11-11 04:00:00+00:00,30.376,30.919,30.335,30.856,1258.071,4h,uploaded_csv,BTCDOM_INDEX_PROXY,False,True
2024-11-11 08:00:00+00:00,30.856,30.902,30.499,30.516,696.058,4h,uploaded_csv,BTCDOM_INDEX_PROXY,False,True
2024-11-11 12:00:00+00:00,30.515,30.985,30.47,30.965,906.542,4h,uploaded_csv,BTCDOM_INDEX_PROXY,False,True
2024-11-11 16:00:00+00:00,30.961,31.324,30.469,31.236,1109.752,4h,uploaded_csv,BTCDOM_INDEX_PROXY,False,True
2024-11-11 20:00:00+00:00,31.236,31.948,30.987,31.319,1699.283,4h,uploaded_csv,BTCDOM_INDEX_PROXY,False,True
2024-11-12 00:00:00+00:00,31.322,32.066,31.28,31.336,1335.781,4h,uploaded_csv,BTCDOM_INDEX_PROXY,False,True
2024-11-12 04:00:00+00:00,31.335,31.722,31.32,31.423,650.32,4h,uploaded_csv,BTCDOM_INDEX_PROXY,False,True
2024-11-12 08:00:00+00:00,31.418,31.8,30.7,31.602,2025.876,4h,uploaded_csv,BTCDOM_INDEX_PROXY,False,True
2024-11-12 12:00:00+00:00,31.605,31.908,31.35,31.552,1263.431,4h,uploaded_csv,BTCDOM_INDEX_PROXY,False,True
2024-11-12 16:00:00+00:00,31.553,32.195,31.502,32.018,794.724,4h,uploaded_csv,BTCDOM_INDEX_PROXY,False,True
2024-11-12 20:00:00+00:00,32.022,32.239,31.617,31.957,631.474,4h,uploaded_csv,BTCDOM_INDEX_PROXY,False,True
2024-11-13 00:00:00+00:00,31.952,32.454,31.841,32.414,827.987,4h,uploaded_csv,BTCDOM_INDEX_PROXY,False,True
2024-11-13 04:00:00+00:00,32.413,32.959,32.288,32.71,1193.726,4h,uploaded_csv,BTCDOM_INDEX_PROXY,False,True
2024-11-13 08:00:00+00:00,32.708,32.88,32.559,32.658,678.947,4h,uploaded_csv,BTCDOM_INDEX_PROXY,False,True
2024-11-13 12:00:00+00:00,32.66,33.095,32.444,33.0,1192.781,4h,uploaded_csv,BTCDOM_INDEX_PROXY,False,True
2024-11-13 16:00:00+00:00,33.001,33.625,32.893,33.556,1217.327,4h,uploaded_csv,BTCDOM_INDEX_PROXY,False,True
2024-11-13 20:00:00+00:00,33.558,33.59,32.981,33.192,612.388,4h,uploaded_csv,BTCDOM_INDEX_PROXY,False,True
2024-11-14 00:00:00+00:00,33.192,33.305,32.7,32.7,473.814,4h,uploaded_csv,BTCDOM_INDEX_PROXY,False,True
2024-11-14 04:00:00+00:00,32.702,32.941,32.476,32.738,607.769,4h,uploaded_csv,BTCDOM_INDEX_PROXY,False,True
2024-11-14 08:00:00+00:00,32.736,33.491,32.663,33.383,559.969,4h,uploaded_csv,BTCDOM_INDEX_PROXY,False,True
2024-11-14 12:00:00+00:00,33.385,33.452,32.978,33.005,875.859,4h,uploaded_csv,BTCDOM_INDEX_PROXY,False,True
2024-11-14 16:00:00+00:00,33.002,33.058,32.5,32.707,599.635,4h,uploaded_csv,BTCDOM_INDEX_PROXY,False,True
2024-11-14 20:00:00+00:00,32.706,33.084,32.308,32.913,756.168,4h,uploaded_csv,BTCDOM_INDEX_PROXY,False,True
2024-11-15 00:00:00+00:00,32.913,33.148,32.802,32.899,644.23,4h,uploaded_csv,BTCDOM_INDEX_PROXY,False,True
2024-11-15 04:00:00+00:00,32.894,33.365,32.867,33.088,803.647,4h,uploaded_csv,BTCDOM_INDEX_PROXY,False,True
2024-11-15 08:00:00+00:00,33.096,33.258,32.903,33.127,426.077,4h,uploaded_csv,BTCDOM_INDEX_PROXY,False,True
2024-11-15 12:00:00+00:00,33.133,33.37,32.98,33.37,627.461,4h,uploaded_csv,BTCDOM_INDEX_PROXY,False,True
2024-11-15 16:00:00+00:00,33.369,33.72,33.303,33.613,616.654,4h,uploaded_csv,BTCDOM_INDEX_PROXY,False,True
2024-11-15 20:00:00+00:00,33.615,33.67,33.205,33.278,333.075,4h,uploaded_csv,BTCDOM_INDEX_PROXY,False,True
2024-11-16 00:00:00+00:00,33.279,33.444,32.829,32.829,856.159,4h,uploaded_csv,BTCDOM_INDEX_PROXY,False,True
2024-11-16 04:00:00+00:00,32.828,33.108,32.811,33.034,496.227,4h,uploaded_csv,BTCDOM_INDEX_PROXY,False,True
2024-11-16 08:00:00+00:00,33.03,33.1,32.344,32.345,523.39,4h,uploaded_csv,BTCDOM_INDEX_PROXY,False,True
2024-11-16 12:00:00+00:00,32.344,32.598,32.126,32.481,995.676,4h,uploaded_csv,BTCDOM_INDEX_PROXY,False,True
2024-11-16 16:00:00+00:00,32.485,32.59,32.203,32.258,357.574,4h,uploaded_csv,BTCDOM_INDEX_PROXY,False,True
2024-11-16 20:00:00+00:00,32.26,32.497,32.19,32.434,236.412,4h,uploaded_csv,BTCDOM_INDEX_PROXY,False,True
2024-11-17 00:00:00+00:00,32.444,33.173,32.251,32.826,836.724,4h,uploaded_csv,BTCDOM_INDEX_PROXY,False,True
2024-11-17 04:00:00+00:00,32.826,32.839,31.966,32.105,682.097,4h,uploaded_csv,BTCDOM_INDEX_PROXY,False,True
2024-11-17 08:00:00+00:00,32.111,32.547,31.896,32.542,518.293,4h,uploaded_csv,BTCDOM_INDEX_PROXY,False,True
2024-11-17 12:00:00+00:00,32.541,32.614,32.363,32.419,400.403,4h,uploaded_csv,BTCDOM_INDEX_PROXY,False,True
2024-11-17 16:00:00+00:00,32.423,32.571,32.305,32.419,236.083,4h,uploaded_csv,BTCDOM_INDEX_PROXY,False,True
2024-11-17 20:00:00+00:00,32.42,32.537,32.254,32.378,330.786,4h,uploaded_csv,BTCDOM_INDEX_PROXY,False,True
2024-11-18 00:00:00+00:00,32.378,32.416,32.086,32.086,308.589,4h,uploaded_csv,BTCDOM_INDEX_PROXY,False,True
2024-11-18 04:00:00+00:00,32.086,32.346,31.974,32.252,339.7,4h,uploaded_csv,BTCDOM_INDEX_PROXY,False,True
2024-11-18 08:00:00+00:00,32.252,32.528,32.24,32.458,333.358,4h,uploaded_csv,BTCDOM_INDEX_PROXY,False,True
2024-11-18 12:00:00+00:00,32.45,32.529,32.1,32.365,475.748,4h,uploaded_csv,BTCDOM_INDEX_PROXY,False,True
2024-11-18 16:00:00+00:00,32.367,32.414,31.741,32.208,651.011,4h,uploaded_csv,BTCDOM_INDEX_PROXY,False,True
2024-11-18 20:00:00+00:00,32.212,32.284,31.5,31.592,478.157,4h,uploaded_csv,BTCDOM_INDEX_PROXY,False,True
2024-11-19 00:00:00+00:00,31.593,32.124,31.507,32.106,494.547,4h,uploaded_csv,BTCDOM_INDEX_PROXY,False,True
2024-11-19 04:00:00+00:00,32.098,32.339,32.03,32.31,231.384,4h,uploaded_csv,BTCDOM_INDEX_PROXY,False,True
2024-11-19 08:00:00+00:00,32.311,32.496,32.253,32.276,240.111,4h,uploaded_csv,BTCDOM_INDEX_PROXY,False,True
2024-11-19 12:00:00+00:00,32.276,32.729,32.257,32.707,416.505,4h,uploaded_csv,BTCDOM_INDEX_PROXY,False,True
2024-11-19 16:00:00+00:00,32.696,32.91,32.566,32.765,396.851,4h,uploaded_csv,BTCDOM_INDEX_PROXY,False,True
2024-11-19 20:00:00+00:00,32.765,33.022,32.591,32.701,535.25,4h,uploaded_csv,BTCDOM_INDEX_PROXY,False,True
2024-11-20 00:00:00+00:00,32.701,33.138,32.61,32.891,737.513,4h,uploaded_csv,BTCDOM_INDEX_PROXY,False,True
2024-11-20 04:00:00+00:00,32.892,33.005,32.803,32.981,208.712,4h,uploaded_csv,BTCDOM_INDEX_PROXY,False,True
2024-11-20 08:00:00+00:00,32.982,33.164,32.815,33.12,374.465,4h,uploaded_csv,BTCDOM_INDEX_PROXY,False,True
2024-11-20 12:00:00+00:00,33.121,33.494,32.892,33.345,1180.989,4h,uploaded_csv,BTCDOM_INDEX_PROXY,False,True
2024-11-20 16:00:00+00:00,33.346,34.06,33.31,33.967,1507.843,4h,uploaded_csv,BTCDOM_INDEX_PROXY,False,True
2024-11-20 20:00:00+00:00,33.966,34.131,33.6,33.841,769.532,4h,uploaded_csv,BTCDOM_INDEX_PROXY,False,True
2024-11-21 00:00:00+00:00,33.839,34.464,33.713,34.423,1178.818,4h,uploaded_csv,BTCDOM_INDEX_PROXY,False,True
2024-11-21 04:00:00+00:00,34.423,34.68,33.977,34.097,1173.408,4h,uploaded_csv,BTCDOM_INDEX_PROXY,False,True
2024-11-21 08:00:00+00:00,34.099,34.583,33.9,34.434,869.336,4h,uploaded_csv,BTCDOM_INDEX_PROXY,False,True
2024-11-21 12:00:00+00:00,34.437,34.455,32.791,33.236,2965.062,4h,uploaded_csv,BTCDOM_INDEX_PROXY,False,True
2024-11-21 16:00:00+00:00,33.235,33.254,32.652,32.954,1022.392,4h,uploaded_csv,BTCDOM_INDEX_PROXY,False,True
2024-11-21 20:00:00+00:00,32.953,33.113,32.765,32.839,668.778,4h,uploaded_csv,BTCDOM_INDEX_PROXY,False,True
2024-11-22 00:00:00+00:00,32.837,32.931,32.294,32.369,863.278,4h,uploaded_csv,BTCDOM_INDEX_PROXY,False,True
2024-11-22 04:00:00+00:00,32.369,32.685,32.016,32.672,778.135,4h,uploaded_csv,BTCDOM_INDEX_PROXY,False,True
2024-11-22 08:00:00+00:00,32.674,32.731,32.305,32.371,539.036,4h,uploaded_csv,BTCDOM_INDEX_PROXY,False,True
2024-11-22 12:00:00+00:00,32.372,32.81,32.092,32.423,1192.488,4h,uploaded_csv,BTCDOM_INDEX_PROXY,False,True
2024-11-22 16:00:00+00:00,32.43,33.025,32.311,32.731,763.996,4h,uploaded_csv,BTCDOM_INDEX_PROXY,False,True
2024-11-22 20:00:00+00:00,32.738,32.795,32.076,32.076,499.222,4h,uploaded_csv,BTCDOM_INDEX_PROXY,False,True
2024-11-23 00:00:00+00:00,32.075,32.085,31.373,31.396,1106.749,4h,uploaded_csv,BTCDOM_INDEX_PROXY,False,True
2024-11-23 04:00:00+00:00,31.395,31.428,31.054,31.105,1238.027,4h,uploaded_csv,BTCDOM_INDEX_PROXY,False,True
2024-11-23 08:00:00+00:00,31.106,31.108,30.698,30.948,963.438,4h,uploaded_csv,BTCDOM_INDEX_PROXY,False,True
2024-11-23 12:00:00+00:00,30.948,31.017,30.142,30.284,1739.09,4h,uploaded_csv,BTCDOM_INDEX_PROXY,False,True
2024-11-23 16:00:00+00:00,30.279,31.033,30.142,30.757,1710.348,4h,uploaded_csv,BTCDOM_INDEX_PROXY,False,True
2024-11-23 20:00:00+00:00,30.759,31.046,30.646,30.854,867.914,4h,uploaded_csv,BTCDOM_INDEX_PROXY,False,True
2024-11-24 00:00:00+00:00,30.85,30.915,30.5,30.546,635.304,4h,uploaded_csv,BTCDOM_INDEX_PROXY,False,True
2024-11-24 04:00:00+00:00,30.546,30.846,30.512,30.675,617.517,4h,uploaded_csv,BTCDOM_INDEX_PROXY,False,True
2024-11-24 08:00:00+00:00,30.676,31.4,30.571,31.37,1440.099,4h,uploaded_csv,BTCDOM_INDEX_PROXY,False,True
2024-11-24 12:00:00+00:00,31.369,32.004,31.193,31.662,1939.715,4h,uploaded_csv,BTCDOM_INDEX_PROXY,False,True
2024-11-24 16:00:00+00:00,31.665,31.7,31.073,31.197,825.462,4h,uploaded_csv,BTCDOM_INDEX_PROXY,False,True
2024-11-24 20:00:00+00:00,31.193,31.238,30.954,31.147,674.052,4h,uploaded_csv,BTCDOM_INDEX_PROXY,False,True
2024-11-25 00:00:00+00:00,31.145,31.665,31.111,31.258,875.902,4h,uploaded_csv,BTCDOM_INDEX_PROXY,False,True
2024-11-25 04:00:00+00:00,31.259,31.28,30.7,30.938,656.399,4h,uploaded_csv,BTCDOM_INDEX_PROXY,False,True
2024-11-25 08:00:00+00:00,30.934,30.94,30.324,30.612,826.101,4h,uploaded_csv,BTCDOM_INDEX_PROXY,False,True
2024-11-25 12:00:00+00:00,30.609,31.0,30.15,30.204,1667.75,4h,uploaded_csv,BTCDOM_INDEX_PROXY,False,True
2024-11-25 16:00:00+00:00,30.211,30.593,30.061,30.154,1284.432,4h,uploaded_csv,BTCDOM_INDEX_PROXY,False,True
2024-11-25 20:00:00+00:00,30.16,30.659,30.076,30.241,766.957,4h,uploaded_csv,BTCDOM_INDEX_PROXY,False,True
2024-11-26 00:00:00+00:00,30.24,30.437,30.144,30.358,639.267,4h,uploaded_csv,BTCDOM_INDEX_PROXY,False,True
2024-11-26 04:00:00+00:00,30.36,30.524,30.295,30.427,429.488,4h,uploaded_csv,BTCDOM_INDEX_PROXY,False,True
2024-11-26 08:00:00+00:00,30.43,31.346,30.391,31.037,1623.923,4h,uploaded_csv,BTCDOM_INDEX_PROXY,False,True
2024-11-26 12:00:00+00:00,31.037,31.258,30.834,31.227,973.738,4h,uploaded_csv,BTCDOM_INDEX_PROXY,False,True
2024-11-26 16:00:00+00:00,31.223,31.498,30.754,30.797,906.336,4h,uploaded_csv,BTCDOM_INDEX_PROXY,False,True
2024-11-26 20:00:00+00:00,30.793,30.798,30.307,30.56,466.17,4h,uploaded_csv,BTCDOM_INDEX_PROXY,False,True
2024-11-27 00:00:00+00:00,30.561,30.867,30.469,30.608,503.246,4h,uploaded_csv,BTCDOM_INDEX_PROXY,False,True
2024-11-27 04:00:00+00:00,30.61,30.622,30.26,30.349,400.72,4h,uploaded_csv,BTCDOM_INDEX_PROXY,False,True
2024-11-27 08:00:00+00:00,30.356,30.448,30.0,30.077,630.134,4h,uploaded_csv,BTCDOM_INDEX_PROXY,False,True
2024-11-27 12:00:00+00:00,30.077,30.245,29.923,30.026,790.201,4h,uploaded_csv,BTCDOM_INDEX_PROXY,False,True
2024-11-27 16:00:00+00:00,30.014,30.26,29.965,30.213,420.298,4h,uploaded_csv,BTCDOM_INDEX_PROXY,False,True
2024-11-27 20:00:00+00:00,30.213,30.248,29.577,29.671,672.623,4h,uploaded_csv,BTCDOM_INDEX_PROXY,False,True
2024-11-28 00:00:00+00:00,29.674,29.893,29.56,29.784,581.281,4h,uploaded_csv,BTCDOM_INDEX_PROXY,False,True
2024-11-28 04:00:00+00:00,29.782,29.931,29.75,29.916,350.257,4h,uploaded_csv,BTCDOM_INDEX_PROXY,False,True
2024-11-28 08:00:00+00:00,29.917,29.965,29.67,29.817,409.83,4h,uploaded_csv,BTCDOM_INDEX_PROXY,False,True
2024-11-28 12:00:00+00:00,29.816,30.27,29.711,30.244,612.995,4h,uploaded_csv,BTCDOM_INDEX_PROXY,False,True
2024-11-28 16:00:00+00:00,30.24,30.241,29.804,29.849,293.893,4h,uploaded_csv,BTCDOM_INDEX_PROXY,False,True
2024-11-28 20:00:00+00:00,29.849,29.929,29.704,29.8,233.01,4h,uploaded_csv,BTCDOM_INDEX_PROXY,False,True
2024-11-29 00:00:00+00:00,29.8,29.953,29.726,29.937,266.395,4h,uploaded_csv,BTCDOM_INDEX_PROXY,False,True
2024-11-29 04:00:00+00:00,29.939,29.995,29.763,29.907,440.745,4h,uploaded_csv,BTCDOM_INDEX_PROXY,False,True
2024-11-29 08:00:00+00:00,29.906,29.908,29.732,29.832,223.085,4h,uploaded_csv,BTCDOM_INDEX_PROXY,False,True
2024-11-29 12:00:00+00:00,29.831,29.893,29.65,29.846,471.03,4h,uploaded_csv,BTCDOM_INDEX_PROXY,False,True
2024-11-29 16:00:00+00:00,29.844,30.053,29.707,29.772,341.139,4h,uploaded_csv,BTCDOM_INDEX_PROXY,False,True
2024-11-29 20:00:00+00:00,29.772,29.775,29.508,29.588,291.282,4h,uploaded_csv,BTCDOM_INDEX_PROXY,False,True
2024-11-30 00:00:00+00:00,29.589,29.732,29.084,29.109,691.153,4h,uploaded_csv,BTCDOM_INDEX_PROXY,False,True
2024-11-30 04:00:00+00:00,29.109,29.278,28.57,28.627,1229.083,4h,uploaded_csv,BTCDOM_INDEX_PROXY,False,True
2024-11-30 08:00:00+00:00,28.629,29.049,28.558,28.88,1078.445,4h,uploaded_csv,BTCDOM_INDEX_PROXY,False,True
2024-11-30 12:00:00+00:00,28.88,29.1,28.799,28.939,441.178,4h,uploaded_csv,BTCDOM_INDEX_PROXY,False,True
2024-11-30 16:00:00+00:00,28.945,29.028,28.847,28.873,485.258,4h,uploaded_csv,BTCDOM_INDEX_PROXY,False,True
2024-11-30 20:00:00+00:00,28.873,28.897,28.599,28.736,409.372,4h,uploaded_csv,BTCDOM_INDEX_PROXY,False,True
2024-12-01 00:00:00+00:00,28.734,29.028,28.636,28.893,753.856,4h,uploaded_csv,BTCDOM_INDEX_PROXY,False,True
2024-12-01 04:00:00+00:00,28.89,29.062,28.857,28.946,307.657,4h,uploaded_csv,BTCDOM_INDEX_PROXY,False,True
2024-12-01 08:00:00+00:00,28.948,29.074,28.901,29.003,481.236,4h,uploaded_csv,BTCDOM_INDEX_PROXY,False,True
2024-12-01 12:00:00+00:00,29.003,29.077,28.68,28.72,539.692,4h,uploaded_csv,BTCDOM_INDEX_PROXY,False,True
2024-12-01 16:00:00+00:00,28.719,29.1,28.681,28.707,1668.558,4h,uploaded_csv,BTCDOM_INDEX_PROXY,False,True
2024-12-01 20:00:00+00:00,28.709,28.876,28.426,28.478,552.368,4h,uploaded_csv,BTCDOM_INDEX_PROXY,False,True
2024-12-02 00:00:00+00:00,28.479,28.579,28.171,28.423,1062.804,4h,uploaded_csv,BTCDOM_INDEX_PROXY,False,True
2024-12-02 04:00:00+00:00,28.436,28.682,28.356,28.418,1074.773,4h,uploaded_csv,BTCDOM_INDEX_PROXY,False,True
2024-12-02 08:00:00+00:00,28.422,29.078,28.377,28.916,1186.817,4h,uploaded_csv,BTCDOM_INDEX_PROXY,False,True
2024-12-02 12:00:00+00:00,28.919,28.949,28.34,28.404,853.084,4h,uploaded_csv,BTCDOM_INDEX_PROXY,False,True
2024-12-02 16:00:00+00:00,28.401,28.644,28.31,28.394,649.438,4h,uploaded_csv,BTCDOM_INDEX_PROXY,False,True
2024-12-02 20:00:00+00:00,28.395,28.421,28.009,28.039,415.279,4h,uploaded_csv,BTCDOM_INDEX_PROXY,False,True
2024-12-03 00:00:00+00:00,28.038,28.188,27.89,27.955,547.927,4h,uploaded_csv,BTCDOM_INDEX_PROXY,False,True
2024-12-03 04:00:00+00:00,27.956,28.154,27.741,28.013,794.483,4h,uploaded_csv,BTCDOM_INDEX_PROXY,False,True
2024-12-03 08:00:00+00:00,28.012,28.1,27.72,27.726,656.825,4h,uploaded_csv,BTCDOM_INDEX_PROXY,False,True
2024-12-03 12:00:00+00:00,27.727,28.746,27.67,28.456,3958.36,4h,uploaded_csv,BTCDOM_INDEX_PROXY,False,True
2024-12-03 16:00:00+00:00,28.455,28.48,27.95,27.978,569.606,4h,uploaded_csv,BTCDOM_INDEX_PROXY,False,True
2024-12-03 20:00:00+00:00,27.972,27.986,27.421,27.545,1009.226,4h,uploaded_csv,BTCDOM_INDEX_PROXY,False,True
2024-12-04 00:00:00+00:00,27.545,27.545,27.0,27.205,1149.13,4h,uploaded_csv,BTCDOM_INDEX_PROXY,False,True
2024-12-04 04:00:00+00:00,27.203,27.286,27.009,27.071,541.045,4h,uploaded_csv,BTCDOM_INDEX_PROXY,False,True
2024-12-04 08:00:00+00:00,27.071,27.257,26.85,26.901,1092.768,4h,uploaded_csv,BTCDOM_INDEX_PROXY,False,True
2024-12-04 12:00:00+00:00,26.9,27.066,26.516,26.632,2209.774,4h,uploaded_csv,BTCDOM_INDEX_PROXY,False,True
2024-12-04 16:00:00+00:00,26.632,27.227,26.566,27.103,1640.633,4h,uploaded_csv,BTCDOM_INDEX_PROXY,False,True
2024-12-04 20:00:00+00:00,27.103,27.971,27.101,27.613,1640.113,4h,uploaded_csv,BTCDOM_INDEX_PROXY,False,True
2024-12-05 00:00:00+00:00,27.614,29.16,27.55,29.006,3293.598,4h,uploaded_csv,BTCDOM_INDEX_PROXY,False,True
2024-12-05 04:00:00+00:00,29.004,29.158,28.272,28.459,1454.275,4h,uploaded_csv,BTCDOM_INDEX_PROXY,False,True
2024-12-05 08:00:00+00:00,28.454,28.557,28.0,28.017,1155.582,4h,uploaded_csv,BTCDOM_INDEX_PROXY,False,True
2024-12-05 12:00:00+00:00,28.017,28.457,27.896,27.954,996.036,4h,uploaded_csv,BTCDOM_INDEX_PROXY,False,True
2024-12-05 16:00:00+00:00,27.954,28.07,27.468,27.752,938.521,4h,uploaded_csv,BTCDOM_INDEX_PROXY,False,True
2024-12-05 20:00:00+00:00,27.755,27.933,26.85,27.541,1241.017,4h,uploaded_csv,BTCDOM_INDEX_PROXY,False,True
2024-12-06 00:00:00+00:00,27.542,27.564,26.971,26.994,614.888,4h,uploaded_csv,BTCDOM_INDEX_PROXY,False,True
2024-12-06 04:00:00+00:00,26.994,27.244,26.95,27.199,425.499,4h,uploaded_csv,BTCDOM_INDEX_PROXY,False,True
2024-12-06 08:00:00+00:00,27.199,27.675,27.168,27.519,812.065,4h,uploaded_csv,BTCDOM_INDEX_PROXY,False,True
2024-12-06 12:00:00+00:00,27.53,27.789,27.006,27.244,1375.374,4h,uploaded_csv,BTCDOM_INDEX_PROXY,False,True
2024-12-06 16:00:00+00:00,27.243,27.576,26.955,27.392,795.448,4h,uploaded_csv,BTCDOM_INDEX_PROXY,False,True
2024-12-06 20:00:00+00:00,27.393,27.486,27.064,27.131,325.446,4h,uploaded_csv,BTCDOM_INDEX_PROXY,False,True
2024-12-07 00:00:00+00:00,27.129,27.288,27.029,27.045,436.391,4h,uploaded_csv,BTCDOM_INDEX_PROXY,False,True
2024-12-07 04:00:00+00:00,27.048,27.071,26.862,26.993,1209.183,4h,uploaded_csv,BTCDOM_INDEX_PROXY,False,True
2024-12-07 08:00:00+00:00,26.997,27.09,26.883,26.957,381.605,4h,uploaded_csv,BTCDOM_INDEX_PROXY,False,True
2024-12-07 12:00:00+00:00,26.957,27.011,26.717,26.752,337.302,4h,uploaded_csv,BTCDOM_INDEX_PROXY,False,True
2024-12-07 16:00:00+00:00,26.747,26.948,26.7,26.84,420.899,4h,uploaded_csv,BTCDOM_INDEX_PROXY,False,True
2024-12-07 20:00:00+00:00,26.836,26.949,26.711,26.779,334.319,4h,uploaded_csv,BTCDOM_INDEX_PROXY,False,True
2024-12-08 00:00:00+00:00,26.779,26.86,26.7,26.781,356.77,4h,uploaded_csv,BTCDOM_INDEX_PROXY,False,True
2024-12-08 04:00:00+00:00,26.781,27.032,26.745,26.883,605.203,4h,uploaded_csv,BTCDOM_INDEX_PROXY,False,True
2024-12-08 08:00:00+00:00,26.882,27.208,26.882,26.997,768.841,4h,uploaded_csv,BTCDOM_INDEX_PROXY,False,True
2024-12-08 12:00:00+00:00,26.995,27.119,26.916,26.955,1345.716,4h,uploaded_csv,BTCDOM_INDEX_PROXY,False,True
2024-12-08 16:00:00+00:00,26.952,27.023,26.869,26.976,476.523,4h,uploaded_csv,BTCDOM_INDEX_PROXY,False,True
2024-12-08 20:00:00+00:00,26.977,27.1,26.841,27.077,418.472,4h,uploaded_csv,BTCDOM_INDEX_PROXY,False,True
2024-12-09 00:00:00+00:00,27.077,27.4,27.015,27.28,1042.431,4h,uploaded_csv,BTCDOM_INDEX_PROXY,False,True
2024-12-09 04:00:00+00:00,27.283,27.618,27.182,27.542,1246.382,4h,uploaded_csv,BTCDOM_INDEX_PROXY,False,True
2024-12-09 08:00:00+00:00,27.543,27.968,27.543,27.843,2097.601,4h,uploaded_csv,BTCDOM_INDEX_PROXY,False,True
2024-12-09 12:00:00+00:00,27.844,27.948,27.53,27.793,1256.504,4h,uploaded_csv,BTCDOM_INDEX_PROXY,False,True
2024-12-09 16:00:00+00:00,27.798,27.845,27.523,27.674,566.304,4h,uploaded_csv,BTCDOM_INDEX_PROXY,False,True
2024-12-09 20:00:00+00:00,27.677,30.24,27.664,29.092,5384.08,4h,uploaded_csv,BTCDOM_INDEX_PROXY,False,True
2024-12-10 00:00:00+00:00,29.093,29.893,28.771,29.417,2376.843,4h,uploaded_csv,BTCDOM_INDEX_PROXY,False,True
2024-12-10 04:00:00+00:00,29.417,29.628,28.869,28.96,1124.111,4h,uploaded_csv,BTCDOM_INDEX_PROXY,False,True
2024-12-10 08:00:00+00:00,28.961,29.125,28.726,29.006,837.204,4h,uploaded_csv,BTCDOM_INDEX_PROXY,False,True
2024-12-10 12:00:00+00:00,29.009,30.197,28.974,30.144,2668.156,4h,uploaded_csv,BTCDOM_INDEX_PROXY,False,True
2024-12-10 16:00:00+00:00,30.144,30.5,29.512,29.57,3071.948,4h,uploaded_csv,BTCDOM_INDEX_PROXY,False,True
2024-12-10 20:00:00+00:00,29.575,29.614,28.933,29.164,1147.602,4h,uploaded_csv,BTCDOM_INDEX_PROXY,False,True
2024-12-11 00:00:00+00:00,29.155,29.699,29.103,29.299,831.536,4h,uploaded_csv,BTCDOM_INDEX_PROXY,False,True
2024-12-11 04:00:00+00:00,29.299,29.551,29.125,29.432,594.209,4h,uploaded_csv,BTCDOM_INDEX_PROXY,False,True
2024-12-11 08:00:00+00:00,29.43,29.443,28.884,29.027,640.297,4h,uploaded_csv,BTCDOM_INDEX_PROXY,False,True
2024-12-11 12:00:00+00:00,29.024,29.044,28.7,28.85,1196.602,4h,uploaded_csv,BTCDOM_INDEX_PROXY,False,True
2024-12-11 16:00:00+00:00,28.852,29.036,28.785,28.946,547.696,4h,uploaded_csv,BTCDOM_INDEX_PROXY,False,True
2024-12-11 20:00:00+00:00,28.947,29.007,28.782,28.893,431.165,4h,uploaded_csv,BTCDOM_INDEX_PROXY,False,True
2024-12-12 00:00:00+00:00,28.893,28.946,28.161,28.256,1030.926,4h,uploaded_csv,BTCDOM_INDEX_PROXY,False,True
2024-12-12 04:00:00+00:00,28.255,28.255,27.903,28.128,1054.684,4h,uploaded_csv,BTCDOM_INDEX_PROXY,False,True
2024-12-12 08:00:00+00:00,28.127,28.309,28.015,28.187,881.274,4h,uploaded_csv,BTCDOM_INDEX_PROXY,False,True
2024-12-12 12:00:00+00:00,28.183,28.333,27.874,28.312,1146.99,4h,uploaded_csv,BTCDOM_INDEX_PROXY,False,True
2024-12-12 16:00:00+00:00,28.313,28.405,28.021,28.295,833.496,4h,uploaded_csv,BTCDOM_INDEX_PROXY,False,True
2024-12-12 20:00:00+00:00,28.298,28.576,28.164,28.371,727.359,4h,uploaded_csv,BTCDOM_INDEX_PROXY,False,True
2024-12-13 00:00:00+00:00,28.37,28.589,27.966,28.08,653.508,4h,uploaded_csv,BTCDOM_INDEX_PROXY,False,True
2024-12-13 04:00:00+00:00,28.08,28.595,28.059,28.578,641.122,4h,uploaded_csv,BTCDOM_INDEX_PROXY,False,True
2024-12-13 08:00:00+00:00,28.577,28.664,28.333,28.442,790.524,4h,uploaded_csv,BTCDOM_INDEX_PROXY,False,True
2024-12-13 12:00:00+00:00,28.443,28.466,28.134,28.418,860.793,4h,uploaded_csv,BTCDOM_INDEX_PROXY,False,True
2024-12-13 16:00:00+00:00,28.418,28.721,28.36,28.576,512.543,4h,uploaded_csv,BTCDOM_INDEX_PROXY,False,True
2024-12-13 20:00:00+00:00,28.577,28.621,28.456,28.498,180.498,4h,uploaded_csv,BTCDOM_INDEX_PROXY,False,True
2024-12-14 00:00:00+00:00,28.497,28.642,28.365,28.57,317.209,4h,uploaded_csv,BTCDOM_INDEX_PROXY,False,True
2024-12-14 04:00:00+00:00,28.57,28.601,28.321,28.424,199.432,4h,uploaded_csv,BTCDOM_INDEX_PROXY,False,True
2024-12-14 08:00:00+00:00,28.429,28.662,28.362,28.655,203.421,4h,uploaded_csv,BTCDOM_INDEX_PROXY,False,True
2024-12-14 12:00:00+00:00,28.655,29.02,28.636,28.877,1158.298,4h,uploaded_csv,BTCDOM_INDEX_PROXY,False,True
2024-12-14 16:00:00+00:00,28.885,29.199,28.851,29.097,762.565,4h,uploaded_csv,BTCDOM_INDEX_PROXY,False,True
2024-12-14 20:00:00+00:00,29.098,29.237,28.93,29.012,415.516,4h,uploaded_csv,BTCDOM_INDEX_PROXY,False,True
2024-12-15 00:00:00+00:00,29.013,29.18,28.953,29.089,374.994,4h,uploaded_csv,BTCDOM_INDEX_PROXY,False,True
2024-12-15 04:00:00+00:00,29.089,29.432,29.029,29.343,685.505,4h,uploaded_csv,BTCDOM_INDEX_PROXY,False,True
2024-12-15 08:00:00+00:00,29.343,29.394,29.203,29.318,467.263,4h,uploaded_csv,BTCDOM_INDEX_PROXY,False,True
2024-12-15 12:00:00+00:00,29.315,29.474,29.045,29.143,543.816,4h,uploaded_csv,BTCDOM_INDEX_PROXY,False,True
2024-12-15 16:00:00+00:00,29.143,29.298,29.097,29.232,243.012,4h,uploaded_csv,BTCDOM_INDEX_PROXY,False,True
2024-12-15 20:00:00+00:00,29.234,29.619,29.145,29.224,674.603,4h,uploaded_csv,BTCDOM_INDEX_PROXY,False,True
2024-12-16 00:00:00+00:00,29.225,29.629,29.121,29.552,631.231,4h,uploaded_csv,BTCDOM_INDEX_PROXY,False,True
2024-12-16 04:00:00+00:00,29.549,29.674,29.25,29.469,784.54,4h,uploaded_csv,BTCDOM_INDEX_PROXY,False,True
2024-12-16 08:00:00+00:00,29.471,29.887,29.436,29.831,978.369,4h,uploaded_csv,BTCDOM_INDEX_PROXY,False,True
2024-12-16 12:00:00+00:00,29.827,30.211,29.7,30.18,962.755,4h,uploaded_csv,BTCDOM_INDEX_PROXY,False,True
2024-12-16 16:00:00+00:00,30.183,30.189,29.411,29.58,1210.873,4h,uploaded_csv,BTCDOM_INDEX_PROXY,False,True
2024-12-16 20:00:00+00:00,29.575,29.784,29.407,29.782,405.344,4h,uploaded_csv,BTCDOM_INDEX_PROXY,False,True
2024-12-17 00:00:00+00:00,29.784,30.125,29.774,29.853,709.602,4h,uploaded_csv,BTCDOM_INDEX_PROXY,False,True
2024-12-17 04:00:00+00:00,29.854,30.075,29.847,30.007,396.811,4h,uploaded_csv,BTCDOM_INDEX_PROXY,False,True
2024-12-17 08:00:00+00:00,30.006,30.03,29.489,29.57,509.218,4h,uploaded_csv,BTCDOM_INDEX_PROXY,False,True
2024-12-17 12:00:00+00:00,29.568,30.014,29.424,29.955,861.619,4h,uploaded_csv,BTCDOM_INDEX_PROXY,False,True
2024-12-17 16:00:00+00:00,29.955,30.0,29.751,29.781,608.998,4h,uploaded_csv,BTCDOM_INDEX_PROXY,False,True
2024-12-17 20:00:00+00:00,29.782,30.289,29.714,30.132,838.506,4h,uploaded_csv,BTCDOM_INDEX_PROXY,False,True
2024-12-18 00:00:00+00:00,30.135,30.294,29.898,30.106,1144.593,4h,uploaded_csv,BTCDOM_INDEX_PROXY,False,True
2024-12-18 04:00:00+00:00,30.106,30.217,29.898,30.096,968.179,4h,uploaded_csv,BTCDOM_INDEX_PROXY,False,True
2024-12-18 08:00:00+00:00,30.099,30.107,29.824,29.96,585.73,4h,uploaded_csv,BTCDOM_INDEX_PROXY,False,True
2024-12-18 12:00:00+00:00,29.961,30.276,29.944,30.16,773.443,4h,uploaded_csv,BTCDOM_INDEX_PROXY,False,True
2024-12-18 16:00:00+00:00,30.164,30.374,29.851,30.372,811.201,4h,uploaded_csv,BTCDOM_INDEX_PROXY,False,True
2024-12-18 20:00:00+00:00,30.372,31.14,30.303,30.724,2127.422,4h,uploaded_csv,BTCDOM_INDEX_PROXY,False,True
2024-12-19 00:00:00+00:00,30.726,31.433,30.632,30.673,1720.704,4h,uploaded_csv,BTCDOM_INDEX_PROXY,False,True
2024-12-19 04:00:00+00:00,30.672,30.746,30.554,30.639,440.865,4h,uploaded_csv,BTCDOM_INDEX_PROXY,False,True
2024-12-19 08:00:00+00:00,30.64,31.035,30.623,30.682,722.591,4h,uploaded_csv,BTCDOM_INDEX_PROXY,False,True
2024-12-19 12:00:00+00:00,30.684,31.209,30.674,31.06,1116.062,4h,uploaded_csv,BTCDOM_INDEX_PROXY,False,True
2024-12-19 16:00:00+00:00,31.065,31.992,30.931,31.726,2186.861,4h,uploaded_csv,BTCDOM_INDEX_PROXY,False,True
2024-12-19 20:00:00+00:00,31.73,32.17,31.461,31.776,1248.01,4h,uploaded_csv,BTCDOM_INDEX_PROXY,False,True
2024-12-20 00:00:00+00:00,31.772,31.943,31.05,31.339,1005.959,4h,uploaded_csv,BTCDOM_INDEX_PROXY,False,True
2024-12-20 04:00:00+00:00,31.339,32.126,31.274,31.908,960.951,4h,uploaded_csv,BTCDOM_INDEX_PROXY,False,True
2024-12-20 08:00:00+00:00,31.91,33.861,31.908,33.655,3724.535,4h,uploaded_csv,BTCDOM_INDEX_PROXY,False,True
2024-12-20 12:00:00+00:00,33.655,33.706,31.928,32.177,2837.419,4h,uploaded_csv,BTCDOM_INDEX_PROXY,False,True
2024-12-20 16:00:00+00:00,32.178,32.249,31.255,31.389,1096.081,4h,uploaded_csv,BTCDOM_INDEX_PROXY,False,True
2024-12-20 20:00:00+00:00,31.385,31.53,31.117,31.32,735.131,4h,uploaded_csv,BTCDOM_INDEX_PROXY,False,True
2024-12-21 00:00:00+00:00,31.321,31.424,31.012,31.15,619.559,4h,uploaded_csv,BTCDOM_INDEX_PROXY,False,True
2024-12-21 04:00:00+00:00,31.155,31.156,30.67,30.87,649.563,4h,uploaded_csv,BTCDOM_INDEX_PROXY,False,True
2024-12-21 08:00:00+00:00,30.875,31.47,30.801,31.379,754.834,4h,uploaded_csv,BTCDOM_INDEX_PROXY,False,True
2024-12-21 12:00:00+00:00,31.38,32.14,31.379,31.871,1490.684,4h,uploaded_csv,BTCDOM_INDEX_PROXY,False,True
2024-12-21 16:00:00+00:00,31.872,32.471,31.818,32.202,981.675,4h,uploaded_csv,BTCDOM_INDEX_PROXY,False,True
2024-12-21 20:00:00+00:00,32.202,32.513,32.139,32.327,574.222,4h,uploaded_csv,BTCDOM_INDEX_PROXY,False,True
2024-12-22 00:00:00+00:00,32.323,32.453,32.004,32.09,613.904,4h,uploaded_csv,BTCDOM_INDEX_PROXY,False,True
2024-12-22 04:00:00+00:00,32.092,32.514,31.919,31.998,708.104,4h,uploaded_csv,BTCDOM_INDEX_PROXY,False,True
2024-12-22 08:00:00+00:00,32.005,32.015,31.629,31.819,656.071,4h,uploaded_csv,BTCDOM_INDEX_PROXY,False,True
2024-12-22 12:00:00+00:00,31.819,32.254,31.706,31.996,684.192,4h,uploaded_csv,BTCDOM_INDEX_PROXY,False,True
2024-12-22 16:00:00+00:00,31.99,32.316,31.774,32.266,406.108,4h,uploaded_csv,BTCDOM_INDEX_PROXY,False,True
2024-12-22 20:00:00+00:00,32.266,32.456,31.96,32.107,546.342,4h,uploaded_csv,BTCDOM_INDEX_PROXY,False,True
2024-12-23 00:00:00+00:00,32.11,32.369,31.554,31.662,750.144,4h,uploaded_csv,BTCDOM_INDEX_PROXY,False,True
2024-12-23 04:00:00+00:00,31.661,32.15,31.619,32.015,475.811,4h,uploaded_csv,BTCDOM_INDEX_PROXY,False,True
2024-12-23 08:00:00+00:00,32.013,32.032,31.686,31.826,333.012,4h,uploaded_csv,BTCDOM_INDEX_PROXY,False,True
2024-12-23 12:00:00+00:00,31.826,31.886,31.41,31.566,1013.813,4h,uploaded_csv,BTCDOM_INDEX_PROXY,False,True
2024-12-23 16:00:00+00:00,31.556,31.604,30.77,30.777,1046.536,4h,uploaded_csv,BTCDOM_INDEX_PROXY,False,True
2024-12-23 20:00:00+00:00,30.78,30.785,30.071,30.612,1288.678,4h,uploaded_csv,BTCDOM_INDEX_PROXY,False,True
2024-12-24 00:00:00+00:00,30.606,30.756,30.486,30.594,591.73,4h,uploaded_csv,BTCDOM_INDEX_PROXY,False,True
2024-12-24 04:00:00+00:00,30.597,30.614,30.412,30.539,287.104,4h,uploaded_csv,BTCDOM_INDEX_PROXY,False,True
2024-12-24 08:00:00+00:00,30.54,30.648,30.44,30.525,393.112,4h,uploaded_csv,BTCDOM_INDEX_PROXY,False,True
2024-12-24 12:00:00+00:00,30.525,31.01,30.408,30.933,1146.166,4h,uploaded_csv,BTCDOM_INDEX_PROXY,False,True
2024-12-24 16:00:00+00:00,30.933,31.2,30.721,30.975,851.446,4h,uploaded_csv,BTCDOM_INDEX_PROXY,False,True
2024-12-24 20:00:00+00:00,30.968,31.253,30.967,31.046,379.251,4h,uploaded_csv,BTCDOM_INDEX_PROXY,False,True
2024-12-25 00:00:00+00:00,31.05,31.137,30.857,30.989,251.928,4h,uploaded_csv,BTCDOM_INDEX_PROXY,False,True
2024-12-25 04:00:00+00:00,30.987,31.078,30.932,31.045,167.897,4h,uploaded_csv,BTCDOM_INDEX_PROXY,False,True
2024-12-25 08:00:00+00:00,31.044,31.153,30.841,31.131,305.391,4h,uploaded_csv,BTCDOM_INDEX_PROXY,False,True
2024-12-25 12:00:00+00:00,31.137,31.286,31.074,31.231,372.698,4h,uploaded_csv,BTCDOM_INDEX_PROXY,False,True
2024-12-25 16:00:00+00:00,31.229,31.455,31.192,31.272,435.719,4h,uploaded_csv,BTCDOM_INDEX_PROXY,False,True
2024-12-25 20:00:00+00:00,31.272,31.499,31.262,31.397,240.374,4h,uploaded_csv,BTCDOM_INDEX_PROXY,False,True
2024-12-26 00:00:00+00:00,31.398,31.578,31.325,31.575,448.749,4h,uploaded_csv,BTCDOM_INDEX_PROXY,False,True
2024-12-26 04:00:00+00:00,31.574,31.7,31.453,31.559,375.953,4h,uploaded_csv,BTCDOM_INDEX_PROXY,False,True
2024-12-26 08:00:00+00:00,31.556,31.691,31.35,31.393,816.799,4h,uploaded_csv,BTCDOM_INDEX_PROXY,False,True
2024-12-26 12:00:00+00:00,31.397,31.78,31.391,31.78,515.337,4h,uploaded_csv,BTCDOM_INDEX_PROXY,False,True
2024-12-26 16:00:00+00:00,31.779,31.998,31.68,31.807,550.963,4h,uploaded_csv,BTCDOM_INDEX_PROXY,False,True
2024-12-26 20:00:00+00:00,31.813,31.951,31.655,31.801,266.028,4h,uploaded_csv,BTCDOM_INDEX_PROXY,False,True
2024-12-27 00:00:00+00:00,31.795,31.896,31.585,31.687,310.421,4h,uploaded_csv,BTCDOM_INDEX_PROXY,False,True
2024-12-27 04:00:00+00:00,31.681,31.75,31.463,31.637,449.263,4h,uploaded_csv,BTCDOM_INDEX_PROXY,False,True
2024-12-27 08:00:00+00:00,31.635,31.683,31.141,31.332,782.262,4h,uploaded_csv,BTCDOM_INDEX_PROXY,False,True
2024-12-27 12:00:00+00:00,31.327,31.647,31.296,31.536,502.386,4h,uploaded_csv,BTCDOM_INDEX_PROXY,False,True
2024-12-27 16:00:00+00:00,31.535,31.684,31.101,31.241,573.951,4h,uploaded_csv,BTCDOM_INDEX_PROXY,False,True
2024-12-27 20:00:00+00:00,31.243,31.594,31.205,31.439,322.752,4h,uploaded_csv,BTCDOM_INDEX_PROXY,False,True
2024-12-28 00:00:00+00:00,31.439,31.531,31.324,31.407,264.926,4h,uploaded_csv,BTCDOM_INDEX_PROXY,False,True
2024-12-28 04:00:00+00:00,31.412,31.478,31.324,31.421,150.27,4h,uploaded_csv,BTCDOM_INDEX_PROXY,False,True
2024-12-28 08:00:00+00:00,31.42,31.429,31.262,31.275,102.232,4h,uploaded_csv,BTCDOM_INDEX_PROXY,False,True
2024-12-28 12:00:00+00:00,31.274,31.321,30.906,31.003,453.687,4h,uploaded_csv,BTCDOM_INDEX_PROXY,False,True
2024-12-28 16:00:00+00:00,31.002,31.002,30.804,30.835,303.934,4h,uploaded_csv,BTCDOM_INDEX_PROXY,False,True
2024-12-28 20:00:00+00:00,30.832,30.956,30.756,30.923,195.646,4h,uploaded_csv,BTCDOM_INDEX_PROXY,False,True
2024-12-29 00:00:00+00:00,30.92,31.045,30.897,30.954,220.331,4h,uploaded_csv,BTCDOM_INDEX_PROXY,False,True
2024-12-29 04:00:00+00:00,30.95,31.021,30.825,30.832,165.145,4h,uploaded_csv,BTCDOM_INDEX_PROXY,False,True
2024-12-29 08:00:00+00:00,30.833,30.969,30.833,30.908,190.506,4h,uploaded_csv,BTCDOM_INDEX_PROXY,False,True
2024-12-29 12:00:00+00:00,30.907,31.046,30.84,30.947,289.842,4h,uploaded_csv,BTCDOM_INDEX_PROXY,False,True
2024-12-29 16:00:00+00:00,30.947,31.053,30.844,30.881,239.617,4h,uploaded_csv,BTCDOM_INDEX_PROXY,False,True
2024-12-29 20:00:00+00:00,30.884,31.261,30.877,31.185,332.401,4h,uploaded_csv,BTCDOM_INDEX_PROXY,False,True
2024-12-30 00:00:00+00:00,31.186,31.228,30.572,30.856,432.392,4h,uploaded_csv,BTCDOM_INDEX_PROXY,False,True
2024-12-30 04:00:00+00:00,30.86,30.969,30.752,30.816,274.584,4h,uploaded_csv,BTCDOM_INDEX_PROXY,False,True
2024-12-30 08:00:00+00:00,30.817,30.992,30.732,30.851,187.515,4h,uploaded_csv,BTCDOM_INDEX_PROXY,False,True
2024-12-30 12:00:00+00:00,30.857,31.395,30.815,31.143,1017.941,4h,uploaded_csv,BTCDOM_INDEX_PROXY,False,True
2024-12-30 16:00:00+00:00,31.144,31.194,30.924,30.954,533.237,4h,uploaded_csv,BTCDOM_INDEX_PROXY,False,True
2024-12-30 20:00:00+00:00,30.955,31.109,30.871,30.921,391.639,4h,uploaded_csv,BTCDOM_INDEX_PROXY,False,True
2024-12-31 00:00:00+00:00,30.92,31.174,30.882,31.092,370.904,4h,uploaded_csv,BTCDOM_INDEX_PROXY,False,True
2024-12-31 04:00:00+00:00,31.093,31.22,31.036,31.13,237.23,4h,uploaded_csv,BTCDOM_INDEX_PROXY,False,True
2024-12-31 08:00:00+00:00,31.13,31.207,31.032,31.116,321.527,4h,uploaded_csv,BTCDOM_INDEX_PROXY,False,True
2024-12-31 12:00:00+00:00,31.115,31.25,31.066,31.13,421.696,4h,uploaded_csv,BTCDOM_INDEX_PROXY,False,True
2024-12-31 16:00:00+00:00,31.129,31.275,30.959,31.273,478.944,4h,uploaded_csv,BTCDOM_INDEX_PROXY,False,True
2024-12-31 20:00:00+00:00,31.274,31.337,31.099,31.307,280.62,4h,uploaded_csv,BTCDOM_INDEX_PROXY,False,True
2025-01-01 00:00:00+00:00,31.307,31.355,31.142,31.192,164.774,4h,uploaded_csv,BTCDOM_INDEX_PROXY,False,True
2025-01-01 04:00:00+00:00,31.193,31.267,31.112,31.179,161.073,4h,uploaded_csv,BTCDOM_INDEX_PROXY,False,True
2025-01-01 08:00:00+00:00,31.172,31.305,31.084,31.099,213.194,4h,uploaded_csv,BTCDOM_INDEX_PROXY,False,True
2025-01-01 12:00:00+00:00,31.099,31.202,30.986,31.04,363.409,4h,uploaded_csv,BTCDOM_INDEX_PROXY,False,True
2025-01-01 16:00:00+00:00,31.047,31.072,30.651,30.76,389.963,4h,uploaded_csv,BTCDOM_INDEX_PROXY,False,True
2025-01-01 20:00:00+00:00,30.757,30.816,30.65,30.655,209.739,4h,uploaded_csv,BTCDOM_INDEX_PROXY,False,True
2025-01-02 00:00:00+00:00,30.653,30.663,30.31,30.382,489.082,4h,uploaded_csv,BTCDOM_INDEX_PROXY,False,True
2025-01-02 04:00:00+00:00,30.382,30.516,30.323,30.429,190.311,4h,uploaded_csv,BTCDOM_INDEX_PROXY,False,True
2025-01-02 08:00:00+00:00,30.429,30.429,30.241,30.253,261.063,4h,uploaded_csv,BTCDOM_INDEX_PROXY,False,True
2025-01-02 12:00:00+00:00,30.257,30.417,30.206,30.321,384.084,4h,uploaded_csv,BTCDOM_INDEX_PROXY,False,True
2025-01-02 16:00:00+00:00,30.319,30.654,30.295,30.627,336.284,4h,uploaded_csv,BTCDOM_INDEX_PROXY,False,True
2025-01-02 20:00:00+00:00,30.628,30.725,30.446,30.492,193.01,4h,uploaded_csv,BTCDOM_INDEX_PROXY,False,True
2025-01-03 00:00:00+00:00,30.493,30.534,30.23,30.238,183.039,4h,uploaded_csv,BTCDOM_INDEX_PROXY,False,True
2025-01-03 04:00:00+00:00,30.237,30.378,30.217,30.318,207.423,4h,uploaded_csv,BTCDOM_INDEX_PROXY,False,True
2025-01-03 08:00:00+00:00,30.316,30.368,29.987,30.035,322.88,4h,uploaded_csv,BTCDOM_INDEX_PROXY,False,True
2025-01-03 12:00:00+00:00,30.034,30.066,29.547,29.599,659.522,4h,uploaded_csv,BTCDOM_INDEX_PROXY,False,True
2025-01-03 16:00:00+00:00,29.601,29.741,29.05,29.553,616.277,4h,uploaded_csv,BTCDOM_INDEX_PROXY,False,True
2025-01-03 20:00:00+00:00,29.549,29.685,29.462,29.501,235.152,4h,uploaded_csv,BTCDOM_INDEX_PROXY,False,True
2025-01-04 00:00:00+00:00,29.5,29.61,29.01,29.496,483.399,4h,uploaded_csv,BTCDOM_INDEX_PROXY,False,True
2025-01-04 04:00:00+00:00,29.493,29.589,29.451,29.58,234.183,4h,uploaded_csv,BTCDOM_INDEX_PROXY,False,True
2025-01-04 08:00:00+00:00,29.575,29.7,29.47,29.486,340.17,4h,uploaded_csv,BTCDOM_INDEX_PROXY,False,True
2025-01-04 12:00:00+00:00,29.487,29.605,29.169,29.55,843.566,4h,uploaded_csv,BTCDOM_INDEX_PROXY,False,True
2025-01-04 16:00:00+00:00,29.55,29.56,29.401,29.506,271.86,4h,uploaded_csv,BTCDOM_INDEX_PROXY,False,True
2025-01-04 20:00:00+00:00,29.507,29.541,29.334,29.377,145.018,4h,uploaded_csv,BTCDOM_INDEX_PROXY,False,True
2025-01-05 00:00:00+00:00,29.375,29.598,29.3,29.551,288.802,4h,uploaded_csv,BTCDOM_INDEX_PROXY,False,True
2025-01-05 04:00:00+00:00,29.551,29.676,29.503,29.591,283.448,4h,uploaded_csv,BTCDOM_INDEX_PROXY,False,True
2025-01-05 08:00:00+00:00,29.589,29.75,29.539,29.631,324.526,4h,uploaded_csv,BTCDOM_INDEX_PROXY,False,True
2025-01-05 12:00:00+00:00,29.635,29.738,29.56,29.651,257.659,4h,uploaded_csv,BTCDOM_INDEX_PROXY,False,True
2025-01-05 16:00:00+00:00,29.653,29.71,29.523,29.623,185.263,4h,uploaded_csv,BTCDOM_INDEX_PROXY,False,True
2025-01-05 20:00:00+00:00,29.624,29.677,29.57,29.605,114.849,4h,uploaded_csv,BTCDOM_INDEX_PROXY,False,True
2025-01-06 00:00:00+00:00,29.606,29.762,29.469,29.587,374.201,4h,uploaded_csv,BTCDOM_INDEX_PROXY,False,True
2025-01-06 04:00:00+00:00,29.587,29.857,29.587,29.835,331.46,4h,uploaded_csv,BTCDOM_INDEX_PROXY,False,True
2025-01-06 08:00:00+00:00,29.834,29.896,29.703,29.737,237.7,4h,uploaded_csv,BTCDOM_INDEX_PROXY,False,True
2025-01-06 12:00:00+00:00,29.733,30.244,29.723,30.094,922.612,4h,uploaded_csv,BTCDOM_INDEX_PROXY,False,True
2025-01-06 16:00:00+00:00,30.095,30.299,29.92,30.129,575.187,4h,uploaded_csv,BTCDOM_INDEX_PROXY,False,True
2025-01-06 20:00:00+00:00,30.13,30.376,30.129,30.319,349.24,4h,uploaded_csv,BTCDOM_INDEX_PROXY,False,True
2025-01-07 00:00:00+00:00,30.321,30.417,30.184,30.251,453.0,4h,uploaded_csv,BTCDOM_INDEX_PROXY,False,True
2025-01-07 04:00:00+00:00,30.255,30.35,30.212,30.256,375.501,4h,uploaded_csv,BTCDOM_INDEX_PROXY,False,True
2025-01-07 08:00:00+00:00,30.262,30.281,30.129,30.189,287.432,4h,uploaded_csv,BTCDOM_INDEX_PROXY,False,True
2025-01-07 12:00:00+00:00,30.189,31.029,30.105,30.665,1736.131,4h,uploaded_csv,BTCDOM_INDEX_PROXY,False,True
2025-01-07 16:00:00+00:00,30.665,30.924,30.443,30.829,1189.313,4h,uploaded_csv,BTCDOM_INDEX_PROXY,False,True
2025-01-07 20:00:00+00:00,30.831,31.163,30.75,31.143,1039.563,4h,uploaded_csv,BTCDOM_INDEX_PROXY,False,True
2025-01-08 00:00:00+00:00,31.148,31.304,30.836,31.088,1188.094,4h,uploaded_csv,BTCDOM_INDEX_PROXY,False,True
2025-01-08 04:00:00+00:00,31.087,31.43,30.986,31.066,1612.053,4h,uploaded_csv,BTCDOM_INDEX_PROXY,False,True
2025-01-08 08:00:00+00:00,31.067,31.068,30.771,30.842,1281.341,4h,uploaded_csv,BTCDOM_INDEX_PROXY,False,True
2025-01-08 12:00:00+00:00,30.837,30.993,30.689,30.955,751.443,4h,uploaded_csv,BTCDOM_INDEX_PROXY,False,True
2025-01-08 16:00:00+00:00,30.952,31.453,30.866,31.065,1663.599,4h,uploaded_csv,BTCDOM_INDEX_PROXY,False,True
2025-01-08 20:00:00+00:00,31.068,31.104,30.758,30.837,458.866,4h,uploaded_csv,BTCDOM_INDEX_PROXY,False,True
2025-01-09 00:00:00+00:00,30.833,30.873,30.567,30.665,399.252,4h,uploaded_csv,BTCDOM_INDEX_PROXY,False,True
2025-01-09 04:00:00+00:00,30.677,30.97,30.61,30.84,381.502,4h,uploaded_csv,BTCDOM_INDEX_PROXY,False,True
2025-01-09 08:00:00+00:00,30.835,30.916,30.521,30.796,587.115,4h,uploaded_csv,BTCDOM_INDEX_PROXY,False,True
2025-01-09 12:00:00+00:00,30.807,31.16,30.757,30.866,773.282,4h,uploaded_csv,BTCDOM_INDEX_PROXY,False,True
2025-01-09 16:00:00+00:00,30.867,31.172,30.851,31.124,390.349,4h,uploaded_csv,BTCDOM_INDEX_PROXY,False,True
2025-01-09 20:00:00+00:00,31.115,31.293,30.97,31.18,527.657,4h,uploaded_csv,BTCDOM_INDEX_PROXY,False,True
2025-01-10 00:00:00+00:00,31.169,31.239,31.055,31.163,286.313,4h,uploaded_csv,BTCDOM_INDEX_PROXY,False,True
2025-01-10 04:00:00+00:00,31.163,31.25,30.93,30.987,419.147,4h,uploaded_csv,BTCDOM_INDEX_PROXY,False,True
2025-01-10 08:00:00+00:00,30.984,31.111,30.937,31.096,283.134,4h,uploaded_csv,BTCDOM_INDEX_PROXY,False,True
2025-01-10 12:00:00+00:00,31.097,31.3,31.031,31.196,794.773,4h,uploaded_csv,BTCDOM_INDEX_PROXY,False,True
2025-01-10 16:00:00+00:00,31.195,31.309,31.069,31.16,514.962,4h,uploaded_csv,BTCDOM_INDEX_PROXY,False,True
2025-01-10 20:00:00+00:00,31.161,31.268,31.118,31.197,156.34,4h,uploaded_csv,BTCDOM_INDEX_PROXY,False,True
2025-01-11 00:00:00+00:00,31.194,31.295,31.136,31.271,270.77,4h,uploaded_csv,BTCDOM_INDEX_PROXY,False,True
2025-01-11 04:00:00+00:00,31.271,31.364,31.165,31.282,175.118,4h,uploaded_csv,BTCDOM_INDEX_PROXY,False,True
2025-01-11 08:00:00+00:00,31.283,31.347,30.96,30.992,287.37,4h,uploaded_csv,BTCDOM_INDEX_PROXY,False,True
2025-01-11 12:00:00+00:00,30.997,31.136,30.961,31.011,221.086,4h,uploaded_csv,BTCDOM_INDEX_PROXY,False,True
2025-01-11 16:00:00+00:00,31.012,31.076,30.694,30.702,317.045,4h,uploaded_csv,BTCDOM_INDEX_PROXY,False,True
2025-01-11 20:00:00+00:00,30.693,30.722,30.364,30.611,710.893,4h,uploaded_csv,BTCDOM_INDEX_PROXY,False,True
2025-01-12 00:00:00+00:00,30.611,30.737,30.562,30.66,251.171,4h,uploaded_csv,BTCDOM_INDEX_PROXY,False,True
2025-01-12 04:00:00+00:00,30.658,30.819,30.598,30.696,147.605,4h,uploaded_csv,BTCDOM_INDEX_PROXY,False,True
2025-01-12 08:00:00+00:00,30.694,30.956,30.66,30.848,399.1,4h,uploaded_csv,BTCDOM_INDEX_PROXY,False,True
2025-01-12 12:00:00+00:00,30.846,30.957,30.802,30.83,498.075,4h,uploaded_csv,BTCDOM_INDEX_PROXY,False,True
2025-01-12 16:00:00+00:00,30.837,30.893,30.743,30.746,217.32,4h,uploaded_csv,BTCDOM_INDEX_PROXY,False,True
2025-01-12 20:00:00+00:00,30.745,31.0,30.717,30.904,272.525,4h,uploaded_csv,BTCDOM_INDEX_PROXY,False,True
2025-01-13 00:00:00+00:00,30.909,31.132,30.71,31.127,710.491,4h,uploaded_csv,BTCDOM_INDEX_PROXY,False,True
2025-01-13 04:00:00+00:00,31.133,31.534,31.027,31.323,974.64,4h,uploaded_csv,BTCDOM_INDEX_PROXY,False,True
2025-01-13 08:00:00+00:00,31.322,31.807,31.312,31.771,1505.358,4h,uploaded_csv,BTCDOM_INDEX_PROXY,False,True
2025-01-13 12:00:00+00:00,31.774,32.169,31.535,31.72,2036.551,4h,uploaded_csv,BTCDOM_INDEX_PROXY,False,True
2025-01-13 16:00:00+00:00,31.718,32.205,31.594,31.984,1379.592,4h,uploaded_csv,BTCDOM_INDEX_PROXY,False,True
2025-01-13 20:00:00+00:00,31.984,32.03,31.622,31.691,629.41,4h,uploaded_csv,BTCDOM_INDEX_PROXY,False,True
2025-01-14 00:00:00+00:00,31.696,31.828,31.584,31.635,390.187,4h,uploaded_csv,BTCDOM_INDEX_PROXY,False,True
2025-01-14 04:00:00+00:00,31.631,31.696,31.464,31.602,336.238,4h,uploaded_csv,BTCDOM_INDEX_PROXY,False,True
2025-01-14 08:00:00+00:00,31.6,31.78,31.498,31.686,479.436,4h,uploaded_csv,BTCDOM_INDEX_PROXY,False,True
2025-01-14 12:00:00+00:00,31.687,31.845,31.596,31.668,453.881,4h,uploaded_csv,BTCDOM_INDEX_PROXY,False,True
2025-01-14 16:00:00+00:00,31.666,31.69,31.3,31.469,347.51,4h,uploaded_csv,BTCDOM_INDEX_PROXY,False,True
2025-01-14 20:00:00+00:00,31.477,31.554,31.329,31.39,263.428,4h,uploaded_csv,BTCDOM_INDEX_PROXY,False,True
2025-01-15 00:00:00+00:00,31.391,31.538,31.215,31.218,340.071,4h,uploaded_csv,BTCDOM_INDEX_PROXY,False,True
2025-01-15 04:00:00+00:00,31.22,31.342,31.082,31.151,277.722,4h,uploaded_csv,BTCDOM_INDEX_PROXY,False,True
2025-01-15 08:00:00+00:00,31.154,31.67,31.12,31.527,619.484,4h,uploaded_csv,BTCDOM_INDEX_PROXY,False,True
2025-01-15 12:00:00+00:00,31.526,31.642,30.772,30.832,1183.136,4h,uploaded_csv,BTCDOM_INDEX_PROXY,False,True
2025-01-15 16:00:00+00:00,30.83,30.946,30.452,30.526,674.935,4h,uploaded_csv,BTCDOM_INDEX_PROXY,False,True
2025-01-15 20:00:00+00:00,30.526,30.559,30.05,30.23,827.34,4h,uploaded_csv,BTCDOM_INDEX_PROXY,False,True
2025-01-16 00:00:00+00:00,30.227,30.72,30.051,30.585,752.854,4h,uploaded_csv,BTCDOM_INDEX_PROXY,False,True
2025-01-16 04:00:00+00:00,30.585,30.59,30.364,30.472,199.904,4h,uploaded_csv,BTCDOM_INDEX_PROXY,False,True
2025-01-16 08:00:00+00:00,30.478,30.792,30.076,30.086,1088.713,4h,uploaded_csv,BTCDOM_INDEX_PROXY,False,True
2025-01-16 12:00:00+00:00,30.082,30.2,29.611,29.982,1508.711,4h,uploaded_csv,BTCDOM_INDEX_PROXY,False,True
2025-01-16 16:00:00+00:00,29.982,30.009,29.726,30.006,599.373,4h,uploaded_csv,BTCDOM_INDEX_PROXY,False,True
2025-01-16 20:00:00+00:00,30.008,30.6,29.983,30.384,764.701,4h,uploaded_csv,BTCDOM_INDEX_PROXY,False,True
2025-01-17 00:00:00+00:00,30.383,30.46,30.135,30.237,541.4,4h,uploaded_csv,BTCDOM_INDEX_PROXY,False,True
2025-01-17 04:00:00+00:00,30.237,30.325,30.197,30.234,289.604,4h,uploaded_csv,BTCDOM_INDEX_PROXY,False,True
2025-01-17 08:00:00+00:00,30.235,30.375,29.974,30.062,450.033,4h,uploaded_csv,BTCDOM_INDEX_PROXY,False,True
2025-01-17 12:00:00+00:00,30.069,30.83,30.069,30.748,969.36,4h,uploaded_csv,BTCDOM_INDEX_PROXY,False,True
2025-01-17 16:00:00+00:00,30.756,31.17,30.658,31.159,720.813,4h,uploaded_csv,BTCDOM_INDEX_PROXY,False,True
2025-01-17 20:00:00+00:00,31.161,31.22,30.3,30.376,732.053,4h,uploaded_csv,BTCDOM_INDEX_PROXY,False,True
2025-01-18 00:00:00+00:00,30.368,30.891,30.338,30.796,528.65,4h,uploaded_csv,BTCDOM_INDEX_PROXY,False,True
2025-01-18 04:00:00+00:00,30.798,31.546,30.716,31.279,1365.755,4h,uploaded_csv,BTCDOM_INDEX_PROXY,False,True
2025-01-18 08:00:00+00:00,31.279,31.603,31.14,31.183,1070.962,4h,uploaded_csv,BTCDOM_INDEX_PROXY,False,True
2025-01-18 12:00:00+00:00,31.178,31.38,31.075,31.31,644.41,4h,uploaded_csv,BTCDOM_INDEX_PROXY,False,True
2025-01-18 16:00:00+00:00,31.301,31.532,31.212,31.271,861.685,4h,uploaded_csv,BTCDOM_INDEX_PROXY,False,True
2025-01-18 20:00:00+00:00,31.276,31.455,30.942,31.063,401.788,4h,uploaded_csv,BTCDOM_INDEX_PROXY,False,True
2025-01-19 00:00:00+00:00,31.062,31.178,30.684,31.156,577.215,4h,uploaded_csv,BTCDOM_INDEX_PROXY,False,True
2025-01-19 04:00:00+00:00,31.155,31.673,31.15,31.577,924.383,4h,uploaded_csv,BTCDOM_INDEX_PROXY,False,True
2025-01-19 08:00:00+00:00,31.58,32.617,31.525,32.44,2574.774,4h,uploaded_csv,BTCDOM_INDEX_PROXY,False,True
2025-01-19 12:00:00+00:00,32.445,32.517,30.887,31.173,2132.377,4h,uploaded_csv,BTCDOM_INDEX_PROXY,False,True
2025-01-19 16:00:00+00:00,31.172,31.238,30.801,31.15,693.497,4h,uploaded_csv,BTCDOM_INDEX_PROXY,False,True
2025-01-19 20:00:00+00:00,31.14,32.236,31.015,31.79,2687.185,4h,uploaded_csv,BTCDOM_INDEX_PROXY,False,True
2025-01-20 00:00:00+00:00,31.784,32.033,31.355,31.494,1799.065,4h,uploaded_csv,BTCDOM_INDEX_PROXY,False,True
2025-01-20 04:00:00+00:00,31.493,32.353,31.394,31.843,1533.143,4h,uploaded_csv,BTCDOM_INDEX_PROXY,False,True
2025-01-20 08:00:00+00:00,31.843,32.271,31.723,32.009,903.949,4h,uploaded_csv,BTCDOM_INDEX_PROXY,False,True
2025-01-20 12:00:00+00:00,32.005,32.41,31.546,31.597,1499.791,4h,uploaded_csv,BTCDOM_INDEX_PROXY,False,True
2025-01-20 16:00:00+00:00,31.594,31.962,31.325,31.589,1974.157,4h,uploaded_csv,BTCDOM_INDEX_PROXY,False,True
2025-01-20 20:00:00+00:00,31.588,31.884,31.545,31.602,602.588,4h,uploaded_csv,BTCDOM_INDEX_PROXY,False,True
2025-01-21 00:00:00+00:00,31.599,32.176,31.551,32.059,671.803,4h,uploaded_csv,BTCDOM_INDEX_PROXY,False,True
2025-01-21 04:00:00+00:00,32.062,32.31,31.852,31.969,813.221,4h,uploaded_csv,BTCDOM_INDEX_PROXY,False,True
2025-01-21 08:00:00+00:00,31.969,32.123,31.722,31.788,544.104,4h,uploaded_csv,BTCDOM_INDEX_PROXY,False,True
2025-01-21 12:00:00+00:00,31.783,32.113,31.739,31.874,507.489,4h,uploaded_csv,BTCDOM_INDEX_PROXY,False,True
2025-01-21 16:00:00+00:00,31.88,32.212,31.776,32.169,571.429,4h,uploaded_csv,BTCDOM_INDEX_PROXY,False,True
2025-01-21 20:00:00+00:00,32.164,32.242,31.95,32.128,374.487,4h,uploaded_csv,BTCDOM_INDEX_PROXY,False,True
2025-01-22 00:00:00+00:00,32.13,32.159,31.814,31.896,405.388,4h,uploaded_csv,BTCDOM_INDEX_PROXY,False,True
2025-01-22 04:00:00+00:00,31.891,32.048,31.813,31.992,222.969,4h,uploaded_csv,BTCDOM_INDEX_PROXY,False,True
2025-01-22 08:00:00+00:00,31.992,32.103,31.655,31.671,395.408,4h,uploaded_csv,BTCDOM_INDEX_PROXY,False,True
2025-01-22 12:00:00+00:00,31.672,31.919,31.601,31.827,402.356,4h,uploaded_csv,BTCDOM_INDEX_PROXY,False,True
2025-01-22 16:00:00+00:00,31.826,31.996,31.613,31.816,524.092,4h,uploaded_csv,BTCDOM_INDEX_PROXY,False,True
2025-01-22 20:00:00+00:00,31.815,32.011,31.542,31.83,535.639,4h,uploaded_csv,BTCDOM_INDEX_PROXY,False,True
2025-01-23 00:00:00+00:00,31.83,31.95,31.623,31.81,441.748,4h,uploaded_csv,BTCDOM_INDEX_PROXY,False,True
2025-01-23 04:00:00+00:00,31.81,31.998,31.723,31.878,436.316,4h,uploaded_csv,BTCDOM_INDEX_PROXY,False,True
2025-01-23 08:00:00+00:00,31.884,32.087,31.825,31.969,309.729,4h,uploaded_csv,BTCDOM_INDEX_PROXY,False,True
2025-01-23 12:00:00+00:00,31.974,32.45,31.865,32.44,1384.948,4h,uploaded_csv,BTCDOM_INDEX_PROXY,False,True
2025-01-23 16:00:00+00:00,32.443,32.83,32.334,32.566,1099.337,4h,uploaded_csv,BTCDOM_INDEX_PROXY,False,True
2025-01-23 20:00:00+00:00,32.562,32.877,31.755,31.776,1818.018,4h,uploaded_csv,BTCDOM_INDEX_PROXY,False,True
2025-01-24 00:00:00+00:00,31.771,32.101,31.679,31.986,806.85,4h,uploaded_csv,BTCDOM_INDEX_PROXY,False,True
2025-01-24 04:00:00+00:00,31.988,32.057,31.562,31.747,767.713,4h,uploaded_csv,BTCDOM_INDEX_PROXY,False,True
2025-01-24 08:00:00+00:00,31.741,31.803,31.506,31.565,362.476,4h,uploaded_csv,BTCDOM_INDEX_PROXY,False,True
2025-01-24 12:00:00+00:00,31.567,32.015,31.482,31.906,482.739,4h,uploaded_csv,BTCDOM_INDEX_PROXY,False,True
2025-01-24 16:00:00+00:00,31.912,32.172,31.8,32.034,603.101,4h,uploaded_csv,BTCDOM_INDEX_PROXY,False,True
2025-01-24 20:00:00+00:00,32.033,32.325,31.97,32.307,592.705,4h,uploaded_csv,BTCDOM_INDEX_PROXY,False,True
2025-01-25 00:00:00+00:00,32.307,32.461,32.111,32.2,688.721,4h,uploaded_csv,BTCDOM_INDEX_PROXY,False,True
2025-01-25 04:00:00+00:00,32.204,32.364,32.178,32.294,479.685,4h,uploaded_csv,BTCDOM_INDEX_PROXY,False,True
2025-01-25 08:00:00+00:00,32.297,32.436,32.208,32.243,361.565,4h,uploaded_csv,BTCDOM_INDEX_PROXY,False,True
2025-01-25 12:00:00+00:00,32.24,32.354,32.01,32.052,424.29,4h,uploaded_csv,BTCDOM_INDEX_PROXY,False,True
2025-01-25 16:00:00+00:00,32.054,32.087,31.959,32.035,299.376,4h,uploaded_csv,BTCDOM_INDEX_PROXY,False,True
2025-01-25 20:00:00+00:00,32.032,32.172,31.982,32.15,172.622,4h,uploaded_csv,BTCDOM_INDEX_PROXY,False,True
2025-01-26 00:00:00+00:00,32.142,32.208,31.92,31.985,259.589,4h,uploaded_csv,BTCDOM_INDEX_PROXY,False,True
2025-01-26 04:00:00+00:00,31.988,32.024,31.901,31.97,137.387,4h,uploaded_csv,BTCDOM_INDEX_PROXY,False,True
2025-01-26 08:00:00+00:00,31.969,32.194,31.946,32.137,317.645,4h,uploaded_csv,BTCDOM_INDEX_PROXY,False,True
2025-01-26 12:00:00+00:00,32.138,32.295,32.101,32.231,366.63,4h,uploaded_csv,BTCDOM_INDEX_PROXY,False,True
2025-01-26 16:00:00+00:00,32.231,32.285,32.032,32.055,186.125,4h,uploaded_csv,BTCDOM_INDEX_PROXY,False,True
2025-01-26 20:00:00+00:00,32.054,32.583,32.04,32.495,826.594,4h,uploaded_csv,BTCDOM_INDEX_PROXY,False,True
2025-01-27 00:00:00+00:00,32.5,32.832,32.453,32.623,1403.94,4h,uploaded_csv,BTCDOM_INDEX_PROXY,False,True
2025-01-27 04:00:00+00:00,32.616,33.317,32.555,33.201,2116.11,4h,uploaded_csv,BTCDOM_INDEX_PROXY,False,True
2025-01-27 08:00:00+00:00,33.2,33.582,33.035,33.26,1677.53,4h,uploaded_csv,BTCDOM_INDEX_PROXY,False,True
2025-01-27 12:00:00+00:00,33.261,33.468,32.85,32.92,1300.037,4h,uploaded_csv,BTCDOM_INDEX_PROXY,False,True
2025-01-27 16:00:00+00:00,32.912,33.113,32.651,32.991,966.875,4h,uploaded_csv,BTCDOM_INDEX_PROXY,False,True
2025-01-27 20:00:00+00:00,32.99,32.992,32.38,32.612,621.853,4h,uploaded_csv,BTCDOM_INDEX_PROXY,False,True
2025-01-28 00:00:00+00:00,32.608,32.77,32.478,32.573,388.117,4h,uploaded_csv,BTCDOM_INDEX_PROXY,False,True
2025-01-28 04:00:00+00:00,32.571,32.623,32.41,32.574,357.131,4h,uploaded_csv,BTCDOM_INDEX_PROXY,False,True
2025-01-28 08:00:00+00:00,32.576,32.722,32.54,32.59,283.186,4h,uploaded_csv,BTCDOM_INDEX_PROXY,False,True
2025-01-28 12:00:00+00:00,32.59,32.746,32.522,32.598,420.379,4h,uploaded_csv,BTCDOM_INDEX_PROXY,False,True
2025-01-28 16:00:00+00:00,32.608,33.022,32.573,32.965,803.518,4h,uploaded_csv,BTCDOM_INDEX_PROXY,False,True
2025-01-28 20:00:00+00:00,32.959,33.386,32.8,33.298,1318.071,4h,uploaded_csv,BTCDOM_INDEX_PROXY,False,True
2025-01-29 00:00:00+00:00,33.301,33.345,32.992,33.006,436.614,4h,uploaded_csv,BTCDOM_INDEX_PROXY,False,True
2025-01-29 04:00:00+00:00,32.996,33.089,32.897,32.941,295.161,4h,uploaded_csv,BTCDOM_INDEX_PROXY,False,True
2025-01-29 08:00:00+00:00,32.942,33.173,32.897,33.122,225.821,4h,uploaded_csv,BTCDOM_INDEX_PROXY,False,True
2025-01-29 12:00:00+00:00,33.121,33.45,33.098,33.295,447.618,4h,uploaded_csv,BTCDOM_INDEX_PROXY,False,True
2025-01-29 16:00:00+00:00,33.295,33.788,33.24,33.499,1148.469,4h,uploaded_csv,BTCDOM_INDEX_PROXY,False,True
2025-01-29 20:00:00+00:00,33.5,33.737,33.236,33.708,813.869,4h,uploaded_csv,BTCDOM_INDEX_PROXY,False,True
2025-01-30 00:00:00+00:00,33.707,33.787,33.25,33.254,541.543,4h,uploaded_csv,BTCDOM_INDEX_PROXY,False,True
2025-01-30 04:00:00+00:00,33.255,33.389,33.156,33.297,315.779,4h,uploaded_csv,BTCDOM_INDEX_PROXY,False,True
2025-01-30 08:00:00+00:00,33.3,33.392,33.135,33.177,299.246,4h,uploaded_csv,BTCDOM_INDEX_PROXY,False,True
2025-01-30 12:00:00+00:00,33.174,33.249,32.833,33.02,592.199,4h,uploaded_csv,BTCDOM_INDEX_PROXY,False,True
2025-01-30 16:00:00+00:00,33.022,33.085,32.828,32.965,383.279,4h,uploaded_csv,BTCDOM_INDEX_PROXY,False,True
2025-01-30 20:00:00+00:00,32.963,33.041,32.78,32.87,196.819,4h,uploaded_csv,BTCDOM_INDEX_PROXY,False,True
2025-01-31 00:00:00+00:00,32.869,33.047,32.78,33.02,223.422,4h,uploaded_csv,BTCDOM_INDEX_PROXY,False,True
2025-01-31 04:00:00+00:00,33.014,33.109,32.775,32.895,255.946,4h,uploaded_csv,BTCDOM_INDEX_PROXY,False,True
2025-01-31 08:00:00+00:00,32.896,32.992,32.48,32.482,389.876,4h,uploaded_csv,BTCDOM_INDEX_PROXY,False,True
2025-01-31 12:00:00+00:00,32.492,32.567,32.178,32.206,744.636,4h,uploaded_csv,BTCDOM_INDEX_PROXY,False,True
2025-01-31 16:00:00+00:00,32.206,32.587,32.11,32.141,631.112,4h,uploaded_csv,BTCDOM_INDEX_PROXY,False,True
2025-01-31 20:00:00+00:00,32.148,32.394,32.053,32.318,355.189,4h,uploaded_csv,BTCDOM_INDEX_PROXY,False,True
2025-02-01 00:00:00+00:00,32.317,32.37,32.122,32.263,159.625,4h,uploaded_csv,BTCDOM_INDEX_PROXY,False,True
2025-02-01 04:00:00+00:00,32.26,32.406,32.172,32.377,207.932,4h,uploaded_csv,BTCDOM_INDEX_PROXY,False,True
2025-02-01 08:00:00+00:00,32.375,32.716,32.324,32.588,354.378,4h,uploaded_csv,BTCDOM_INDEX_PROXY,False,True
2025-02-01 12:00:00+00:00,32.588,32.867,32.53,32.752,425.987,4h,uploaded_csv,BTCDOM_INDEX_PROXY,False,True
2025-02-01 16:00:00+00:00,32.753,33.26,32.641,33.149,631.815,4h,uploaded_csv,BTCDOM_INDEX_PROXY,False,True
2025-02-01 20:00:00+00:00,33.149,33.757,33.149,33.642,1261.758,4h,uploaded_csv,BTCDOM_INDEX_PROXY,False,True
2025-02-02 00:00:00+00:00,33.642,33.83,33.273,33.775,1251.842,4h,uploaded_csv,BTCDOM_INDEX_PROXY,False,True
2025-02-02 04:00:00+00:00,33.772,33.79,33.4,33.537,551.359,4h,uploaded_csv,BTCDOM_INDEX_PROXY,False,True
2025-02-02 08:00:00+00:00,33.535,33.863,33.327,33.828,813.68,4h,uploaded_csv,BTCDOM_INDEX_PROXY,False,True
2025-02-02 12:00:00+00:00,33.829,33.887,33.476,33.787,1338.954,4h,uploaded_csv,BTCDOM_INDEX_PROXY,False,True
2025-02-02 16:00:00+00:00,33.785,35.888,33.784,35.071,5418.904,4h,uploaded_csv,BTCDOM_INDEX_PROXY,False,True
2025-02-02 20:00:00+00:00,35.075,37.5,34.751,35.738,3834.962,4h,uploaded_csv,BTCDOM_INDEX_PROXY,False,True
2025-02-03 00:00:00+00:00,35.737,46.899,35.706,38.864,14351.411,4h,uploaded_csv,BTCDOM_INDEX_PROXY,False,True
2025-02-03 04:00:00+00:00,38.859,39.91,37.317,37.403,4032.143,4h,uploaded_csv,BTCDOM_INDEX_PROXY,False,True
2025-02-03 08:00:00+00:00,37.41,38.696,37.409,37.799,2181.334,4h,uploaded_csv,BTCDOM_INDEX_PROXY,False,True
2025-02-03 12:00:00+00:00,37.781,38.94,37.043,37.318,3389.883,4h,uploaded_csv,BTCDOM_INDEX_PROXY,False,True
2025-02-03 16:00:00+00:00,37.323,37.434,36.732,36.99,1929.05,4h,uploaded_csv,BTCDOM_INDEX_PROXY,False,True
2025-02-03 20:00:00+00:00,37.006,37.738,36.032,36.226,1788.79,4h,uploaded_csv,BTCDOM_INDEX_PROXY,False,True
2025-02-04 00:00:00+00:00,36.225,36.775,36.087,36.511,1309.183,4h,uploaded_csv,BTCDOM_INDEX_PROXY,False,True
2025-02-04 04:00:00+00:00,36.513,38.168,36.228,37.93,2045.696,4h,uploaded_csv,BTCDOM_INDEX_PROXY,False,True
2025-02-04 08:00:00+00:00,37.926,38.039,36.892,37.175,1136.945,4h,uploaded_csv,BTCDOM_INDEX_PROXY,False,True
2025-02-04 12:00:00+00:00,37.168,37.207,36.475,36.839,1442.709,4h,uploaded_csv,BTCDOM_INDEX_PROXY,False,True
2025-02-04 16:00:00+00:00,36.836,36.986,36.287,36.986,956.456,4h,uploaded_csv,BTCDOM_INDEX_PROXY,False,True
2025-02-04 20:00:00+00:00,36.986,37.808,36.844,37.141,1906.636,4h,uploaded_csv,BTCDOM_INDEX_PROXY,False,True
2025-02-05 00:00:00+00:00,37.137,37.4,36.979,37.306,740.864,4h,uploaded_csv,BTCDOM_INDEX_PROXY,False,True
2025-02-05 04:00:00+00:00,37.307,37.491,36.772,37.012,762.79,4h,uploaded_csv,BTCDOM_INDEX_PROXY,False,True
2025-02-05 08:00:00+00:00,37.013,37.13,36.569,36.744,489.783,4h,uploaded_csv,BTCDOM_INDEX_PROXY,False,True
2025-02-05 12:00:00+00:00,36.744,37.291,36.707,37.131,614.779,4h,uploaded_csv,BTCDOM_INDEX_PROXY,False,True
2025-02-05 16:00:00+00:00,37.134,37.833,37.104,37.26,938.638,4h,uploaded_csv,BTCDOM_INDEX_PROXY,False,True
2025-02-05 20:00:00+00:00,37.251,37.605,37.073,37.223,480.5,4h,uploaded_csv,BTCDOM_INDEX_PROXY,False,True
2025-02-06 00:00:00+00:00,37.227,37.492,36.848,37.025,503.322,4h,uploaded_csv,BTCDOM_INDEX_PROXY,False,True
2025-02-06 04:00:00+00:00,37.023,37.077,36.795,37.041,421.966,4h,uploaded_csv,BTCDOM_INDEX_PROXY,False,True
2025-02-06 08:00:00+00:00,37.039,37.59,36.891,37.469,549.136,4h,uploaded_csv,BTCDOM_INDEX_PROXY,False,True
2025-02-06 12:00:00+00:00,37.469,38.596,37.384,38.39,1917.085,4h,uploaded_csv,BTCDOM_INDEX_PROXY,False,True
2025-02-06 16:00:00+00:00,38.392,38.541,37.97,38.216,1118.639,4h,uploaded_csv,BTCDOM_INDEX_PROXY,False,True
2025-02-06 20:00:00+00:00,38.219,38.432,37.812,38.267,560.392,4h,uploaded_csv,BTCDOM_INDEX_PROXY,False,True
2025-02-07 00:00:00+00:00,38.275,38.31,37.845,38.151,663.78,4h,uploaded_csv,BTCDOM_INDEX_PROXY,False,True
2025-02-07 04:00:00+00:00,38.143,38.607,37.947,38.149,637.793,4h,uploaded_csv,BTCDOM_INDEX_PROXY,False,True
2025-02-07 08:00:00+00:00,38.149,38.218,37.514,37.601,437.64,4h,uploaded_csv,BTCDOM_INDEX_PROXY,False,True
2025-02-07 12:00:00+00:00,37.603,37.958,37.423,37.859,900.112,4h,uploaded_csv,BTCDOM_INDEX_PROXY,False,True
2025-02-07 16:00:00+00:00,37.86,38.234,37.734,38.039,465.499,4h,uploaded_csv,BTCDOM_INDEX_PROXY,False,True
2025-02-07 20:00:00+00:00,38.026,38.917,38.002,38.347,1026.774,4h,uploaded_csv,BTCDOM_INDEX_PROXY,False,True
2025-02-08 00:00:00+00:00,38.347,38.5,38.046,38.399,637.319,4h,uploaded_csv,BTCDOM_INDEX_PROXY,False,True
2025-02-08 04:00:00+00:00,38.396,38.6,38.121,38.208,557.47,4h,uploaded_csv,BTCDOM_INDEX_PROXY,False,True
2025-02-08 08:00:00+00:00,38.206,38.475,38.137,38.226,294.387,4h,uploaded_csv,BTCDOM_INDEX_PROXY,False,True
2025-02-08 12:00:00+00:00,38.23,38.371,37.875,38.163,417.773,4h,uploaded_csv,BTCDOM_INDEX_PROXY,False,True
2025-02-08 16:00:00+00:00,38.17,38.308,37.709,37.8,456.084,4h,uploaded_csv,BTCDOM_INDEX_PROXY,False,True
2025-02-08 20:00:00+00:00,37.801,37.916,37.624,37.797,258.489,4h,uploaded_csv,BTCDOM_INDEX_PROXY,False,True
2025-02-09 00:00:00+00:00,37.799,37.878,37.145,37.285,411.503,4h,uploaded_csv,BTCDOM_INDEX_PROXY,False,True
2025-02-09 04:00:00+00:00,37.289,37.582,37.268,37.363,358.817,4h,uploaded_csv,BTCDOM_INDEX_PROXY,False,True
2025-02-09 08:00:00+00:00,37.363,37.537,37.218,37.507,282.657,4h,uploaded_csv,BTCDOM_INDEX_PROXY,False,True
2025-02-09 12:00:00+00:00,37.506,37.85,37.422,37.504,530.227,4h,uploaded_csv,BTCDOM_INDEX_PROXY,False,True
2025-02-09 16:00:00+00:00,37.5,37.807,37.302,37.726,225.97,4h,uploaded_csv,BTCDOM_INDEX_PROXY,False,True
2025-02-09 20:00:00+00:00,37.723,38.65,37.606,37.87,1039.851,4h,uploaded_csv,BTCDOM_INDEX_PROXY,False,True
2025-02-10 00:00:00+00:00,37.873,38.449,37.542,38.064,871.505,4h,uploaded_csv,BTCDOM_INDEX_PROXY,False,True
2025-02-10 04:00:00+00:00,38.064,38.173,37.865,37.996,277.572,4h,uploaded_csv,BTCDOM_INDEX_PROXY,False,True
2025-02-10 08:00:00+00:00,38.0,38.1,37.818,37.888,288.533,4h,uploaded_csv,BTCDOM_INDEX_PROXY,False,True
2025-02-10 12:00:00+00:00,37.888,38.073,37.554,37.749,608.335,4h,uploaded_csv,BTCDOM_INDEX_PROXY,False,True
2025-02-10 16:00:00+00:00,37.749,37.78,37.39,37.615,308.958,4h,uploaded_csv,BTCDOM_INDEX_PROXY,False,True
2025-02-10 20:00:00+00:00,37.622,37.791,37.476,37.639,150.602,4h,uploaded_csv,BTCDOM_INDEX_PROXY,False,True
2025-02-11 00:00:00+00:00,37.644,37.725,37.18,37.39,447.636,4h,uploaded_csv,BTCDOM_INDEX_PROXY,False,True
2025-02-11 04:00:00+00:00,37.385,37.392,36.749,36.886,534.65,4h,uploaded_csv,BTCDOM_INDEX_PROXY,False,True
2025-02-11 08:00:00+00:00,36.889,37.054,36.582,36.902,470.985,4h,uploaded_csv,BTCDOM_INDEX_PROXY,False,True
2025-02-11 12:00:00+00:00,36.9,37.399,36.88,37.084,515.531,4h,uploaded_csv,BTCDOM_INDEX_PROXY,False,True
2025-02-11 16:00:00+00:00,37.073,37.432,36.97,37.316,432.987,4h,uploaded_csv,BTCDOM_INDEX_PROXY,False,True
2025-02-11 20:00:00+00:00,37.319,37.457,37.122,37.262,273.363,4h,uploaded_csv,BTCDOM_INDEX_PROXY,False,True
2025-02-12 00:00:00+00:00,37.261,37.563,37.195,37.458,213.234,4h,uploaded_csv,BTCDOM_INDEX_PROXY,False,True
2025-02-12 04:00:00+00:00,37.457,37.656,37.361,37.441,347.792,4h,uploaded_csv,BTCDOM_INDEX_PROXY,False,True
2025-02-12 08:00:00+00:00,37.446,37.514,37.149,37.223,337.079,4h,uploaded_csv,BTCDOM_INDEX_PROXY,False,True
2025-02-12 12:00:00+00:00,37.222,37.783,36.938,37.36,1336.493,4h,uploaded_csv,BTCDOM_INDEX_PROXY,False,True
2025-02-12 16:00:00+00:00,37.357,37.487,36.881,36.926,464.116,4h,uploaded_csv,BTCDOM_INDEX_PROXY,False,True
2025-02-12 20:00:00+00:00,36.923,36.957,36.155,36.62,599.743,4h,uploaded_csv,BTCDOM_INDEX_PROXY,False,True
2025-02-13 00:00:00+00:00,36.618,36.76,36.313,36.325,272.545,4h,uploaded_csv,BTCDOM_INDEX_PROXY,False,True
2025-02-13 04:00:00+00:00,36.321,36.62,36.275,36.514,314.675,4h,uploaded_csv,BTCDOM_INDEX_PROXY,False,True
2025-02-13 08:00:00+00:00,36.515,36.734,36.491,36.639,210.81,4h,uploaded_csv,BTCDOM_INDEX_PROXY,False,True
2025-02-13 12:00:00+00:00,36.637,37.062,36.471,36.718,461.822,4h,uploaded_csv,BTCDOM_INDEX_PROXY,False,True
2025-02-13 16:00:00+00:00,36.72,37.131,36.718,36.852,270.806,4h,uploaded_csv,BTCDOM_INDEX_PROXY,False,True
2025-02-13 20:00:00+00:00,36.85,36.91,36.488,36.695,211.085,4h,uploaded_csv,BTCDOM_INDEX_PROXY,False,True
2025-02-14 00:00:00+00:00,36.696,36.804,36.291,36.33,198.132,4h,uploaded_csv,BTCDOM_INDEX_PROXY,False,True
2025-02-14 04:00:00+00:00,36.33,36.634,36.315,36.538,227.589,4h,uploaded_csv,BTCDOM_INDEX_PROXY,False,True
2025-02-14 08:00:00+00:00,36.534,36.535,35.82,36.116,558.879,4h,uploaded_csv,BTCDOM_INDEX_PROXY,False,True
2025-02-14 12:00:00+00:00,36.116,36.253,35.772,35.824,407.966,4h,uploaded_csv,BTCDOM_INDEX_PROXY,False,True
2025-02-14 16:00:00+00:00,35.826,36.0,35.73,35.958,346.202,4h,uploaded_csv,BTCDOM_INDEX_PROXY,False,True
2025-02-14 20:00:00+00:00,35.958,36.289,35.833,36.181,337.504,4h,uploaded_csv,BTCDOM_INDEX_PROXY,False,True
2025-02-15 00:00:00+00:00,36.181,36.345,35.935,36.012,264.422,4h,uploaded_csv,BTCDOM_INDEX_PROXY,False,True
2025-02-15 04:00:00+00:00,36.011,36.392,35.985,36.28,204.424,4h,uploaded_csv,BTCDOM_INDEX_PROXY,False,True
2025-02-15 08:00:00+00:00,36.28,36.412,36.135,36.296,292.379,4h,uploaded_csv,BTCDOM_INDEX_PROXY,False,True
2025-02-15 12:00:00+00:00,36.297,36.637,36.22,36.425,303.925,4h,uploaded_csv,BTCDOM_INDEX_PROXY,False,True
2025-02-15 16:00:00+00:00,36.425,36.568,36.305,36.54,277.726,4h,uploaded_csv,BTCDOM_INDEX_PROXY,False,True
2025-02-15 20:00:00+00:00,36.536,36.729,36.459,36.506,199.142,4h,uploaded_csv,BTCDOM_INDEX_PROXY,False,True
2025-02-16 00:00:00+00:00,36.51,36.577,36.357,36.426,267.17,4h,uploaded_csv,BTCDOM_INDEX_PROXY,False,True
2025-02-16 04:00:00+00:00,36.426,36.561,36.219,36.531,325.07,4h,uploaded_csv,BTCDOM_INDEX_PROXY,False,True
2025-02-16 08:00:00+00:00,36.525,36.545,36.234,36.277,158.744,4h,uploaded_csv,BTCDOM_INDEX_PROXY,False,True
2025-02-16 12:00:00+00:00,36.271,36.61,36.241,36.362,291.198,4h,uploaded_csv,BTCDOM_INDEX_PROXY,False,True
2025-02-16 16:00:00+00:00,36.361,36.728,36.341,36.57,230.914,4h,uploaded_csv,BTCDOM_INDEX_PROXY,False,True
2025-02-16 20:00:00+00:00,36.576,36.722,36.229,36.377,266.119,4h,uploaded_csv,BTCDOM_INDEX_PROXY,False,True
2025-02-17 00:00:00+00:00,36.374,36.497,36.172,36.396,177.767,4h,uploaded_csv,BTCDOM_INDEX_PROXY,False,True
2025-02-17 04:00:00+00:00,36.396,36.83,36.396,36.575,431.499,4h,uploaded_csv,BTCDOM_INDEX_PROXY,False,True
2025-02-17 08:00:00+00:00,36.574,36.695,35.887,35.953,642.079,4h,uploaded_csv,BTCDOM_INDEX_PROXY,False,True
2025-02-17 12:00:00+00:00,35.953,36.109,35.358,36.033,712.585,4h,uploaded_csv,BTCDOM_INDEX_PROXY,False,True
2025-02-17 16:00:00+00:00,36.035,36.693,35.963,36.423,527.89,4h,uploaded_csv,BTCDOM_INDEX_PROXY,False,True
2025-02-17 20:00:00+00:00,36.425,36.428,36.099,36.278,200.428,4h,uploaded_csv,BTCDOM_INDEX_PROXY,False,True
2025-02-18 00:00:00+00:00,36.278,36.66,36.26,36.61,244.211,4h,uploaded_csv,BTCDOM_INDEX_PROXY,False,True
2025-02-18 04:00:00+00:00,36.611,37.566,36.594,37.418,868.601,4h,uploaded_csv,BTCDOM_INDEX_PROXY,False,True
2025-02-18 08:00:00+00:00,37.417,37.585,37.046,37.309,746.727,4h,uploaded_csv,BTCDOM_INDEX_PROXY,False,True
2025-02-18 12:00:00+00:00,37.311,37.682,37.03,37.617,750.753,4h,uploaded_csv,BTCDOM_INDEX_PROXY,False,True
2025-02-18 16:00:00+00:00,37.619,38.064,37.187,37.436,999.462,4h,uploaded_csv,BTCDOM_INDEX_PROXY,False,True
2025-02-18 20:00:00+00:00,37.433,37.616,37.32,37.428,360.873,4h,uploaded_csv,BTCDOM_INDEX_PROXY,False,True
2025-02-19 00:00:00+00:00,37.428,37.623,37.246,37.307,468.516,4h,uploaded_csv,BTCDOM_INDEX_PROXY,False,True
2025-02-19 04:00:00+00:00,37.307,37.643,37.056,37.111,472.813,4h,uploaded_csv,BTCDOM_INDEX_PROXY,False,True
2025-02-19 08:00:00+00:00,37.114,37.234,36.88,36.941,468.101,4h,uploaded_csv,BTCDOM_INDEX_PROXY,False,True
2025-02-19 12:00:00+00:00,36.94,37.32,36.924,37.17,436.868,4h,uploaded_csv,BTCDOM_INDEX_PROXY,False,True
2025-02-19 16:00:00+00:00,37.169,37.2,36.878,37.11,401.682,4h,uploaded_csv,BTCDOM_INDEX_PROXY,False,True
2025-02-19 20:00:00+00:00,37.108,37.26,36.943,36.99,397.287,4h,uploaded_csv,BTCDOM_INDEX_PROXY,False,True
2025-02-20 00:00:00+00:00,36.991,37.226,36.877,36.91,479.48,4h,uploaded_csv,BTCDOM_INDEX_PROXY,False,True
2025-02-20 04:00:00+00:00,36.91,37.173,36.775,37.085,411.455,4h,uploaded_csv,BTCDOM_INDEX_PROXY,False,True
2025-02-20 08:00:00+00:00,37.084,37.208,36.99,37.059,260.147,4h,uploaded_csv,BTCDOM_INDEX_PROXY,False,True
2025-02-20 12:00:00+00:00,37.059,37.28,36.858,37.277,384.972,4h,uploaded_csv,BTCDOM_INDEX_PROXY,False,True
2025-02-20 16:00:00+00:00,37.275,37.406,37.127,37.236,300.109,4h,uploaded_csv,BTCDOM_INDEX_PROXY,False,True
2025-02-20 20:00:00+00:00,37.236,37.471,37.19,37.247,201.769,4h,uploaded_csv,BTCDOM_INDEX_PROXY,False,True
2025-02-21 00:00:00+00:00,37.25,37.481,37.232,37.398,202.701,4h,uploaded_csv,BTCDOM_INDEX_PROXY,False,True
2025-02-21 04:00:00+00:00,37.399,37.418,37.19,37.194,206.89,4h,uploaded_csv,BTCDOM_INDEX_PROXY,False,True
2025-02-21 08:00:00+00:00,37.194,37.254,36.738,37.108,655.274,4h,uploaded_csv,BTCDOM_INDEX_PROXY,False,True
2025-02-21 12:00:00+00:00,37.109,37.799,36.742,37.568,1213.755,4h,uploaded_csv,BTCDOM_INDEX_PROXY,False,True
2025-02-21 16:00:00+00:00,37.572,38.024,37.309,37.8,1174.146,4h,uploaded_csv,BTCDOM_INDEX_PROXY,False,True
2025-02-21 20:00:00+00:00,37.799,37.867,37.558,37.717,357.884,4h,uploaded_csv,BTCDOM_INDEX_PROXY,False,True
2025-02-22 00:00:00+00:00,37.712,37.812,37.385,37.589,454.024,4h,uploaded_csv,BTCDOM_INDEX_PROXY,False,True
2025-02-22 04:00:00+00:00,37.595,37.641,37.365,37.476,203.529,4h,uploaded_csv,BTCDOM_INDEX_PROXY,False,True
2025-02-22 08:00:00+00:00,37.477,37.544,37.026,37.168,389.97,4h,uploaded_csv,BTCDOM_INDEX_PROXY,False,True
2025-02-22 12:00:00+00:00,37.168,37.284,36.876,36.926,411.424,4h,uploaded_csv,BTCDOM_INDEX_PROXY,False,True
2025-02-22 16:00:00+00:00,36.924,36.975,36.716,36.84,577.391,4h,uploaded_csv,BTCDOM_INDEX_PROXY,False,True
2025-02-22 20:00:00+00:00,36.835,36.991,36.812,36.991,351.45,4h,uploaded_csv,BTCDOM_INDEX_PROXY,False,True
2025-02-23 00:00:00+00:00,36.992,37.192,36.907,37.089,157.776,4h,uploaded_csv,BTCDOM_INDEX_PROXY,False,True
2025-02-23 04:00:00+00:00,37.089,37.148,36.461,36.517,331.508,4h,uploaded_csv,BTCDOM_INDEX_PROXY,False,True
2025-02-23 08:00:00+00:00,36.515,36.812,36.417,36.741,409.996,4h,uploaded_csv,BTCDOM_INDEX_PROXY,False,True
2025-02-23 12:00:00+00:00,36.735,36.986,36.54,36.907,355.491,4h,uploaded_csv,BTCDOM_INDEX_PROXY,False,True
2025-02-23 16:00:00+00:00,36.91,36.917,36.54,36.729,250.122,4h,uploaded_csv,BTCDOM_INDEX_PROXY,False,True
2025-02-23 20:00:00+00:00,36.73,36.832,36.48,36.71,290.175,4h,uploaded_csv,BTCDOM_INDEX_PROXY,False,True
2025-02-24 00:00:00+00:00,36.709,37.78,36.565,37.722,511.679,4h,uploaded_csv,BTCDOM_INDEX_PROXY,False,True
2025-02-24 04:00:00+00:00,37.719,38.2,37.665,37.802,868.151,4h,uploaded_csv,BTCDOM_INDEX_PROXY,False,True
2025-02-24 08:00:00+00:00,37.8,38.445,37.791,38.121,835.901,4h,uploaded_csv,BTCDOM_INDEX_PROXY,False,True
2025-02-24 12:00:00+00:00,38.116,38.51,38.046,38.253,574.03,4h,uploaded_csv,BTCDOM_INDEX_PROXY,False,True
2025-02-24 16:00:00+00:00,38.254,38.703,38.11,38.443,399.595,4h,uploaded_csv,BTCDOM_INDEX_PROXY,False,True
2025-02-24 20:00:00+00:00,38.441,39.971,38.24,39.279,1840.327,4h,uploaded_csv,BTCDOM_INDEX_PROXY,False,True
2025-02-25 00:00:00+00:00,39.279,39.871,39.053,39.824,1624.305,4h,uploaded_csv,BTCDOM_INDEX_PROXY,False,True
2025-02-25 04:00:00+00:00,39.824,40.812,39.469,40.2,2308.184,4h,uploaded_csv,BTCDOM_INDEX_PROXY,False,True
2025-02-25 08:00:00+00:00,40.207,40.291,39.276,39.347,1406.165,4h,uploaded_csv,BTCDOM_INDEX_PROXY,False,True
2025-02-25 12:00:00+00:00,39.346,39.465,38.547,38.688,1113.195,4h,uploaded_csv,BTCDOM_INDEX_PROXY,False,True
2025-02-25 16:00:00+00:00,38.691,38.759,37.997,38.003,760.668,4h,uploaded_csv,BTCDOM_INDEX_PROXY,False,True
2025-02-25 20:00:00+00:00,38.002,38.121,37.591,37.87,709.551,4h,uploaded_csv,BTCDOM_INDEX_PROXY,False,True
2025-02-26 00:00:00+00:00,37.866,38.128,37.787,37.913,278.757,4h,uploaded_csv,BTCDOM_INDEX_PROXY,False,True
2025-02-26 04:00:00+00:00,37.909,38.24,37.867,38.155,232.58,4h,uploaded_csv,BTCDOM_INDEX_PROXY,False,True
2025-02-26 08:00:00+00:00,38.155,38.325,37.991,38.273,248.899,4h,uploaded_csv,BTCDOM_INDEX_PROXY,False,True
2025-02-26 12:00:00+00:00,38.275,38.539,37.956,37.986,934.701,4h,uploaded_csv,BTCDOM_INDEX_PROXY,False,True
2025-02-26 16:00:00+00:00,37.984,38.79,37.955,38.287,1097.504,4h,uploaded_csv,BTCDOM_INDEX_PROXY,False,True
2025-02-26 20:00:00+00:00,38.287,38.338,37.509,37.773,662.305,4h,uploaded_csv,BTCDOM_INDEX_PROXY,False,True
2025-02-27 00:00:00+00:00,37.773,38.169,37.701,38.034,315.416,4h,uploaded_csv,BTCDOM_INDEX_PROXY,False,True
2025-02-27 04:00:00+00:00,38.034,38.279,37.901,38.05,225.845,4h,uploaded_csv,BTCDOM_INDEX_PROXY,False,True
2025-02-27 08:00:00+00:00,38.053,38.281,37.862,38.235,221.372,4h,uploaded_csv,BTCDOM_INDEX_PROXY,False,True
2025-02-27 12:00:00+00:00,38.236,38.38,38.119,38.19,297.562,4h,uploaded_csv,BTCDOM_INDEX_PROXY,False,True
2025-02-27 16:00:00+00:00,38.19,38.255,37.725,38.037,257.642,4h,uploaded_csv,BTCDOM_INDEX_PROXY,False,True
2025-02-27 20:00:00+00:00,38.036,38.464,37.833,38.133,572.848,4h,uploaded_csv,BTCDOM_INDEX_PROXY,False,True
2025-02-28 00:00:00+00:00,38.134,38.948,38.09,38.93,1206.137,4h,uploaded_csv,BTCDOM_INDEX_PROXY,False,True
2025-02-28 04:00:00+00:00,38.916,39.163,38.684,38.765,961.394,4h,uploaded_csv,BTCDOM_INDEX_PROXY,False,True
2025-02-28 08:00:00+00:00,38.764,38.95,38.327,38.91,616.98,4h,uploaded_csv,BTCDOM_INDEX_PROXY,False,True
2025-02-28 12:00:00+00:00,38.91,38.995,38.321,38.626,686.384,4h,uploaded_csv,BTCDOM_INDEX_PROXY,False,True
2025-02-28 16:00:00+00:00,38.616,38.849,38.553,38.674,276.112,4h,uploaded_csv,BTCDOM_INDEX_PROXY,False,True
2025-02-28 20:00:00+00:00,38.673,38.766,38.51,38.565,167.225,4h,uploaded_csv,BTCDOM_INDEX_PROXY,False,True
2025-03-01 00:00:00+00:00,38.549,38.693,38.276,38.63,285.11,4h,uploaded_csv,BTCDOM_INDEX_PROXY,False,True
2025-03-01 04:00:00+00:00,38.632,38.925,38.614,38.79,276.202,4h,uploaded_csv,BTCDOM_INDEX_PROXY,False,True
2025-03-01 08:00:00+00:00,38.789,39.308,38.774,39.239,366.389,4h,uploaded_csv,BTCDOM_INDEX_PROXY,False,True
2025-03-01 12:00:00+00:00,39.221,39.638,39.156,39.341,567.958,4h,uploaded_csv,BTCDOM_INDEX_PROXY,False,True
2025-03-01 16:00:00+00:00,39.34,39.458,38.969,39.146,249.069,4h,uploaded_csv,BTCDOM_INDEX_PROXY,False,True
2025-03-01 20:00:00+00:00,39.145,39.384,38.983,39.218,164.599,4h,uploaded_csv,BTCDOM_INDEX_PROXY,False,True
2025-03-02 00:00:00+00:00,39.216,39.3,38.84,38.894,192.017,4h,uploaded_csv,BTCDOM_INDEX_PROXY,False,True
2025-03-02 04:00:00+00:00,38.89,38.983,38.678,38.949,112.954,4h,uploaded_csv,BTCDOM_INDEX_PROXY,False,True
2025-03-02 08:00:00+00:00,38.949,38.976,38.55,38.765,239.322,4h,uploaded_csv,BTCDOM_INDEX_PROXY,False,True
2025-03-02 12:00:00+00:00,38.765,39.22,37.15,37.848,1411.211,4h,uploaded_csv,BTCDOM_INDEX_PROXY,False,True
2025-03-02 16:00:00+00:00,37.84,37.875,36.036,37.061,2913.902,4h,uploaded_csv,BTCDOM_INDEX_PROXY,False,True
2025-03-02 20:00:00+00:00,37.068,37.277,36.72,36.748,403.42,4h,uploaded_csv,BTCDOM_INDEX_PROXY,False,True
2025-03-03 00:00:00+00:00,36.748,37.682,36.6,37.425,611.999,4h,uploaded_csv,BTCDOM_INDEX_PROXY,False,True
2025-03-03 04:00:00+00:00,37.414,38.394,37.343,38.232,563.379,4h,uploaded_csv,BTCDOM_INDEX_PROXY,False,True
2025-03-03 08:00:00+00:00,38.233,39.068,38.206,38.884,939.57,4h,uploaded_csv,BTCDOM_INDEX_PROXY,False,True
2025-03-03 12:00:00+00:00,38.89,38.981,38.37,38.61,696.613,4h,uploaded_csv,BTCDOM_INDEX_PROXY,False,True
2025-03-03 16:00:00+00:00,38.615,39.9,38.554,39.726,1403.764,4h,uploaded_csv,BTCDOM_INDEX_PROXY,False,True
2025-03-03 20:00:00+00:00,39.728,40.019,39.276,39.616,1043.38,4h,uploaded_csv,BTCDOM_INDEX_PROXY,False,True
2025-03-04 00:00:00+00:00,39.616,40.685,39.387,40.018,1589.048,4h,uploaded_csv,BTCDOM_INDEX_PROXY,False,True
2025-03-04 04:00:00+00:00,40.021,40.049,39.417,39.48,524.576,4h,uploaded_csv,BTCDOM_INDEX_PROXY,False,True
2025-03-04 08:00:00+00:00,39.48,39.7,39.229,39.476,453.155,4h,uploaded_csv,BTCDOM_INDEX_PROXY,False,True
2025-03-04 12:00:00+00:00,39.477,39.754,38.605,39.066,1488.99,4h,uploaded_csv,BTCDOM_INDEX_PROXY,False,True
2025-03-04 16:00:00+00:00,39.066,40.26,39.058,39.89,1401.639,4h,uploaded_csv,BTCDOM_INDEX_PROXY,False,True
2025-03-04 20:00:00+00:00,39.886,40.026,39.492,39.544,490.176,4h,uploaded_csv,BTCDOM_INDEX_PROXY,False,True
2025-03-05 00:00:00+00:00,39.544,39.61,39.191,39.566,288.14,4h,uploaded_csv,BTCDOM_INDEX_PROXY,False,True
2025-03-05 04:00:00+00:00,39.576,39.676,39.342,39.376,211.555,4h,uploaded_csv,BTCDOM_INDEX_PROXY,False,True
2025-03-05 08:00:00+00:00,39.38,39.918,38.961,39.869,422.99,4h,uploaded_csv,BTCDOM_INDEX_PROXY,False,True
2025-03-05 12:00:00+00:00,39.871,40.252,39.845,39.848,741.12,4h,uploaded_csv,BTCDOM_INDEX_PROXY,False,True
2025-03-05 16:00:00+00:00,39.848,40.27,39.722,39.809,440.046,4h,uploaded_csv,BTCDOM_INDEX_PROXY,False,True
2025-03-05 20:00:00+00:00,39.805,39.96,39.759,39.883,143.203,4h,uploaded_csv,BTCDOM_INDEX_PROXY,False,True
2025-03-06 00:00:00+00:00,39.883,39.985,39.656,39.753,318.411,4h,uploaded_csv,BTCDOM_INDEX_PROXY,False,True
2025-03-06 04:00:00+00:00,39.753,39.892,39.581,39.702,255.606,4h,uploaded_csv,BTCDOM_INDEX_PROXY,False,True
2025-03-06 08:00:00+00:00,39.705,39.747,39.042,39.218,425.138,4h,uploaded_csv,BTCDOM_INDEX_PROXY,False,True
2025-03-06 12:00:00+00:00,39.217,39.582,39.047,39.324,419.485,4h,uploaded_csv,BTCDOM_INDEX_PROXY,False,True
2025-03-06 16:00:00+00:00,39.326,39.496,39.185,39.275,254.11,4h,uploaded_csv,BTCDOM_INDEX_PROXY,False,True
2025-03-06 20:00:00+00:00,39.276,39.912,39.276,39.767,212.328,4h,uploaded_csv,BTCDOM_INDEX_PROXY,False,True
2025-03-07 00:00:00+00:00,39.768,40.174,39.5,39.565,1058.232,4h,uploaded_csv,BTCDOM_INDEX_PROXY,False,True
2025-03-07 04:00:00+00:00,39.573,39.688,39.419,39.445,181.825,4h,uploaded_csv,BTCDOM_INDEX_PROXY,False,True
2025-03-07 08:00:00+00:00,39.441,39.724,39.36,39.55,176.719,4h,uploaded_csv,BTCDOM_INDEX_PROXY,False,True
2025-03-07 12:00:00+00:00,39.551,39.91,39.307,39.321,521.665,4h,uploaded_csv,BTCDOM_INDEX_PROXY,False,True
2025-03-07 16:00:00+00:00,39.322,39.99,39.223,39.307,855.545,4h,uploaded_csv,BTCDOM_INDEX_PROXY,False,True
2025-03-07 20:00:00+00:00,39.307,39.98,39.052,39.872,594.022,4h,uploaded_csv,BTCDOM_INDEX_PROXY,False,True
2025-03-08 00:00:00+00:00,39.87,39.948,39.526,39.664,213.578,4h,uploaded_csv,BTCDOM_INDEX_PROXY,False,True
2025-03-08 04:00:00+00:00,39.662,39.908,39.567,39.715,238.294,4h,uploaded_csv,BTCDOM_INDEX_PROXY,False,True
2025-03-08 08:00:00+00:00,39.715,40.061,39.69,39.921,290.376,4h,uploaded_csv,BTCDOM_INDEX_PROXY,False,True
2025-03-08 12:00:00+00:00,39.921,39.985,39.49,39.641,392.743,4h,uploaded_csv,BTCDOM_INDEX_PROXY,False,True
2025-03-08 16:00:00+00:00,39.635,39.831,39.192,39.217,460.611,4h,uploaded_csv,BTCDOM_INDEX_PROXY,False,True
2025-03-08 20:00:00+00:00,39.219,39.703,39.2,39.626,200.548,4h,uploaded_csv,BTCDOM_INDEX_PROXY,False,True
2025-03-09 00:00:00+00:00,39.628,39.914,39.502,39.801,300.307,4h,uploaded_csv,BTCDOM_INDEX_PROXY,False,True
2025-03-09 04:00:00+00:00,39.801,39.85,39.588,39.642,208.953,4h,uploaded_csv,BTCDOM_INDEX_PROXY,False,True
2025-03-09 08:00:00+00:00,39.642,40.228,39.616,40.095,425.577,4h,uploaded_csv,BTCDOM_INDEX_PROXY,False,True
2025-03-09 12:00:00+00:00,40.099,40.375,39.935,40.26,553.522,4h,uploaded_csv,BTCDOM_INDEX_PROXY,False,True
2025-03-09 16:00:00+00:00,40.259,41.766,40.248,40.932,1713.83,4h,uploaded_csv,BTCDOM_INDEX_PROXY,False,True
2025-03-09 20:00:00+00:00,40.935,41.115,40.309,40.492,607.036,4h,uploaded_csv,BTCDOM_INDEX_PROXY,False,True
2025-03-10 00:00:00+00:00,40.491,40.763,40.244,40.493,560.078,4h,uploaded_csv,BTCDOM_INDEX_PROXY,False,True
2025-03-10 04:00:00+00:00,40.493,40.536,40.336,40.368,250.569,4h,uploaded_csv,BTCDOM_INDEX_PROXY,False,True
2025-03-10 08:00:00+00:00,40.363,40.552,39.703,40.228,633.018,4h,uploaded_csv,BTCDOM_INDEX_PROXY,False,True
2025-03-10 12:00:00+00:00,40.229,40.79,40.072,40.521,807.997,4h,uploaded_csv,BTCDOM_INDEX_PROXY,False,True
2025-03-10 16:00:00+00:00,40.525,42.409,40.362,41.842,1356.978,4h,uploaded_csv,BTCDOM_INDEX_PROXY,False,True
2025-03-10 20:00:00+00:00,41.842,42.436,41.723,42.189,530.651,4h,uploaded_csv,BTCDOM_INDEX_PROXY,False,True
2025-03-11 00:00:00+00:00,42.188,43.44,41.874,42.499,1350.573,4h,uploaded_csv,BTCDOM_INDEX_PROXY,False,True
2025-03-11 04:00:00+00:00,42.494,42.599,41.633,41.836,470.038,4h,uploaded_csv,BTCDOM_INDEX_PROXY,False,True
2025-03-11 08:00:00+00:00,41.836,42.26,41.668,42.068,396.195,4h,uploaded_csv,BTCDOM_INDEX_PROXY,False,True
2025-03-11 12:00:00+00:00,42.066,42.609,41.854,41.925,1057.884,4h,uploaded_csv,BTCDOM_INDEX_PROXY,False,True
2025-03-11 16:00:00+00:00,41.926,42.383,41.745,41.924,458.65,4h,uploaded_csv,BTCDOM_INDEX_PROXY,False,True
2025-03-11 20:00:00+00:00,41.92,42.5,41.883,42.461,270.587,4h,uploaded_csv,BTCDOM_INDEX_PROXY,False,True
2025-03-12 00:00:00+00:00,42.453,42.86,42.244,42.832,375.797,4h,uploaded_csv,BTCDOM_INDEX_PROXY,False,True
2025-03-12 04:00:00+00:00,42.832,42.98,42.0,42.292,378.841,4h,uploaded_csv,BTCDOM_INDEX_PROXY,False,True
2025-03-12 08:00:00+00:00,42.291,42.55,41.721,42.167,664.661,4h,uploaded_csv,BTCDOM_INDEX_PROXY,False,True
2025-03-12 12:00:00+00:00,42.16,42.562,41.959,42.235,637.804,4h,uploaded_csv,BTCDOM_INDEX_PROXY,False,True
2025-03-12 16:00:00+00:00,42.233,42.492,42.034,42.38,233.993,4h,uploaded_csv,BTCDOM_INDEX_PROXY,False,True
2025-03-12 20:00:00+00:00,42.386,42.44,42.135,42.342,147.198,4h,uploaded_csv,BTCDOM_INDEX_PROXY,False,True
2025-03-13 00:00:00+00:00,42.342,42.742,42.325,42.535,196.962,4h,uploaded_csv,BTCDOM_INDEX_PROXY,False,True
2025-03-13 04:00:00+00:00,42.542,42.767,42.45,42.587,146.5,4h,uploaded_csv,BTCDOM_INDEX_PROXY,False,True
2025-03-13 08:00:00+00:00,42.587,42.617,41.85,41.85,378.353,4h,uploaded_csv,BTCDOM_INDEX_PROXY,False,True
2025-03-13 12:00:00+00:00,41.851,41.945,41.274,41.334,676.275,4h,uploaded_csv,BTCDOM_INDEX_PROXY,False,True
2025-03-13 16:00:00+00:00,41.338,41.829,41.234,41.55,510.392,4h,uploaded_csv,BTCDOM_INDEX_PROXY,False,True
2025-03-13 20:00:00+00:00,41.556,41.983,41.514,41.666,210.979,4h,uploaded_csv,BTCDOM_INDEX_PROXY,False,True
2025-03-14 00:00:00+00:00,41.664,41.705,41.503,41.553,145.22,4h,uploaded_csv,BTCDOM_INDEX_PROXY,False,True
2025-03-14 04:00:00+00:00,41.549,41.709,41.395,41.696,118.758,4h,uploaded_csv,BTCDOM_INDEX_PROXY,False,True
2025-03-14 08:00:00+00:00,41.698,41.946,41.56,41.925,318.5,4h,uploaded_csv,BTCDOM_INDEX_PROXY,False,True
2025-03-14 12:00:00+00:00,41.919,42.11,41.343,41.942,522.714,4h,uploaded_csv,BTCDOM_INDEX_PROXY,False,True
2025-03-14 16:00:00+00:00,41.949,42.036,41.635,41.721,165.082,4h,uploaded_csv,BTCDOM_INDEX_PROXY,False,True
2025-03-14 20:00:00+00:00,41.723,41.847,41.555,41.656,104.606,4h,uploaded_csv,BTCDOM_INDEX_PROXY,False,True
2025-03-15 00:00:00+00:00,41.65,41.697,41.422,41.442,109.841,4h,uploaded_csv,BTCDOM_INDEX_PROXY,False,True
2025-03-15 04:00:00+00:00,41.437,41.5,41.109,41.378,412.2,4h,uploaded_csv,BTCDOM_INDEX_PROXY,False,True
2025-03-15 08:00:00+00:00,41.376,41.421,41.112,41.162,155.831,4h,uploaded_csv,BTCDOM_INDEX_PROXY,False,True
2025-03-15 12:00:00+00:00,41.158,41.208,41.001,41.002,197.071,4h,uploaded_csv,BTCDOM_INDEX_PROXY,False,True
2025-03-15 16:00:00+00:00,41.003,41.138,40.863,41.035,303.349,4h,uploaded_csv,BTCDOM_INDEX_PROXY,False,True
2025-03-15 20:00:00+00:00,41.035,41.052,40.676,40.952,260.404,4h,uploaded_csv,BTCDOM_INDEX_PROXY,False,True
2025-03-16 00:00:00+00:00,40.952,41.211,40.813,41.174,188.006,4h,uploaded_csv,BTCDOM_INDEX_PROXY,False,True
2025-03-16 04:00:00+00:00,41.174,41.26,41.048,41.22,88.202,4h,uploaded_csv,BTCDOM_INDEX_PROXY,False,True
2025-03-16 08:00:00+00:00,41.225,41.705,41.21,41.603,368.5,4h,uploaded_csv,BTCDOM_INDEX_PROXY,False,True
2025-03-16 12:00:00+00:00,41.603,41.893,41.495,41.844,311.297,4h,uploaded_csv,BTCDOM_INDEX_PROXY,False,True
2025-03-16 16:00:00+00:00,41.846,42.071,41.658,41.988,348.088,4h,uploaded_csv,BTCDOM_INDEX_PROXY,False,True
2025-03-16 20:00:00+00:00,41.986,42.068,41.456,41.63,291.426,4h,uploaded_csv,BTCDOM_INDEX_PROXY,False,True
2025-03-17 00:00:00+00:00,41.633,41.652,41.234,41.382,283.629,4h,uploaded_csv,BTCDOM_INDEX_PROXY,False,True
2025-03-17 04:00:00+00:00,41.376,41.51,41.251,41.363,241.429,4h,uploaded_csv,BTCDOM_INDEX_PROXY,False,True
2025-03-17 08:00:00+00:00,41.369,41.415,41.032,41.239,251.702,4h,uploaded_csv,BTCDOM_INDEX_PROXY,False,True
2025-03-17 12:00:00+00:00,41.239,41.34,40.964,41.164,243.054,4h,uploaded_csv,BTCDOM_INDEX_PROXY,False,True
2025-03-17 16:00:00+00:00,41.164,41.394,41.105,41.258,148.241,4h,uploaded_csv,BTCDOM_INDEX_PROXY,False,True
2025-03-17 20:00:00+00:00,41.266,41.363,41.135,41.293,139.281,4h,uploaded_csv,BTCDOM_INDEX_PROXY,False,True
2025-03-18 00:00:00+00:00,41.295,41.638,41.241,41.579,148.386,4h,uploaded_csv,BTCDOM_INDEX_PROXY,False,True
2025-03-18 04:00:00+00:00,41.59,41.6,41.29,41.429,322.254,4h,uploaded_csv,BTCDOM_INDEX_PROXY,False,True
2025-03-18 08:00:00+00:00,41.43,41.481,41.225,41.478,223.637,4h,uploaded_csv,BTCDOM_INDEX_PROXY,False,True
2025-03-18 12:00:00+00:00,41.478,41.526,41.14,41.333,462.351,4h,uploaded_csv,BTCDOM_INDEX_PROXY,False,True
2025-03-18 16:00:00+00:00,41.333,41.375,41.12,41.178,98.202,4h,uploaded_csv,BTCDOM_INDEX_PROXY,False,True
2025-03-18 20:00:00+00:00,41.177,41.177,40.919,40.991,177.737,4h,uploaded_csv,BTCDOM_INDEX_PROXY,False,True
2025-03-19 00:00:00+00:00,40.991,41.17,40.874,41.007,175.039,4h,uploaded_csv,BTCDOM_INDEX_PROXY,False,True
2025-03-19 04:00:00+00:00,41.004,41.245,40.98,41.239,191.836,4h,uploaded_csv,BTCDOM_INDEX_PROXY,False,True
2025-03-19 08:00:00+00:00,41.236,41.346,40.332,40.442,943.317,4h,uploaded_csv,BTCDOM_INDEX_PROXY,False,True
2025-03-19 12:00:00+00:00,40.449,40.853,39.617,39.832,1582.253,4h,uploaded_csv,BTCDOM_INDEX_PROXY,False,True
2025-03-19 16:00:00+00:00,39.828,40.451,39.734,40.449,565.871,4h,uploaded_csv,BTCDOM_INDEX_PROXY,False,True
2025-03-19 20:00:00+00:00,40.435,40.566,40.244,40.517,154.701,4h,uploaded_csv,BTCDOM_INDEX_PROXY,False,True
2025-03-20 00:00:00+00:00,40.517,40.75,40.438,40.604,325.077,4h,uploaded_csv,BTCDOM_INDEX_PROXY,False,True
2025-03-20 04:00:00+00:00,40.61,40.833,40.569,40.769,227.636,4h,uploaded_csv,BTCDOM_INDEX_PROXY,False,True
2025-03-20 08:00:00+00:00,40.77,40.795,40.368,40.764,468.757,4h,uploaded_csv,BTCDOM_INDEX_PROXY,False,True
2025-03-20 12:00:00+00:00,40.767,41.123,40.65,40.83,348.628,4h,uploaded_csv,BTCDOM_INDEX_PROXY,False,True
2025-03-20 16:00:00+00:00,40.835,40.949,40.608,40.636,165.864,4h,uploaded_csv,BTCDOM_INDEX_PROXY,False,True
2025-03-20 20:00:00+00:00,40.639,40.705,40.536,40.555,128.52,4h,uploaded_csv,BTCDOM_INDEX_PROXY,False,True
2025-03-21 00:00:00+00:00,40.555,40.806,40.519,40.787,130.909,4h,uploaded_csv,BTCDOM_INDEX_PROXY,False,True
2025-03-21 04:00:00+00:00,40.79,40.874,40.581,40.588,251.671,4h,uploaded_csv,BTCDOM_INDEX_PROXY,False,True
2025-03-21 08:00:00+00:00,40.593,41.037,40.55,40.859,419.92,4h,uploaded_csv,BTCDOM_INDEX_PROXY,False,True
2025-03-21 12:00:00+00:00,40.855,41.27,40.787,40.934,430.113,4h,uploaded_csv,BTCDOM_INDEX_PROXY,False,True
2025-03-21 16:00:00+00:00,40.934,41.039,40.654,40.659,201.868,4h,uploaded_csv,BTCDOM_INDEX_PROXY,False,True
2025-03-21 20:00:00+00:00,40.654,41.119,40.621,40.908,355.241,4h,uploaded_csv,BTCDOM_INDEX_PROXY,False,True
2025-03-22 00:00:00+00:00,40.907,40.93,40.656,40.777,233.545,4h,uploaded_csv,BTCDOM_INDEX_PROXY,False,True
2025-03-22 04:00:00+00:00,40.781,41.1,40.649,40.759,296.227,4h,uploaded_csv,BTCDOM_INDEX_PROXY,False,True
2025-03-22 08:00:00+00:00,40.76,40.859,40.435,40.669,267.418,4h,uploaded_csv,BTCDOM_INDEX_PROXY,False,True
2025-03-22 12:00:00+00:00,40.67,40.877,40.591,40.768,180.271,4h,uploaded_csv,BTCDOM_INDEX_PROXY,False,True
2025-03-22 16:00:00+00:00,40.773,40.875,40.458,40.637,254.07,4h,uploaded_csv,BTCDOM_INDEX_PROXY,False,True
2025-03-22 20:00:00+00:00,40.638,40.904,40.465,40.761,247.046,4h,uploaded_csv,BTCDOM_INDEX_PROXY,False,True
2025-03-23 00:00:00+00:00,40.761,40.865,40.461,40.57,335.419,4h,uploaded_csv,BTCDOM_INDEX_PROXY,False,True
2025-03-23 04:00:00+00:00,40.566,40.746,40.436,40.54,203.865,4h,uploaded_csv,BTCDOM_INDEX_PROXY,False,True
2025-03-23 08:00:00+00:00,40.538,40.68,40.471,40.652,205.054,4h,uploaded_csv,BTCDOM_INDEX_PROXY,False,True
2025-03-23 12:00:00+00:00,40.65,40.918,40.6,40.918,155.193,4h,uploaded_csv,BTCDOM_INDEX_PROXY,False,True
2025-03-23 16:00:00+00:00,40.918,41.176,40.885,41.057,374.873,4h,uploaded_csv,BTCDOM_INDEX_PROXY,False,True
2025-03-23 20:00:00+00:00,41.058,41.3,41.021,41.192,169.892,4h,uploaded_csv,BTCDOM_INDEX_PROXY,False,True
2025-03-24 00:00:00+00:00,41.191,41.431,40.907,41.149,539.38,4h,uploaded_csv,BTCDOM_INDEX_PROXY,False,True
2025-03-24 04:00:00+00:00,41.138,41.191,40.355,40.812,777.328,4h,uploaded_csv,BTCDOM_INDEX_PROXY,False,True
2025-03-24 08:00:00+00:00,40.812,40.813,40.403,40.688,268.165,4h,uploaded_csv,BTCDOM_INDEX_PROXY,False,True
2025-03-24 12:00:00+00:00,40.683,40.893,40.605,40.861,197.395,4h,uploaded_csv,BTCDOM_INDEX_PROXY,False,True
2025-03-24 16:00:00+00:00,40.865,40.928,40.71,40.766,96.124,4h,uploaded_csv,BTCDOM_INDEX_PROXY,False,True
2025-03-24 20:00:00+00:00,40.755,40.869,40.627,40.662,148.774,4h,uploaded_csv,BTCDOM_INDEX_PROXY,False,True
2025-03-25 00:00:00+00:00,40.674,40.719,40.481,40.708,128.825,4h,uploaded_csv,BTCDOM_INDEX_PROXY,False,True
2025-03-25 04:00:00+00:00,40.709,40.737,40.431,40.468,120.205,4h,uploaded_csv,BTCDOM_INDEX_PROXY,False,True
2025-03-25 08:00:00+00:00,40.468,40.589,40.389,40.584,169.468,4h,uploaded_csv,BTCDOM_INDEX_PROXY,False,True
2025-03-25 12:00:00+00:00,40.585,40.719,40.428,40.665,153.463,4h,uploaded_csv,BTCDOM_INDEX_PROXY,False,True
2025-03-25 16:00:00+00:00,40.663,40.842,40.52,40.721,169.637,4h,uploaded_csv,BTCDOM_INDEX_PROXY,False,True
2025-03-25 20:00:00+00:00,40.721,40.82,40.528,40.556,103.976,4h,uploaded_csv,BTCDOM_INDEX_PROXY,False,True
2025-03-26 00:00:00+00:00,40.557,40.776,40.46,40.694,144.728,4h,uploaded_csv,BTCDOM_INDEX_PROXY,False,True
2025-03-26 04:00:00+00:00,40.695,40.71,40.551,40.574,85.493,4h,uploaded_csv,BTCDOM_INDEX_PROXY,False,True
2025-03-26 08:00:00+00:00,40.575,40.62,40.462,40.522,107.706,4h,uploaded_csv,BTCDOM_INDEX_PROXY,False,True
2025-03-26 12:00:00+00:00,40.523,40.96,40.504,40.924,464.291,4h,uploaded_csv,BTCDOM_INDEX_PROXY,False,True
2025-03-26 16:00:00+00:00,40.924,41.221,40.8,41.221,269.917,4h,uploaded_csv,BTCDOM_INDEX_PROXY,False,True
2025-03-26 20:00:00+00:00,41.221,41.6,41.221,41.371,298.204,4h,uploaded_csv,BTCDOM_INDEX_PROXY,False,True
2025-03-27 00:00:00+00:00,41.359,41.439,41.104,41.188,150.908,4h,uploaded_csv,BTCDOM_INDEX_PROXY,False,True
2025-03-27 04:00:00+00:00,41.183,41.29,41.074,41.112,68.145,4h,uploaded_csv,BTCDOM_INDEX_PROXY,False,True
2025-03-27 08:00:00+00:00,41.11,41.23,41.05,41.197,118.683,4h,uploaded_csv,BTCDOM_INDEX_PROXY,False,True
2025-03-27 12:00:00+00:00,41.197,41.3,40.986,41.242,287.166,4h,uploaded_csv,BTCDOM_INDEX_PROXY,False,True
2025-03-27 16:00:00+00:00,41.244,41.409,41.16,41.242,142.563,4h,uploaded_csv,BTCDOM_INDEX_PROXY,False,True
2025-03-27 20:00:00+00:00,41.248,41.363,41.192,41.35,63.814,4h,uploaded_csv,BTCDOM_INDEX_PROXY,False,True
2025-03-28 00:00:00+00:00,41.35,41.598,41.298,41.4,194.549,4h,uploaded_csv,BTCDOM_INDEX_PROXY,False,True
2025-03-28 04:00:00+00:00,41.406,42.5,41.361,42.201,1118.521,4h,uploaded_csv,BTCDOM_INDEX_PROXY,False,True
2025-03-28 08:00:00+00:00,42.204,42.598,42.057,42.255,488.303,4h,uploaded_csv,BTCDOM_INDEX_PROXY,False,True
2025-03-28 12:00:00+00:00,42.247,42.569,42.088,42.3,365.845,4h,uploaded_csv,BTCDOM_INDEX_PROXY,False,True
2025-03-28 16:00:00+00:00,42.283,42.417,42.113,42.264,250.955,4h,uploaded_csv,BTCDOM_INDEX_PROXY,False,True
2025-03-28 20:00:00+00:00,42.259,42.408,42.125,42.199,136.862,4h,uploaded_csv,BTCDOM_INDEX_PROXY,False,True
2025-03-29 00:00:00+00:00,42.204,42.577,42.027,42.311,524.192,4h,uploaded_csv,BTCDOM_INDEX_PROXY,False,True
2025-03-29 04:00:00+00:00,42.311,42.856,42.222,42.744,325.184,4h,uploaded_csv,BTCDOM_INDEX_PROXY,False,True
2025-03-29 08:00:00+00:00,42.745,42.998,42.638,42.761,350.2,4h,uploaded_csv,BTCDOM_INDEX_PROXY,False,True
2025-03-29 12:00:00+00:00,42.758,42.758,42.42,42.634,384.002,4h,uploaded_csv,BTCDOM_INDEX_PROXY,False,True
2025-03-29 16:00:00+00:00,42.633,43.068,42.529,42.844,392.013,4h,uploaded_csv,BTCDOM_INDEX_PROXY,False,True
2025-03-29 20:00:00+00:00,42.845,43.146,42.82,42.862,242.185,4h,uploaded_csv,BTCDOM_INDEX_PROXY,False,True
2025-03-30 00:00:00+00:00,42.857,43.122,42.535,42.666,249.465,4h,uploaded_csv,BTCDOM_INDEX_PROXY,False,True
2025-03-30 04:00:00+00:00,42.672,42.712,42.487,42.668,144.617,4h,uploaded_csv,BTCDOM_INDEX_PROXY,False,True
2025-03-30 08:00:00+00:00,42.668,42.935,42.593,42.834,273.711,4h,uploaded_csv,BTCDOM_INDEX_PROXY,False,True
2025-03-30 12:00:00+00:00,42.834,43.249,42.783,42.996,472.16,4h,uploaded_csv,BTCDOM_INDEX_PROXY,False,True
2025-03-30 16:00:00+00:00,43.0,43.217,42.56,42.821,204.8,4h,uploaded_csv,BTCDOM_INDEX_PROXY,False,True
2025-03-30 20:00:00+00:00,42.82,43.204,42.759,42.934,222.3,4h,uploaded_csv,BTCDOM_INDEX_PROXY,False,True
2025-03-31 00:00:00+00:00,42.932,43.192,42.6,42.955,363.545,4h,uploaded_csv,BTCDOM_INDEX_PROXY,False,True
2025-03-31 04:00:00+00:00,42.959,43.38,42.801,43.282,252.389,4h,uploaded_csv,BTCDOM_INDEX_PROXY,False,True
2025-03-31 08:00:00+00:00,43.28,43.664,43.152,43.28,562.492,4h,uploaded_csv,BTCDOM_INDEX_PROXY,False,True
2025-03-31 12:00:00+00:00,43.277,43.405,43.035,43.135,425.24,4h,uploaded_csv,BTCDOM_INDEX_PROXY,False,True
2025-03-31 16:00:00+00:00,43.136,43.298,42.955,42.975,193.904,4h,uploaded_csv,BTCDOM_INDEX_PROXY,False,True
2025-03-31 20:00:00+00:00,42.976,43.107,42.899,43.081,228.281,4h,uploaded_csv,BTCDOM_INDEX_PROXY,False,True
2025-04-01 00:00:00+00:00,43.081,43.226,42.91,42.989,238.521,4h,uploaded_csv,BTCDOM_INDEX_PROXY,False,True
2025-04-01 04:00:00+00:00,42.988,43.064,42.794,43.034,217.728,4h,uploaded_csv,BTCDOM_INDEX_PROXY,False,True
2025-04-01 08:00:00+00:00,43.034,43.065,42.4,42.946,579.451,4h,uploaded_csv,BTCDOM_INDEX_PROXY,False,True
2025-04-01 12:00:00+00:00,42.946,42.952,42.501,42.76,448.962,4h,uploaded_csv,BTCDOM_INDEX_PROXY,False,True
2025-04-01 16:00:00+00:00,42.761,43.162,42.728,43.018,188.883,4h,uploaded_csv,BTCDOM_INDEX_PROXY,False,True
2025-04-01 20:00:00+00:00,43.017,43.233,42.941,43.142,301.877,4h,uploaded_csv,BTCDOM_INDEX_PROXY,False,True
2025-04-02 00:00:00+00:00,43.142,43.754,43.142,43.537,496.816,4h,uploaded_csv,BTCDOM_INDEX_PROXY,False,True
2025-04-02 04:00:00+00:00,43.538,43.794,43.487,43.565,509.129,4h,uploaded_csv,BTCDOM_INDEX_PROXY,False,True
2025-04-02 08:00:00+00:00,43.565,43.604,43.446,43.499,361.643,4h,uploaded_csv,BTCDOM_INDEX_PROXY,False,True
2025-04-02 12:00:00+00:00,43.498,43.97,43.493,43.67,966.486,4h,uploaded_csv,BTCDOM_INDEX_PROXY,False,True
2025-04-02 16:00:00+00:00,43.669,44.05,43.548,43.722,752.962,4h,uploaded_csv,BTCDOM_INDEX_PROXY,False,True
2025-04-02 20:00:00+00:00,43.721,44.576,43.38,44.194,2665.114,4h,uploaded_csv,BTCDOM_INDEX_PROXY,False,True
2025-04-03 00:00:00+00:00,44.194,44.286,43.876,43.911,668.245,4h,uploaded_csv,BTCDOM_INDEX_PROXY,False,True
2025-04-03 04:00:00+00:00,43.909,44.245,43.658,44.162,566.79,4h,uploaded_csv,BTCDOM_INDEX_PROXY,False,True
2025-04-03 08:00:00+00:00,44.163,44.806,44.11,44.591,1338.049,4h,uploaded_csv,BTCDOM_INDEX_PROXY,False,True
2025-04-03 12:00:00+00:00,44.591,45.0,44.42,44.498,1452.96,4h,uploaded_csv,BTCDOM_INDEX_PROXY,False,True
2025-04-03 16:00:00+00:00,44.497,44.571,44.06,44.118,857.334,4h,uploaded_csv,BTCDOM_INDEX_PROXY,False,True
2025-04-03 20:00:00+00:00,44.118,44.33,43.985,44.164,524.93,4h,uploaded_csv,BTCDOM_INDEX_PROXY,False,True
2025-04-04 00:00:00+00:00,44.163,44.663,44.142,44.37,1472.643,4h,uploaded_csv,BTCDOM_INDEX_PROXY,False,True
2025-04-04 04:00:00+00:00,44.37,44.416,43.81,44.248,581.972,4h,uploaded_csv,BTCDOM_INDEX_PROXY,False,True
2025-04-04 08:00:00+00:00,44.249,44.59,44.249,44.59,1117.712,4h,uploaded_csv,BTCDOM_INDEX_PROXY,False,True
2025-04-04 12:00:00+00:00,44.59,44.649,43.7,43.856,1830.32,4h,uploaded_csv,BTCDOM_INDEX_PROXY,False,True
2025-04-04 16:00:00+00:00,43.854,44.208,43.828,44.121,645.815,4h,uploaded_csv,BTCDOM_INDEX_PROXY,False,True
2025-04-04 20:00:00+00:00,44.121,44.122,43.904,43.966,261.826,4h,uploaded_csv,BTCDOM_INDEX_PROXY,False,True
2025-04-05 00:00:00+00:00,43.966,44.167,43.75,44.081,352.922,4h,uploaded_csv,BTCDOM_INDEX_PROXY,False,True
2025-04-05 04:00:00+00:00,44.079,44.132,43.91,43.927,238.637,4h,uploaded_csv,BTCDOM_INDEX_PROXY,False,True
2025-04-05 08:00:00+00:00,43.928,43.995,43.803,43.86,151.445,4h,uploaded_csv,BTCDOM_INDEX_PROXY,False,True
2025-04-05 12:00:00+00:00,43.861,44.104,43.844,44.08,338.715,4h,uploaded_csv,BTCDOM_INDEX_PROXY,False,True
2025-04-05 16:00:00+00:00,44.08,44.161,43.994,44.152,399.822,4h,uploaded_csv,BTCDOM_INDEX_PROXY,False,True
2025-04-05 20:00:00+00:00,44.152,44.316,43.898,44.065,389.235,4h,uploaded_csv,BTCDOM_INDEX_PROXY,False,True
2025-04-06 00:00:00+00:00,44.066,44.217,43.945,44.12,122.358,4h,uploaded_csv,BTCDOM_INDEX_PROXY,False,True
2025-04-06 04:00:00+00:00,44.119,44.387,44.11,44.363,312.594,4h,uploaded_csv,BTCDOM_INDEX_PROXY,False,True
2025-04-06 08:00:00+00:00,44.363,44.451,43.285,44.358,656.977,4h,uploaded_csv,BTCDOM_INDEX_PROXY,False,True
2025-04-06 12:00:00+00:00,44.359,45.028,44.33,44.84,841.168,4h,uploaded_csv,BTCDOM_INDEX_PROXY,False,True
2025-04-06 16:00:00+00:00,44.841,45.977,44.799,45.92,1633.538,4h,uploaded_csv,BTCDOM_INDEX_PROXY,False,True
2025-04-06 20:00:00+00:00,45.921,46.774,45.872,46.417,1760.148,4h,uploaded_csv,BTCDOM_INDEX_PROXY,False,True
2025-04-07 00:00:00+00:00,46.418,47.667,46.035,47.269,1702.74,4h,uploaded_csv,BTCDOM_INDEX_PROXY,False,True
2025-04-07 04:00:00+00:00,47.263,50.0,46.796,48.419,4220.882,4h,uploaded_csv,BTCDOM_INDEX_PROXY,False,True
2025-04-07 08:00:00+00:00,48.419,48.566,47.461,48.014,2292.411,4h,uploaded_csv,BTCDOM_INDEX_PROXY,False,True
2025-04-07 12:00:00+00:00,48.015,48.165,46.191,46.803,3931.842,4h,uploaded_csv,BTCDOM_INDEX_PROXY,False,True
2025-04-07 16:00:00+00:00,46.805,47.126,46.637,46.716,829.213,4h,uploaded_csv,BTCDOM_INDEX_PROXY,False,True
2025-04-07 20:00:00+00:00,46.717,47.091,46.299,46.869,762.944,4h,uploaded_csv,BTCDOM_INDEX_PROXY,False,True
2025-04-08 00:00:00+00:00,46.869,47.179,45.61,46.518,1283.399,4h,uploaded_csv,BTCDOM_INDEX_PROXY,False,True
2025-04-08 04:00:00+00:00,46.519,46.97,46.291,46.778,1094.104,4h,uploaded_csv,BTCDOM_INDEX_PROXY,False,True
2025-04-08 08:00:00+00:00,46.779,46.994,46.007,46.096,716.544,4h,uploaded_csv,BTCDOM_INDEX_PROXY,False,True
2025-04-08 12:00:00+00:00,46.095,46.777,46.05,46.629,1611.575,4h,uploaded_csv,BTCDOM_INDEX_PROXY,False,True
2025-04-08 16:00:00+00:00,46.629,47.547,46.529,47.417,1849.98,4h,uploaded_csv,BTCDOM_INDEX_PROXY,False,True
2025-04-08 20:00:00+00:00,47.416,47.521,47.089,47.103,602.682,4h,uploaded_csv,BTCDOM_INDEX_PROXY,False,True
2025-04-09 00:00:00+00:00,47.103,48.204,46.973,47.625,1740.13,4h,uploaded_csv,BTCDOM_INDEX_PROXY,False,True
2025-04-09 04:00:00+00:00,47.626,47.754,47.248,47.272,723.444,4h,uploaded_csv,BTCDOM_INDEX_PROXY,False,True
2025-04-09 08:00:00+00:00,47.273,47.466,46.908,47.417,731.34,4h,uploaded_csv,BTCDOM_INDEX_PROXY,False,True
2025-04-09 12:00:00+00:00,47.417,47.705,46.918,47.043,806.021,4h,uploaded_csv,BTCDOM_INDEX_PROXY,False,True
2025-04-09 16:00:00+00:00,47.043,47.111,45.404,45.971,3475.018,4h,uploaded_csv,BTCDOM_INDEX_PROXY,False,True
2025-04-09 20:00:00+00:00,45.971,46.007,45.522,45.555,994.86,4h,uploaded_csv,BTCDOM_INDEX_PROXY,False,True
2025-04-10 00:00:00+00:00,45.555,46.591,45.552,46.288,669.946,4h,uploaded_csv,BTCDOM_INDEX_PROXY,False,True
2025-04-10 04:00:00+00:00,46.289,46.554,46.21,46.461,401.453,4h,uploaded_csv,BTCDOM_INDEX_PROXY,False,True
2025-04-10 08:00:00+00:00,46.461,46.767,46.416,46.688,301.921,4h,uploaded_csv,BTCDOM_INDEX_PROXY,False,True
2025-04-10 12:00:00+00:00,46.687,47.19,46.247,46.804,1102.787,4h,uploaded_csv,BTCDOM_INDEX_PROXY,False,True
2025-04-10 16:00:00+00:00,46.804,47.123,46.575,46.716,526.787,4h,uploaded_csv,BTCDOM_INDEX_PROXY,False,True
2025-04-10 20:00:00+00:00,46.717,46.722,46.384,46.456,306.648,4h,uploaded_csv,BTCDOM_INDEX_PROXY,False,True
2025-04-11 00:00:00+00:00,46.455,46.524,46.0,46.475,486.002,4h,uploaded_csv,BTCDOM_INDEX_PROXY,False,True
2025-04-11 04:00:00+00:00,46.476,46.541,46.264,46.506,284.734,4h,uploaded_csv,BTCDOM_INDEX_PROXY,False,True
2025-04-11 08:00:00+00:00,46.507,46.993,46.413,46.835,476.623,4h,uploaded_csv,BTCDOM_INDEX_PROXY,False,True
2025-04-11 12:00:00+00:00,46.834,47.029,46.694,46.915,372.884,4h,uploaded_csv,BTCDOM_INDEX_PROXY,False,True
2025-04-11 16:00:00+00:00,46.915,47.266,46.818,47.24,292.329,4h,uploaded_csv,BTCDOM_INDEX_PROXY,False,True
2025-04-11 20:00:00+00:00,47.241,47.258,46.993,47.134,182.955,4h,uploaded_csv,BTCDOM_INDEX_PROXY,False,True
2025-04-12 00:00:00+00:00,47.135,47.428,47.113,47.18,253.261,4h,uploaded_csv,BTCDOM_INDEX_PROXY,False,True
2025-04-12 04:00:00+00:00,47.181,47.228,46.732,46.738,290.872,4h,uploaded_csv,BTCDOM_INDEX_PROXY,False,True
2025-04-12 08:00:00+00:00,46.739,46.762,46.351,46.387,1048.148,4h,uploaded_csv,BTCDOM_INDEX_PROXY,False,True
2025-04-12 12:00:00+00:00,46.387,46.54,45.309,45.645,2712.796,4h,uploaded_csv,BTCDOM_INDEX_PROXY,False,True
2025-04-12 16:00:00+00:00,45.645,46.05,45.538,45.923,445.887,4h,uploaded_csv,BTCDOM_INDEX_PROXY,False,True
2025-04-12 20:00:00+00:00,45.923,45.965,45.757,45.805,310.465,4h,uploaded_csv,BTCDOM_INDEX_PROXY,False,True
2025-04-13 00:00:00+00:00,45.805,46.358,45.803,46.274,626.61,4h,uploaded_csv,BTCDOM_INDEX_PROXY,False,True
2025-04-13 04:00:00+00:00,46.275,46.467,46.096,46.105,1124.212,4h,uploaded_csv,BTCDOM_INDEX_PROXY,False,True
2025-04-13 08:00:00+00:00,46.106,46.223,45.5,45.944,1306.287,4h,uploaded_csv,BTCDOM_INDEX_PROXY,False,True
2025-04-13 12:00:00+00:00,45.943,46.456,45.917,46.207,2192.451,4h,uploaded_csv,BTCDOM_INDEX_PROXY,False,True
2025-04-13 16:00:00+00:00,46.206,56.5,45.745,52.866,7997.792,4h,uploaded_csv,BTCDOM_INDEX_PROXY,False,True
2025-04-13 20:00:00+00:00,52.856,52.962,48.603,51.911,8276.321,4h,uploaded_csv,BTCDOM_INDEX_PROXY,False,True
2025-04-14 00:00:00+00:00,51.911,52.858,50.965,51.325,2508.525,4h,uploaded_csv,BTCDOM_INDEX_PROXY,False,True
2025-04-14 04:00:00+00:00,51.326,51.754,51.146,51.376,869.555,4h,uploaded_csv,BTCDOM_INDEX_PROXY,False,True
2025-04-14 08:00:00+00:00,51.374,51.499,50.466,50.813,1582.741,4h,uploaded_csv,BTCDOM_INDEX_PROXY,False,True
2025-04-14 12:00:00+00:00,50.811,51.801,50.772,51.687,732.438,4h,uploaded_csv,BTCDOM_INDEX_PROXY,False,True
2025-04-14 16:00:00+00:00,51.683,52.097,51.29,51.543,1630.668,4h,uploaded_csv,BTCDOM_INDEX_PROXY,False,True
2025-04-14 20:00:00+00:00,51.544,52.316,51.543,51.78,1022.581,4h,uploaded_csv,BTCDOM_INDEX_PROXY,False,True
2025-04-15 00:00:00+00:00,51.78,52.198,51.744,51.794,509.833,4h,uploaded_csv,BTCDOM_INDEX_PROXY,False,True
2025-04-15 04:00:00+00:00,51.795,52.207,51.795,51.903,373.012,4h,uploaded_csv,BTCDOM_INDEX_PROXY,False,True
2025-04-15 08:00:00+00:00,51.903,53.33,51.726,52.215,667.909,4h,uploaded_csv,BTCDOM_INDEX_PROXY,False,True
2025-04-15 12:00:00+00:00,52.216,53.246,51.831,52.311,1017.845,4h,uploaded_csv,BTCDOM_INDEX_PROXY,False,True
2025-04-15 16:00:00+00:00,52.309,52.531,52.1,52.112,357.599,4h,uploaded_csv,BTCDOM_INDEX_PROXY,False,True
2025-04-15 20:00:00+00:00,52.111,52.552,51.822,52.487,323.796,4h,uploaded_csv,BTCDOM_INDEX_PROXY,False,True
2025-04-16 00:00:00+00:00,52.489,52.653,52.185,52.365,670.319,4h,uploaded_csv,BTCDOM_INDEX_PROXY,False,True
2025-04-16 04:00:00+00:00,52.365,52.893,52.297,52.82,367.713,4h,uploaded_csv,BTCDOM_INDEX_PROXY,False,True
2025-04-16 08:00:00+00:00,52.82,53.118,52.685,52.786,400.205,4h,uploaded_csv,BTCDOM_INDEX_PROXY,False,True
2025-04-16 12:00:00+00:00,52.787,53.09,52.689,52.881,382.648,4h,uploaded_csv,BTCDOM_INDEX_PROXY,False,True
2025-04-16 16:00:00+00:00,52.882,53.377,52.337,52.49,750.734,4h,uploaded_csv,BTCDOM_INDEX_PROXY,False,True
2025-04-16 20:00:00+00:00,52.491,52.84,52.399,52.562,337.274,4h,uploaded_csv,BTCDOM_INDEX_PROXY,False,True
2025-04-17 00:00:00+00:00,52.565,52.755,52.467,52.623,248.986,4h,uploaded_csv,BTCDOM_INDEX_PROXY,False,True
2025-04-17 04:00:00+00:00,52.623,52.644,52.246,52.361,229.624,4h,uploaded_csv,BTCDOM_INDEX_PROXY,False,True
2025-04-17 08:00:00+00:00,52.359,52.578,52.317,52.366,258.199,4h,uploaded_csv,BTCDOM_INDEX_PROXY,False,True
2025-04-17 12:00:00+00:00,52.365,52.759,52.284,52.524,346.5,4h,uploaded_csv,BTCDOM_INDEX_PROXY,False,True
2025-04-17 16:00:00+00:00,52.524,52.742,52.05,52.695,1270.871,4h,uploaded_csv,BTCDOM_INDEX_PROXY,False,True
2025-04-17 20:00:00+00:00,52.69,52.739,52.504,52.687,252.816,4h,uploaded_csv,BTCDOM_INDEX_PROXY,False,True
2025-04-18 00:00:00+00:00,52.688,52.957,52.667,52.706,325.078,4h,uploaded_csv,BTCDOM_INDEX_PROXY,False,True
2025-04-18 04:00:00+00:00,52.707,52.858,52.517,52.517,471.34,4h,uploaded_csv,BTCDOM_INDEX_PROXY,False,True
2025-04-18 08:00:00+00:00,52.518,52.559,52.36,52.417,225.095,4h,uploaded_csv,BTCDOM_INDEX_PROXY,False,True
2025-04-18 12:00:00+00:00,52.417,52.57,52.257,52.497,182.147,4h,uploaded_csv,BTCDOM_INDEX_PROXY,False,True
2025-04-18 16:00:00+00:00,52.497,52.517,52.161,52.234,181.484,4h,uploaded_csv,BTCDOM_INDEX_PROXY,False,True
2025-04-18 20:00:00+00:00,52.234,52.463,52.149,52.406,112.589,4h,uploaded_csv,BTCDOM_INDEX_PROXY,False,True
2025-04-19 00:00:00+00:00,52.407,52.492,52.135,52.147,156.288,4h,uploaded_csv,BTCDOM_INDEX_PROXY,False,True
2025-04-19 04:00:00+00:00,52.145,52.3,52.008,52.2,209.399,4h,uploaded_csv,BTCDOM_INDEX_PROXY,False,True
2025-04-19 08:00:00+00:00,52.201,52.463,52.169,52.392,144.725,4h,uploaded_csv,BTCDOM_INDEX_PROXY,False,True
2025-04-19 12:00:00+00:00,52.393,52.537,52.291,52.338,116.324,4h,uploaded_csv,BTCDOM_INDEX_PROXY,False,True
2025-04-19 16:00:00+00:00,52.338,52.39,52.014,52.093,194.773,4h,uploaded_csv,BTCDOM_INDEX_PROXY,False,True
2025-04-19 20:00:00+00:00,52.093,52.128,52.0,52.04,204.93,4h,uploaded_csv,BTCDOM_INDEX_PROXY,False,True
2025-04-20 00:00:00+00:00,52.041,52.074,51.5,52.001,876.934,4h,uploaded_csv,BTCDOM_INDEX_PROXY,False,True
2025-04-20 04:00:00+00:00,52.0,52.317,51.916,52.124,255.252,4h,uploaded_csv,BTCDOM_INDEX_PROXY,False,True
2025-04-20 08:00:00+00:00,52.128,52.519,52.025,52.48,566.027,4h,uploaded_csv,BTCDOM_INDEX_PROXY,False,True
2025-04-20 12:00:00+00:00,52.485,52.514,52.356,52.483,315.653,4h,uploaded_csv,BTCDOM_INDEX_PROXY,False,True
2025-04-20 16:00:00+00:00,52.484,52.508,52.144,52.183,112.018,4h,uploaded_csv,BTCDOM_INDEX_PROXY,False,True
2025-04-20 20:00:00+00:00,52.184,52.589,52.127,52.45,201.295,4h,uploaded_csv,BTCDOM_INDEX_PROXY,False,True
2025-04-21 00:00:00+00:00,52.451,52.919,52.345,52.631,814.34,4h,uploaded_csv,BTCDOM_INDEX_PROXY,False,True
2025-04-21 04:00:00+00:00,52.632,52.694,52.166,52.327,644.617,4h,uploaded_csv,BTCDOM_INDEX_PROXY,False,True
2025-04-21 08:00:00+00:00,52.327,52.651,52.256,52.527,547.524,4h,uploaded_csv,BTCDOM_INDEX_PROXY,False,True
2025-04-21 12:00:00+00:00,52.527,53.256,52.524,53.164,627.204,4h,uploaded_csv,BTCDOM_INDEX_PROXY,False,True
2025-04-21 16:00:00+00:00,53.16,53.81,53.147,53.746,584.8,4h,uploaded_csv,BTCDOM_INDEX_PROXY,False,True
2025-04-21 20:00:00+00:00,53.75,53.919,53.634,53.814,160.351,4h,uploaded_csv,BTCDOM_INDEX_PROXY,False,True
2025-04-22 00:00:00+00:00,53.814,54.36,53.813,54.112,616.96,4h,uploaded_csv,BTCDOM_INDEX_PROXY,False,True
2025-04-22 04:00:00+00:00,54.119,54.266,53.493,53.531,344.846,4h,uploaded_csv,BTCDOM_INDEX_PROXY,False,True
2025-04-22 08:00:00+00:00,53.537,53.682,53.269,53.416,453.958,4h,uploaded_csv,BTCDOM_INDEX_PROXY,False,True
2025-04-22 12:00:00+00:00,53.417,53.969,52.91,53.152,860.657,4h,uploaded_csv,BTCDOM_INDEX_PROXY,False,True
2025-04-22 16:00:00+00:00,53.153,53.718,52.979,53.595,165.03,4h,uploaded_csv,BTCDOM_INDEX_PROXY,False,True
2025-04-22 20:00:00+00:00,53.589,53.699,52.91,53.223,365.768,4h,uploaded_csv,BTCDOM_INDEX_PROXY,False,True
2025-04-23 00:00:00+00:00,53.22,53.346,52.419,52.539,473.096,4h,uploaded_csv,BTCDOM_INDEX_PROXY,False,True
2025-04-23 04:00:00+00:00,52.539,52.87,52.2,52.817,538.786,4h,uploaded_csv,BTCDOM_INDEX_PROXY,False,True
2025-04-23 08:00:00+00:00,52.817,52.891,52.172,52.377,391.69,4h,uploaded_csv,BTCDOM_INDEX_PROXY,False,True
2025-04-23 12:00:00+00:00,52.375,52.752,52.098,52.555,500.722,4h,uploaded_csv,BTCDOM_INDEX_PROXY,False,True
2025-04-23 16:00:00+00:00,52.556,53.112,52.53,53.004,338.056,4h,uploaded_csv,BTCDOM_INDEX_PROXY,False,True
2025-04-23 20:00:00+00:00,53.003,53.14,52.688,52.939,263.085,4h,uploaded_csv,BTCDOM_INDEX_PROXY,False,True
2025-04-24 00:00:00+00:00,52.939,53.298,52.795,53.239,237.746,4h,uploaded_csv,BTCDOM_INDEX_PROXY,False,True
2025-04-24 04:00:00+00:00,53.24,53.301,52.824,53.185,683.021,4h,uploaded_csv,BTCDOM_INDEX_PROXY,False,True
2025-04-24 08:00:00+00:00,53.185,53.791,53.011,53.486,490.068,4h,uploaded_csv,BTCDOM_INDEX_PROXY,False,True
2025-04-24 12:00:00+00:00,53.486,53.568,52.647,52.876,363.32,4h,uploaded_csv,BTCDOM_INDEX_PROXY,False,True
2025-04-24 16:00:00+00:00,52.875,53.172,52.612,53.023,215.19,4h,uploaded_csv,BTCDOM_INDEX_PROXY,False,True
2025-04-24 20:00:00+00:00,53.023,53.19,52.872,52.978,204.579,4h,uploaded_csv,BTCDOM_INDEX_PROXY,False,True
2025-04-25 00:00:00+00:00,52.977,53.414,52.708,53.075,266.058,4h,uploaded_csv,BTCDOM_INDEX_PROXY,False,True
2025-04-25 04:00:00+00:00,53.076,53.126,52.52,52.601,406.152,4h,uploaded_csv,BTCDOM_INDEX_PROXY,False,True
2025-04-25 08:00:00+00:00,52.601,52.934,52.333,52.852,1234.68,4h,uploaded_csv,BTCDOM_INDEX_PROXY,False,True
2025-04-25 12:00:00+00:00,52.852,53.296,52.78,53.09,392.608,4h,uploaded_csv,BTCDOM_INDEX_PROXY,False,True
2025-04-25 16:00:00+00:00,53.097,53.55,53.075,53.427,231.479,4h,uploaded_csv,BTCDOM_INDEX_PROXY,False,True
2025-04-25 20:00:00+00:00,53.428,53.532,53.118,53.494,198.069,4h,uploaded_csv,BTCDOM_INDEX_PROXY,False,True
2025-04-26 00:00:00+00:00,53.493,53.493,52.89,53.109,159.918,4h,uploaded_csv,BTCDOM_INDEX_PROXY,False,True
2025-04-26 04:00:00+00:00,53.114,53.277,52.678,52.884,173.812,4h,uploaded_csv,BTCDOM_INDEX_PROXY,False,True
2025-04-26 08:00:00+00:00,52.897,53.263,52.384,53.195,299.832,4h,uploaded_csv,BTCDOM_INDEX_PROXY,False,True
2025-04-26 12:00:00+00:00,53.188,53.217,52.89,53.023,169.194,4h,uploaded_csv,BTCDOM_INDEX_PROXY,False,True
2025-04-26 16:00:00+00:00,53.023,53.044,52.77,52.803,79.179,4h,uploaded_csv,BTCDOM_INDEX_PROXY,False,True
2025-04-26 20:00:00+00:00,52.803,53.006,52.7,52.863,72.618,4h,uploaded_csv,BTCDOM_INDEX_PROXY,False,True
2025-04-27 00:00:00+00:00,52.863,53.322,52.643,53.1,243.435,4h,uploaded_csv,BTCDOM_INDEX_PROXY,False,True
2025-04-27 04:00:00+00:00,53.1,53.381,53.099,53.193,155.626,4h,uploaded_csv,BTCDOM_INDEX_PROXY,False,True
2025-04-27 08:00:00+00:00,53.193,53.246,52.871,52.993,139.313,4h,uploaded_csv,BTCDOM_INDEX_PROXY,False,True
2025-04-27 12:00:00+00:00,52.993,53.126,52.572,52.956,204.136,4h,uploaded_csv,BTCDOM_INDEX_PROXY,False,True
2025-04-27 16:00:00+00:00,52.956,53.078,52.6,52.601,94.118,4h,uploaded_csv,BTCDOM_INDEX_PROXY,False,True
2025-04-27 20:00:00+00:00,52.601,52.814,52.56,52.755,88.078,4h,uploaded_csv,BTCDOM_INDEX_PROXY,False,True
2025-04-28 00:00:00+00:00,52.754,53.271,52.653,52.873,271.181,4h,uploaded_csv,BTCDOM_INDEX_PROXY,False,True
2025-04-28 04:00:00+00:00,52.865,52.896,52.4,52.41,228.343,4h,uploaded_csv,BTCDOM_INDEX_PROXY,False,True
2025-04-28 08:00:00+00:00,52.415,52.683,52.205,52.636,422.551,4h,uploaded_csv,BTCDOM_INDEX_PROXY,False,True
2025-04-28 12:00:00+00:00,52.636,53.484,52.636,53.271,512.849,4h,uploaded_csv,BTCDOM_INDEX_PROXY,False,True
2025-04-28 16:00:00+00:00,53.271,53.415,52.882,52.958,209.58,4h,uploaded_csv,BTCDOM_INDEX_PROXY,False,True
2025-04-28 20:00:00+00:00,52.958,53.16,52.81,53.1,147.367,4h,uploaded_csv,BTCDOM_INDEX_PROXY,False,True
2025-04-29 00:00:00+00:00,53.1,53.139,52.871,52.876,190.218,4h,uploaded_csv,BTCDOM_INDEX_PROXY,False,True
2025-04-29 04:00:00+00:00,52.877,53.098,52.692,52.736,152.981,4h,uploaded_csv,BTCDOM_INDEX_PROXY,False,True
2025-04-29 08:00:00+00:00,52.747,52.871,52.554,52.819,156.42,4h,uploaded_csv,BTCDOM_INDEX_PROXY,False,True
2025-04-29 12:00:00+00:00,52.818,53.132,52.801,52.972,228.543,4h,uploaded_csv,BTCDOM_INDEX_PROXY,False,True
2025-04-29 16:00:00+00:00,52.973,53.112,52.871,53.081,88.049,4h,uploaded_csv,BTCDOM_INDEX_PROXY,False,True
2025-04-29 20:00:00+00:00,53.088,53.449,53.053,53.259,361.82,4h,uploaded_csv,BTCDOM_INDEX_PROXY,False,True
2025-04-30 00:00:00+00:00,53.264,53.538,53.145,53.355,278.907,4h,uploaded_csv,BTCDOM_INDEX_PROXY,False,True
2025-04-30 04:00:00+00:00,53.36,53.7,53.301,53.624,277.499,4h,uploaded_csv,BTCDOM_INDEX_PROXY,False,True
2025-04-30 08:00:00+00:00,53.623,53.717,53.407,53.448,157.554,4h,uploaded_csv,BTCDOM_INDEX_PROXY,False,True
2025-04-30 12:00:00+00:00,53.448,54.7,53.432,54.314,801.357,4h,uploaded_csv,BTCDOM_INDEX_PROXY,False,True
2025-04-30 16:00:00+00:00,54.313,54.46,53.71,53.815,176.462,4h,uploaded_csv,BTCDOM_INDEX_PROXY,False,True
2025-04-30 20:00:00+00:00,53.812,53.865,53.464,53.663,138.281,4h,uploaded_csv,BTCDOM_INDEX_PROXY,False,True
2025-05-01 00:00:00+00:00,53.663,53.738,53.388,53.691,145.75,4h,uploaded_csv,BTCDOM_INDEX_PROXY,False,True
2025-05-01 04:00:00+00:00,53.691,53.824,53.554,53.641,114.523,4h,uploaded_csv,BTCDOM_INDEX_PROXY,False,True
2025-05-01 08:00:00+00:00,53.641,53.687,53.186,53.337,375.209,4h,uploaded_csv,BTCDOM_INDEX_PROXY,False,True
2025-05-01 12:00:00+00:00,53.33,53.75,53.21,53.694,821.012,4h,uploaded_csv,BTCDOM_INDEX_PROXY,False,True
2025-05-01 16:00:00+00:00,53.686,53.798,53.558,53.778,120.43,4h,uploaded_csv,BTCDOM_INDEX_PROXY,False,True
2025-05-01 20:00:00+00:00,53.774,53.96,53.719,53.9,157.401,4h,uploaded_csv,BTCDOM_INDEX_PROXY,False,True
2025-05-02 00:00:00+00:00,53.9,54.152,53.856,54.082,241.856,4h,uploaded_csv,BTCDOM_INDEX_PROXY,False,True
2025-05-02 04:00:00+00:00,54.082,54.448,53.934,54.431,184.262,4h,uploaded_csv,BTCDOM_INDEX_PROXY,False,True
2025-05-02 08:00:00+00:00,54.432,54.468,54.154,54.248,157.877,4h,uploaded_csv,BTCDOM_INDEX_PROXY,False,True
2025-05-02 12:00:00+00:00,54.246,54.4,54.082,54.378,194.647,4h,uploaded_csv,BTCDOM_INDEX_PROXY,False,True
2025-05-02 16:00:00+00:00,54.375,54.49,54.055,54.429,161.697,4h,uploaded_csv,BTCDOM_INDEX_PROXY,False,True
2025-05-02 20:00:00+00:00,54.426,54.475,54.259,54.315,90.29,4h,uploaded_csv,BTCDOM_INDEX_PROXY,False,True
2025-05-03 00:00:00+00:00,54.315,54.411,54.075,54.099,125.084,4h,uploaded_csv,BTCDOM_INDEX_PROXY,False,True
2025-05-03 04:00:00+00:00,54.099,54.369,54.05,54.322,75.698,4h,uploaded_csv,BTCDOM_INDEX_PROXY,False,True
2025-05-03 08:00:00+00:00,54.322,54.446,54.208,54.343,143.102,4h,uploaded_csv,BTCDOM_INDEX_PROXY,False,True
2025-05-03 12:00:00+00:00,54.348,54.356,54.054,54.162,161.003,4h,uploaded_csv,BTCDOM_INDEX_PROXY,False,True
2025-05-03 16:00:00+00:00,54.163,54.628,54.158,54.344,258.56,4h,uploaded_csv,BTCDOM_INDEX_PROXY,False,True
2025-05-03 20:00:00+00:00,54.331,54.431,54.16,54.206,76.644,4h,uploaded_csv,BTCDOM_INDEX_PROXY,False,True
2025-05-04 00:00:00+00:00,54.205,54.307,54.075,54.221,120.255,4h,uploaded_csv,BTCDOM_INDEX_PROXY,False,True
2025-05-04 04:00:00+00:00,54.221,54.368,54.103,54.221,90.784,4h,uploaded_csv,BTCDOM_INDEX_PROXY,False,True
2025-05-04 08:00:00+00:00,54.216,54.477,54.13,54.275,209.921,4h,uploaded_csv,BTCDOM_INDEX_PROXY,False,True
2025-05-04 12:00:00+00:00,54.276,54.528,54.238,54.278,169.212,4h,uploaded_csv,BTCDOM_INDEX_PROXY,False,True
2025-05-04 16:00:00+00:00,54.277,54.585,54.221,54.568,148.161,4h,uploaded_csv,BTCDOM_INDEX_PROXY,False,True
2025-05-04 20:00:00+00:00,54.569,54.641,54.336,54.336,151.185,4h,uploaded_csv,BTCDOM_INDEX_PROXY,False,True
2025-05-05 00:00:00+00:00,54.335,54.514,54.2,54.291,188.5,4h,uploaded_csv,BTCDOM_INDEX_PROXY,False,True
2025-05-05 04:00:00+00:00,54.29,54.301,53.816,53.9,335.532,4h,uploaded_csv,BTCDOM_INDEX_PROXY,False,True
2025-05-05 08:00:00+00:00,53.903,54.238,53.653,54.197,243.276,4h,uploaded_csv,BTCDOM_INDEX_PROXY,False,True
2025-05-05 12:00:00+00:00,54.198,54.395,53.97,54.203,214.878,4h,uploaded_csv,BTCDOM_INDEX_PROXY,False,True
2025-05-05 16:00:00+00:00,54.203,54.257,53.962,54.031,144.46,4h,uploaded_csv,BTCDOM_INDEX_PROXY,False,True
2025-05-05 20:00:00+00:00,54.025,54.444,54.018,54.414,159.728,4h,uploaded_csv,BTCDOM_INDEX_PROXY,False,True
2025-05-06 00:00:00+00:00,54.424,54.732,54.312,54.569,354.465,4h,uploaded_csv,BTCDOM_INDEX_PROXY,False,True
2025-05-06 04:00:00+00:00,54.569,54.633,54.45,54.554,120.433,4h,uploaded_csv,BTCDOM_INDEX_PROXY,False,True
2025-05-06 08:00:00+00:00,54.553,55.247,54.546,55.062,475.038,4h,uploaded_csv,BTCDOM_INDEX_PROXY,False,True
2025-05-06 12:00:00+00:00,55.058,55.292,54.885,55.246,492.852,4h,uploaded_csv,BTCDOM_INDEX_PROXY,False,True
2025-05-06 16:00:00+00:00,55.245,55.373,54.834,54.992,213.5,4h,uploaded_csv,BTCDOM_INDEX_PROXY,False,True
2025-05-06 20:00:00+00:00,55.002,55.298,54.899,55.224,284.109,4h,uploaded_csv,BTCDOM_INDEX_PROXY,False,True
2025-05-07 00:00:00+00:00,55.223,55.322,54.939,55.02,176.505,4h,uploaded_csv,BTCDOM_INDEX_PROXY,False,True
2025-05-07 04:00:00+00:00,55.017,55.308,54.942,55.12,120.078,4h,uploaded_csv,BTCDOM_INDEX_PROXY,False,True
2025-05-07 08:00:00+00:00,55.121,55.299,55.001,55.196,205.57,4h,uploaded_csv,BTCDOM_INDEX_PROXY,False,True
2025-05-07 12:00:00+00:00,55.196,55.759,55.158,55.703,368.884,4h,uploaded_csv,BTCDOM_INDEX_PROXY,False,True
2025-05-07 16:00:00+00:00,55.704,55.963,55.52,55.667,370.743,4h,uploaded_csv,BTCDOM_INDEX_PROXY,False,True
2025-05-07 20:00:00+00:00,55.676,55.91,55.477,55.566,160.638,4h,uploaded_csv,BTCDOM_INDEX_PROXY,False,True
2025-05-08 00:00:00+00:00,55.567,55.786,54.862,54.869,398.979,4h,uploaded_csv,BTCDOM_INDEX_PROXY,False,True
2025-05-08 04:00:00+00:00,54.878,54.882,54.268,54.423,605.383,4h,uploaded_csv,BTCDOM_INDEX_PROXY,False,True
2025-05-08 08:00:00+00:00,54.419,54.487,53.752,53.884,807.702,4h,uploaded_csv,BTCDOM_INDEX_PROXY,False,True
2025-05-08 12:00:00+00:00,53.896,53.925,52.71,53.172,1340.191,4h,uploaded_csv,BTCDOM_INDEX_PROXY,False,True
2025-05-08 16:00:00+00:00,53.173,53.515,52.466,52.657,772.068,4h,uploaded_csv,BTCDOM_INDEX_PROXY,False,True
2025-05-08 20:00:00+00:00,52.655,52.891,51.942,52.085,1024.675,4h,uploaded_csv,BTCDOM_INDEX_PROXY,False,True
2025-05-09 00:00:00+00:00,52.094,52.364,51.5,52.271,1414.785,4h,uploaded_csv,BTCDOM_INDEX_PROXY,False,True
2025-05-09 04:00:00+00:00,52.268,52.302,50.719,50.846,884.846,4h,uploaded_csv,BTCDOM_INDEX_PROXY,False,True
2025-05-09 08:00:00+00:00,50.84,50.908,49.227,50.018,2182.471,4h,uploaded_csv,BTCDOM_INDEX_PROXY,False,True
2025-05-09 12:00:00+00:00,50.018,51.01,49.776,50.637,1052.886,4h,uploaded_csv,BTCDOM_INDEX_PROXY,False,True
2025-05-09 16:00:00+00:00,50.645,51.01,50.239,50.488,343.336,4h,uploaded_csv,BTCDOM_INDEX_PROXY,False,True
2025-05-09 20:00:00+00:00,50.481,50.551,49.983,50.056,331.348,4h,uploaded_csv,BTCDOM_INDEX_PROXY,False,True
2025-05-10 00:00:00+00:00,50.053,50.295,49.355,49.973,618.569,4h,uploaded_csv,BTCDOM_INDEX_PROXY,False,True
2025-05-10 04:00:00+00:00,49.974,50.217,49.415,49.521,495.139,4h,uploaded_csv,BTCDOM_INDEX_PROXY,False,True
2025-05-10 08:00:00+00:00,49.534,49.99,49.166,49.87,712.535,4h,uploaded_csv,BTCDOM_INDEX_PROXY,False,True
2025-05-10 12:00:00+00:00,49.877,49.877,49.055,49.12,437.872,4h,uploaded_csv,BTCDOM_INDEX_PROXY,False,True
2025-05-10 16:00:00+00:00,49.12,49.164,48.219,48.49,671.827,4h,uploaded_csv,BTCDOM_INDEX_PROXY,False,True
2025-05-10 20:00:00+00:00,48.488,48.763,47.559,47.716,566.417,4h,uploaded_csv,BTCDOM_INDEX_PROXY,False,True
2025-05-11 00:00:00+00:00,47.726,48.653,47.55,48.248,974.228,4h,uploaded_csv,BTCDOM_INDEX_PROXY,False,True
2025-05-11 04:00:00+00:00,48.248,49.376,48.055,49.027,867.378,4h,uploaded_csv,BTCDOM_INDEX_PROXY,False,True
2025-05-11 08:00:00+00:00,49.028,49.347,48.838,48.909,483.301,4h,uploaded_csv,BTCDOM_INDEX_PROXY,False,True
2025-05-11 12:00:00+00:00,48.91,49.892,48.909,49.639,614.885,4h,uploaded_csv,BTCDOM_INDEX_PROXY,False,True
2025-05-11 16:00:00+00:00,49.634,49.92,49.016,49.153,496.549,4h,uploaded_csv,BTCDOM_INDEX_PROXY,False,True
2025-05-11 20:00:00+00:00,49.154,49.283,48.95,49.046,157.644,4h,uploaded_csv,BTCDOM_INDEX_PROXY,False,True
2025-05-12 00:00:00+00:00,49.038,49.189,48.524,48.636,442.065,4h,uploaded_csv,BTCDOM_INDEX_PROXY,False,True
2025-05-12 04:00:00+00:00,48.62,48.867,47.852,48.211,683.823,4h,uploaded_csv,BTCDOM_INDEX_PROXY,False,True
2025-05-12 08:00:00+00:00,48.181,48.477,47.519,47.816,671.951,4h,uploaded_csv,BTCDOM_INDEX_PROXY,False,True
2025-05-12 12:00:00+00:00,47.827,47.84,46.636,47.24,1151.457,4h,uploaded_csv,BTCDOM_INDEX_PROXY,False,True
2025-05-12 16:00:00+00:00,47.253,48.25,47.046,47.686,658.222,4h,uploaded_csv,BTCDOM_INDEX_PROXY,False,True
2025-05-12 20:00:00+00:00,47.68,47.9,47.55,47.582,195.756,4h,uploaded_csv,BTCDOM_INDEX_PROXY,False,True
2025-05-13 00:00:00+00:00,47.585,48.919,47.556,48.919,646.037,4h,uploaded_csv,BTCDOM_INDEX_PROXY,False,True
2025-05-13 04:00:00+00:00,48.92,49.009,48.253,48.516,475.761,4h,uploaded_csv,BTCDOM_INDEX_PROXY,False,True
2025-05-13 08:00:00+00:00,48.522,48.599,48.01,48.243,467.694,4h,uploaded_csv,BTCDOM_INDEX_PROXY,False,True
2025-05-13 12:00:00+00:00,48.231,48.432,47.654,47.709,576.352,4h,uploaded_csv,BTCDOM_INDEX_PROXY,False,True
2025-05-13 16:00:00+00:00,47.717,47.749,46.381,46.803,721.748,4h,uploaded_csv,BTCDOM_INDEX_PROXY,False,True
2025-05-13 20:00:00+00:00,46.814,46.994,46.0,46.503,874.542,4h,uploaded_csv,BTCDOM_INDEX_PROXY,False,True
2025-05-14 00:00:00+00:00,46.51,47.03,46.1,46.751,785.582,4h,uploaded_csv,BTCDOM_INDEX_PROXY,False,True
2025-05-14 04:00:00+00:00,46.752,46.895,46.36,46.553,444.198,4h,uploaded_csv,BTCDOM_INDEX_PROXY,False,True
2025-05-14 08:00:00+00:00,46.551,47.3,46.466,46.838,613.144,4h,uploaded_csv,BTCDOM_INDEX_PROXY,False,True
2025-05-14 12:00:00+00:00,46.837,47.555,46.807,47.334,661.439,4h,uploaded_csv,BTCDOM_INDEX_PROXY,False,True
2025-05-14 16:00:00+00:00,47.335,47.685,47.181,47.238,386.587,4h,uploaded_csv,BTCDOM_INDEX_PROXY,False,True
2025-05-14 20:00:00+00:00,47.239,47.692,47.226,47.402,219.712,4h,uploaded_csv,BTCDOM_INDEX_PROXY,False,True
2025-05-15 00:00:00+00:00,47.4,47.936,47.141,47.656,468.737,4h,uploaded_csv,BTCDOM_INDEX_PROXY,False,True
2025-05-15 04:00:00+00:00,47.665,48.3,47.363,48.135,759.173,4h,uploaded_csv,BTCDOM_INDEX_PROXY,False,True
2025-05-15 08:00:00+00:00,48.136,48.314,47.553,48.013,865.369,4h,uploaded_csv,BTCDOM_INDEX_PROXY,False,True
2025-05-15 12:00:00+00:00,48.006,48.926,47.843,48.295,1297.796,4h,uploaded_csv,BTCDOM_INDEX_PROXY,False,True
2025-05-15 16:00:00+00:00,48.296,48.91,47.918,48.69,672.605,4h,uploaded_csv,BTCDOM_INDEX_PROXY,False,True
2025-05-15 20:00:00+00:00,48.686,49.61,48.616,49.133,1466.366,4h,uploaded_csv,BTCDOM_INDEX_PROXY,False,True
2025-05-16 00:00:00+00:00,49.126,49.402,48.62,48.659,564.95,4h,uploaded_csv,BTCDOM_INDEX_PROXY,False,True
2025-05-16 04:00:00+00:00,48.658,48.834,48.283,48.329,536.824,4h,uploaded_csv,BTCDOM_INDEX_PROXY,False,True
2025-05-16 08:00:00+00:00,48.33,48.889,47.921,48.146,518.823,4h,uploaded_csv,BTCDOM_INDEX_PROXY,False,True
2025-05-16 12:00:00+00:00,48.149,48.641,48.079,48.59,440.022,4h,uploaded_csv,BTCDOM_INDEX_PROXY,False,True
2025-05-16 16:00:00+00:00,48.592,48.92,48.58,48.685,413.669,4h,uploaded_csv,BTCDOM_INDEX_PROXY,False,True
2025-05-16 20:00:00+00:00,48.696,49.47,48.671,49.248,477.513,4h,uploaded_csv,BTCDOM_INDEX_PROXY,False,True
2025-05-17 00:00:00+00:00,49.25,50.335,49.168,49.828,1479.146,4h,uploaded_csv,BTCDOM_INDEX_PROXY,False,True
2025-05-17 04:00:00+00:00,49.828,50.002,49.347,49.703,867.976,4h,uploaded_csv,BTCDOM_INDEX_PROXY,False,True
2025-05-17 08:00:00+00:00,49.696,50.0,49.604,49.73,442.427,4h,uploaded_csv,BTCDOM_INDEX_PROXY,False,True
2025-05-17 12:00:00+00:00,49.731,50.274,49.684,49.957,515.149,4h,uploaded_csv,BTCDOM_INDEX_PROXY,False,True
2025-05-17 16:00:00+00:00,49.953,50.604,49.896,50.188,640.375,4h,uploaded_csv,BTCDOM_INDEX_PROXY,False,True
2025-05-17 20:00:00+00:00,50.189,50.355,49.841,50.076,354.086,4h,uploaded_csv,BTCDOM_INDEX_PROXY,False,True
2025-05-18 00:00:00+00:00,50.077,50.239,49.771,50.089,262.05,4h,uploaded_csv,BTCDOM_INDEX_PROXY,False,True
2025-05-18 04:00:00+00:00,50.089,50.096,49.485,49.558,341.338,4h,uploaded_csv,BTCDOM_INDEX_PROXY,False,True
2025-05-18 08:00:00+00:00,49.566,49.649,49.334,49.618,312.64,4h,uploaded_csv,BTCDOM_INDEX_PROXY,False,True
2025-05-18 12:00:00+00:00,49.619,49.752,49.035,49.084,426.312,4h,uploaded_csv,BTCDOM_INDEX_PROXY,False,True
2025-05-18 16:00:00+00:00,49.084,50.982,48.911,50.85,1135.165,4h,uploaded_csv,BTCDOM_INDEX_PROXY,False,True
2025-05-18 20:00:00+00:00,50.855,51.66,50.298,50.479,1030.879,4h,uploaded_csv,BTCDOM_INDEX_PROXY,False,True
2025-05-19 00:00:00+00:00,50.478,51.31,50.473,51.166,965.254,4h,uploaded_csv,BTCDOM_INDEX_PROXY,False,True
2025-05-19 04:00:00+00:00,51.166,51.489,50.864,51.178,955.337,4h,uploaded_csv,BTCDOM_INDEX_PROXY,False,True
2025-05-19 08:00:00+00:00,51.178,51.319,50.82,50.888,427.227,4h,uploaded_csv,BTCDOM_INDEX_PROXY,False,True
2025-05-19 12:00:00+00:00,50.887,51.142,50.606,50.962,517.402,4h,uploaded_csv,BTCDOM_INDEX_PROXY,False,True
2025-05-19 16:00:00+00:00,50.962,51.146,50.271,50.487,657.622,4h,uploaded_csv,BTCDOM_INDEX_PROXY,False,True
2025-05-19 20:00:00+00:00,50.488,50.778,50.417,50.483,269.768,4h,uploaded_csv,BTCDOM_INDEX_PROXY,False,True
2025-05-20 00:00:00+00:00,50.473,50.747,50.054,50.226,411.422,4h,uploaded_csv,BTCDOM_INDEX_PROXY,False,True
2025-05-20 04:00:00+00:00,50.226,50.522,50.113,50.394,313.564,4h,uploaded_csv,BTCDOM_INDEX_PROXY,False,True
2025-05-20 08:00:00+00:00,50.394,50.845,50.318,50.755,301.191,4h,uploaded_csv,BTCDOM_INDEX_PROXY,False,True
2025-05-20 12:00:00+00:00,50.76,50.982,50.656,50.969,423.837,4h,uploaded_csv,BTCDOM_INDEX_PROXY,False,True
2025-05-20 16:00:00+00:00,50.97,51.738,50.918,51.399,830.798,4h,uploaded_csv,BTCDOM_INDEX_PROXY,False,True
2025-05-20 20:00:00+00:00,51.399,51.85,50.927,51.038,511.382,4h,uploaded_csv,BTCDOM_INDEX_PROXY,False,True
2025-05-21 00:00:00+00:00,51.038,51.218,50.732,50.758,375.623,4h,uploaded_csv,BTCDOM_INDEX_PROXY,False,True
2025-05-21 04:00:00+00:00,50.759,50.897,50.395,50.612,645.978,4h,uploaded_csv,BTCDOM_INDEX_PROXY,False,True
2025-05-21 08:00:00+00:00,50.613,50.991,50.533,50.768,357.666,4h,uploaded_csv,BTCDOM_INDEX_PROXY,False,True
2025-05-21 12:00:00+00:00,50.769,51.2,50.716,51.053,697.434,4h,uploaded_csv,BTCDOM_INDEX_PROXY,False,True
2025-05-21 16:00:00+00:00,51.054,51.62,50.519,51.425,1955.543,4h,uploaded_csv,BTCDOM_INDEX_PROXY,False,True
2025-05-21 20:00:00+00:00,51.43,51.525,51.162,51.39,397.582,4h,uploaded_csv,BTCDOM_INDEX_PROXY,False,True
2025-05-22 00:00:00+00:00,51.387,51.49,50.993,51.278,750.348,4h,uploaded_csv,BTCDOM_INDEX_PROXY,False,True
2025-05-22 04:00:00+00:00,51.278,51.318,50.642,50.82,455.029,4h,uploaded_csv,BTCDOM_INDEX_PROXY,False,True
2025-05-22 08:00:00+00:00,50.817,50.874,49.861,50.489,1020.21,4h,uploaded_csv,BTCDOM_INDEX_PROXY,False,True
2025-05-22 12:00:00+00:00,50.491,51.029,50.308,50.602,656.008,4h,uploaded_csv,BTCDOM_INDEX_PROXY,False,True
2025-05-22 16:00:00+00:00,50.601,51.022,50.556,50.895,535.686,4h,uploaded_csv,BTCDOM_INDEX_PROXY,False,True
2025-05-22 20:00:00+00:00,50.895,50.921,50.483,50.596,551.352,4h,uploaded_csv,BTCDOM_INDEX_PROXY,False,True
2025-05-23 00:00:00+00:00,50.591,50.723,49.445,49.5,585.101,4h,uploaded_csv,BTCDOM_INDEX_PROXY,False,True
2025-05-23 04:00:00+00:00,49.502,50.33,49.349,50.283,570.873,4h,uploaded_csv,BTCDOM_INDEX_PROXY,False,True
2025-05-23 08:00:00+00:00,50.282,51.233,49.76,50.968,780.282,4h,uploaded_csv,BTCDOM_INDEX_PROXY,False,True
2025-05-23 12:00:00+00:00,50.967,51.368,50.674,50.874,1374.672,4h,uploaded_csv,BTCDOM_INDEX_PROXY,False,True
2025-05-23 16:00:00+00:00,50.871,51.03,50.7,51.004,351.887,4h,uploaded_csv,BTCDOM_INDEX_PROXY,False,True
2025-05-23 20:00:00+00:00,51.004,51.52,50.991,51.374,453.11,4h,uploaded_csv,BTCDOM_INDEX_PROXY,False,True
2025-05-24 00:00:00+00:00,51.377,51.447,51.021,51.233,532.985,4h,uploaded_csv,BTCDOM_INDEX_PROXY,False,True
2025-05-24 04:00:00+00:00,51.233,51.276,50.992,51.008,219.841,4h,uploaded_csv,BTCDOM_INDEX_PROXY,False,True
2025-05-24 08:00:00+00:00,51.013,51.334,50.994,51.31,320.979,4h,uploaded_csv,BTCDOM_INDEX_PROXY,False,True
2025-05-24 12:00:00+00:00,51.311,51.48,51.208,51.396,274.965,4h,uploaded_csv,BTCDOM_INDEX_PROXY,False,True
2025-05-24 16:00:00+00:00,51.396,51.494,51.295,51.384,293.276,4h,uploaded_csv,BTCDOM_INDEX_PROXY,False,True
2025-05-24 20:00:00+00:00,51.385,51.6,51.25,51.262,227.603,4h,uploaded_csv,BTCDOM_INDEX_PROXY,False,True
2025-05-25 00:00:00+00:00,51.261,52.0,51.217,51.663,667.514,4h,uploaded_csv,BTCDOM_INDEX_PROXY,False,True
2025-05-25 04:00:00+00:00,51.656,51.873,51.6,51.792,335.487,4h,uploaded_csv,BTCDOM_INDEX_PROXY,False,True
2025-05-25 08:00:00+00:00,51.796,52.328,51.744,51.886,713.135,4h,uploaded_csv,BTCDOM_INDEX_PROXY,False,True
2025-05-25 12:00:00+00:00,51.887,52.081,51.565,51.696,418.794,4h,uploaded_csv,BTCDOM_INDEX_PROXY,False,True
2025-05-25 16:00:00+00:00,51.696,51.885,51.551,51.629,144.174,4h,uploaded_csv,BTCDOM_INDEX_PROXY,False,True
2025-05-25 20:00:00+00:00,51.63,51.76,51.511,51.592,170.947,4h,uploaded_csv,BTCDOM_INDEX_PROXY,False,True
2025-05-26 00:00:00+00:00,51.593,51.732,51.324,51.692,350.888,4h,uploaded_csv,BTCDOM_INDEX_PROXY,False,True
2025-05-26 04:00:00+00:00,51.693,51.713,51.4,51.571,264.878,4h,uploaded_csv,BTCDOM_INDEX_PROXY,False,True
2025-05-26 08:00:00+00:00,51.566,51.764,51.479,51.651,107.377,4h,uploaded_csv,BTCDOM_INDEX_PROXY,False,True
2025-05-26 12:00:00+00:00,51.651,51.994,51.54,51.813,287.647,4h,uploaded_csv,BTCDOM_INDEX_PROXY,False,True
2025-05-26 16:00:00+00:00,51.809,52.172,51.795,51.939,302.944,4h,uploaded_csv,BTCDOM_INDEX_PROXY,False,True
2025-05-26 20:00:00+00:00,51.94,51.99,51.745,51.811,221.966,4h,uploaded_csv,BTCDOM_INDEX_PROXY,False,True
2025-05-27 00:00:00+00:00,51.812,52.129,51.755,51.879,231.983,4h,uploaded_csv,BTCDOM_INDEX_PROXY,False,True
2025-05-27 04:00:00+00:00,51.88,51.915,51.279,51.364,518.16,4h,uploaded_csv,BTCDOM_INDEX_PROXY,False,True
2025-05-27 08:00:00+00:00,51.378,51.403,50.939,50.964,335.503,4h,uploaded_csv,BTCDOM_INDEX_PROXY,False,True
2025-05-27 12:00:00+00:00,50.964,51.13,50.582,50.806,798.953,4h,uploaded_csv,BTCDOM_INDEX_PROXY,False,True
2025-05-27 16:00:00+00:00,50.802,50.905,50.474,50.625,440.869,4h,uploaded_csv,BTCDOM_INDEX_PROXY,False,True
2025-05-27 20:00:00+00:00,50.633,50.777,50.428,50.545,464.689,4h,uploaded_csv,BTCDOM_INDEX_PROXY,False,True
2025-05-28 00:00:00+00:00,50.545,50.955,50.51,50.778,460.07,4h,uploaded_csv,BTCDOM_INDEX_PROXY,False,True
2025-05-28 04:00:00+00:00,50.777,51.127,50.66,50.935,326.224,4h,uploaded_csv,BTCDOM_INDEX_PROXY,False,True
2025-05-28 08:00:00+00:00,50.929,51.127,50.65,50.667,240.948,4h,uploaded_csv,BTCDOM_INDEX_PROXY,False,True
2025-05-28 12:00:00+00:00,50.665,50.929,50.374,50.646,851.462,4h,uploaded_csv,BTCDOM_INDEX_PROXY,False,True
2025-05-28 16:00:00+00:00,50.646,50.929,50.469,50.879,292.465,4h,uploaded_csv,BTCDOM_INDEX_PROXY,False,True
2025-05-28 20:00:00+00:00,50.878,50.886,50.241,50.277,372.502,4h,uploaded_csv,BTCDOM_INDEX_PROXY,False,True
2025-05-29 00:00:00+00:00,50.283,50.288,49.231,49.572,1489.079,4h,uploaded_csv,BTCDOM_INDEX_PROXY,False,True
2025-05-29 04:00:00+00:00,49.584,50.0,49.416,49.886,455.111,4h,uploaded_csv,BTCDOM_INDEX_PROXY,False,True
2025-05-29 08:00:00+00:00,49.899,50.299,49.888,50.233,299.119,4h,uploaded_csv,BTCDOM_INDEX_PROXY,False,True
2025-05-29 12:00:00+00:00,50.236,50.828,50.206,50.444,668.16,4h,uploaded_csv,BTCDOM_INDEX_PROXY,False,True
2025-05-29 16:00:00+00:00,50.437,50.547,49.966,50.126,294.254,4h,uploaded_csv,BTCDOM_INDEX_PROXY,False,True
2025-05-29 20:00:00+00:00,50.12,50.408,50.029,50.278,142.11,4h,uploaded_csv,BTCDOM_INDEX_PROXY,False,True
2025-05-30 00:00:00+00:00,50.285,51.926,50.24,50.93,1480.808,4h,uploaded_csv,BTCDOM_INDEX_PROXY,False,True
2025-05-30 04:00:00+00:00,50.93,51.325,50.641,50.873,506.038,4h,uploaded_csv,BTCDOM_INDEX_PROXY,False,True
2025-05-30 08:00:00+00:00,50.871,51.198,50.836,51.106,455.925,4h,uploaded_csv,BTCDOM_INDEX_PROXY,False,True
2025-05-30 12:00:00+00:00,51.106,51.684,51.065,51.377,428.949,4h,uploaded_csv,BTCDOM_INDEX_PROXY,False,True
2025-05-30 16:00:00+00:00,51.376,51.957,51.09,51.159,545.517,4h,uploaded_csv,BTCDOM_INDEX_PROXY,False,True
2025-05-30 20:00:00+00:00,51.159,52.205,51.116,52.0,632.939,4h,uploaded_csv,BTCDOM_INDEX_PROXY,False,True
2025-05-31 00:00:00+00:00,52.002,52.88,51.992,52.539,1370.414,4h,uploaded_csv,BTCDOM_INDEX_PROXY,False,True
2025-05-31 04:00:00+00:00,52.539,52.69,52.141,52.25,647.518,4h,uploaded_csv,BTCDOM_INDEX_PROXY,False,True
2025-05-31 08:00:00+00:00,52.251,52.372,51.909,52.294,344.427,4h,uploaded_csv,BTCDOM_INDEX_PROXY,False,True
2025-05-31 12:00:00+00:00,52.294,52.324,51.862,52.119,361.306,4h,uploaded_csv,BTCDOM_INDEX_PROXY,False,True
2025-05-31 16:00:00+00:00,52.12,52.159,51.812,51.932,200.167,4h,uploaded_csv,BTCDOM_INDEX_PROXY,False,True
2025-05-31 20:00:00+00:00,51.932,52.169,51.784,52.134,186.843,4h,uploaded_csv,BTCDOM_INDEX_PROXY,False,True
2025-06-01 00:00:00+00:00,52.138,52.554,52.04,52.318,279.911,4h,uploaded_csv,BTCDOM_INDEX_PROXY,False,True
2025-06-01 04:00:00+00:00,52.318,52.402,52.195,52.371,125.116,4h,uploaded_csv,BTCDOM_INDEX_PROXY,False,True
2025-06-01 08:00:00+00:00,52.372,52.874,52.359,52.626,263.936,4h,uploaded_csv,BTCDOM_INDEX_PROXY,False,True
2025-06-01 12:00:00+00:00,52.619,52.956,52.467,52.472,260.466,4h,uploaded_csv,BTCDOM_INDEX_PROXY,False,True
2025-06-01 16:00:00+00:00,52.476,52.74,52.234,52.463,334.736,4h,uploaded_csv,BTCDOM_INDEX_PROXY,False,True
2025-06-01 20:00:00+00:00,52.463,52.532,52.338,52.374,104.337,4h,uploaded_csv,BTCDOM_INDEX_PROXY,False,True
2025-06-02 00:00:00+00:00,52.367,52.775,52.211,52.703,222.183,4h,uploaded_csv,BTCDOM_INDEX_PROXY,False,True
2025-06-02 04:00:00+00:00,52.706,52.783,52.529,52.753,185.307,4h,uploaded_csv,BTCDOM_INDEX_PROXY,False,True
2025-06-02 08:00:00+00:00,52.753,53.0,52.646,52.672,427.48,4h,uploaded_csv,BTCDOM_INDEX_PROXY,False,True
2025-06-02 12:00:00+00:00,52.669,52.72,52.055,52.145,363.177,4h,uploaded_csv,BTCDOM_INDEX_PROXY,False,True
2025-06-02 16:00:00+00:00,52.145,52.333,51.864,52.304,216.267,4h,uploaded_csv,BTCDOM_INDEX_PROXY,False,True
2025-06-02 20:00:00+00:00,52.297,52.297,51.673,51.783,373.807,4h,uploaded_csv,BTCDOM_INDEX_PROXY,False,True
2025-06-03 00:00:00+00:00,51.783,51.831,51.222,51.502,721.7,4h,uploaded_csv,BTCDOM_INDEX_PROXY,False,True
2025-06-03 04:00:00+00:00,51.503,51.646,51.236,51.363,259.192,4h,uploaded_csv,BTCDOM_INDEX_PROXY,False,True
2025-06-03 08:00:00+00:00,51.361,51.521,51.181,51.372,222.781,4h,uploaded_csv,BTCDOM_INDEX_PROXY,False,True
2025-06-03 12:00:00+00:00,51.38,51.531,51.069,51.476,370.995,4h,uploaded_csv,BTCDOM_INDEX_PROXY,False,True
2025-06-03 16:00:00+00:00,51.477,51.583,51.293,51.371,143.949,4h,uploaded_csv,BTCDOM_INDEX_PROXY,False,True
2025-06-03 20:00:00+00:00,51.371,51.888,51.352,51.662,238.056,4h,uploaded_csv,BTCDOM_INDEX_PROXY,False,True
2025-06-04 00:00:00+00:00,51.661,51.811,51.168,51.256,356.8,4h,uploaded_csv,BTCDOM_INDEX_PROXY,False,True
2025-06-04 04:00:00+00:00,51.255,51.364,51.0,51.169,554.794,4h,uploaded_csv,BTCDOM_INDEX_PROXY,False,True
2025-06-04 08:00:00+00:00,51.169,51.309,50.951,51.176,421.146,4h,uploaded_csv,BTCDOM_INDEX_PROXY,False,True
2025-06-04 12:00:00+00:00,51.175,51.422,50.818,50.908,514.993,4h,uploaded_csv,BTCDOM_INDEX_PROXY,False,True
2025-06-04 16:00:00+00:00,50.907,51.407,50.812,51.396,245.344,4h,uploaded_csv,BTCDOM_INDEX_PROXY,False,True
2025-06-04 20:00:00+00:00,51.405,51.839,51.392,51.694,487.317,4h,uploaded_csv,BTCDOM_INDEX_PROXY,False,True
2025-06-05 00:00:00+00:00,51.694,51.808,51.509,51.604,239.228,4h,uploaded_csv,BTCDOM_INDEX_PROXY,False,True
2025-06-05 04:00:00+00:00,51.604,51.731,51.472,51.609,317.19,4h,uploaded_csv,BTCDOM_INDEX_PROXY,False,True
2025-06-05 08:00:00+00:00,51.609,51.963,51.57,51.724,483.247,4h,uploaded_csv,BTCDOM_INDEX_PROXY,False,True
2025-06-05 12:00:00+00:00,51.724,52.084,51.57,51.863,775.535,4h,uploaded_csv,BTCDOM_INDEX_PROXY,False,True
2025-06-05 16:00:00+00:00,51.865,52.302,51.62,52.06,744.09,4h,uploaded_csv,BTCDOM_INDEX_PROXY,False,True
2025-06-05 20:00:00+00:00,52.054,53.469,52.054,53.287,1838.758,4h,uploaded_csv,BTCDOM_INDEX_PROXY,False,True
2025-06-06 00:00:00+00:00,53.282,53.48,52.8,52.981,782.839,4h,uploaded_csv,BTCDOM_INDEX_PROXY,False,True
2025-06-06 04:00:00+00:00,52.982,53.329,52.941,53.303,326.215,4h,uploaded_csv,BTCDOM_INDEX_PROXY,False,True
2025-06-06 08:00:00+00:00,53.302,53.345,52.985,53.156,319.766,4h,uploaded_csv,BTCDOM_INDEX_PROXY,False,True
2025-06-06 12:00:00+00:00,53.15,53.166,52.656,53.04,481.056,4h,uploaded_csv,BTCDOM_INDEX_PROXY,False,True
2025-06-06 16:00:00+00:00,53.04,53.312,52.914,53.06,245.386,4h,uploaded_csv,BTCDOM_INDEX_PROXY,False,True
2025-06-06 20:00:00+00:00,53.065,53.345,52.941,53.332,145.347,4h,uploaded_csv,BTCDOM_INDEX_PROXY,False,True
2025-06-07 00:00:00+00:00,53.327,53.453,53.151,53.211,395.706,4h,uploaded_csv,BTCDOM_INDEX_PROXY,False,True
2025-06-07 04:00:00+00:00,53.21,53.298,52.862,52.88,184.776,4h,uploaded_csv,BTCDOM_INDEX_PROXY,False,True
2025-06-07 08:00:00+00:00,52.875,53.094,52.869,52.998,178.263,4h,uploaded_csv,BTCDOM_INDEX_PROXY,False,True
2025-06-07 12:00:00+00:00,53.003,53.196,52.908,52.983,233.595,4h,uploaded_csv,BTCDOM_INDEX_PROXY,False,True
2025-06-07 16:00:00+00:00,52.982,53.26,52.97,53.192,150.266,4h,uploaded_csv,BTCDOM_INDEX_PROXY,False,True
2025-06-07 20:00:00+00:00,53.192,53.222,52.864,53.005,140.372,4h,uploaded_csv,BTCDOM_INDEX_PROXY,False,True
2025-06-08 00:00:00+00:00,52.999,53.318,52.986,53.223,134.054,4h,uploaded_csv,BTCDOM_INDEX_PROXY,False,True
2025-06-08 04:00:00+00:00,53.221,53.261,52.948,53.036,159.198,4h,uploaded_csv,BTCDOM_INDEX_PROXY,False,True
2025-06-08 08:00:00+00:00,53.03,53.251,52.926,52.992,134.078,4h,uploaded_csv,BTCDOM_INDEX_PROXY,False,True
2025-06-08 12:00:00+00:00,52.993,53.095,52.761,52.876,213.224,4h,uploaded_csv,BTCDOM_INDEX_PROXY,False,True
2025-06-08 16:00:00+00:00,52.876,52.876,52.575,52.615,146.944,4h,uploaded_csv,BTCDOM_INDEX_PROXY,False,True
2025-06-08 20:00:00+00:00,52.615,53.049,52.556,52.805,287.258,4h,uploaded_csv,BTCDOM_INDEX_PROXY,False,True
2025-06-09 00:00:00+00:00,52.806,53.211,52.775,53.073,285.722,4h,uploaded_csv,BTCDOM_INDEX_PROXY,False,True
2025-06-09 04:00:00+00:00,53.08,53.317,53.074,53.182,206.388,4h,uploaded_csv,BTCDOM_INDEX_PROXY,False,True
2025-06-09 08:00:00+00:00,53.175,53.344,53.07,53.29,288.373,4h,uploaded_csv,BTCDOM_INDEX_PROXY,False,True
2025-06-09 12:00:00+00:00,53.291,53.516,53.238,53.304,507.206,4h,uploaded_csv,BTCDOM_INDEX_PROXY,False,True
2025-06-09 16:00:00+00:00,53.301,53.326,52.865,53.061,381.699,4h,uploaded_csv,BTCDOM_INDEX_PROXY,False,True
2025-06-09 20:00:00+00:00,53.051,53.083,52.171,52.454,686.552,4h,uploaded_csv,BTCDOM_INDEX_PROXY,False,True
2025-06-10 00:00:00+00:00,52.454,52.454,51.915,52.284,1000.968,4h,uploaded_csv,BTCDOM_INDEX_PROXY,False,True
2025-06-10 04:00:00+00:00,52.283,52.642,52.221,52.352,568.819,4h,uploaded_csv,BTCDOM_INDEX_PROXY,False,True
2025-06-10 08:00:00+00:00,52.353,52.473,51.247,51.316,971.889,4h,uploaded_csv,BTCDOM_INDEX_PROXY,False,True
2025-06-10 12:00:00+00:00,51.313,51.91,51.057,51.692,1285.728,4h,uploaded_csv,BTCDOM_INDEX_PROXY,False,True
2025-06-10 16:00:00+00:00,51.692,51.698,51.206,51.27,236.897,4h,uploaded_csv,BTCDOM_INDEX_PROXY,False,True
2025-06-10 20:00:00+00:00,51.27,51.527,50.77,51.001,454.067,4h,uploaded_csv,BTCDOM_INDEX_PROXY,False,True
2025-06-11 00:00:00+00:00,51.002,51.369,50.25,51.041,503.09,4h,uploaded_csv,BTCDOM_INDEX_PROXY,False,True
2025-06-11 04:00:00+00:00,51.034,51.131,50.754,50.791,193.352,4h,uploaded_csv,BTCDOM_INDEX_PROXY,False,True
2025-06-11 08:00:00+00:00,50.792,51.178,50.739,50.985,323.108,4h,uploaded_csv,BTCDOM_INDEX_PROXY,False,True
2025-06-11 12:00:00+00:00,50.98,51.084,50.22,50.283,527.657,4h,uploaded_csv,BTCDOM_INDEX_PROXY,False,True
2025-06-11 16:00:00+00:00,50.28,50.843,50.0,50.807,434.291,4h,uploaded_csv,BTCDOM_INDEX_PROXY,False,True
2025-06-11 20:00:00+00:00,50.807,51.412,50.658,51.246,472.49,4h,uploaded_csv,BTCDOM_INDEX_PROXY,False,True
2025-06-12 00:00:00+00:00,51.25,51.491,51.079,51.212,437.973,4h,uploaded_csv,BTCDOM_INDEX_PROXY,False,True
2025-06-12 04:00:00+00:00,51.212,51.388,51.066,51.349,191.601,4h,uploaded_csv,BTCDOM_INDEX_PROXY,False,True
2025-06-12 08:00:00+00:00,51.35,51.544,51.195,51.354,402.605,4h,uploaded_csv,BTCDOM_INDEX_PROXY,False,True
2025-06-12 12:00:00+00:00,51.354,51.544,50.973,51.478,474.355,4h,uploaded_csv,BTCDOM_INDEX_PROXY,False,True
2025-06-12 16:00:00+00:00,51.479,51.993,51.288,51.884,593.121,4h,uploaded_csv,BTCDOM_INDEX_PROXY,False,True
2025-06-12 20:00:00+00:00,51.886,52.43,51.847,52.066,1076.511,4h,uploaded_csv,BTCDOM_INDEX_PROXY,False,True
2025-06-13 00:00:00+00:00,52.065,54.106,52.031,53.503,3306.459,4h,uploaded_csv,BTCDOM_INDEX_PROXY,False,True
2025-06-13 04:00:00+00:00,53.502,53.779,53.31,53.502,910.365,4h,uploaded_csv,BTCDOM_INDEX_PROXY,False,True
2025-06-13 08:00:00+00:00,53.507,53.68,53.28,53.335,440.496,4h,uploaded_csv,BTCDOM_INDEX_PROXY,False,True
2025-06-13 12:00:00+00:00,53.338,53.581,53.15,53.372,563.987,4h,uploaded_csv,BTCDOM_INDEX_PROXY,False,True
2025-06-13 16:00:00+00:00,53.372,53.743,53.16,53.635,444.539,4h,uploaded_csv,BTCDOM_INDEX_PROXY,False,True
2025-06-13 20:00:00+00:00,53.636,53.74,53.2,53.248,270.871,4h,uploaded_csv,BTCDOM_INDEX_PROXY,False,True
2025-06-14 00:00:00+00:00,53.248,53.476,53.225,53.26,234.833,4h,uploaded_csv,BTCDOM_INDEX_PROXY,False,True
2025-06-14 04:00:00+00:00,53.26,53.381,53.152,53.304,307.75,4h,uploaded_csv,BTCDOM_INDEX_PROXY,False,True
2025-06-14 08:00:00+00:00,53.303,53.512,53.273,53.274,194.031,4h,uploaded_csv,BTCDOM_INDEX_PROXY,False,True
2025-06-14 12:00:00+00:00,53.284,53.751,53.272,53.646,339.132,4h,uploaded_csv,BTCDOM_INDEX_PROXY,False,True
2025-06-14 16:00:00+00:00,53.661,54.045,53.556,53.878,477.195,4h,uploaded_csv,BTCDOM_INDEX_PROXY,False,True
2025-06-14 20:00:00+00:00,53.877,54.07,53.71,53.827,206.958,4h,uploaded_csv,BTCDOM_INDEX_PROXY,False,True
2025-06-15 00:00:00+00:00,53.83,53.862,53.682,53.72,125.677,4h,uploaded_csv,BTCDOM_INDEX_PROXY,False,True
2025-06-15 04:00:00+00:00,53.72,53.794,53.572,53.739,208.451,4h,uploaded_csv,BTCDOM_INDEX_PROXY,False,True
2025-06-15 08:00:00+00:00,53.741,53.892,53.533,53.598,259.474,4h,uploaded_csv,BTCDOM_INDEX_PROXY,False,True
2025-06-15 12:00:00+00:00,53.597,53.654,53.276,53.439,376.603,4h,uploaded_csv,BTCDOM_INDEX_PROXY,False,True
2025-06-15 16:00:00+00:00,53.435,53.505,53.245,53.357,133.982,4h,uploaded_csv,BTCDOM_INDEX_PROXY,False,True
2025-06-15 20:00:00+00:00,53.36,53.77,53.111,53.293,280.402,4h,uploaded_csv,BTCDOM_INDEX_PROXY,False,True
2025-06-16 00:00:00+00:00,53.294,53.51,52.882,53.115,357.844,4h,uploaded_csv,BTCDOM_INDEX_PROXY,False,True
2025-06-16 04:00:00+00:00,53.116,53.136,52.512,52.709,624.568,4h,uploaded_csv,BTCDOM_INDEX_PROXY,False,True
2025-06-16 08:00:00+00:00,52.7,53.069,52.637,52.714,250.23,4h,uploaded_csv,BTCDOM_INDEX_PROXY,False,True
2025-06-16 12:00:00+00:00,52.719,52.742,52.274,52.502,436.591,4h,uploaded_csv,BTCDOM_INDEX_PROXY,False,True
2025-06-16 16:00:00+00:00,52.503,52.7,52.207,52.566,297.538,4h,uploaded_csv,BTCDOM_INDEX_PROXY,False,True
2025-06-16 20:00:00+00:00,52.575,53.806,52.457,53.71,804.978,4h,uploaded_csv,BTCDOM_INDEX_PROXY,False,True
2025-06-17 00:00:00+00:00,53.71,53.965,53.093,53.241,642.5,4h,uploaded_csv,BTCDOM_INDEX_PROXY,False,True
2025-06-17 04:00:00+00:00,53.24,53.428,53.069,53.147,288.584,4h,uploaded_csv,BTCDOM_INDEX_PROXY,False,True
2025-06-17 08:00:00+00:00,53.15,53.417,53.107,53.349,261.216,4h,uploaded_csv,BTCDOM_INDEX_PROXY,False,True
2025-06-17 12:00:00+00:00,53.347,53.685,52.927,53.427,809.969,4h,uploaded_csv,BTCDOM_INDEX_PROXY,False,True
2025-06-17 16:00:00+00:00,53.428,53.936,53.221,53.308,912.673,4h,uploaded_csv,BTCDOM_INDEX_PROXY,False,True
2025-06-17 20:00:00+00:00,53.308,53.773,53.238,53.591,253.005,4h,uploaded_csv,BTCDOM_INDEX_PROXY,False,True
2025-06-18 00:00:00+00:00,53.591,53.67,53.39,53.577,169.591,4h,uploaded_csv,BTCDOM_INDEX_PROXY,False,True
2025-06-18 04:00:00+00:00,53.582,53.62,53.402,53.417,300.381,4h,uploaded_csv,BTCDOM_INDEX_PROXY,False,True
2025-06-18 08:00:00+00:00,53.416,54.1,53.416,53.938,994.306,4h,uploaded_csv,BTCDOM_INDEX_PROXY,False,True
2025-06-18 12:00:00+00:00,53.939,54.274,53.766,53.977,1165.693,4h,uploaded_csv,BTCDOM_INDEX_PROXY,False,True
2025-06-18 16:00:00+00:00,53.977,54.096,53.708,53.785,299.664,4h,uploaded_csv,BTCDOM_INDEX_PROXY,False,True
2025-06-18 20:00:00+00:00,53.793,53.87,53.49,53.663,469.302,4h,uploaded_csv,BTCDOM_INDEX_PROXY,False,True
2025-06-19 00:00:00+00:00,53.664,53.893,53.439,53.791,169.337,4h,uploaded_csv,BTCDOM_INDEX_PROXY,False,True
2025-06-19 04:00:00+00:00,53.791,53.853,53.637,53.759,184.554,4h,uploaded_csv,BTCDOM_INDEX_PROXY,False,True
2025-06-19 08:00:00+00:00,53.759,53.865,53.65,53.732,249.62,4h,uploaded_csv,BTCDOM_INDEX_PROXY,False,True
2025-06-19 12:00:00+00:00,53.732,53.934,53.66,53.894,305.694,4h,uploaded_csv,BTCDOM_INDEX_PROXY,False,True
2025-06-19 16:00:00+00:00,53.895,53.921,53.602,53.645,197.374,4h,uploaded_csv,BTCDOM_INDEX_PROXY,False,True
2025-06-19 20:00:00+00:00,53.645,53.697,53.474,53.558,172.891,4h,uploaded_csv,BTCDOM_INDEX_PROXY,False,True
2025-06-20 00:00:00+00:00,53.559,53.782,53.459,53.766,113.657,4h,uploaded_csv,BTCDOM_INDEX_PROXY,False,True
2025-06-20 04:00:00+00:00,53.767,53.919,53.715,53.818,197.619,4h,uploaded_csv,BTCDOM_INDEX_PROXY,False,True
2025-06-20 08:00:00+00:00,53.818,54.026,53.785,53.838,315.537,4h,uploaded_csv,BTCDOM_INDEX_PROXY,False,True
2025-06-20 12:00:00+00:00,53.838,54.11,53.76,54.05,328.296,4h,uploaded_csv,BTCDOM_INDEX_PROXY,False,True
2025-06-20 16:00:00+00:00,54.05,55.0,54.018,54.634,961.077,4h,uploaded_csv,BTCDOM_INDEX_PROXY,False,True
2025-06-20 20:00:00+00:00,54.635,54.996,54.387,54.708,441.775,4h,uploaded_csv,BTCDOM_INDEX_PROXY,False,True
2025-06-21 00:00:00+00:00,54.708,54.836,54.528,54.565,256.205,4h,uploaded_csv,BTCDOM_INDEX_PROXY,False,True
2025-06-21 04:00:00+00:00,54.565,54.659,54.487,54.496,262.418,4h,uploaded_csv,BTCDOM_INDEX_PROXY,False,True
2025-06-21 08:00:00+00:00,54.496,54.642,54.391,54.53,224.667,4h,uploaded_csv,BTCDOM_INDEX_PROXY,False,True
2025-06-21 12:00:00+00:00,54.528,55.0,54.514,54.944,589.335,4h,uploaded_csv,BTCDOM_INDEX_PROXY,False,True
2025-06-21 16:00:00+00:00,54.945,55.209,54.85,55.067,710.61,4h,uploaded_csv,BTCDOM_INDEX_PROXY,False,True
2025-06-21 20:00:00+00:00,55.068,56.4,54.758,56.233,1788.743,4h,uploaded_csv,BTCDOM_INDEX_PROXY,False,True
2025-06-22 00:00:00+00:00,56.234,57.0,56.125,56.615,1103.476,4h,uploaded_csv,BTCDOM_INDEX_PROXY,False,True
2025-06-22 04:00:00+00:00,56.619,56.666,56.347,56.476,427.336,4h,uploaded_csv,BTCDOM_INDEX_PROXY,False,True
2025-06-22 08:00:00+00:00,56.474,57.181,56.409,57.05,742.864,4h,uploaded_csv,BTCDOM_INDEX_PROXY,False,True
2025-06-22 12:00:00+00:00,57.05,58.152,56.916,57.368,2158.093,4h,uploaded_csv,BTCDOM_INDEX_PROXY,False,True
2025-06-22 16:00:00+00:00,57.368,57.442,57.031,57.193,520.653,4h,uploaded_csv,BTCDOM_INDEX_PROXY,False,True
2025-06-22 20:00:00+00:00,57.17,58.092,57.014,57.095,875.413,4h,uploaded_csv,BTCDOM_INDEX_PROXY,False,True
2025-06-23 00:00:00+00:00,57.095,57.142,56.755,57.008,304.154,4h,uploaded_csv,BTCDOM_INDEX_PROXY,False,True
2025-06-23 04:00:00+00:00,57.0,57.142,56.705,56.924,414.172,4h,uploaded_csv,BTCDOM_INDEX_PROXY,False,True
2025-06-23 08:00:00+00:00,56.924,57.088,56.756,56.849,314.098,4h,uploaded_csv,BTCDOM_INDEX_PROXY,False,True
2025-06-23 12:00:00+00:00,56.849,57.0,56.334,56.899,616.37,4h,uploaded_csv,BTCDOM_INDEX_PROXY,False,True
2025-06-23 16:00:00+00:00,56.894,57.229,56.168,56.366,883.162,4h,uploaded_csv,BTCDOM_INDEX_PROXY,False,True
2025-06-23 20:00:00+00:00,56.356,56.367,55.086,55.339,981.937,4h,uploaded_csv,BTCDOM_INDEX_PROXY,False,True
2025-06-24 00:00:00+00:00,55.339,55.621,55.236,55.416,643.557,4h,uploaded_csv,BTCDOM_INDEX_PROXY,False,True
2025-06-24 04:00:00+00:00,55.402,55.421,54.91,55.29,669.862,4h,uploaded_csv,BTCDOM_INDEX_PROXY,False,True
2025-06-24 08:00:00+00:00,55.298,55.458,54.904,55.215,639.362,4h,uploaded_csv,BTCDOM_INDEX_PROXY,False,True
2025-06-24 12:00:00+00:00,55.215,55.256,54.891,54.942,453.344,4h,uploaded_csv,BTCDOM_INDEX_PROXY,False,True
2025-06-24 16:00:00+00:00,54.935,55.209,54.583,55.001,670.388,4h,uploaded_csv,BTCDOM_INDEX_PROXY,False,True
2025-06-24 20:00:00+00:00,55.007,55.261,54.936,55.029,337.509,4h,uploaded_csv,BTCDOM_INDEX_PROXY,False,True
2025-06-25 00:00:00+00:00,55.029,55.264,54.989,55.246,169.073,4h,uploaded_csv,BTCDOM_INDEX_PROXY,False,True
2025-06-25 04:00:00+00:00,55.246,55.444,55.164,55.311,259.273,4h,uploaded_csv,BTCDOM_INDEX_PROXY,False,True
2025-06-25 08:00:00+00:00,55.311,55.902,55.303,55.745,340.728,4h,uploaded_csv,BTCDOM_INDEX_PROXY,False,True
2025-06-25 12:00:00+00:00,55.758,56.495,55.728,56.315,584.159,4h,uploaded_csv,BTCDOM_INDEX_PROXY,False,True
2025-06-25 16:00:00+00:00,56.325,56.485,56.081,56.097,341.842,4h,uploaded_csv,BTCDOM_INDEX_PROXY,False,True
2025-06-25 20:00:00+00:00,56.097,56.36,55.957,56.328,312.463,4h,uploaded_csv,BTCDOM_INDEX_PROXY,False,True
2025-06-26 00:00:00+00:00,56.328,56.384,55.272,55.594,453.999,4h,uploaded_csv,BTCDOM_INDEX_PROXY,False,True
2025-06-26 04:00:00+00:00,55.59,55.855,55.562,55.68,357.172,4h,uploaded_csv,BTCDOM_INDEX_PROXY,False,True
2025-06-26 08:00:00+00:00,55.684,56.138,55.673,56.051,210.841,4h,uploaded_csv,BTCDOM_INDEX_PROXY,False,True
2025-06-26 12:00:00+00:00,56.056,56.685,56.055,56.659,554.168,4h,uploaded_csv,BTCDOM_INDEX_PROXY,False,True
2025-06-26 16:00:00+00:00,56.663,56.908,56.576,56.667,563.537,4h,uploaded_csv,BTCDOM_INDEX_PROXY,False,True
2025-06-26 20:00:00+00:00,56.668,57.0,56.354,56.893,329.561,4h,uploaded_csv,BTCDOM_INDEX_PROXY,False,True
2025-06-27 00:00:00+00:00,56.893,57.133,56.57,56.61,440.09,4h,uploaded_csv,BTCDOM_INDEX_PROXY,False,True
2025-06-27 04:00:00+00:00,56.609,56.792,56.467,56.597,348.163,4h,uploaded_csv,BTCDOM_INDEX_PROXY,False,True
2025-06-27 08:00:00+00:00,56.598,56.651,56.258,56.433,205.557,4h,uploaded_csv,BTCDOM_INDEX_PROXY,False,True
2025-06-27 12:00:00+00:00,56.43,56.649,56.293,56.526,219.704,4h,uploaded_csv,BTCDOM_INDEX_PROXY,False,True
2025-06-27 16:00:00+00:00,56.526,57.05,56.339,56.711,237.241,4h,uploaded_csv,BTCDOM_INDEX_PROXY,False,True
2025-06-27 20:00:00+00:00,56.705,56.74,56.24,56.361,169.797,4h,uploaded_csv,BTCDOM_INDEX_PROXY,False,True
2025-06-28 00:00:00+00:00,56.362,56.483,56.139,56.319,132.748,4h,uploaded_csv,BTCDOM_INDEX_PROXY,False,True
2025-06-28 04:00:00+00:00,56.319,56.366,56.013,56.054,82.966,4h,uploaded_csv,BTCDOM_INDEX_PROXY,False,True
2025-06-28 08:00:00+00:00,56.054,56.208,55.89,56.012,151.958,4h,uploaded_csv,BTCDOM_INDEX_PROXY,False,True
2025-06-28 12:00:00+00:00,56.013,56.116,55.823,55.869,146.611,4h,uploaded_csv,BTCDOM_INDEX_PROXY,False,True
2025-06-28 16:00:00+00:00,55.869,55.869,55.5,55.684,247.661,4h,uploaded_csv,BTCDOM_INDEX_PROXY,False,True
2025-06-28 20:00:00+00:00,55.685,55.82,55.591,55.691,74.984,4h,uploaded_csv,BTCDOM_INDEX_PROXY,False,True
2025-06-29 00:00:00+00:00,55.69,55.935,55.64,55.788,112.886,4h,uploaded_csv,BTCDOM_INDEX_PROXY,False,True
2025-06-29 04:00:00+00:00,55.788,55.885,55.652,55.688,91.585,4h,uploaded_csv,BTCDOM_INDEX_PROXY,False,True
2025-06-29 08:00:00+00:00,55.688,55.91,55.649,55.881,142.595,4h,uploaded_csv,BTCDOM_INDEX_PROXY,False,True
2025-06-29 12:00:00+00:00,55.882,55.999,55.764,55.956,113.931,4h,uploaded_csv,BTCDOM_INDEX_PROXY,False,True
2025-06-29 16:00:00+00:00,55.961,55.975,55.66,55.666,65.996,4h,uploaded_csv,BTCDOM_INDEX_PROXY,False,True
2025-06-29 20:00:00+00:00,55.666,55.939,54.73,55.145,544.675,4h,uploaded_csv,BTCDOM_INDEX_PROXY,False,True
2025-06-30 00:00:00+00:00,55.145,55.5,54.93,55.396,465.308,4h,uploaded_csv,BTCDOM_INDEX_PROXY,False,True
2025-06-30 04:00:00+00:00,55.396,55.652,55.219,55.248,163.713,4h,uploaded_csv,BTCDOM_INDEX_PROXY,False,True
2025-06-30 08:00:00+00:00,55.256,55.737,55.226,55.634,169.274,4h,uploaded_csv,BTCDOM_INDEX_PROXY,False,True
2025-06-30 12:00:00+00:00,55.635,55.699,54.818,55.036,300.743,4h,uploaded_csv,BTCDOM_INDEX_PROXY,False,True
2025-06-30 16:00:00+00:00,55.029,55.103,53.944,53.982,1057.308,4h,uploaded_csv,BTCDOM_INDEX_PROXY,False,True
2025-06-30 20:00:00+00:00,53.987,54.577,53.786,54.577,519.375,4h,uploaded_csv,BTCDOM_INDEX_PROXY,False,True
2025-07-01 00:00:00+00:00,54.577,54.76,54.463,54.677,190.892,4h,uploaded_csv,BTCDOM_INDEX_PROXY,False,True
2025-07-01 04:00:00+00:00,54.675,55.2,54.675,55.077,366.343,4h,uploaded_csv,BTCDOM_INDEX_PROXY,False,True
2025-07-01 08:00:00+00:00,55.069,55.313,54.96,55.19,481.845,4h,uploaded_csv,BTCDOM_INDEX_PROXY,False,True
2025-07-01 12:00:00+00:00,55.19,55.756,55.167,55.448,805.809,4h,uploaded_csv,BTCDOM_INDEX_PROXY,False,True
2025-07-01 16:00:00+00:00,55.447,55.704,55.338,55.66,279.269,4h,uploaded_csv,BTCDOM_INDEX_PROXY,False,True
2025-07-01 20:00:00+00:00,55.662,55.817,55.531,55.609,261.07,4h,uploaded_csv,BTCDOM_INDEX_PROXY,False,True
2025-07-02 00:00:00+00:00,55.611,55.779,55.45,55.48,226.985,4h,uploaded_csv,BTCDOM_INDEX_PROXY,False,True
2025-07-02 04:00:00+00:00,55.48,55.551,55.333,55.491,262.428,4h,uploaded_csv,BTCDOM_INDEX_PROXY,False,True
2025-07-02 08:00:00+00:00,55.491,55.946,55.488,55.806,377.617,4h,uploaded_csv,BTCDOM_INDEX_PROXY,False,True
2025-07-02 12:00:00+00:00,55.807,55.952,55.337,55.428,370.83,4h,uploaded_csv,BTCDOM_INDEX_PROXY,False,True
2025-07-02 16:00:00+00:00,55.431,55.464,54.374,54.387,753.118,4h,uploaded_csv,BTCDOM_INDEX_PROXY,False,True
2025-07-02 20:00:00+00:00,54.397,54.634,54.119,54.619,464.503,4h,uploaded_csv,BTCDOM_INDEX_PROXY,False,True
2025-07-03 00:00:00+00:00,54.619,54.716,54.417,54.531,283.129,4h,uploaded_csv,BTCDOM_INDEX_PROXY,False,True
2025-07-03 04:00:00+00:00,54.532,54.568,53.955,53.979,388.106,4h,uploaded_csv,BTCDOM_INDEX_PROXY,False,True
2025-07-03 08:00:00+00:00,53.98,54.36,53.9,54.12,732.807,4h,uploaded_csv,BTCDOM_INDEX_PROXY,False,True
2025-07-03 12:00:00+00:00,54.12,54.795,54.026,54.758,400.529,4h,uploaded_csv,BTCDOM_INDEX_PROXY,False,True
2025-07-03 16:00:00+00:00,54.755,54.817,54.587,54.664,251.351,4h,uploaded_csv,BTCDOM_INDEX_PROXY,False,True
2025-07-03 20:00:00+00:00,54.665,54.673,54.37,54.536,179.911,4h,uploaded_csv,BTCDOM_INDEX_PROXY,False,True
2025-07-04 00:00:00+00:00,54.533,54.725,54.361,54.569,413.963,4h,uploaded_csv,BTCDOM_INDEX_PROXY,False,True
2025-07-04 04:00:00+00:00,54.57,55.2,54.45,55.17,396.949,4h,uploaded_csv,BTCDOM_INDEX_PROXY,False,True
2025-07-04 08:00:00+00:00,55.173,55.4,54.972,54.991,417.025,4h,uploaded_csv,BTCDOM_INDEX_PROXY,False,True
2025-07-04 12:00:00+00:00,54.991,55.383,54.818,55.293,295.033,4h,uploaded_csv,BTCDOM_INDEX_PROXY,False,True
2025-07-04 16:00:00+00:00,55.293,55.686,55.281,55.478,333.415,4h,uploaded_csv,BTCDOM_INDEX_PROXY,False,True
2025-07-04 20:00:00+00:00,55.478,55.531,55.214,55.264,156.724,4h,uploaded_csv,BTCDOM_INDEX_PROXY,False,True
2025-07-05 00:00:00+00:00,55.265,55.41,55.152,55.232,139.087,4h,uploaded_csv,BTCDOM_INDEX_PROXY,False,True
2025-07-05 04:00:00+00:00,55.231,55.352,55.066,55.122,115.607,4h,uploaded_csv,BTCDOM_INDEX_PROXY,False,True
2025-07-05 08:00:00+00:00,55.115,55.292,55.094,55.196,78.911,4h,uploaded_csv,BTCDOM_INDEX_PROXY,False,True
2025-07-05 12:00:00+00:00,55.195,55.344,55.169,55.303,92.462,4h,uploaded_csv,BTCDOM_INDEX_PROXY,False,True
2025-07-05 16:00:00+00:00,55.303,55.623,55.197,55.388,214.209,4h,uploaded_csv,BTCDOM_INDEX_PROXY,False,True
2025-07-05 20:00:00+00:00,55.387,55.419,55.173,55.217,81.005,4h,uploaded_csv,BTCDOM_INDEX_PROXY,False,True
2025-07-06 00:00:00+00:00,55.217,55.31,55.166,55.235,170.701,4h,uploaded_csv,BTCDOM_INDEX_PROXY,False,True
2025-07-06 04:00:00+00:00,55.235,55.332,55.031,55.111,171.778,4h,uploaded_csv,BTCDOM_INDEX_PROXY,False,True
2025-07-06 08:00:00+00:00,55.112,55.177,54.886,54.951,157.996,4h,uploaded_csv,BTCDOM_INDEX_PROXY,False,True
2025-07-06 12:00:00+00:00,54.951,54.969,54.29,54.536,408.109,4h,uploaded_csv,BTCDOM_INDEX_PROXY,False,True
2025-07-06 16:00:00+00:00,54.536,54.809,54.447,54.608,167.278,4h,uploaded_csv,BTCDOM_INDEX_PROXY,False,True
2025-07-06 20:00:00+00:00,54.609,54.637,54.113,54.608,485.68,4h,uploaded_csv,BTCDOM_INDEX_PROXY,False,True
2025-07-07 00:00:00+00:00,54.609,54.729,54.371,54.512,208.186,4h,uploaded_csv,BTCDOM_INDEX_PROXY,False,True
2025-07-07 04:00:00+00:00,54.508,54.611,54.362,54.363,272.697,4h,uploaded_csv,BTCDOM_INDEX_PROXY,False,True
2025-07-07 08:00:00+00:00,54.367,54.487,54.224,54.291,308.645,4h,uploaded_csv,BTCDOM_INDEX_PROXY,False,True
2025-07-07 12:00:00+00:00,54.291,54.493,53.45,54.341,1004.389,4h,uploaded_csv,BTCDOM_INDEX_PROXY,False,True
2025-07-07 16:00:00+00:00,54.336,54.502,54.221,54.417,338.03,4h,uploaded_csv,BTCDOM_INDEX_PROXY,False,True
2025-07-07 20:00:00+00:00,54.407,54.797,54.405,54.615,150.65,4h,uploaded_csv,BTCDOM_INDEX_PROXY,False,True
2025-07-08 00:00:00+00:00,54.613,54.768,54.479,54.574,268.044,4h,uploaded_csv,BTCDOM_INDEX_PROXY,False,True
2025-07-08 04:00:00+00:00,54.573,54.694,54.428,54.578,298.835,4h,uploaded_csv,BTCDOM_INDEX_PROXY,False,True
2025-07-08 08:00:00+00:00,54.579,54.619,54.2,54.242,145.615,4h,uploaded_csv,BTCDOM_INDEX_PROXY,False,True
2025-07-08 12:00:00+00:00,54.241,54.333,54.113,54.292,188.97,4h,uploaded_csv,BTCDOM_INDEX_PROXY,False,True
2025-07-08 16:00:00+00:00,54.289,54.289,53.722,53.826,441.558,4h,uploaded_csv,BTCDOM_INDEX_PROXY,False,True
2025-07-08 20:00:00+00:00,53.82,53.999,53.776,53.868,128.194,4h,uploaded_csv,BTCDOM_INDEX_PROXY,False,True
2025-07-09 00:00:00+00:00,53.869,54.013,53.704,53.827,285.743,4h,uploaded_csv,BTCDOM_INDEX_PROXY,False,True
2025-07-09 04:00:00+00:00,53.824,53.879,53.273,53.368,600.634,4h,uploaded_csv,BTCDOM_INDEX_PROXY,False,True
2025-07-09 08:00:00+00:00,53.369,53.579,53.273,53.336,277.156,4h,uploaded_csv,BTCDOM_INDEX_PROXY,False,True
2025-07-09 12:00:00+00:00,53.325,53.351,52.91,53.025,625.326,4h,uploaded_csv,BTCDOM_INDEX_PROXY,False,True
2025-07-09 16:00:00+00:00,53.025,53.1,52.559,52.946,453.48,4h,uploaded_csv,BTCDOM_INDEX_PROXY,False,True
2025-07-09 20:00:00+00:00,52.954,53.02,52.501,52.7,317.426,4h,uploaded_csv,BTCDOM_INDEX_PROXY,False,True
2025-07-10 00:00:00+00:00,52.7,52.722,52.345,52.51,288.451,4h,uploaded_csv,BTCDOM_INDEX_PROXY,False,True
2025-07-10 04:00:00+00:00,52.507,52.6,52.01,52.255,514.567,4h,uploaded_csv,BTCDOM_INDEX_PROXY,False,True
2025-07-10 08:00:00+00:00,52.251,52.33,52.0,52.263,339.421,4h,uploaded_csv,BTCDOM_INDEX_PROXY,False,True
2025-07-10 12:00:00+00:00,52.264,52.597,52.104,52.561,301.508,4h,uploaded_csv,BTCDOM_INDEX_PROXY,False,True
2025-07-10 16:00:00+00:00,52.557,52.728,52.37,52.529,327.91,4h,uploaded_csv,BTCDOM_INDEX_PROXY,False,True
2025-07-10 20:00:00+00:00,52.531,53.175,51.842,52.047,686.417,4h,uploaded_csv,BTCDOM_INDEX_PROXY,False,True
2025-07-11 00:00:00+00:00,52.052,52.427,51.792,52.021,483.962,4h,uploaded_csv,BTCDOM_INDEX_PROXY,False,True
2025-07-11 04:00:00+00:00,52.021,52.437,51.858,52.428,405.847,4h,uploaded_csv,BTCDOM_INDEX_PROXY,False,True
2025-07-11 08:00:00+00:00,52.423,52.466,51.837,52.062,363.053,4h,uploaded_csv,BTCDOM_INDEX_PROXY,False,True
2025-07-11 12:00:00+00:00,52.061,52.195,50.574,51.312,1182.099,4h,uploaded_csv,BTCDOM_INDEX_PROXY,False,True
2025-07-11 16:00:00+00:00,51.308,51.6,50.813,50.922,509.817,4h,uploaded_csv,BTCDOM_INDEX_PROXY,False,True
2025-07-11 20:00:00+00:00,50.914,52.448,50.9,51.807,733.133,4h,uploaded_csv,BTCDOM_INDEX_PROXY,False,True
2025-07-12 00:00:00+00:00,51.808,52.091,51.15,51.373,418.12,4h,uploaded_csv,BTCDOM_INDEX_PROXY,False,True
2025-07-12 04:00:00+00:00,51.37,51.83,51.338,51.6,263.167,4h,uploaded_csv,BTCDOM_INDEX_PROXY,False,True
2025-07-12 08:00:00+00:00,51.601,51.759,51.357,51.605,193.86,4h,uploaded_csv,BTCDOM_INDEX_PROXY,False,True
2025-07-12 12:00:00+00:00,51.609,52.666,51.581,52.502,643.243,4h,uploaded_csv,BTCDOM_INDEX_PROXY,False,True
2025-07-12 16:00:00+00:00,52.501,52.682,51.968,52.09,290.634,4h,uploaded_csv,BTCDOM_INDEX_PROXY,False,True
2025-07-12 20:00:00+00:00,52.096,52.423,51.954,52.015,157.277,4h,uploaded_csv,BTCDOM_INDEX_PROXY,False,True
2025-07-13 00:00:00+00:00,52.014,52.09,51.672,51.842,481.536,4h,uploaded_csv,BTCDOM_INDEX_PROXY,False,True
2025-07-13 04:00:00+00:00,51.841,51.905,51.529,51.566,173.721,4h,uploaded_csv,BTCDOM_INDEX_PROXY,False,True
2025-07-13 08:00:00+00:00,51.566,51.8,51.516,51.659,168.22,4h,uploaded_csv,BTCDOM_INDEX_PROXY,False,True
2025-07-13 12:00:00+00:00,51.659,51.687,51.15,51.441,415.067,4h,uploaded_csv,BTCDOM_INDEX_PROXY,False,True
2025-07-13 16:00:00+00:00,51.441,51.766,51.298,51.509,173.255,4h,uploaded_csv,BTCDOM_INDEX_PROXY,False,True
2025-07-13 20:00:00+00:00,51.508,52.12,51.465,51.83,267.915,4h,uploaded_csv,BTCDOM_INDEX_PROXY,False,True
2025-07-14 00:00:00+00:00,51.83,51.831,51.036,51.309,534.58,4h,uploaded_csv,BTCDOM_INDEX_PROXY,False,True
2025-07-14 04:00:00+00:00,51.303,52.191,51.148,51.808,522.942,4h,uploaded_csv,BTCDOM_INDEX_PROXY,False,True
2025-07-14 08:00:00+00:00,51.809,52.057,51.097,51.369,663.931,4h,uploaded_csv,BTCDOM_INDEX_PROXY,False,True
2025-07-14 12:00:00+00:00,51.368,51.656,51.119,51.368,651.762,4h,uploaded_csv,BTCDOM_INDEX_PROXY,False,True
2025-07-14 16:00:00+00:00,51.365,51.68,50.984,51.534,531.751,4h,uploaded_csv,BTCDOM_INDEX_PROXY,False,True
2025-07-14 20:00:00+00:00,51.528,51.855,51.392,51.413,239.137,4h,uploaded_csv,BTCDOM_INDEX_PROXY,False,True
2025-07-15 00:00:00+00:00,51.418,51.86,51.312,51.469,556.359,4h,uploaded_csv,BTCDOM_INDEX_PROXY,False,True
2025-07-15 04:00:00+00:00,51.47,51.579,50.867,51.055,626.148,4h,uploaded_csv,BTCDOM_INDEX_PROXY,False,True
2025-07-15 08:00:00+00:00,51.054,51.246,50.821,50.966,253.801,4h,uploaded_csv,BTCDOM_INDEX_PROXY,False,True
2025-07-15 12:00:00+00:00,50.966,51.053,50.246,50.26,852.872,4h,uploaded_csv,BTCDOM_INDEX_PROXY,False,True
2025-07-15 16:00:00+00:00,50.247,50.444,49.59,50.233,867.921,4h,uploaded_csv,BTCDOM_INDEX_PROXY,False,True
2025-07-15 20:00:00+00:00,50.231,50.377,49.557,49.629,322.481,4h,uploaded_csv,BTCDOM_INDEX_PROXY,False,True
2025-07-16 00:00:00+00:00,49.636,49.897,49.424,49.818,536.61,4h,uploaded_csv,BTCDOM_INDEX_PROXY,False,True
2025-07-16 04:00:00+00:00,49.819,49.977,49.411,49.538,349.465,4h,uploaded_csv,BTCDOM_INDEX_PROXY,False,True
2025-07-16 08:00:00+00:00,49.541,49.826,49.51,49.711,263.575,4h,uploaded_csv,BTCDOM_INDEX_PROXY,False,True
2025-07-16 12:00:00+00:00,49.711,49.723,48.771,49.07,899.226,4h,uploaded_csv,BTCDOM_INDEX_PROXY,False,True
2025-07-16 16:00:00+00:00,49.064,49.09,47.703,47.716,1226.751,4h,uploaded_csv,BTCDOM_INDEX_PROXY,False,True
2025-07-16 20:00:00+00:00,47.716,47.964,47.373,47.572,890.776,4h,uploaded_csv,BTCDOM_INDEX_PROXY,False,True
2025-07-17 00:00:00+00:00,47.579,48.054,47.326,47.947,932.506,4h,uploaded_csv,BTCDOM_INDEX_PROXY,False,True
2025-07-17 04:00:00+00:00,47.947,48.005,46.503,46.618,978.162,4h,uploaded_csv,BTCDOM_INDEX_PROXY,False,True
2025-07-17 08:00:00+00:00,46.612,46.75,46.0,46.142,1217.54,4h,uploaded_csv,BTCDOM_INDEX_PROXY,False,True
2025-07-17 12:00:00+00:00,46.143,46.858,46.024,46.581,1263.328,4h,uploaded_csv,BTCDOM_INDEX_PROXY,False,True
2025-07-17 16:00:00+00:00,46.579,47.074,46.265,46.659,884.887,4h,uploaded_csv,BTCDOM_INDEX_PROXY,False,True
2025-07-17 20:00:00+00:00,46.661,46.94,45.18,45.567,1548.362,4h,uploaded_csv,BTCDOM_INDEX_PROXY,False,True
2025-07-18 00:00:00+00:00,45.563,45.751,44.383,44.507,1401.749,4h,uploaded_csv,BTCDOM_INDEX_PROXY,False,True
2025-07-18 04:00:00+00:00,44.508,44.669,43.818,44.478,1397.902,4h,uploaded_csv,BTCDOM_INDEX_PROXY,False,True
2025-07-18 08:00:00+00:00,44.48,44.644,44.05,44.362,1465.206,4h,uploaded_csv,BTCDOM_INDEX_PROXY,False,True
2025-07-18 12:00:00+00:00,44.363,44.937,43.55,44.643,2421.904,4h,uploaded_csv,BTCDOM_INDEX_PROXY,False,True
2025-07-18 16:00:00+00:00,44.642,44.722,43.882,44.467,907.461,4h,uploaded_csv,BTCDOM_INDEX_PROXY,False,True
2025-07-18 20:00:00+00:00,44.481,45.173,44.44,44.746,947.23,4h,uploaded_csv,BTCDOM_INDEX_PROXY,False,True
2025-07-19 00:00:00+00:00,44.746,45.163,44.32,44.432,743.971,4h,uploaded_csv,BTCDOM_INDEX_PROXY,False,True
2025-07-19 04:00:00+00:00,44.43,44.614,44.232,44.437,357.368,4h,uploaded_csv,BTCDOM_INDEX_PROXY,False,True
2025-07-19 08:00:00+00:00,44.437,44.946,44.434,44.919,515.404,4h,uploaded_csv,BTCDOM_INDEX_PROXY,False,True
2025-07-19 12:00:00+00:00,44.918,45.074,44.56,44.773,746.931,4h,uploaded_csv,BTCDOM_INDEX_PROXY,False,True
2025-07-19 16:00:00+00:00,44.774,44.872,44.41,44.439,346.022,4h,uploaded_csv,BTCDOM_INDEX_PROXY,False,True
2025-07-19 20:00:00+00:00,44.439,44.721,44.26,44.314,259.459,4h,uploaded_csv,BTCDOM_INDEX_PROXY,False,True
2025-07-20 00:00:00+00:00,44.315,44.456,43.645,43.832,620.296,4h,uploaded_csv,BTCDOM_INDEX_PROXY,False,True
2025-07-20 04:00:00+00:00,43.836,44.063,43.6,43.721,554.857,4h,uploaded_csv,BTCDOM_INDEX_PROXY,False,True
2025-07-20 08:00:00+00:00,43.723,43.731,42.904,42.979,882.231,4h,uploaded_csv,BTCDOM_INDEX_PROXY,False,True
2025-07-20 12:00:00+00:00,42.98,43.294,42.84,42.899,844.54,4h,uploaded_csv,BTCDOM_INDEX_PROXY,False,True
2025-07-20 16:00:00+00:00,42.898,43.132,42.6,42.845,1001.243,4h,uploaded_csv,BTCDOM_INDEX_PROXY,False,True
2025-07-20 20:00:00+00:00,42.837,43.23,42.569,42.666,681.599,4h,uploaded_csv,BTCDOM_INDEX_PROXY,False,True
2025-07-21 00:00:00+00:00,42.669,43.135,42.62,42.812,821.603,4h,uploaded_csv,BTCDOM_INDEX_PROXY,False,True
2025-07-21 04:00:00+00:00,42.811,42.88,42.346,42.683,781.404,4h,uploaded_csv,BTCDOM_INDEX_PROXY,False,True
2025-07-21 08:00:00+00:00,42.678,42.729,41.985,42.112,761.531,4h,uploaded_csv,BTCDOM_INDEX_PROXY,False,True
2025-07-21 12:00:00+00:00,42.113,42.354,41.648,41.845,1314.786,4h,uploaded_csv,BTCDOM_INDEX_PROXY,False,True
2025-07-21 16:00:00+00:00,41.842,42.375,41.778,42.186,1279.053,4h,uploaded_csv,BTCDOM_INDEX_PROXY,False,True
2025-07-21 20:00:00+00:00,42.173,42.304,41.93,42.042,380.076,4h,uploaded_csv,BTCDOM_INDEX_PROXY,False,True
2025-07-22 00:00:00+00:00,42.041,42.505,41.737,42.307,1172.868,4h,uploaded_csv,BTCDOM_INDEX_PROXY,False,True
2025-07-22 04:00:00+00:00,42.308,43.103,42.308,42.997,2470.584,4h,uploaded_csv,BTCDOM_INDEX_PROXY,False,True
2025-07-22 08:00:00+00:00,43.001,43.712,42.973,43.074,1856.419,4h,uploaded_csv,BTCDOM_INDEX_PROXY,False,True
2025-07-22 12:00:00+00:00,43.074,43.451,42.706,42.862,1569.148,4h,uploaded_csv,BTCDOM_INDEX_PROXY,False,True
2025-07-22 16:00:00+00:00,42.863,43.332,42.599,43.293,630.442,4h,uploaded_csv,BTCDOM_INDEX_PROXY,False,True
2025-07-22 20:00:00+00:00,43.299,43.383,42.614,42.685,544.746,4h,uploaded_csv,BTCDOM_INDEX_PROXY,False,True
2025-07-23 00:00:00+00:00,42.69,42.901,42.428,42.575,688.026,4h,uploaded_csv,BTCDOM_INDEX_PROXY,False,True
2025-07-23 04:00:00+00:00,42.574,42.999,42.496,42.888,547.96,4h,uploaded_csv,BTCDOM_INDEX_PROXY,False,True
2025-07-23 08:00:00+00:00,42.888,43.25,42.726,43.105,1168.488,4h,uploaded_csv,BTCDOM_INDEX_PROXY,False,True
2025-07-23 12:00:00+00:00,43.104,44.456,43.073,43.979,2898.116,4h,uploaded_csv,BTCDOM_INDEX_PROXY,False,True
2025-07-23 16:00:00+00:00,43.973,44.991,43.963,44.946,1513.091,4h,uploaded_csv,BTCDOM_INDEX_PROXY,False,True
2025-07-23 20:00:00+00:00,44.948,45.728,44.643,44.809,1804.942,4h,uploaded_csv,BTCDOM_INDEX_PROXY,False,True
2025-07-24 00:00:00+00:00,44.799,45.015,44.269,44.558,1206.611,4h,uploaded_csv,BTCDOM_INDEX_PROXY,False,True
2025-07-24 04:00:00+00:00,44.554,46.359,44.454,45.607,2610.579,4h,uploaded_csv,BTCDOM_INDEX_PROXY,False,True
2025-07-24 08:00:00+00:00,45.607,45.855,44.89,44.975,2260.126,4h,uploaded_csv,BTCDOM_INDEX_PROXY,False,True
2025-07-24 12:00:00+00:00,44.975,45.218,44.04,44.223,2191.878,4h,uploaded_csv,BTCDOM_INDEX_PROXY,False,True
2025-07-24 16:00:00+00:00,44.217,44.767,44.077,44.27,736.619,4h,uploaded_csv,BTCDOM_INDEX_PROXY,False,True
2025-07-24 20:00:00+00:00,44.274,44.783,44.17,44.631,660.25,4h,uploaded_csv,BTCDOM_INDEX_PROXY,False,True
2025-07-25 00:00:00+00:00,44.631,45.192,44.418,44.654,1337.787,4h,uploaded_csv,BTCDOM_INDEX_PROXY,False,True
2025-07-25 04:00:00+00:00,44.653,44.849,44.311,44.395,1041.351,4h,uploaded_csv,BTCDOM_INDEX_PROXY,False,True
2025-07-25 08:00:00+00:00,44.396,44.536,42.93,43.942,1098.57,4h,uploaded_csv,BTCDOM_INDEX_PROXY,False,True
2025-07-25 12:00:00+00:00,43.94,44.792,43.731,44.622,844.774,4h,uploaded_csv,BTCDOM_INDEX_PROXY,False,True
2025-07-25 16:00:00+00:00,44.621,44.77,44.17,44.54,457.423,4h,uploaded_csv,BTCDOM_INDEX_PROXY,False,True
2025-07-25 20:00:00+00:00,44.54,44.574,43.853,43.886,349.421,4h,uploaded_csv,BTCDOM_INDEX_PROXY,False,True
2025-07-26 00:00:00+00:00,43.88,44.14,43.63,43.848,507.292,4h,uploaded_csv,BTCDOM_INDEX_PROXY,False,True
2025-07-26 04:00:00+00:00,43.847,43.859,43.573,43.725,419.21,4h,uploaded_csv,BTCDOM_INDEX_PROXY,False,True
2025-07-26 08:00:00+00:00,43.721,43.852,43.343,43.804,519.831,4h,uploaded_csv,BTCDOM_INDEX_PROXY,False,True
2025-07-26 12:00:00+00:00,43.804,43.978,43.667,43.77,338.078,4h,uploaded_csv,BTCDOM_INDEX_PROXY,False,True
2025-07-26 16:00:00+00:00,43.761,44.142,43.653,43.7,254.91,4h,uploaded_csv,BTCDOM_INDEX_PROXY,False,True
2025-07-26 20:00:00+00:00,43.71,43.85,43.344,43.759,210.162,4h,uploaded_csv,BTCDOM_INDEX_PROXY,False,True
2025-07-27 00:00:00+00:00,43.762,43.911,43.412,43.465,498.358,4h,uploaded_csv,BTCDOM_INDEX_PROXY,False,True
2025-07-27 04:00:00+00:00,43.465,43.587,43.16,43.526,498.286,4h,uploaded_csv,BTCDOM_INDEX_PROXY,False,True
2025-07-27 08:00:00+00:00,43.524,43.721,43.129,43.361,374.365,4h,uploaded_csv,BTCDOM_INDEX_PROXY,False,True
2025-07-27 12:00:00+00:00,43.372,43.643,43.114,43.379,465.61,4h,uploaded_csv,BTCDOM_INDEX_PROXY,False,True
2025-07-27 16:00:00+00:00,43.374,43.614,43.087,43.3,476.108,4h,uploaded_csv,BTCDOM_INDEX_PROXY,False,True
2025-07-27 20:00:00+00:00,43.297,43.372,43.016,43.04,361.932,4h,uploaded_csv,BTCDOM_INDEX_PROXY,False,True
2025-07-28 00:00:00+00:00,43.045,43.18,42.641,42.697,918.803,4h,uploaded_csv,BTCDOM_INDEX_PROXY,False,True
2025-07-28 04:00:00+00:00,42.705,42.839,42.21,42.469,967.342,4h,uploaded_csv,BTCDOM_INDEX_PROXY,False,True
2025-07-28 08:00:00+00:00,42.469,42.792,42.384,42.665,352.366,4h,uploaded_csv,BTCDOM_INDEX_PROXY,False,True
2025-07-28 12:00:00+00:00,42.664,43.63,42.532,43.409,1093.408,4h,uploaded_csv,BTCDOM_INDEX_PROXY,False,True
2025-07-28 16:00:00+00:00,43.407,43.795,43.25,43.56,888.957,4h,uploaded_csv,BTCDOM_INDEX_PROXY,False,True
2025-07-28 20:00:00+00:00,43.556,43.988,43.514,43.823,636.93,4h,uploaded_csv,BTCDOM_INDEX_PROXY,False,True
2025-07-29 00:00:00+00:00,43.825,44.23,43.571,43.942,1215.908,4h,uploaded_csv,BTCDOM_INDEX_PROXY,False,True
2025-07-29 04:00:00+00:00,43.943,44.066,43.304,43.336,828.346,4h,uploaded_csv,BTCDOM_INDEX_PROXY,False,True
2025-07-29 08:00:00+00:00,43.335,43.829,43.222,43.768,613.502,4h,uploaded_csv,BTCDOM_INDEX_PROXY,False,True
2025-07-29 12:00:00+00:00,43.767,44.25,43.45,44.05,1043.064,4h,uploaded_csv,BTCDOM_INDEX_PROXY,False,True
2025-07-29 16:00:00+00:00,44.055,44.458,43.812,44.04,947.906,4h,uploaded_csv,BTCDOM_INDEX_PROXY,False,True
2025-07-29 20:00:00+00:00,44.042,44.221,42.0,43.9,896.614,4h,uploaded_csv,BTCDOM_INDEX_PROXY,False,True
2025-07-30 00:00:00+00:00,43.894,44.216,43.591,43.829,451.851,4h,uploaded_csv,BTCDOM_INDEX_PROXY,False,True
2025-07-30 04:00:00+00:00,43.83,44.105,43.77,44.025,333.386,4h,uploaded_csv,BTCDOM_INDEX_PROXY,False,True
2025-07-30 08:00:00+00:00,44.025,44.808,43.942,44.668,664.903,4h,uploaded_csv,BTCDOM_INDEX_PROXY,False,True
2025-07-30 12:00:00+00:00,44.669,44.764,44.182,44.187,687.381,4h,uploaded_csv,BTCDOM_INDEX_PROXY,False,True
2025-07-30 16:00:00+00:00,44.19,44.967,43.8,44.282,1136.29,4h,uploaded_csv,BTCDOM_INDEX_PROXY,False,True
2025-07-30 20:00:00+00:00,44.286,44.56,44.014,44.176,426.969,4h,uploaded_csv,BTCDOM_INDEX_PROXY,False,True
2025-07-31 00:00:00+00:00,44.176,44.275,43.732,43.808,455.437,4h,uploaded_csv,BTCDOM_INDEX_PROXY,False,True
2025-07-31 04:00:00+00:00,43.801,43.879,43.676,43.771,156.323,4h,uploaded_csv,BTCDOM_INDEX_PROXY,False,True
2025-07-31 08:00:00+00:00,43.762,43.96,43.609,43.899,301.71,4h,uploaded_csv,BTCDOM_INDEX_PROXY,False,True
2025-07-31 12:00:00+00:00,43.899,44.7,43.874,44.51,642.041,4h,uploaded_csv,BTCDOM_INDEX_PROXY,False,True
2025-07-31 16:00:00+00:00,44.502,44.596,44.207,44.487,437.469,4h,uploaded_csv,BTCDOM_INDEX_PROXY,False,True
2025-07-31 20:00:00+00:00,44.494,44.75,44.373,44.638,416.344,4h,uploaded_csv,BTCDOM_INDEX_PROXY,False,True
2025-08-01 00:00:00+00:00,44.639,45.193,44.515,44.718,896.889,4h,uploaded_csv,BTCDOM_INDEX_PROXY,False,True
2025-08-01 04:00:00+00:00,44.717,45.275,44.717,45.065,721.246,4h,uploaded_csv,BTCDOM_INDEX_PROXY,False,True
2025-08-01 08:00:00+00:00,45.07,45.55,45.068,45.14,998.423,4h,uploaded_csv,BTCDOM_INDEX_PROXY,False,True
2025-08-01 12:00:00+00:00,45.145,45.504,44.986,45.153,958.242,4h,uploaded_csv,BTCDOM_INDEX_PROXY,False,True
2025-08-01 16:00:00+00:00,45.161,45.523,44.913,45.04,780.11,4h,uploaded_csv,BTCDOM_INDEX_PROXY,False,True
2025-08-01 20:00:00+00:00,45.04,46.314,44.999,45.657,1417.144,4h,uploaded_csv,BTCDOM_INDEX_PROXY,False,True
2025-08-02 00:00:00+00:00,45.652,45.831,45.328,45.47,547.219,4h,uploaded_csv,BTCDOM_INDEX_PROXY,False,True
2025-08-02 04:00:00+00:00,45.471,46.098,45.277,45.556,737.196,4h,uploaded_csv,BTCDOM_INDEX_PROXY,False,True
2025-08-02 08:00:00+00:00,45.555,46.054,45.488,45.809,470.299,4h,uploaded_csv,BTCDOM_INDEX_PROXY,False,True
2025-08-02 12:00:00+00:00,45.812,46.421,45.604,46.32,798.652,4h,uploaded_csv,BTCDOM_INDEX_PROXY,False,True
2025-08-02 16:00:00+00:00,46.327,47.197,46.2,46.912,1555.359,4h,uploaded_csv,BTCDOM_INDEX_PROXY,False,True
2025-08-02 20:00:00+00:00,46.92,47.17,46.508,46.96,584.81,4h,uploaded_csv,BTCDOM_INDEX_PROXY,False,True
2025-08-03 00:00:00+00:00,46.959,47.341,46.598,46.668,600.147,4h,uploaded_csv,BTCDOM_INDEX_PROXY,False,True
2025-08-03 04:00:00+00:00,46.668,46.748,46.379,46.43,303.886,4h,uploaded_csv,BTCDOM_INDEX_PROXY,False,True
2025-08-03 08:00:00+00:00,46.427,46.477,45.957,46.2,501.768,4h,uploaded_csv,BTCDOM_INDEX_PROXY,False,True
2025-08-03 12:00:00+00:00,46.201,46.4,46.13,46.207,481.351,4h,uploaded_csv,BTCDOM_INDEX_PROXY,False,True
2025-08-03 16:00:00+00:00,46.207,46.288,45.975,46.167,283.095,4h,uploaded_csv,BTCDOM_INDEX_PROXY,False,True
2025-08-03 20:00:00+00:00,46.149,46.268,45.835,45.99,171.66,4h,uploaded_csv,BTCDOM_INDEX_PROXY,False,True
2025-08-04 00:00:00+00:00,45.989,46.069,45.4,45.51,488.139,4h,uploaded_csv,BTCDOM_INDEX_PROXY,False,True
2025-08-04 04:00:00+00:00,45.51,45.765,45.42,45.454,292.607,4h,uploaded_csv,BTCDOM_INDEX_PROXY,False,True
2025-08-04 08:00:00+00:00,45.457,45.528,45.3,45.493,354.052,4h,uploaded_csv,BTCDOM_INDEX_PROXY,False,True
2025-08-04 12:00:00+00:00,45.492,45.557,44.677,44.796,758.294,4h,uploaded_csv,BTCDOM_INDEX_PROXY,False,True
2025-08-04 16:00:00+00:00,44.805,44.81,44.264,44.563,742.105,4h,uploaded_csv,BTCDOM_INDEX_PROXY,False,True
2025-08-04 20:00:00+00:00,44.563,44.614,44.079,44.116,472.346,4h,uploaded_csv,BTCDOM_INDEX_PROXY,False,True
2025-08-05 00:00:00+00:00,44.115,44.53,44.07,44.485,430.763,4h,uploaded_csv,BTCDOM_INDEX_PROXY,False,True
2025-08-05 04:00:00+00:00,44.481,44.904,44.287,44.836,369.829,4h,uploaded_csv,BTCDOM_INDEX_PROXY,False,True
2025-08-05 08:00:00+00:00,44.837,44.886,44.218,44.329,372.881,4h,uploaded_csv,BTCDOM_INDEX_PROXY,False,True
2025-08-05 12:00:00+00:00,44.326,45.085,44.3,44.999,678.025,4h,uploaded_csv,BTCDOM_INDEX_PROXY,False,True
2025-08-05 16:00:00+00:00,44.988,45.493,44.863,45.405,480.706,4h,uploaded_csv,BTCDOM_INDEX_PROXY,False,True
2025-08-05 20:00:00+00:00,45.414,45.641,45.085,45.177,461.423,4h,uploaded_csv,BTCDOM_INDEX_PROXY,False,True
2025-08-06 00:00:00+00:00,45.184,45.549,45.157,45.428,397.086,4h,uploaded_csv,BTCDOM_INDEX_PROXY,False,True
2025-08-06 04:00:00+00:00,45.43,45.528,44.884,44.958,390.683,4h,uploaded_csv,BTCDOM_INDEX_PROXY,False,True
2025-08-06 08:00:00+00:00,44.96,45.215,44.892,45.141,298.479,4h,uploaded_csv,BTCDOM_INDEX_PROXY,False,True
2025-08-06 12:00:00+00:00,45.141,45.379,44.871,44.891,645.703,4h,uploaded_csv,BTCDOM_INDEX_PROXY,False,True
2025-08-06 16:00:00+00:00,44.891,45.114,44.696,44.722,347.047,4h,uploaded_csv,BTCDOM_INDEX_PROXY,False,True
2025-08-06 20:00:00+00:00,44.722,44.843,44.66,44.714,265.737,4h,uploaded_csv,BTCDOM_INDEX_PROXY,False,True
2025-08-07 00:00:00+00:00,44.715,44.859,44.399,44.834,497.904,4h,uploaded_csv,BTCDOM_INDEX_PROXY,False,True
2025-08-07 04:00:00+00:00,44.833,44.851,44.312,44.438,431.876,4h,uploaded_csv,BTCDOM_INDEX_PROXY,False,True
2025-08-07 08:00:00+00:00,44.434,44.515,43.815,43.859,1030.238,4h,uploaded_csv,BTCDOM_INDEX_PROXY,False,True
2025-08-07 12:00:00+00:00,43.858,44.182,43.646,43.982,895.787,4h,uploaded_csv,BTCDOM_INDEX_PROXY,False,True
2025-08-07 16:00:00+00:00,43.984,44.291,43.924,43.924,570.65,4h,uploaded_csv,BTCDOM_INDEX_PROXY,False,True
2025-08-07 20:00:00+00:00,43.925,43.933,42.89,42.93,1253.736,4h,uploaded_csv,BTCDOM_INDEX_PROXY,False,True
2025-08-08 00:00:00+00:00,42.931,43.123,42.353,42.437,1119.696,4h,uploaded_csv,BTCDOM_INDEX_PROXY,False,True
2025-08-08 04:00:00+00:00,42.432,42.805,42.374,42.506,621.651,4h,uploaded_csv,BTCDOM_INDEX_PROXY,False,True
2025-08-08 08:00:00+00:00,42.503,42.767,42.405,42.548,602.264,4h,uploaded_csv,BTCDOM_INDEX_PROXY,False,True
2025-08-08 12:00:00+00:00,42.548,42.712,42.0,42.524,1680.27,4h,uploaded_csv,BTCDOM_INDEX_PROXY,False,True
2025-08-08 16:00:00+00:00,42.524,42.524,41.558,41.568,1047.843,4h,uploaded_csv,BTCDOM_INDEX_PROXY,False,True
2025-08-08 20:00:00+00:00,41.565,42.098,41.495,42.08,624.065,4h,uploaded_csv,BTCDOM_INDEX_PROXY,False,True
2025-08-09 00:00:00+00:00,42.081,42.083,41.658,41.692,432.598,4h,uploaded_csv,BTCDOM_INDEX_PROXY,False,True
2025-08-09 04:00:00+00:00,41.693,41.78,40.758,41.026,1895.066,4h,uploaded_csv,BTCDOM_INDEX_PROXY,False,True
2025-08-09 08:00:00+00:00,41.03,41.123,40.771,41.092,993.516,4h,uploaded_csv,BTCDOM_INDEX_PROXY,False,True
2025-08-09 12:00:00+00:00,41.091,41.398,40.86,41.034,1286.866,4h,uploaded_csv,BTCDOM_INDEX_PROXY,False,True
2025-08-09 16:00:00+00:00,41.029,41.046,40.572,40.671,793.576,4h,uploaded_csv,BTCDOM_INDEX_PROXY,False,True
2025-08-09 20:00:00+00:00,40.672,40.995,40.469,40.854,745.251,4h,uploaded_csv,BTCDOM_INDEX_PROXY,False,True
2025-08-10 00:00:00+00:00,40.857,41.4,40.431,41.263,1112.948,4h,uploaded_csv,BTCDOM_INDEX_PROXY,False,True
2025-08-10 04:00:00+00:00,41.264,41.882,41.06,41.824,822.464,4h,uploaded_csv,BTCDOM_INDEX_PROXY,False,True
2025-08-10 08:00:00+00:00,41.829,42.085,41.589,42.054,1020.861,4h,uploaded_csv,BTCDOM_INDEX_PROXY,False,True
2025-08-10 12:00:00+00:00,42.054,42.33,41.742,41.875,1057.778,4h,uploaded_csv,BTCDOM_INDEX_PROXY,False,True
2025-08-10 16:00:00+00:00,41.877,41.954,41.569,41.639,287.261,4h,uploaded_csv,BTCDOM_INDEX_PROXY,False,True
2025-08-10 20:00:00+00:00,41.639,42.056,41.633,41.892,339.703,4h,uploaded_csv,BTCDOM_INDEX_PROXY,False,True
2025-08-11 00:00:00+00:00,41.891,42.175,41.468,42.006,935.481,4h,uploaded_csv,BTCDOM_INDEX_PROXY,False,True
2025-08-11 04:00:00+00:00,42.006,42.491,41.757,42.403,933.076,4h,uploaded_csv,BTCDOM_INDEX_PROXY,False,True
2025-08-11 08:00:00+00:00,42.403,42.819,42.063,42.777,1256.178,4h,uploaded_csv,BTCDOM_INDEX_PROXY,False,True
2025-08-11 12:00:00+00:00,42.777,42.866,41.925,41.938,1341.459,4h,uploaded_csv,BTCDOM_INDEX_PROXY,False,True
2025-08-11 16:00:00+00:00,41.938,42.154,41.703,42.123,596.518,4h,uploaded_csv,BTCDOM_INDEX_PROXY,False,True
2025-08-11 20:00:00+00:00,42.123,42.5,42.002,42.359,762.192,4h,uploaded_csv,BTCDOM_INDEX_PROXY,False,True
2025-08-12 00:00:00+00:00,42.358,42.377,41.803,41.97,367.974,4h,uploaded_csv,BTCDOM_INDEX_PROXY,False,True
2025-08-12 04:00:00+00:00,41.969,42.133,41.758,41.866,356.839,4h,uploaded_csv,BTCDOM_INDEX_PROXY,False,True
2025-08-12 08:00:00+00:00,41.862,42.191,41.781,41.92,367.801,4h,uploaded_csv,BTCDOM_INDEX_PROXY,False,True
2025-08-12 12:00:00+00:00,41.913,41.931,41.0,41.028,1395.542,4h,uploaded_csv,BTCDOM_INDEX_PROXY,False,True
2025-08-12 16:00:00+00:00,41.033,41.097,40.142,40.155,1193.605,4h,uploaded_csv,BTCDOM_INDEX_PROXY,False,True
2025-08-12 20:00:00+00:00,40.15,40.214,39.764,40.069,1284.611,4h,uploaded_csv,BTCDOM_INDEX_PROXY,False,True
2025-08-13 00:00:00+00:00,40.073,40.146,39.48,39.52,989.494,4h,uploaded_csv,BTCDOM_INDEX_PROXY,False,True
2025-08-13 04:00:00+00:00,39.522,39.827,39.314,39.551,1050.504,4h,uploaded_csv,BTCDOM_INDEX_PROXY,False,True
2025-08-13 08:00:00+00:00,39.551,39.589,39.077,39.374,1436.754,4h,uploaded_csv,BTCDOM_INDEX_PROXY,False,True
2025-08-13 12:00:00+00:00,39.372,40.166,39.0,39.807,2125.632,4h,uploaded_csv,BTCDOM_INDEX_PROXY,False,True
2025-08-13 16:00:00+00:00,39.815,40.036,39.631,39.913,685.83,4h,uploaded_csv,BTCDOM_INDEX_PROXY,False,True
2025-08-13 20:00:00+00:00,39.914,40.238,39.865,40.073,505.57,4h,uploaded_csv,BTCDOM_INDEX_PROXY,False,True
2025-08-14 00:00:00+00:00,40.074,40.4,39.466,39.538,720.968,4h,uploaded_csv,BTCDOM_INDEX_PROXY,False,True
2025-08-14 04:00:00+00:00,39.535,39.733,39.122,39.398,981.795,4h,uploaded_csv,BTCDOM_INDEX_PROXY,False,True
2025-08-14 08:00:00+00:00,39.397,39.8,39.315,39.489,975.75,4h,uploaded_csv,BTCDOM_INDEX_PROXY,False,True
2025-08-14 12:00:00+00:00,39.482,40.687,39.291,39.658,3679.774,4h,uploaded_csv,BTCDOM_INDEX_PROXY,False,True
2025-08-14 16:00:00+00:00,39.658,40.378,39.644,40.139,1115.823,4h,uploaded_csv,BTCDOM_INDEX_PROXY,False,True
2025-08-14 20:00:00+00:00,40.159,40.65,40.101,40.187,896.422,4h,uploaded_csv,BTCDOM_INDEX_PROXY,False,True
2025-08-15 00:00:00+00:00,40.187,40.232,39.719,39.768,515.137,4h,uploaded_csv,BTCDOM_INDEX_PROXY,False,True
2025-08-15 04:00:00+00:00,39.762,39.899,39.554,39.682,420.008,4h,uploaded_csv,BTCDOM_INDEX_PROXY,False,True
2025-08-15 08:00:00+00:00,39.686,39.94,39.583,39.855,534.501,4h,uploaded_csv,BTCDOM_INDEX_PROXY,False,True
2025-08-15 12:00:00+00:00,39.861,40.894,39.6,40.777,2196.396,4h,uploaded_csv,BTCDOM_INDEX_PROXY,False,True
2025-08-15 16:00:00+00:00,40.767,41.082,40.603,40.838,1203.901,4h,uploaded_csv,BTCDOM_INDEX_PROXY,False,True
2025-08-15 20:00:00+00:00,40.838,40.933,40.247,40.49,472.912,4h,uploaded_csv,BTCDOM_INDEX_PROXY,False,True
2025-08-16 00:00:00+00:00,40.49,40.71,40.234,40.422,528.786,4h,uploaded_csv,BTCDOM_INDEX_PROXY,False,True
2025-08-16 04:00:00+00:00,40.422,40.614,40.196,40.241,295.705,4h,uploaded_csv,BTCDOM_INDEX_PROXY,False,True
2025-08-16 08:00:00+00:00,40.241,40.778,40.2,40.771,403.336,4h,uploaded_csv,BTCDOM_INDEX_PROXY,False,True
2025-08-16 12:00:00+00:00,40.77,40.877,40.552,40.681,500.465,4h,uploaded_csv,BTCDOM_INDEX_PROXY,False,True
2025-08-16 16:00:00+00:00,40.682,40.78,40.459,40.562,262.361,4h,uploaded_csv,BTCDOM_INDEX_PROXY,False,True
2025-08-16 20:00:00+00:00,40.567,40.596,40.353,40.383,189.416,4h,uploaded_csv,BTCDOM_INDEX_PROXY,False,True
2025-08-17 00:00:00+00:00,40.383,40.563,40.144,40.184,377.609,4h,uploaded_csv,BTCDOM_INDEX_PROXY,False,True
2025-08-17 04:00:00+00:00,40.184,40.237,39.958,40.131,482.639,4h,uploaded_csv,BTCDOM_INDEX_PROXY,False,True
2025-08-17 08:00:00+00:00,40.131,40.173,39.67,39.711,588.059,4h,uploaded_csv,BTCDOM_INDEX_PROXY,False,True
2025-08-17 12:00:00+00:00,39.711,39.913,39.504,39.509,484.729,4h,uploaded_csv,BTCDOM_INDEX_PROXY,False,True
2025-08-17 16:00:00+00:00,39.51,40.225,39.472,40.085,617.922,4h,uploaded_csv,BTCDOM_INDEX_PROXY,False,True
2025-08-17 20:00:00+00:00,40.079,40.087,39.73,39.936,542.314,4h,uploaded_csv,BTCDOM_INDEX_PROXY,False,True
2025-08-18 00:00:00+00:00,39.939,40.832,39.907,40.576,1039.19,4h,uploaded_csv,BTCDOM_INDEX_PROXY,False,True
2025-08-18 04:00:00+00:00,40.574,41.179,40.475,41.053,734.708,4h,uploaded_csv,BTCDOM_INDEX_PROXY,False,True
2025-08-18 08:00:00+00:00,41.054,41.144,40.62,40.885,747.656,4h,uploaded_csv,BTCDOM_INDEX_PROXY,False,True
2025-08-18 12:00:00+00:00,40.885,40.925,40.474,40.698,808.933,4h,uploaded_csv,BTCDOM_INDEX_PROXY,False,True
2025-08-18 16:00:00+00:00,40.708,41.5,40.425,40.556,833.332,4h,uploaded_csv,BTCDOM_INDEX_PROXY,False,True
2025-08-18 20:00:00+00:00,40.551,40.76,40.423,40.721,355.342,4h,uploaded_csv,BTCDOM_INDEX_PROXY,False,True
2025-08-19 00:00:00+00:00,40.721,41.173,40.524,41.128,647.502,4h,uploaded_csv,BTCDOM_INDEX_PROXY,False,True
2025-08-19 04:00:00+00:00,41.128,41.3,40.85,41.011,371.349,4h,uploaded_csv,BTCDOM_INDEX_PROXY,False,True
2025-08-19 08:00:00+00:00,41.002,41.119,40.608,40.641,326.885,4h,uploaded_csv,BTCDOM_INDEX_PROXY,False,True
2025-08-19 12:00:00+00:00,40.635,41.2,40.54,41.155,652.801,4h,uploaded_csv,BTCDOM_INDEX_PROXY,False,True
2025-08-19 16:00:00+00:00,41.142,41.472,41.046,41.369,673.936,4h,uploaded_csv,BTCDOM_INDEX_PROXY,False,True
2025-08-19 20:00:00+00:00,41.371,41.748,41.222,41.717,498.815,4h,uploaded_csv,BTCDOM_INDEX_PROXY,False,True
2025-08-20 00:00:00+00:00,41.713,41.73,41.243,41.383,509.011,4h,uploaded_csv,BTCDOM_INDEX_PROXY,False,True
2025-08-20 04:00:00+00:00,41.382,41.386,41.04,41.19,332.344,4h,uploaded_csv,BTCDOM_INDEX_PROXY,False,True
2025-08-20 08:00:00+00:00,41.181,41.374,40.875,41.142,413.022,4h,uploaded_csv,BTCDOM_INDEX_PROXY,False,True
2025-08-20 12:00:00+00:00,41.141,41.483,40.422,40.567,1013.089,4h,uploaded_csv,BTCDOM_INDEX_PROXY,False,True
2025-08-20 16:00:00+00:00,40.567,40.567,39.897,39.917,1038.621,4h,uploaded_csv,BTCDOM_INDEX_PROXY,False,True
2025-08-20 20:00:00+00:00,39.919,40.109,39.808,40.071,689.84,4h,uploaded_csv,BTCDOM_INDEX_PROXY,False,True
2025-08-21 00:00:00+00:00,40.071,40.395,40.021,40.178,501.71,4h,uploaded_csv,BTCDOM_INDEX_PROXY,False,True
2025-08-21 04:00:00+00:00,40.179,40.37,40.045,40.21,379.517,4h,uploaded_csv,BTCDOM_INDEX_PROXY,False,True
2025-08-21 08:00:00+00:00,40.203,40.502,40.169,40.292,521.182,4h,uploaded_csv,BTCDOM_INDEX_PROXY,False,True
2025-08-21 12:00:00+00:00,40.286,40.552,40.157,40.514,706.747,4h,uploaded_csv,BTCDOM_INDEX_PROXY,False,True
2025-08-21 16:00:00+00:00,40.507,40.585,40.162,40.491,673.813,4h,uploaded_csv,BTCDOM_INDEX_PROXY,False,True
2025-08-21 20:00:00+00:00,40.492,40.657,40.355,40.606,582.685,4h,uploaded_csv,BTCDOM_INDEX_PROXY,False,True
2025-08-22 00:00:00+00:00,40.606,40.649,40.282,40.507,479.957,4h,uploaded_csv,BTCDOM_INDEX_PROXY,False,True
2025-08-22 04:00:00+00:00,40.506,40.518,40.056,40.15,460.042,4h,uploaded_csv,BTCDOM_INDEX_PROXY,False,True
2025-08-22 08:00:00+00:00,40.16,40.484,39.974,40.484,773.869,4h,uploaded_csv,BTCDOM_INDEX_PROXY,False,True
2025-08-22 12:00:00+00:00,40.483,40.818,38.8,39.168,4011.575,4h,uploaded_csv,BTCDOM_INDEX_PROXY,False,True
2025-08-22 16:00:00+00:00,39.168,39.168,37.787,37.98,2252.612,4h,uploaded_csv,BTCDOM_INDEX_PROXY,False,True
2025-08-22 20:00:00+00:00,37.976,38.139,37.686,37.968,935.353,4h,uploaded_csv,BTCDOM_INDEX_PROXY,False,True
2025-08-23 00:00:00+00:00,37.969,38.761,37.925,38.484,1011.24,4h,uploaded_csv,BTCDOM_INDEX_PROXY,False,True
2025-08-23 04:00:00+00:00,38.482,38.512,37.901,38.145,707.884,4h,uploaded_csv,BTCDOM_INDEX_PROXY,False,True
2025-08-23 08:00:00+00:00,38.148,38.245,37.978,38.093,500.22,4h,uploaded_csv,BTCDOM_INDEX_PROXY,False,True
2025-08-23 12:00:00+00:00,38.098,38.195,37.766,37.83,575.807,4h,uploaded_csv,BTCDOM_INDEX_PROXY,False,True
2025-08-23 16:00:00+00:00,37.831,38.028,37.777,37.866,318.034,4h,uploaded_csv,BTCDOM_INDEX_PROXY,False,True
2025-08-23 20:00:00+00:00,37.866,37.996,37.662,37.825,306.758,4h,uploaded_csv,BTCDOM_INDEX_PROXY,False,True
2025-08-24 00:00:00+00:00,37.825,37.834,37.548,37.598,505.414,4h,uploaded_csv,BTCDOM_INDEX_PROXY,False,True
2025-08-24 04:00:00+00:00,37.597,37.88,37.546,37.87,354.255,4h,uploaded_csv,BTCDOM_INDEX_PROXY,False,True
2025-08-24 08:00:00+00:00,37.867,38.229,37.716,38.064,435.717,4h,uploaded_csv,BTCDOM_INDEX_PROXY,False,True
2025-08-24 12:00:00+00:00,38.065,38.113,37.482,37.667,439.522,4h,uploaded_csv,BTCDOM_INDEX_PROXY,False,True
2025-08-24 16:00:00+00:00,37.67,38.3,36.473,36.93,3242.448,4h,uploaded_csv,BTCDOM_INDEX_PROXY,False,True
2025-08-24 20:00:00+00:00,36.922,37.539,36.892,37.34,1344.333,4h,uploaded_csv,BTCDOM_INDEX_PROXY,False,True
2025-08-25 00:00:00+00:00,37.34,37.658,37.139,37.306,697.28,4h,uploaded_csv,BTCDOM_INDEX_PROXY,False,True
2025-08-25 04:00:00+00:00,37.31,38.076,37.306,38.02,1203.159,4h,uploaded_csv,BTCDOM_INDEX_PROXY,False,True
2025-08-25 08:00:00+00:00,38.02,38.422,37.91,38.01,906.11,4h,uploaded_csv,BTCDOM_INDEX_PROXY,False,True
2025-08-25 12:00:00+00:00,38.01,38.3,37.741,38.253,578.107,4h,uploaded_csv,BTCDOM_INDEX_PROXY,False,True
2025-08-25 16:00:00+00:00,38.254,38.967,38.222,38.935,1243.807,4h,uploaded_csv,BTCDOM_INDEX_PROXY,False,True
2025-08-25 20:00:00+00:00,38.936,39.361,38.793,39.191,1590.479,4h,uploaded_csv,BTCDOM_INDEX_PROXY,False,True
2025-08-26 00:00:00+00:00,39.191,39.247,38.601,38.931,726.148,4h,uploaded_csv,BTCDOM_INDEX_PROXY,False,True
2025-08-26 04:00:00+00:00,38.929,38.934,38.683,38.807,531.377,4h,uploaded_csv,BTCDOM_INDEX_PROXY,False,True
2025-08-26 08:00:00+00:00,38.808,38.909,38.617,38.754,439.172,4h,uploaded_csv,BTCDOM_INDEX_PROXY,False,True
2025-08-26 12:00:00+00:00,38.751,38.825,38.023,38.076,1102.782,4h,uploaded_csv,BTCDOM_INDEX_PROXY,False,True
2025-08-26 16:00:00+00:00,38.079,38.156,37.664,37.707,423.013,4h,uploaded_csv,BTCDOM_INDEX_PROXY,False,True
2025-08-26 20:00:00+00:00,37.701,38.157,37.701,38.076,525.087,4h,uploaded_csv,BTCDOM_INDEX_PROXY,False,True
2025-08-27 00:00:00+00:00,38.074,38.239,37.725,37.812,517.856,4h,uploaded_csv,BTCDOM_INDEX_PROXY,False,True
2025-08-27 04:00:00+00:00,37.817,37.941,37.554,37.79,580.143,4h,uploaded_csv,BTCDOM_INDEX_PROXY,False,True
2025-08-27 08:00:00+00:00,37.789,37.894,37.593,37.761,934.313,4h,uploaded_csv,BTCDOM_INDEX_PROXY,False,True
2025-08-27 12:00:00+00:00,37.766,37.938,37.635,37.653,791.286,4h,uploaded_csv,BTCDOM_INDEX_PROXY,False,True
2025-08-27 16:00:00+00:00,37.658,38.192,37.653,38.151,439.97,4h,uploaded_csv,BTCDOM_INDEX_PROXY,False,True
2025-08-27 20:00:00+00:00,38.149,38.378,37.941,38.323,847.778,4h,uploaded_csv,BTCDOM_INDEX_PROXY,False,True
2025-08-28 00:00:00+00:00,38.318,38.478,38.193,38.228,363.309,4h,uploaded_csv,BTCDOM_INDEX_PROXY,False,True
2025-08-28 04:00:00+00:00,38.228,38.407,38.163,38.206,333.431,4h,uploaded_csv,BTCDOM_INDEX_PROXY,False,True
2025-08-28 08:00:00+00:00,38.207,38.299,37.22,38.113,654.709,4h,uploaded_csv,BTCDOM_INDEX_PROXY,False,True
2025-08-28 12:00:00+00:00,38.114,38.601,38.024,38.547,513.232,4h,uploaded_csv,BTCDOM_INDEX_PROXY,False,True
2025-08-28 16:00:00+00:00,38.562,38.772,38.408,38.702,469.098,4h,uploaded_csv,BTCDOM_INDEX_PROXY,False,True
2025-08-28 20:00:00+00:00,38.696,38.74,38.256,38.347,282.588,4h,uploaded_csv,BTCDOM_INDEX_PROXY,False,True
2025-08-29 00:00:00+00:00,38.362,38.561,38.167,38.246,425.401,4h,uploaded_csv,BTCDOM_INDEX_PROXY,False,True
2025-08-29 04:00:00+00:00,38.251,38.78,38.205,38.636,480.124,4h,uploaded_csv,BTCDOM_INDEX_PROXY,False,True
2025-08-29 08:00:00+00:00,38.638,38.969,38.605,38.872,876.244,4h,uploaded_csv,BTCDOM_INDEX_PROXY,False,True
2025-08-29 12:00:00+00:00,38.875,38.892,38.275,38.536,1366.769,4h,uploaded_csv,BTCDOM_INDEX_PROXY,False,True
2025-08-29 16:00:00+00:00,38.533,38.726,38.417,38.473,600.468,4h,uploaded_csv,BTCDOM_INDEX_PROXY,False,True
2025-08-29 20:00:00+00:00,38.486,38.632,38.291,38.328,477.313,4h,uploaded_csv,BTCDOM_INDEX_PROXY,False,True
2025-08-30 00:00:00+00:00,38.328,38.805,38.187,38.408,819.945,4h,uploaded_csv,BTCDOM_INDEX_PROXY,False,True
2025-08-30 04:00:00+00:00,38.407,38.47,38.044,38.167,298.774,4h,uploaded_csv,BTCDOM_INDEX_PROXY,False,True
2025-08-30 08:00:00+00:00,38.16,38.432,38.158,38.402,287.853,4h,uploaded_csv,BTCDOM_INDEX_PROXY,False,True
2025-08-30 12:00:00+00:00,38.401,38.766,38.363,38.547,375.028,4h,uploaded_csv,BTCDOM_INDEX_PROXY,False,True
2025-08-30 16:00:00+00:00,38.548,38.722,38.543,38.621,269.292,4h,uploaded_csv,BTCDOM_INDEX_PROXY,False,True
2025-08-30 20:00:00+00:00,38.621,38.711,38.395,38.45,249.366,4h,uploaded_csv,BTCDOM_INDEX_PROXY,False,True
2025-08-31 00:00:00+00:00,38.45,38.474,37.951,37.953,604.188,4h,uploaded_csv,BTCDOM_INDEX_PROXY,False,True
2025-08-31 04:00:00+00:00,37.951,38.18,37.871,38.062,389.265,4h,uploaded_csv,BTCDOM_INDEX_PROXY,False,True
2025-08-31 08:00:00+00:00,38.066,38.088,37.85,37.853,332.69,4h,uploaded_csv,BTCDOM_INDEX_PROXY,False,True
2025-08-31 12:00:00+00:00,37.854,38.026,37.708,37.941,461.421,4h,uploaded_csv,BTCDOM_INDEX_PROXY,False,True
2025-08-31 16:00:00+00:00,37.934,38.186,37.926,38.175,320.783,4h,uploaded_csv,BTCDOM_INDEX_PROXY,False,True
2025-08-31 20:00:00+00:00,38.166,38.489,38.055,38.416,344.479,4h,uploaded_csv,BTCDOM_INDEX_PROXY,False,True
2025-09-01 00:00:00+00:00,38.419,38.559,38.207,38.36,556.806,4h,uploaded_csv,BTCDOM_INDEX_PROXY,False,True
2025-09-01 04:00:00+00:00,38.362,38.68,38.314,38.346,504.386,4h,uploaded_csv,BTCDOM_INDEX_PROXY,False,True
2025-09-01 08:00:00+00:00,38.344,38.725,38.149,38.663,780.437,4h,uploaded_csv,BTCDOM_INDEX_PROXY,False,True
2025-09-01 12:00:00+00:00,38.661,39.661,38.602,38.931,1006.52,4h,uploaded_csv,BTCDOM_INDEX_PROXY,False,True
2025-09-01 16:00:00+00:00,38.931,39.295,38.914,38.946,802.258,4h,uploaded_csv,BTCDOM_INDEX_PROXY,False,True
2025-09-01 20:00:00+00:00,38.943,39.467,38.94,39.357,964.126,4h,uploaded_csv,BTCDOM_INDEX_PROXY,False,True
2025-09-02 00:00:00+00:00,39.357,39.469,39.103,39.197,524.366,4h,uploaded_csv,BTCDOM_INDEX_PROXY,False,True
2025-09-02 04:00:00+00:00,39.192,39.234,38.865,39.089,481.792,4h,uploaded_csv,BTCDOM_INDEX_PROXY,False,True
2025-09-02 08:00:00+00:00,39.09,39.093,38.861,39.091,416.729,4h,uploaded_csv,BTCDOM_INDEX_PROXY,False,True
2025-09-02 12:00:00+00:00,39.093,39.889,39.0,39.816,1164.662,4h,uploaded_csv,BTCDOM_INDEX_PROXY,False,True
2025-09-02 16:00:00+00:00,39.815,39.874,39.423,39.633,487.894,4h,uploaded_csv,BTCDOM_INDEX_PROXY,False,True
2025-09-02 20:00:00+00:00,39.626,39.709,39.224,39.274,341.966,4h,uploaded_csv,BTCDOM_INDEX_PROXY,False,True
2025-09-03 00:00:00+00:00,39.274,39.605,39.129,39.231,336.666,4h,uploaded_csv,BTCDOM_INDEX_PROXY,False,True
2025-09-03 04:00:00+00:00,39.232,39.536,39.223,39.427,340.531,4h,uploaded_csv,BTCDOM_INDEX_PROXY,False,True
2025-09-03 08:00:00+00:00,39.424,39.433,39.072,39.147,398.434,4h,uploaded_csv,BTCDOM_INDEX_PROXY,False,True
2025-09-03 12:00:00+00:00,39.149,39.224,38.724,38.823,838.233,4h,uploaded_csv,BTCDOM_INDEX_PROXY,False,True
2025-09-03 16:00:00+00:00,38.823,38.995,38.818,38.875,325.455,4h,uploaded_csv,BTCDOM_INDEX_PROXY,False,True
2025-09-03 20:00:00+00:00,38.872,39.03,38.844,38.881,208.662,4h,uploaded_csv,BTCDOM_INDEX_PROXY,False,True
2025-09-04 00:00:00+00:00,38.88,39.16,38.811,39.069,260.182,4h,uploaded_csv,BTCDOM_INDEX_PROXY,False,True
2025-09-04 04:00:00+00:00,39.065,39.158,38.976,39.039,347.12,4h,uploaded_csv,BTCDOM_INDEX_PROXY,False,True
2025-09-04 08:00:00+00:00,39.042,39.122,38.843,38.993,397.579,4h,uploaded_csv,BTCDOM_INDEX_PROXY,False,True
2025-09-04 12:00:00+00:00,38.994,39.195,38.901,39.168,534.8,4h,uploaded_csv,BTCDOM_INDEX_PROXY,False,True
2025-09-04 16:00:00+00:00,39.18,39.609,39.121,39.555,260.338,4h,uploaded_csv,BTCDOM_INDEX_PROXY,False,True
2025-09-04 20:00:00+00:00,39.556,39.718,39.44,39.711,291.966,4h,uploaded_csv,BTCDOM_INDEX_PROXY,False,True
2025-09-05 00:00:00+00:00,39.711,39.921,39.58,39.705,406.696,4h,uploaded_csv,BTCDOM_INDEX_PROXY,False,True
2025-09-05 04:00:00+00:00,39.7,39.849,39.497,39.568,634.956,4h,uploaded_csv,BTCDOM_INDEX_PROXY,False,True
2025-09-05 08:00:00+00:00,39.568,39.719,39.335,39.409,418.321,4h,uploaded_csv,BTCDOM_INDEX_PROXY,False,True
2025-09-05 12:00:00+00:00,39.41,39.786,39.19,39.666,1216.477,4h,uploaded_csv,BTCDOM_INDEX_PROXY,False,True
2025-09-05 16:00:00+00:00,39.66,39.726,39.464,39.541,272.515,4h,uploaded_csv,BTCDOM_INDEX_PROXY,False,True
2025-09-05 20:00:00+00:00,39.536,39.556,39.372,39.46,285.528,4h,uploaded_csv,BTCDOM_INDEX_PROXY,False,True
2025-09-06 00:00:00+00:00,39.46,39.538,39.349,39.461,264.262,4h,uploaded_csv,BTCDOM_INDEX_PROXY,False,True
2025-09-06 04:00:00+00:00,39.461,39.589,39.45,39.456,184.416,4h,uploaded_csv,BTCDOM_INDEX_PROXY,False,True
2025-09-06 08:00:00+00:00,39.455,39.65,39.452,39.611,188.565,4h,uploaded_csv,BTCDOM_INDEX_PROXY,False,True
2025-09-06 12:00:00+00:00,39.61,39.697,39.543,39.623,299.029,4h,uploaded_csv,BTCDOM_INDEX_PROXY,False,True
2025-09-06 16:00:00+00:00,39.617,39.69,39.403,39.651,279.036,4h,uploaded_csv,BTCDOM_INDEX_PROXY,False,True
2025-09-06 20:00:00+00:00,39.651,39.658,39.47,39.552,165.353,4h,uploaded_csv,BTCDOM_INDEX_PROXY,False,True
2025-09-07 00:00:00+00:00,39.552,39.638,39.384,39.415,281.163,4h,uploaded_csv,BTCDOM_INDEX_PROXY,False,True
2025-09-07 04:00:00+00:00,39.416,39.489,39.356,39.456,179.139,4h,uploaded_csv,BTCDOM_INDEX_PROXY,False,True
2025-09-07 08:00:00+00:00,39.457,39.566,39.407,39.504,174.611,4h,uploaded_csv,BTCDOM_INDEX_PROXY,False,True
2025-09-07 12:00:00+00:00,39.501,39.557,39.229,39.358,415.125,4h,uploaded_csv,BTCDOM_INDEX_PROXY,False,True
2025-09-07 16:00:00+00:00,39.358,39.577,39.342,39.491,237.821,4h,uploaded_csv,BTCDOM_INDEX_PROXY,False,True
2025-09-07 20:00:00+00:00,39.494,39.536,39.107,39.208,348.196,4h,uploaded_csv,BTCDOM_INDEX_PROXY,False,True
2025-09-08 00:00:00+00:00,39.202,39.269,38.948,39.039,414.86,4h,uploaded_csv,BTCDOM_INDEX_PROXY,False,True
2025-09-08 04:00:00+00:00,39.038,39.286,38.967,39.213,431.398,4h,uploaded_csv,BTCDOM_INDEX_PROXY,False,True
2025-09-08 08:00:00+00:00,39.209,39.334,38.992,39.165,361.129,4h,uploaded_csv,BTCDOM_INDEX_PROXY,False,True
2025-09-08 12:00:00+00:00,39.168,39.196,38.863,38.919,535.697,4h,uploaded_csv,BTCDOM_INDEX_PROXY,False,True
2025-09-08 16:00:00+00:00,38.921,39.228,38.81,39.149,758.664,4h,uploaded_csv,BTCDOM_INDEX_PROXY,False,True
2025-09-08 20:00:00+00:00,39.147,39.227,39.012,39.062,197.528,4h,uploaded_csv,BTCDOM_INDEX_PROXY,False,True
2025-09-09 00:00:00+00:00,39.068,39.145,38.962,39.006,491.547,4h,uploaded_csv,BTCDOM_INDEX_PROXY,False,True
2025-09-09 04:00:00+00:00,39.008,39.109,38.723,38.827,508.877,4h,uploaded_csv,BTCDOM_INDEX_PROXY,False,True
2025-09-09 08:00:00+00:00,38.827,38.899,38.754,38.79,460.149,4h,uploaded_csv,BTCDOM_INDEX_PROXY,False,True
2025-09-09 12:00:00+00:00,38.791,39.09,38.668,38.879,897.733,4h,uploaded_csv,BTCDOM_INDEX_PROXY,False,True
2025-09-09 16:00:00+00:00,38.87,38.911,38.672,38.813,655.933,4h,uploaded_csv,BTCDOM_INDEX_PROXY,False,True
2025-09-09 20:00:00+00:00,38.812,38.888,38.73,38.837,342.647,4h,uploaded_csv,BTCDOM_INDEX_PROXY,False,True
2025-09-10 00:00:00+00:00,38.837,38.906,38.558,38.649,570.212,4h,uploaded_csv,BTCDOM_INDEX_PROXY,False,True
2025-09-10 04:00:00+00:00,38.65,38.859,38.645,38.827,229.237,4h,uploaded_csv,BTCDOM_INDEX_PROXY,False,True
2025-09-10 08:00:00+00:00,38.828,38.954,38.811,38.846,416.404,4h,uploaded_csv,BTCDOM_INDEX_PROXY,False,True
2025-09-10 12:00:00+00:00,38.848,38.941,38.568,38.81,637.079,4h,uploaded_csv,BTCDOM_INDEX_PROXY,False,True
2025-09-10 16:00:00+00:00,38.801,39.341,38.753,39.253,666.262,4h,uploaded_csv,BTCDOM_INDEX_PROXY,False,True
2025-09-10 20:00:00+00:00,39.251,39.307,39.054,39.095,343.342,4h,uploaded_csv,BTCDOM_INDEX_PROXY,False,True
2025-09-11 00:00:00+00:00,39.095,39.16,38.828,38.858,424.2,4h,uploaded_csv,BTCDOM_INDEX_PROXY,False,True
2025-09-11 04:00:00+00:00,38.857,38.877,38.481,38.603,608.738,4h,uploaded_csv,BTCDOM_INDEX_PROXY,False,True
2025-09-11 08:00:00+00:00,38.599,38.719,38.48,38.592,366.71,4h,uploaded_csv,BTCDOM_INDEX_PROXY,False,True
2025-09-11 12:00:00+00:00,38.592,38.907,38.28,38.834,962.218,4h,uploaded_csv,BTCDOM_INDEX_PROXY,False,True
2025-09-11 16:00:00+00:00,38.829,38.96,38.671,38.758,497.481,4h,uploaded_csv,BTCDOM_INDEX_PROXY,False,True
2025-09-11 20:00:00+00:00,38.753,38.835,38.684,38.785,355.439,4h,uploaded_csv,BTCDOM_INDEX_PROXY,False,True
2025-09-12 00:00:00+00:00,38.785,38.884,38.335,38.342,587.907,4h,uploaded_csv,BTCDOM_INDEX_PROXY,False,True
2025-09-12 04:00:00+00:00,38.34,38.373,38.027,38.12,1043.215,4h,uploaded_csv,BTCDOM_INDEX_PROXY,False,True
2025-09-12 08:00:00+00:00,38.12,38.262,38.099,38.174,330.939,4h,uploaded_csv,BTCDOM_INDEX_PROXY,False,True
2025-09-12 12:00:00+00:00,38.161,38.287,37.917,38.101,513.047,4h,uploaded_csv,BTCDOM_INDEX_PROXY,False,True
2025-09-12 16:00:00+00:00,38.109,38.169,37.5,37.872,799.483,4h,uploaded_csv,BTCDOM_INDEX_PROXY,False,True
2025-09-12 20:00:00+00:00,37.873,37.873,37.283,37.388,621.126,4h,uploaded_csv,BTCDOM_INDEX_PROXY,False,True
2025-09-13 00:00:00+00:00,37.387,37.474,37.01,37.05,464.971,4h,uploaded_csv,BTCDOM_INDEX_PROXY,False,True
2025-09-13 04:00:00+00:00,37.05,37.212,36.962,37.207,421.517,4h,uploaded_csv,BTCDOM_INDEX_PROXY,False,True
2025-09-13 08:00:00+00:00,37.206,37.207,36.755,36.947,543.892,4h,uploaded_csv,BTCDOM_INDEX_PROXY,False,True
2025-09-13 12:00:00+00:00,36.947,37.357,36.866,37.306,574.386,4h,uploaded_csv,BTCDOM_INDEX_PROXY,False,True
2025-09-13 16:00:00+00:00,37.306,37.649,37.24,37.523,405.073,4h,uploaded_csv,BTCDOM_INDEX_PROXY,False,True
2025-09-13 20:00:00+00:00,37.523,37.543,37.32,37.337,139.971,4h,uploaded_csv,BTCDOM_INDEX_PROXY,False,True
2025-09-14 00:00:00+00:00,37.337,37.522,37.077,37.341,859.181,4h,uploaded_csv,BTCDOM_INDEX_PROXY,False,True
2025-09-14 04:00:00+00:00,37.336,37.51,37.193,37.422,320.706,4h,uploaded_csv,BTCDOM_INDEX_PROXY,False,True
2025-09-14 08:00:00+00:00,37.411,37.692,37.359,37.651,411.44,4h,uploaded_csv,BTCDOM_INDEX_PROXY,False,True
2025-09-14 12:00:00+00:00,37.65,37.987,37.525,37.871,758.971,4h,uploaded_csv,BTCDOM_INDEX_PROXY,False,True
2025-09-14 16:00:00+00:00,37.867,37.935,37.605,37.841,323.767,4h,uploaded_csv,BTCDOM_INDEX_PROXY,False,True
2025-09-14 20:00:00+00:00,37.842,37.988,37.736,37.84,331.15,4h,uploaded_csv,BTCDOM_INDEX_PROXY,False,True
2025-09-15 00:00:00+00:00,37.841,37.879,37.577,37.589,209.026,4h,uploaded_csv,BTCDOM_INDEX_PROXY,False,True
2025-09-15 04:00:00+00:00,37.591,38.224,37.526,38.167,547.814,4h,uploaded_csv,BTCDOM_INDEX_PROXY,False,True
2025-09-15 08:00:00+00:00,38.175,38.638,38.175,38.362,1243.795,4h,uploaded_csv,BTCDOM_INDEX_PROXY,False,True
2025-09-15 12:00:00+00:00,38.363,38.593,38.154,38.466,513.255,4h,uploaded_csv,BTCDOM_INDEX_PROXY,False,True
2025-09-15 16:00:00+00:00,38.466,38.727,38.406,38.699,303.04,4h,uploaded_csv,BTCDOM_INDEX_PROXY,False,True
2025-09-15 20:00:00+00:00,38.708,38.744,38.384,38.507,354.773,4h,uploaded_csv,BTCDOM_INDEX_PROXY,False,True
2025-09-16 00:00:00+00:00,38.508,39.094,38.403,38.565,449.162,4h,uploaded_csv,BTCDOM_INDEX_PROXY,False,True
2025-09-16 04:00:00+00:00,38.564,38.777,38.537,38.575,308.017,4h,uploaded_csv,BTCDOM_INDEX_PROXY,False,True
2025-09-16 08:00:00+00:00,38.576,38.578,38.375,38.421,253.027,4h,uploaded_csv,BTCDOM_INDEX_PROXY,False,True
2025-09-16 12:00:00+00:00,38.413,38.999,38.347,38.649,611.491,4h,uploaded_csv,BTCDOM_INDEX_PROXY,False,True
2025-09-16 16:00:00+00:00,38.665,39.077,38.26,38.75,571.808,4h,uploaded_csv,BTCDOM_INDEX_PROXY,False,True
2025-09-16 20:00:00+00:00,38.76,38.799,38.568,38.746,202.865,4h,uploaded_csv,BTCDOM_INDEX_PROXY,False,True
2025-09-17 00:00:00+00:00,38.745,38.785,38.527,38.764,256.712,4h,uploaded_csv,BTCDOM_INDEX_PROXY,False,True
2025-09-17 04:00:00+00:00,38.764,40.0,38.664,38.697,1290.778,4h,uploaded_csv,BTCDOM_INDEX_PROXY,False,True
2025-09-17 08:00:00+00:00,38.705,38.906,38.703,38.783,200.317,4h,uploaded_csv,BTCDOM_INDEX_PROXY,False,True
2025-09-17 12:00:00+00:00,38.783,38.811,38.562,38.686,188.799,4h,uploaded_csv,BTCDOM_INDEX_PROXY,False,True
2025-09-17 16:00:00+00:00,38.687,38.75,38.21,38.222,953.77,4h,uploaded_csv,BTCDOM_INDEX_PROXY,False,True
2025-09-17 20:00:00+00:00,38.22,38.443,37.588,37.712,932.666,4h,uploaded_csv,BTCDOM_INDEX_PROXY,False,True
2025-09-18 00:00:00+00:00,37.715,37.879,37.5,37.809,930.1,4h,uploaded_csv,BTCDOM_INDEX_PROXY,False,True
2025-09-18 04:00:00+00:00,37.81,38.157,37.81,37.913,357.257,4h,uploaded_csv,BTCDOM_INDEX_PROXY,False,True
2025-09-18 08:00:00+00:00,37.911,37.953,37.71,37.812,742.041,4h,uploaded_csv,BTCDOM_INDEX_PROXY,False,True
2025-09-18 12:00:00+00:00,37.811,37.955,37.725,37.833,379.402,4h,uploaded_csv,BTCDOM_INDEX_PROXY,False,True
2025-09-18 16:00:00+00:00,37.831,37.866,37.631,37.835,292.936,4h,uploaded_csv,BTCDOM_INDEX_PROXY,False,True
2025-09-18 20:00:00+00:00,37.833,37.868,37.76,37.82,110.465,4h,uploaded_csv,BTCDOM_INDEX_PROXY,False,True
2025-09-19 00:00:00+00:00,37.821,38.12,37.684,38.106,305.991,4h,uploaded_csv,BTCDOM_INDEX_PROXY,False,True
2025-09-19 04:00:00+00:00,38.1,38.246,37.977,38.121,390.712,4h,uploaded_csv,BTCDOM_INDEX_PROXY,False,True
2025-09-19 08:00:00+00:00,38.122,38.353,38.071,38.265,738.175,4h,uploaded_csv,BTCDOM_INDEX_PROXY,False,True
2025-09-19 12:00:00+00:00,38.264,38.565,38.051,38.42,537.059,4h,uploaded_csv,BTCDOM_INDEX_PROXY,False,True
2025-09-19 16:00:00+00:00,38.41,38.616,38.292,38.415,212.623,4h,uploaded_csv,BTCDOM_INDEX_PROXY,False,True
2025-09-19 20:00:00+00:00,38.417,38.544,38.288,38.397,183.796,4h,uploaded_csv,BTCDOM_INDEX_PROXY,False,True
2025-09-20 00:00:00+00:00,38.397,38.776,38.301,38.325,485.957,4h,uploaded_csv,BTCDOM_INDEX_PROXY,False,True
2025-09-20 04:00:00+00:00,38.325,38.36,38.209,38.268,150.039,4h,uploaded_csv,BTCDOM_INDEX_PROXY,False,True
2025-09-20 08:00:00+00:00,38.269,38.494,38.263,38.398,204.611,4h,uploaded_csv,BTCDOM_INDEX_PROXY,False,True
2025-09-20 12:00:00+00:00,38.399,38.512,38.094,38.148,217.578,4h,uploaded_csv,BTCDOM_INDEX_PROXY,False,True
2025-09-20 16:00:00+00:00,38.148,38.318,38.1,38.272,252.856,4h,uploaded_csv,BTCDOM_INDEX_PROXY,False,True
2025-09-20 20:00:00+00:00,38.274,38.283,38.063,38.12,244.148,4h,uploaded_csv,BTCDOM_INDEX_PROXY,False,True
2025-09-21 00:00:00+00:00,38.121,38.162,37.835,37.914,450.885,4h,uploaded_csv,BTCDOM_INDEX_PROXY,False,True
2025-09-21 04:00:00+00:00,37.914,38.039,37.869,38.027,185.163,4h,uploaded_csv,BTCDOM_INDEX_PROXY,False,True
2025-09-21 08:00:00+00:00,38.02,38.293,37.986,38.237,259.459,4h,uploaded_csv,BTCDOM_INDEX_PROXY,False,True
2025-09-21 12:00:00+00:00,38.236,38.26,38.072,38.096,255.034,4h,uploaded_csv,BTCDOM_INDEX_PROXY,False,True
2025-09-21 16:00:00+00:00,38.096,38.312,38.057,38.088,271.245,4h,uploaded_csv,BTCDOM_INDEX_PROXY,False,True
2025-09-21 20:00:00+00:00,38.088,38.301,38.068,38.274,155.286,4h,uploaded_csv,BTCDOM_INDEX_PROXY,False,True
2025-09-22 00:00:00+00:00,38.269,39.99,38.247,39.148,1635.952,4h,uploaded_csv,BTCDOM_INDEX_PROXY,False,True
2025-09-22 04:00:00+00:00,39.148,41.857,39.043,39.617,2036.7,4h,uploaded_csv,BTCDOM_INDEX_PROXY,False,True
2025-09-22 08:00:00+00:00,39.614,39.908,39.506,39.759,570.721,4h,uploaded_csv,BTCDOM_INDEX_PROXY,False,True
2025-09-22 12:00:00+00:00,39.757,39.795,39.398,39.758,757.457,4h,uploaded_csv,BTCDOM_INDEX_PROXY,False,True
2025-09-22 16:00:00+00:00,39.755,40.051,39.598,39.919,616.343,4h,uploaded_csv,BTCDOM_INDEX_PROXY,False,True
2025-09-22 20:00:00+00:00,39.93,39.959,39.495,39.542,313.456,4h,uploaded_csv,BTCDOM_INDEX_PROXY,False,True
2025-09-23 00:00:00+00:00,39.541,40.066,39.401,39.574,598.19,4h,uploaded_csv,BTCDOM_INDEX_PROXY,False,True
2025-09-23 04:00:00+00:00,39.566,39.831,39.498,39.625,247.856,4h,uploaded_csv,BTCDOM_INDEX_PROXY,False,True
2025-09-23 08:00:00+00:00,39.624,39.728,39.475,39.629,254.022,4h,uploaded_csv,BTCDOM_INDEX_PROXY,False,True
2025-09-23 12:00:00+00:00,39.63,39.687,39.437,39.529,225.828,4h,uploaded_csv,BTCDOM_INDEX_PROXY,False,True
2025-09-23 16:00:00+00:00,39.534,39.631,39.284,39.52,373.84,4h,uploaded_csv,BTCDOM_INDEX_PROXY,False,True
2025-09-23 20:00:00+00:00,39.522,39.677,39.417,39.677,103.814,4h,uploaded_csv,BTCDOM_INDEX_PROXY,False,True
2025-09-24 00:00:00+00:00,39.672,39.956,39.48,39.857,287.209,4h,uploaded_csv,BTCDOM_INDEX_PROXY,False,True
2025-09-24 04:00:00+00:00,39.858,40.23,39.653,39.698,657.828,4h,uploaded_csv,BTCDOM_INDEX_PROXY,False,True
2025-09-24 08:00:00+00:00,39.691,39.795,39.616,39.763,139.595,4h,uploaded_csv,BTCDOM_INDEX_PROXY,False,True
2025-09-24 12:00:00+00:00,39.757,39.919,39.63,39.766,358.341,4h,uploaded_csv,BTCDOM_INDEX_PROXY,False,True
2025-09-24 16:00:00+00:00,39.765,39.868,39.703,39.768,171.282,4h,uploaded_csv,BTCDOM_INDEX_PROXY,False,True
2025-09-24 20:00:00+00:00,39.77,40.055,39.762,39.956,182.929,4h,uploaded_csv,BTCDOM_INDEX_PROXY,False,True
2025-09-25 00:00:00+00:00,39.97,40.6,39.92,40.438,878.443,4h,uploaded_csv,BTCDOM_INDEX_PROXY,False,True
2025-09-25 04:00:00+00:00,40.439,40.99,40.39,40.693,1141.217,4h,uploaded_csv,BTCDOM_INDEX_PROXY,False,True
2025-09-25 08:00:00+00:00,40.7,40.945,40.5,40.822,523.475,4h,uploaded_csv,BTCDOM_INDEX_PROXY,False,True
2025-09-25 12:00:00+00:00,40.829,42.5,40.48,40.74,1278.18,4h,uploaded_csv,BTCDOM_INDEX_PROXY,False,True
2025-09-25 16:00:00+00:00,40.731,41.404,40.587,40.853,1101.925,4h,uploaded_csv,BTCDOM_INDEX_PROXY,False,True
2025-09-25 20:00:00+00:00,40.858,41.399,40.796,41.246,539.325,4h,uploaded_csv,BTCDOM_INDEX_PROXY,False,True
2025-09-26 00:00:00+00:00,41.243,41.25,40.764,40.856,405.227,4h,uploaded_csv,BTCDOM_INDEX_PROXY,False,True
2025-09-26 04:00:00+00:00,40.849,41.121,40.761,40.865,310.724,4h,uploaded_csv,BTCDOM_INDEX_PROXY,False,True
2025-09-26 08:00:00+00:00,40.861,41.53,40.835,41.241,506.278,4h,uploaded_csv,BTCDOM_INDEX_PROXY,False,True
2025-09-26 12:00:00+00:00,41.242,42.51,40.345,40.757,1086.57,4h,uploaded_csv,BTCDOM_INDEX_PROXY,False,True
2025-09-26 16:00:00+00:00,40.766,40.813,40.07,40.099,601.81,4h,uploaded_csv,BTCDOM_INDEX_PROXY,False,True
2025-09-26 20:00:00+00:00,40.111,40.281,40.051,40.09,187.351,4h,uploaded_csv,BTCDOM_INDEX_PROXY,False,True
2025-09-27 00:00:00+00:00,40.079,40.267,40.014,40.114,555.627,4h,uploaded_csv,BTCDOM_INDEX_PROXY,False,True
2025-09-27 04:00:00+00:00,40.115,40.241,40.07,40.18,111.187,4h,uploaded_csv,BTCDOM_INDEX_PROXY,False,True
2025-09-27 08:00:00+00:00,40.181,40.439,40.111,40.219,155.487,4h,uploaded_csv,BTCDOM_INDEX_PROXY,False,True
2025-09-27 12:00:00+00:00,40.22,40.29,39.975,40.069,207.162,4h,uploaded_csv,BTCDOM_INDEX_PROXY,False,True
2025-09-27 16:00:00+00:00,40.069,40.425,40.055,40.238,224.483,4h,uploaded_csv,BTCDOM_INDEX_PROXY,False,True
2025-09-27 20:00:00+00:00,40.244,40.244,39.976,40.165,124.806,4h,uploaded_csv,BTCDOM_INDEX_PROXY,False,True
2025-09-28 00:00:00+00:00,40.156,40.617,40.125,40.325,312.639,4h,uploaded_csv,BTCDOM_INDEX_PROXY,False,True
2025-09-28 04:00:00+00:00,40.326,40.408,40.177,40.271,265.101,4h,uploaded_csv,BTCDOM_INDEX_PROXY,False,True
2025-09-28 08:00:00+00:00,40.271,40.55,40.27,40.449,172.338,4h,uploaded_csv,BTCDOM_INDEX_PROXY,False,True
2025-09-28 12:00:00+00:00,40.449,40.618,40.212,40.259,354.149,4h,uploaded_csv,BTCDOM_INDEX_PROXY,False,True
2025-09-28 16:00:00+00:00,40.271,40.295,40.093,40.148,250.231,4h,uploaded_csv,BTCDOM_INDEX_PROXY,False,True
2025-09-28 20:00:00+00:00,40.143,40.213,39.973,39.984,377.512,4h,uploaded_csv,BTCDOM_INDEX_PROXY,False,True
2025-09-29 00:00:00+00:00,39.995,40.16,39.918,39.925,248.641,4h,uploaded_csv,BTCDOM_INDEX_PROXY,False,True
2025-09-29 04:00:00+00:00,39.92,40.147,39.909,40.012,150.866,4h,uploaded_csv,BTCDOM_INDEX_PROXY,False,True
2025-09-29 08:00:00+00:00,40.018,40.327,39.985,40.28,176.519,4h,uploaded_csv,BTCDOM_INDEX_PROXY,False,True
2025-09-29 12:00:00+00:00,40.287,40.504,40.059,40.369,745.12,4h,uploaded_csv,BTCDOM_INDEX_PROXY,False,True
2025-09-29 16:00:00+00:00,40.366,40.671,40.278,40.313,417.342,4h,uploaded_csv,BTCDOM_INDEX_PROXY,False,True
2025-09-29 20:00:00+00:00,40.311,40.322,39.953,40.178,467.913,4h,uploaded_csv,BTCDOM_INDEX_PROXY,False,True
2025-09-30 00:00:00+00:00,40.168,40.507,40.121,40.445,383.883,4h,uploaded_csv,BTCDOM_INDEX_PROXY,False,True
2025-09-30 04:00:00+00:00,40.444,40.459,40.152,40.36,270.847,4h,uploaded_csv,BTCDOM_INDEX_PROXY,False,True
2025-09-30 08:00:00+00:00,40.355,40.513,40.31,40.351,230.067,4h,uploaded_csv,BTCDOM_INDEX_PROXY,False,True
2025-09-30 12:00:00+00:00,40.353,40.966,40.351,40.79,437.797,4h,uploaded_csv,BTCDOM_INDEX_PROXY,False,True
2025-09-30 16:00:00+00:00,40.791,41.005,40.725,40.735,279.126,4h,uploaded_csv,BTCDOM_INDEX_PROXY,False,True
2025-09-30 20:00:00+00:00,40.737,40.899,40.562,40.738,268.903,4h,uploaded_csv,BTCDOM_INDEX_PROXY,False,True
2025-10-01 00:00:00+00:00,40.736,41.05,40.642,41.041,242.499,4h,uploaded_csv,BTCDOM_INDEX_PROXY,False,True
2025-10-01 04:00:00+00:00,41.047,41.074,40.813,40.843,183.461,4h,uploaded_csv,BTCDOM_INDEX_PROXY,False,True
2025-10-01 08:00:00+00:00,40.85,40.926,40.059,40.32,1081.525,4h,uploaded_csv,BTCDOM_INDEX_PROXY,False,True
2025-10-01 12:00:00+00:00,40.32,40.419,40.192,40.347,349.886,4h,uploaded_csv,BTCDOM_INDEX_PROXY,False,True
2025-10-01 16:00:00+00:00,40.35,40.541,40.219,40.251,193.126,4h,uploaded_csv,BTCDOM_INDEX_PROXY,False,True
2025-10-01 20:00:00+00:00,40.249,40.62,40.213,40.504,237.498,4h,uploaded_csv,BTCDOM_INDEX_PROXY,False,True
2025-10-02 00:00:00+00:00,40.504,40.627,40.06,40.25,387.382,4h,uploaded_csv,BTCDOM_INDEX_PROXY,False,True
2025-10-02 04:00:00+00:00,40.248,40.333,39.912,40.199,276.091,4h,uploaded_csv,BTCDOM_INDEX_PROXY,False,True
2025-10-02 08:00:00+00:00,40.192,40.201,40.031,40.163,276.618,4h,uploaded_csv,BTCDOM_INDEX_PROXY,False,True
2025-10-02 12:00:00+00:00,40.159,40.513,39.946,40.208,702.348,4h,uploaded_csv,BTCDOM_INDEX_PROXY,False,True
2025-10-02 16:00:00+00:00,40.211,40.229,39.6,39.797,1078.223,4h,uploaded_csv,BTCDOM_INDEX_PROXY,False,True
2025-10-02 20:00:00+00:00,39.792,39.88,39.675,39.716,211.777,4h,uploaded_csv,BTCDOM_INDEX_PROXY,False,True
2025-10-03 00:00:00+00:00,39.72,39.887,39.346,39.611,530.361,4h,uploaded_csv,BTCDOM_INDEX_PROXY,False,True
2025-10-03 04:00:00+00:00,39.61,39.913,39.487,39.772,262.304,4h,uploaded_csv,BTCDOM_INDEX_PROXY,False,True
2025-10-03 08:00:00+00:00,39.767,39.869,39.306,39.803,289.315,4h,uploaded_csv,BTCDOM_INDEX_PROXY,False,True
2025-10-03 12:00:00+00:00,39.801,39.989,39.643,39.719,251.746,4h,uploaded_csv,BTCDOM_INDEX_PROXY,False,True
2025-10-03 16:00:00+00:00,39.723,40.355,39.71,40.035,991.524,4h,uploaded_csv,BTCDOM_INDEX_PROXY,False,True
2025-10-03 20:00:00+00:00,40.029,40.083,39.781,39.883,149.837,4h,uploaded_csv,BTCDOM_INDEX_PROXY,False,True
2025-10-04 00:00:00+00:00,39.881,40.255,39.823,40.237,335.984,4h,uploaded_csv,BTCDOM_INDEX_PROXY,False,True
2025-10-04 04:00:00+00:00,40.241,40.333,40.111,40.252,157.581,4h,uploaded_csv,BTCDOM_INDEX_PROXY,False,True
2025-10-04 08:00:00+00:00,40.252,40.509,40.251,40.382,314.454,4h,uploaded_csv,BTCDOM_INDEX_PROXY,False,True
2025-10-04 12:00:00+00:00,40.382,41.27,40.36,40.724,536.401,4h,uploaded_csv,BTCDOM_INDEX_PROXY,False,True
2025-10-04 16:00:00+00:00,40.721,40.795,40.539,40.64,185.098,4h,uploaded_csv,BTCDOM_INDEX_PROXY,False,True
2025-10-04 20:00:00+00:00,40.64,40.658,40.515,40.583,84.983,4h,uploaded_csv,BTCDOM_INDEX_PROXY,False,True
2025-10-05 00:00:00+00:00,40.583,40.756,40.395,40.575,287.024,4h,uploaded_csv,BTCDOM_INDEX_PROXY,False,True
2025-10-05 04:00:00+00:00,40.567,40.695,40.192,40.192,354.521,4h,uploaded_csv,BTCDOM_INDEX_PROXY,False,True
2025-10-05 08:00:00+00:00,40.192,40.321,40.064,40.259,379.582,4h,uploaded_csv,BTCDOM_INDEX_PROXY,False,True
2025-10-05 12:00:00+00:00,40.267,40.423,40.209,40.303,217.125,4h,uploaded_csv,BTCDOM_INDEX_PROXY,False,True
2025-10-05 16:00:00+00:00,40.298,40.778,40.281,40.769,314.358,4h,uploaded_csv,BTCDOM_INDEX_PROXY,False,True
2025-10-05 20:00:00+00:00,40.766,40.805,40.552,40.771,162.635,4h,uploaded_csv,BTCDOM_INDEX_PROXY,False,True
2025-10-06 00:00:00+00:00,40.772,40.902,40.597,40.608,316.36,4h,uploaded_csv,BTCDOM_INDEX_PROXY,False,True
2025-10-06 04:00:00+00:00,40.608,40.717,40.251,40.459,314.131,4h,uploaded_csv,BTCDOM_INDEX_PROXY,False,True
2025-10-06 08:00:00+00:00,40.446,40.446,40.212,40.332,179.702,4h,uploaded_csv,BTCDOM_INDEX_PROXY,False,True
2025-10-06 12:00:00+00:00,40.329,40.366,39.805,39.895,654.325,4h,uploaded_csv,BTCDOM_INDEX_PROXY,False,True
2025-10-06 16:00:00+00:00,39.895,40.052,39.73,39.8,604.117,4h,uploaded_csv,BTCDOM_INDEX_PROXY,False,True
2025-10-06 20:00:00+00:00,39.8,40.009,39.731,39.9,342.936,4h,uploaded_csv,BTCDOM_INDEX_PROXY,False,True
2025-10-07 00:00:00+00:00,39.907,40.047,39.749,39.778,135.549,4h,uploaded_csv,BTCDOM_INDEX_PROXY,False,True
2025-10-07 04:00:00+00:00,39.779,39.85,39.458,39.681,554.693,4h,uploaded_csv,BTCDOM_INDEX_PROXY,False,True
2025-10-07 08:00:00+00:00,39.682,39.945,39.634,39.647,241.173,4h,uploaded_csv,BTCDOM_INDEX_PROXY,False,True
2025-10-07 12:00:00+00:00,39.652,40.337,39.468,40.239,1091.988,4h,uploaded_csv,BTCDOM_INDEX_PROXY,False,True
2025-10-07 16:00:00+00:00,40.232,40.451,40.053,40.401,586.095,4h,uploaded_csv,BTCDOM_INDEX_PROXY,False,True
2025-10-07 20:00:00+00:00,40.411,40.56,40.2,40.496,175.053,4h,uploaded_csv,BTCDOM_INDEX_PROXY,False,True
2025-10-08 00:00:00+00:00,40.495,40.75,40.356,40.716,356.15,4h,uploaded_csv,BTCDOM_INDEX_PROXY,False,True
2025-10-08 04:00:00+00:00,40.71,41.0,40.47,40.473,629.476,4h,uploaded_csv,BTCDOM_INDEX_PROXY,False,True
2025-10-08 08:00:00+00:00,40.476,40.772,40.473,40.726,227.384,4h,uploaded_csv,BTCDOM_INDEX_PROXY,False,True
2025-10-08 12:00:00+00:00,40.726,40.798,40.406,40.68,359.992,4h,uploaded_csv,BTCDOM_INDEX_PROXY,False,True
2025-10-08 16:00:00+00:00,40.678,40.779,40.32,40.371,446.571,4h,uploaded_csv,BTCDOM_INDEX_PROXY,False,True
2025-10-08 20:00:00+00:00,40.376,40.438,40.285,40.409,120.269,4h,uploaded_csv,BTCDOM_INDEX_PROXY,False,True
2025-10-09 00:00:00+00:00,40.41,40.876,40.357,40.634,221.204,4h,uploaded_csv,BTCDOM_INDEX_PROXY,False,True
2025-10-09 04:00:00+00:00,40.634,40.78,40.552,40.751,208.82,4h,uploaded_csv,BTCDOM_INDEX_PROXY,False,True
2025-10-09 08:00:00+00:00,40.751,41.474,40.733,41.43,1092.492,4h,uploaded_csv,BTCDOM_INDEX_PROXY,False,True
2025-10-09 12:00:00+00:00,41.43,41.685,41.252,41.527,563.757,4h,uploaded_csv,BTCDOM_INDEX_PROXY,False,True
2025-10-09 16:00:00+00:00,41.528,41.704,41.176,41.329,344.109,4h,uploaded_csv,BTCDOM_INDEX_PROXY,False,True
2025-10-09 20:00:00+00:00,41.331,41.365,41.082,41.239,155.788,4h,uploaded_csv,BTCDOM_INDEX_PROXY,False,True
2025-10-10 00:00:00+00:00,41.235,41.269,40.854,40.95,319.652,4h,uploaded_csv,BTCDOM_INDEX_PROXY,False,True
2025-10-10 04:00:00+00:00,40.951,41.299,40.912,41.202,231.88,4h,uploaded_csv,BTCDOM_INDEX_PROXY,False,True
2025-10-10 08:00:00+00:00,41.2,41.353,41.072,41.098,228.626,4h,uploaded_csv,BTCDOM_INDEX_PROXY,False,True
2025-10-10 12:00:00+00:00,41.105,42.413,41.036,42.197,1415.499,4h,uploaded_csv,BTCDOM_INDEX_PROXY,False,True
2025-10-10 16:00:00+00:00,42.198,42.47,41.782,42.129,1117.697,4h,uploaded_csv,BTCDOM_INDEX_PROXY,False,True
2025-10-10 20:00:00+00:00,42.127,53.8,42.008,44.645,8866.613,4h,uploaded_csv,BTCDOM_INDEX_PROXY,False,True
2025-10-11 00:00:00+00:00,44.651,45.058,43.833,44.389,1447.007,4h,uploaded_csv,BTCDOM_INDEX_PROXY,False,True
2025-10-11 04:00:00+00:00,44.373,44.675,43.873,43.933,927.04,4h,uploaded_csv,BTCDOM_INDEX_PROXY,False,True
2025-10-11 08:00:00+00:00,43.933,44.1,43.236,43.82,1070.258,4h,uploaded_csv,BTCDOM_INDEX_PROXY,False,True
2025-10-11 12:00:00+00:00,43.811,44.457,43.573,43.68,652.851,4h,uploaded_csv,BTCDOM_INDEX_PROXY,False,True
2025-10-11 16:00:00+00:00,43.681,44.56,43.516,44.383,801.983,4h,uploaded_csv,BTCDOM_INDEX_PROXY,False,True
2025-10-11 20:00:00+00:00,44.381,45.199,44.312,44.396,788.325,4h,uploaded_csv,BTCDOM_INDEX_PROXY,False,True
2025-10-12 00:00:00+00:00,44.397,44.959,44.246,44.451,668.036,4h,uploaded_csv,BTCDOM_INDEX_PROXY,False,True
2025-10-12 04:00:00+00:00,44.451,44.493,43.81,43.878,528.603,4h,uploaded_csv,BTCDOM_INDEX_PROXY,False,True
2025-10-12 08:00:00+00:00,43.874,44.03,43.543,43.735,640.463,4h,uploaded_csv,BTCDOM_INDEX_PROXY,False,True
2025-10-12 12:00:00+00:00,43.737,43.987,41.885,41.985,2412.301,4h,uploaded_csv,BTCDOM_INDEX_PROXY,False,True
2025-10-12 16:00:00+00:00,41.984,42.103,41.458,41.569,1355.611,4h,uploaded_csv,BTCDOM_INDEX_PROXY,False,True
2025-10-12 20:00:00+00:00,41.577,42.191,41.303,41.744,571.052,4h,uploaded_csv,BTCDOM_INDEX_PROXY,False,True
2025-10-13 00:00:00+00:00,41.75,42.126,41.111,41.842,1019.742,4h,uploaded_csv,BTCDOM_INDEX_PROXY,False,True
2025-10-13 04:00:00+00:00,41.841,41.945,41.11,41.325,530.24,4h,uploaded_csv,BTCDOM_INDEX_PROXY,False,True
2025-10-13 08:00:00+00:00,41.326,42.087,41.043,41.892,877.815,4h,uploaded_csv,BTCDOM_INDEX_PROXY,False,True
2025-10-13 12:00:00+00:00,41.897,42.056,41.459,41.5,968.605,4h,uploaded_csv,BTCDOM_INDEX_PROXY,False,True
2025-10-13 16:00:00+00:00,41.497,41.647,40.704,41.072,680.89,4h,uploaded_csv,BTCDOM_INDEX_PROXY,False,True
2025-10-13 20:00:00+00:00,41.069,41.078,40.678,40.834,429.854,4h,uploaded_csv,BTCDOM_INDEX_PROXY,False,True
2025-10-14 00:00:00+00:00,40.828,41.135,40.585,41.021,513.997,4h,uploaded_csv,BTCDOM_INDEX_PROXY,False,True
2025-10-14 04:00:00+00:00,41.021,42.577,40.971,42.381,1535.126,4h,uploaded_csv,BTCDOM_INDEX_PROXY,False,True
2025-10-14 08:00:00+00:00,42.381,42.566,41.97,42.324,889.022,4h,uploaded_csv,BTCDOM_INDEX_PROXY,False,True
2025-10-14 12:00:00+00:00,42.319,42.713,41.728,41.78,1155.298,4h,uploaded_csv,BTCDOM_INDEX_PROXY,False,True
2025-10-14 16:00:00+00:00,41.781,41.986,41.107,41.731,1374.237,4h,uploaded_csv,BTCDOM_INDEX_PROXY,False,True
2025-10-14 20:00:00+00:00,41.723,41.803,41.555,41.61,240.62,4h,uploaded_csv,BTCDOM_INDEX_PROXY,False,True
2025-10-15 00:00:00+00:00,41.61,41.788,41.395,41.555,384.162,4h,uploaded_csv,BTCDOM_INDEX_PROXY,False,True
2025-10-15 04:00:00+00:00,41.561,41.755,41.353,41.461,321.426,4h,uploaded_csv,BTCDOM_INDEX_PROXY,False,True
2025-10-15 08:00:00+00:00,41.47,41.647,41.0,41.516,486.827,4h,uploaded_csv,BTCDOM_INDEX_PROXY,False,True
2025-10-15 12:00:00+00:00,41.519,42.168,41.442,42.115,731.943,4h,uploaded_csv,BTCDOM_INDEX_PROXY,False,True
2025-10-15 16:00:00+00:00,42.119,42.525,41.861,42.481,510.379,4h,uploaded_csv,BTCDOM_INDEX_PROXY,False,True
2025-10-15 20:00:00+00:00,42.494,42.724,42.285,42.295,564.297,4h,uploaded_csv,BTCDOM_INDEX_PROXY,False,True
2025-10-16 00:00:00+00:00,42.303,42.36,42.02,42.252,346.863,4h,uploaded_csv,BTCDOM_INDEX_PROXY,False,True
2025-10-16 04:00:00+00:00,42.251,42.368,42.028,42.028,339.142,4h,uploaded_csv,BTCDOM_INDEX_PROXY,False,True
2025-10-16 08:00:00+00:00,42.026,42.481,41.772,41.845,547.313,4h,uploaded_csv,BTCDOM_INDEX_PROXY,False,True
2025-10-16 12:00:00+00:00,41.845,42.54,41.732,42.44,508.205,4h,uploaded_csv,BTCDOM_INDEX_PROXY,False,True
2025-10-16 16:00:00+00:00,42.446,42.693,41.977,42.602,798.516,4h,uploaded_csv,BTCDOM_INDEX_PROXY,False,True
2025-10-16 20:00:00+00:00,42.621,42.845,42.482,42.54,371.193,4h,uploaded_csv,BTCDOM_INDEX_PROXY,False,True
2025-10-17 00:00:00+00:00,42.547,42.612,42.243,42.493,208.842,4h,uploaded_csv,BTCDOM_INDEX_PROXY,False,True
2025-10-17 04:00:00+00:00,42.498,43.455,42.485,43.399,1000.106,4h,uploaded_csv,BTCDOM_INDEX_PROXY,False,True
2025-10-17 08:00:00+00:00,43.403,43.838,42.87,42.972,1515.215,4h,uploaded_csv,BTCDOM_INDEX_PROXY,False,True
2025-10-17 12:00:00+00:00,42.958,43.478,42.842,43.233,695.015,4h,uploaded_csv,BTCDOM_INDEX_PROXY,False,True
2025-10-17 16:00:00+00:00,43.232,43.255,42.866,43.021,342.135,4h,uploaded_csv,BTCDOM_INDEX_PROXY,False,True
2025-10-17 20:00:00+00:00,43.026,43.067,42.627,42.947,248.947,4h,uploaded_csv,BTCDOM_INDEX_PROXY,False,True
2025-10-18 00:00:00+00:00,42.948,42.975,42.509,42.641,257.938,4h,uploaded_csv,BTCDOM_INDEX_PROXY,False,True
2025-10-18 04:00:00+00:00,42.638,42.713,41.965,42.097,526.677,4h,uploaded_csv,BTCDOM_INDEX_PROXY,False,True
2025-10-18 08:00:00+00:00,42.093,42.411,42.044,42.317,307.408,4h,uploaded_csv,BTCDOM_INDEX_PROXY,False,True
2025-10-18 12:00:00+00:00,42.318,42.655,42.221,42.485,205.285,4h,uploaded_csv,BTCDOM_INDEX_PROXY,False,True
2025-10-18 16:00:00+00:00,42.487,42.642,42.183,42.242,191.296,4h,uploaded_csv,BTCDOM_INDEX_PROXY,False,True
2025-10-18 20:00:00+00:00,42.245,42.448,42.194,42.388,90.488,4h,uploaded_csv,BTCDOM_INDEX_PROXY,False,True
2025-10-19 00:00:00+00:00,42.389,42.63,42.303,42.303,117.975,4h,uploaded_csv,BTCDOM_INDEX_PROXY,False,True
2025-10-19 04:00:00+00:00,42.302,42.48,42.188,42.394,197.226,4h,uploaded_csv,BTCDOM_INDEX_PROXY,False,True
2025-10-19 08:00:00+00:00,42.403,42.645,42.008,42.197,725.545,4h,uploaded_csv,BTCDOM_INDEX_PROXY,False,True
2025-10-19 12:00:00+00:00,42.197,42.259,41.628,41.88,419.943,4h,uploaded_csv,BTCDOM_INDEX_PROXY,False,True
2025-10-19 16:00:00+00:00,41.885,42.193,41.769,42.132,368.07,4h,uploaded_csv,BTCDOM_INDEX_PROXY,False,True
2025-10-19 20:00:00+00:00,42.118,42.248,41.937,42.151,160.822,4h,uploaded_csv,BTCDOM_INDEX_PROXY,False,True
2025-10-20 00:00:00+00:00,42.159,42.448,42.094,42.1,390.835,4h,uploaded_csv,BTCDOM_INDEX_PROXY,False,True
2025-10-20 04:00:00+00:00,42.099,42.24,41.973,42.212,284.044,4h,uploaded_csv,BTCDOM_INDEX_PROXY,False,True
2025-10-20 08:00:00+00:00,42.209,42.427,42.109,42.364,264.003,4h,uploaded_csv,BTCDOM_INDEX_PROXY,False,True
2025-10-20 12:00:00+00:00,42.364,42.64,42.234,42.637,247.607,4h,uploaded_csv,BTCDOM_INDEX_PROXY,False,True
2025-10-20 16:00:00+00:00,42.64,43.105,42.419,42.531,431.897,4h,uploaded_csv,BTCDOM_INDEX_PROXY,False,True
2025-10-20 20:00:00+00:00,42.53,42.672,42.51,42.56,282.684,4h,uploaded_csv,BTCDOM_INDEX_PROXY,False,True
2025-10-21 00:00:00+00:00,42.559,42.814,42.487,42.705,253.503,4h,uploaded_csv,BTCDOM_INDEX_PROXY,False,True
2025-10-21 04:00:00+00:00,42.701,42.879,42.501,42.592,440.394,4h,uploaded_csv,BTCDOM_INDEX_PROXY,False,True
2025-10-21 08:00:00+00:00,42.593,42.799,42.58,42.701,293.473,4h,uploaded_csv,BTCDOM_INDEX_PROXY,False,True
2025-10-21 12:00:00+00:00,42.705,42.909,42.622,42.667,575.541,4h,uploaded_csv,BTCDOM_INDEX_PROXY,False,True
2025-10-21 16:00:00+00:00,42.674,43.208,42.602,42.894,495.643,4h,uploaded_csv,BTCDOM_INDEX_PROXY,False,True
2025-10-21 20:00:00+00:00,42.894,43.185,42.7,42.907,459.675,4h,uploaded_csv,BTCDOM_INDEX_PROXY,False,True
2025-10-22 00:00:00+00:00,42.907,43.119,42.814,42.89,287.265,4h,uploaded_csv,BTCDOM_INDEX_PROXY,False,True
2025-10-22 04:00:00+00:00,42.893,43.112,42.769,42.918,245.353,4h,uploaded_csv,BTCDOM_INDEX_PROXY,False,True
2025-10-22 08:00:00+00:00,42.923,43.263,42.862,42.886,447.618,4h,uploaded_csv,BTCDOM_INDEX_PROXY,False,True
2025-10-22 12:00:00+00:00,42.887,43.463,42.842,43.084,567.666,4h,uploaded_csv,BTCDOM_INDEX_PROXY,False,True
2025-10-22 16:00:00+00:00,43.086,43.561,43.067,43.337,355.347,4h,uploaded_csv,BTCDOM_INDEX_PROXY,False,True
2025-10-22 20:00:00+00:00,43.341,43.8,43.311,43.319,622.785,4h,uploaded_csv,BTCDOM_INDEX_PROXY,False,True
2025-10-23 00:00:00+00:00,43.312,43.43,43.216,43.245,212.105,4h,uploaded_csv,BTCDOM_INDEX_PROXY,False,True
2025-10-23 04:00:00+00:00,43.247,43.304,42.919,42.923,307.28,4h,uploaded_csv,BTCDOM_INDEX_PROXY,False,True
2025-10-23 08:00:00+00:00,42.922,43.209,42.902,43.209,358.876,4h,uploaded_csv,BTCDOM_INDEX_PROXY,False,True
2025-10-23 12:00:00+00:00,43.209,43.432,42.834,43.029,617.624,4h,uploaded_csv,BTCDOM_INDEX_PROXY,False,True
2025-10-23 16:00:00+00:00,43.023,43.508,42.826,43.318,335.218,4h,uploaded_csv,BTCDOM_INDEX_PROXY,False,True
2025-10-23 20:00:00+00:00,43.312,43.445,43.271,43.271,208.979,4h,uploaded_csv,BTCDOM_INDEX_PROXY,False,True
2025-10-24 00:00:00+00:00,43.272,43.381,43.124,43.182,274.589,4h,uploaded_csv,BTCDOM_INDEX_PROXY,False,True
2025-10-24 04:00:00+00:00,43.185,43.238,42.537,42.987,585.907,4h,uploaded_csv,BTCDOM_INDEX_PROXY,False,True
2025-10-24 08:00:00+00:00,42.989,43.072,42.802,42.93,267.984,4h,uploaded_csv,BTCDOM_INDEX_PROXY,False,True
2025-10-24 12:00:00+00:00,42.931,43.113,42.6,43.047,539.62,4h,uploaded_csv,BTCDOM_INDEX_PROXY,False,True
2025-10-24 16:00:00+00:00,43.04,43.214,42.797,42.853,237.718,4h,uploaded_csv,BTCDOM_INDEX_PROXY,False,True
2025-10-24 20:00:00+00:00,42.855,42.991,42.763,42.947,149.998,4h,uploaded_csv,BTCDOM_INDEX_PROXY,False,True
2025-10-25 00:00:00+00:00,42.946,43.029,42.828,42.913,107.396,4h,uploaded_csv,BTCDOM_INDEX_PROXY,False,True
2025-10-25 04:00:00+00:00,42.914,43.108,42.865,43.04,162.624,4h,uploaded_csv,BTCDOM_INDEX_PROXY,False,True
2025-10-25 08:00:00+00:00,43.039,43.169,42.958,43.004,134.913,4h,uploaded_csv,BTCDOM_INDEX_PROXY,False,True
2025-10-25 12:00:00+00:00,43.005,43.04,42.834,42.913,176.033,4h,uploaded_csv,BTCDOM_INDEX_PROXY,False,True
2025-10-25 16:00:00+00:00,42.916,42.956,42.657,42.738,201.893,4h,uploaded_csv,BTCDOM_INDEX_PROXY,False,True
2025-10-25 20:00:00+00:00,42.739,42.844,42.713,42.832,112.693,4h,uploaded_csv,BTCDOM_INDEX_PROXY,False,True
2025-10-26 00:00:00+00:00,42.837,42.949,42.723,42.824,228.252,4h,uploaded_csv,BTCDOM_INDEX_PROXY,False,True
2025-10-26 04:00:00+00:00,42.823,42.861,42.705,42.744,73.915,4h,uploaded_csv,BTCDOM_INDEX_PROXY,False,True
2025-10-26 08:00:00+00:00,42.745,42.87,42.473,42.555,303.766,4h,uploaded_csv,BTCDOM_INDEX_PROXY,False,True
2025-10-26 12:00:00+00:00,42.551,42.67,42.282,42.457,516.502,4h,uploaded_csv,BTCDOM_INDEX_PROXY,False,True
2025-10-26 16:00:00+00:00,42.46,42.677,42.46,42.623,239.433,4h,uploaded_csv,BTCDOM_INDEX_PROXY,False,True
2025-10-26 20:00:00+00:00,42.623,42.728,42.122,42.308,505.548,4h,uploaded_csv,BTCDOM_INDEX_PROXY,False,True
2025-10-27 00:00:00+00:00,42.308,42.32,41.901,42.057,437.125,4h,uploaded_csv,BTCDOM_INDEX_PROXY,False,True
2025-10-27 04:00:00+00:00,42.057,42.39,41.79,42.361,526.688,4h,uploaded_csv,BTCDOM_INDEX_PROXY,False,True
2025-10-27 08:00:00+00:00,42.357,42.7,42.35,42.429,350.923,4h,uploaded_csv,BTCDOM_INDEX_PROXY,False,True
2025-10-27 12:00:00+00:00,42.428,42.7,42.375,42.382,273.503,4h,uploaded_csv,BTCDOM_INDEX_PROXY,False,True
2025-10-27 16:00:00+00:00,42.382,42.384,42.047,42.224,257.034,4h,uploaded_csv,BTCDOM_INDEX_PROXY,False,True
2025-10-27 20:00:00+00:00,42.221,42.624,42.202,42.489,247.658,4h,uploaded_csv,BTCDOM_INDEX_PROXY,False,True
2025-10-28 00:00:00+00:00,42.491,42.623,42.331,42.491,207.497,4h,uploaded_csv,BTCDOM_INDEX_PROXY,False,True
2025-10-28 04:00:00+00:00,42.491,42.72,42.307,42.434,193.526,4h,uploaded_csv,BTCDOM_INDEX_PROXY,False,True
2025-10-28 08:00:00+00:00,42.436,42.625,42.32,42.565,147.893,4h,uploaded_csv,BTCDOM_INDEX_PROXY,False,True
2025-10-28 12:00:00+00:00,42.571,42.926,42.345,42.784,427.007,4h,uploaded_csv,BTCDOM_INDEX_PROXY,False,True
2025-10-28 16:00:00+00:00,42.777,42.97,42.519,42.88,230.485,4h,uploaded_csv,BTCDOM_INDEX_PROXY,False,True
2025-10-28 20:00:00+00:00,42.881,43.548,42.8,43.222,661.473,4h,uploaded_csv,BTCDOM_INDEX_PROXY,False,True
2025-10-29 00:00:00+00:00,43.225,43.339,42.934,42.997,341.747,4h,uploaded_csv,BTCDOM_INDEX_PROXY,False,True
2025-10-29 04:00:00+00:00,42.998,43.05,42.813,43.021,460.424,4h,uploaded_csv,BTCDOM_INDEX_PROXY,False,True
2025-10-29 08:00:00+00:00,43.031,43.058,42.75,42.778,135.168,4h,uploaded_csv,BTCDOM_INDEX_PROXY,False,True
2025-10-29 12:00:00+00:00,42.778,42.9,42.594,42.724,279.233,4h,uploaded_csv,BTCDOM_INDEX_PROXY,False,True
2025-10-29 16:00:00+00:00,42.723,42.979,41.8,42.672,1526.358,4h,uploaded_csv,BTCDOM_INDEX_PROXY,False,True
2025-10-29 20:00:00+00:00,42.662,42.783,42.451,42.514,217.368,4h,uploaded_csv,BTCDOM_INDEX_PROXY,False,True
2025-10-30 00:00:00+00:00,42.517,42.636,42.262,42.431,353.426,4h,uploaded_csv,BTCDOM_INDEX_PROXY,False,True
2025-10-30 04:00:00+00:00,42.43,42.724,42.284,42.662,448.583,4h,uploaded_csv,BTCDOM_INDEX_PROXY,False,True
2025-10-30 08:00:00+00:00,42.672,42.737,42.462,42.7,276.923,4h,uploaded_csv,BTCDOM_INDEX_PROXY,False,True
2025-10-30 12:00:00+00:00,42.699,44.3,42.6,43.331,970.621,4h,uploaded_csv,BTCDOM_INDEX_PROXY,False,True
2025-10-30 16:00:00+00:00,43.328,43.855,43.264,43.816,605.15,4h,uploaded_csv,BTCDOM_INDEX_PROXY,False,True
2025-10-30 20:00:00+00:00,43.828,43.94,43.345,43.386,411.934,4h,uploaded_csv,BTCDOM_INDEX_PROXY,False,True
2025-10-31 00:00:00+00:00,43.383,43.568,43.348,43.447,217.756,4h,uploaded_csv,BTCDOM_INDEX_PROXY,False,True
2025-10-31 04:00:00+00:00,43.443,43.509,43.157,43.347,329.777,4h,uploaded_csv,BTCDOM_INDEX_PROXY,False,True
2025-10-31 08:00:00+00:00,43.346,43.55,43.287,43.313,211.545,4h,uploaded_csv,BTCDOM_INDEX_PROXY,False,True
2025-10-31 12:00:00+00:00,43.323,43.534,43.214,43.305,296.368,4h,uploaded_csv,BTCDOM_INDEX_PROXY,False,True
2025-10-31 16:00:00+00:00,43.313,43.497,42.88,42.926,416.293,4h,uploaded_csv,BTCDOM_INDEX_PROXY,False,True
2025-10-31 20:00:00+00:00,42.927,43.211,42.826,43.172,246.154,4h,uploaded_csv,BTCDOM_INDEX_PROXY,False,True
2025-11-01 00:00:00+00:00,43.173,43.385,43.148,43.281,103.575,4h,uploaded_csv,BTCDOM_INDEX_PROXY,False,True
2025-11-01 04:00:00+00:00,43.28,43.386,43.24,43.273,83.167,4h,uploaded_csv,BTCDOM_INDEX_PROXY,False,True
2025-11-01 08:00:00+00:00,43.273,43.339,43.115,43.192,209.548,4h,uploaded_csv,BTCDOM_INDEX_PROXY,False,True
2025-11-01 12:00:00+00:00,43.188,43.381,43.116,43.198,177.827,4h,uploaded_csv,BTCDOM_INDEX_PROXY,False,True
2025-11-01 16:00:00+00:00,43.2,43.382,43.144,43.239,260.72,4h,uploaded_csv,BTCDOM_INDEX_PROXY,False,True
2025-11-01 20:00:00+00:00,43.24,43.285,43.149,43.164,120.874,4h,uploaded_csv,BTCDOM_INDEX_PROXY,False,True
2025-11-02 00:00:00+00:00,43.168,43.307,43.167,43.238,244.889,4h,uploaded_csv,BTCDOM_INDEX_PROXY,False,True
2025-11-02 04:00:00+00:00,43.238,43.277,43.141,43.181,118.456,4h,uploaded_csv,BTCDOM_INDEX_PROXY,False,True
2025-11-02 08:00:00+00:00,43.18,43.579,43.15,43.452,392.852,4h,uploaded_csv,BTCDOM_INDEX_PROXY,False,True
2025-11-02 12:00:00+00:00,43.455,43.705,43.402,43.596,229.839,4h,uploaded_csv,BTCDOM_INDEX_PROXY,False,True
2025-11-02 16:00:00+00:00,43.599,43.734,43.508,43.655,252.923,4h,uploaded_csv,BTCDOM_INDEX_PROXY,False,True
2025-11-02 20:00:00+00:00,43.656,43.663,43.16,43.201,148.452,4h,uploaded_csv,BTCDOM_INDEX_PROXY,False,True
2025-11-03 00:00:00+00:00,43.206,44.173,43.169,44.1,451.068,4h,uploaded_csv,BTCDOM_INDEX_PROXY,False,True
2025-11-03 04:00:00+00:00,44.098,44.424,43.838,44.207,736.547,4h,uploaded_csv,BTCDOM_INDEX_PROXY,False,True
2025-11-03 08:00:00+00:00,44.208,44.568,44.118,44.552,631.439,4h,uploaded_csv,BTCDOM_INDEX_PROXY,False,True
2025-11-03 12:00:00+00:00,44.552,45.439,44.312,45.32,1415.582,4h,uploaded_csv,BTCDOM_INDEX_PROXY,False,True
2025-11-03 16:00:00+00:00,45.315,45.56,44.981,45.541,946.043,4h,uploaded_csv,BTCDOM_INDEX_PROXY,False,True
2025-11-03 20:00:00+00:00,45.541,46.036,45.496,45.605,580.277,4h,uploaded_csv,BTCDOM_INDEX_PROXY,False,True
2025-11-04 00:00:00+00:00,45.606,45.67,45.153,45.263,465.217,4h,uploaded_csv,BTCDOM_INDEX_PROXY,False,True
2025-11-04 04:00:00+00:00,45.27,46.446,45.196,46.262,1238.676,4h,uploaded_csv,BTCDOM_INDEX_PROXY,False,True
2025-11-04 08:00:00+00:00,46.262,46.303,45.479,45.62,667.492,4h,uploaded_csv,BTCDOM_INDEX_PROXY,False,True
2025-11-04 12:00:00+00:00,45.626,45.92,45.045,45.306,820.223,4h,uploaded_csv,BTCDOM_INDEX_PROXY,False,True
2025-11-04 16:00:00+00:00,45.305,46.83,45.193,46.78,1416.721,4h,uploaded_csv,BTCDOM_INDEX_PROXY,False,True
2025-11-04 20:00:00+00:00,46.783,48.299,46.2,46.502,3027.091,4h,uploaded_csv,BTCDOM_INDEX_PROXY,False,True
2025-11-05 00:00:00+00:00,46.496,47.47,45.974,46.095,1431.712,4h,uploaded_csv,BTCDOM_INDEX_PROXY,False,True
2025-11-05 04:00:00+00:00,46.1,46.185,45.864,45.996,614.729,4h,uploaded_csv,BTCDOM_INDEX_PROXY,False,True
2025-11-05 08:00:00+00:00,46.015,46.477,46.015,46.138,498.923,4h,uploaded_csv,BTCDOM_INDEX_PROXY,False,True
2025-11-05 12:00:00+00:00,46.138,46.339,45.9,45.96,470.964,4h,uploaded_csv,BTCDOM_INDEX_PROXY,False,True
2025-11-05 16:00:00+00:00,45.955,46.117,45.536,45.613,382.959,4h,uploaded_csv,BTCDOM_INDEX_PROXY,False,True
2025-11-05 20:00:00+00:00,45.608,45.684,45.367,45.679,251.977,4h,uploaded_csv,BTCDOM_INDEX_PROXY,False,True
2025-11-06 00:00:00+00:00,45.672,45.894,45.344,45.496,326.595,4h,uploaded_csv,BTCDOM_INDEX_PROXY,False,True
2025-11-06 04:00:00+00:00,45.496,46.067,45.429,45.978,239.77,4h,uploaded_csv,BTCDOM_INDEX_PROXY,False,True
2025-11-06 08:00:00+00:00,45.984,46.086,45.737,45.965,213.018,4h,uploaded_csv,BTCDOM_INDEX_PROXY,False,True
2025-11-06 12:00:00+00:00,45.964,46.694,45.919,46.618,540.549,4h,uploaded_csv,BTCDOM_INDEX_PROXY,False,True
2025-11-06 16:00:00+00:00,46.618,46.619,45.967,46.052,689.656,4h,uploaded_csv,BTCDOM_INDEX_PROXY,False,True
2025-11-06 20:00:00+00:00,46.044,46.321,45.781,46.023,277.711,4h,uploaded_csv,BTCDOM_INDEX_PROXY,False,True
2025-11-07 00:00:00+00:00,46.026,46.267,45.632,45.769,571.665,4h,uploaded_csv,BTCDOM_INDEX_PROXY,False,True
2025-11-07 04:00:00+00:00,45.769,46.06,45.55,45.565,422.993,4h,uploaded_csv,BTCDOM_INDEX_PROXY,False,True
2025-11-07 08:00:00+00:00,45.566,46.31,45.541,46.106,466.954,4h,uploaded_csv,BTCDOM_INDEX_PROXY,False,True
2025-11-07 12:00:00+00:00,46.106,46.537,45.652,45.715,650.045,4h,uploaded_csv,BTCDOM_INDEX_PROXY,False,True
2025-11-07 16:00:00+00:00,45.722,45.855,44.433,44.639,919.8,4h,uploaded_csv,BTCDOM_INDEX_PROXY,False,True
2025-11-07 20:00:00+00:00,44.644,44.916,44.459,44.859,330.884,4h,uploaded_csv,BTCDOM_INDEX_PROXY,False,True
2025-11-08 00:00:00+00:00,44.857,44.868,44.271,44.389,606.018,4h,uploaded_csv,BTCDOM_INDEX_PROXY,False,True
2025-11-08 04:00:00+00:00,44.382,44.66,44.082,44.393,437.622,4h,uploaded_csv,BTCDOM_INDEX_PROXY,False,True
2025-11-08 08:00:00+00:00,44.385,44.619,44.252,44.59,266.527,4h,uploaded_csv,BTCDOM_INDEX_PROXY,False,True
2025-11-08 12:00:00+00:00,44.59,45.123,44.564,45.075,421.065,4h,uploaded_csv,BTCDOM_INDEX_PROXY,False,True
2025-11-08 16:00:00+00:00,45.074,45.224,44.785,44.962,295.719,4h,uploaded_csv,BTCDOM_INDEX_PROXY,False,True
2025-11-08 20:00:00+00:00,44.962,45.044,44.836,44.885,182.513,4h,uploaded_csv,BTCDOM_INDEX_PROXY,False,True
2025-11-09 00:00:00+00:00,44.885,45.314,44.815,45.196,270.015,4h,uploaded_csv,BTCDOM_INDEX_PROXY,False,True
2025-11-09 04:00:00+00:00,45.193,45.258,44.627,44.659,185.408,4h,uploaded_csv,BTCDOM_INDEX_PROXY,False,True
2025-11-09 08:00:00+00:00,44.651,45.059,44.645,44.794,287.957,4h,uploaded_csv,BTCDOM_INDEX_PROXY,False,True
2025-11-09 12:00:00+00:00,44.802,44.934,44.29,44.589,496.417,4h,uploaded_csv,BTCDOM_INDEX_PROXY,False,True
2025-11-09 16:00:00+00:00,44.594,44.683,44.335,44.335,197.026,4h,uploaded_csv,BTCDOM_INDEX_PROXY,False,True
2025-11-09 20:00:00+00:00,44.335,44.491,44.246,44.356,164.623,4h,uploaded_csv,BTCDOM_INDEX_PROXY,False,True
2025-11-10 00:00:00+00:00,44.35,44.52,44.032,44.098,294.055,4h,uploaded_csv,BTCDOM_INDEX_PROXY,False,True
2025-11-10 04:00:00+00:00,44.097,44.447,43.952,44.324,247.325,4h,uploaded_csv,BTCDOM_INDEX_PROXY,False,True
2025-11-10 08:00:00+00:00,44.335,44.393,43.846,44.037,518.613,4h,uploaded_csv,BTCDOM_INDEX_PROXY,False,True
2025-11-10 12:00:00+00:00,44.039,44.425,43.92,44.377,328.374,4h,uploaded_csv,BTCDOM_INDEX_PROXY,False,True
2025-11-10 16:00:00+00:00,44.376,44.567,44.231,44.341,412.472,4h,uploaded_csv,BTCDOM_INDEX_PROXY,False,True
2025-11-10 20:00:00+00:00,44.341,44.542,44.216,44.38,288.762,4h,uploaded_csv,BTCDOM_INDEX_PROXY,False,True
2025-11-11 00:00:00+00:00,44.388,44.455,43.918,44.153,425.222,4h,uploaded_csv,BTCDOM_INDEX_PROXY,False,True
2025-11-11 04:00:00+00:00,44.153,44.62,44.124,44.593,270.899,4h,uploaded_csv,BTCDOM_INDEX_PROXY,False,True
2025-11-11 08:00:00+00:00,44.595,44.725,44.452,44.57,252.813,4h,uploaded_csv,BTCDOM_INDEX_PROXY,False,True
2025-11-11 12:00:00+00:00,44.571,44.675,44.218,44.505,373.818,4h,uploaded_csv,BTCDOM_INDEX_PROXY,False,True
2025-11-11 16:00:00+00:00,44.513,44.89,44.4,44.863,209.389,4h,uploaded_csv,BTCDOM_INDEX_PROXY,False,True
2025-11-11 20:00:00+00:00,44.862,45.345,44.792,45.318,756.611,4h,uploaded_csv,BTCDOM_INDEX_PROXY,False,True
2025-11-12 00:00:00+00:00,45.317,45.378,45.039,45.2,304.48,4h,uploaded_csv,BTCDOM_INDEX_PROXY,False,True
2025-11-12 04:00:00+00:00,45.2,45.345,45.007,45.29,271.708,4h,uploaded_csv,BTCDOM_INDEX_PROXY,False,True
2025-11-12 08:00:00+00:00,45.29,45.303,44.728,44.836,577.781,4h,uploaded_csv,BTCDOM_INDEX_PROXY,False,True
2025-11-12 12:00:00+00:00,44.83,45.04,44.446,44.986,873.398,4h,uploaded_csv,BTCDOM_INDEX_PROXY,False,True
2025-11-12 16:00:00+00:00,44.985,45.331,44.804,44.943,506.257,4h,uploaded_csv,BTCDOM_INDEX_PROXY,False,True
2025-11-12 20:00:00+00:00,44.952,45.021,44.782,44.82,204.511,4h,uploaded_csv,BTCDOM_INDEX_PROXY,False,True
2025-11-13 00:00:00+00:00,44.817,44.923,44.227,44.349,209.785,4h,uploaded_csv,BTCDOM_INDEX_PROXY,False,True
2025-11-13 04:00:00+00:00,44.349,44.443,43.964,44.308,568.367,4h,uploaded_csv,BTCDOM_INDEX_PROXY,False,True
2025-11-13 08:00:00+00:00,44.314,44.433,44.192,44.241,196.821,4h,uploaded_csv,BTCDOM_INDEX_PROXY,False,True
2025-11-13 12:00:00+00:00,44.243,44.798,44.243,44.652,528.059,4h,uploaded_csv,BTCDOM_INDEX_PROXY,False,True
2025-11-13 16:00:00+00:00,44.647,45.951,44.48,45.896,805.692,4h,uploaded_csv,BTCDOM_INDEX_PROXY,False,True
2025-11-13 20:00:00+00:00,45.877,46.32,45.745,45.873,1034.156,4h,uploaded_csv,BTCDOM_INDEX_PROXY,False,True
2025-11-14 00:00:00+00:00,45.864,46.108,45.639,45.72,352.102,4h,uploaded_csv,BTCDOM_INDEX_PROXY,False,True
2025-11-14 04:00:00+00:00,45.721,46.191,44.88,44.972,897.479,4h,uploaded_csv,BTCDOM_INDEX_PROXY,False,True
2025-11-14 08:00:00+00:00,44.969,45.585,44.966,45.347,446.663,4h,uploaded_csv,BTCDOM_INDEX_PROXY,False,True
2025-11-14 12:00:00+00:00,45.352,45.76,44.735,44.924,984.196,4h,uploaded_csv,BTCDOM_INDEX_PROXY,False,True
2025-11-14 16:00:00+00:00,44.925,44.951,44.254,44.349,365.346,4h,uploaded_csv,BTCDOM_INDEX_PROXY,False,True
2025-11-14 20:00:00+00:00,44.349,45.134,44.28,44.998,399.964,4h,uploaded_csv,BTCDOM_INDEX_PROXY,False,True
2025-11-15 00:00:00+00:00,45.001,45.045,44.629,44.856,265.546,4h,uploaded_csv,BTCDOM_INDEX_PROXY,False,True
2025-11-15 04:00:00+00:00,44.856,44.905,44.673,44.807,131.443,4h,uploaded_csv,BTCDOM_INDEX_PROXY,False,True
2025-11-15 08:00:00+00:00,44.807,45.133,44.803,45.01,219.436,4h,uploaded_csv,BTCDOM_INDEX_PROXY,False,True
2025-11-15 12:00:00+00:00,45.0,45.022,44.699,44.861,148.508,4h,uploaded_csv,BTCDOM_INDEX_PROXY,False,True
2025-11-15 16:00:00+00:00,44.857,44.955,44.479,44.657,128.469,4h,uploaded_csv,BTCDOM_INDEX_PROXY,False,True
2025-11-15 20:00:00+00:00,44.657,44.894,44.585,44.847,112.323,4h,uploaded_csv,BTCDOM_INDEX_PROXY,False,True
2025-11-16 00:00:00+00:00,44.847,45.114,44.523,44.57,172.325,4h,uploaded_csv,BTCDOM_INDEX_PROXY,False,True
2025-11-16 04:00:00+00:00,44.57,44.699,44.407,44.42,103.24,4h,uploaded_csv,BTCDOM_INDEX_PROXY,False,True
2025-11-16 08:00:00+00:00,44.414,44.923,44.3,44.881,399.857,4h,uploaded_csv,BTCDOM_INDEX_PROXY,False,True
2025-11-16 12:00:00+00:00,44.872,45.209,44.792,45.202,381.615,4h,uploaded_csv,BTCDOM_INDEX_PROXY,False,True
2025-11-16 16:00:00+00:00,45.195,45.875,45.037,45.086,1177.18,4h,uploaded_csv,BTCDOM_INDEX_PROXY,False,True
2025-11-16 20:00:00+00:00,45.079,45.532,44.939,45.089,492.212,4h,uploaded_csv,BTCDOM_INDEX_PROXY,False,True
2025-11-17 00:00:00+00:00,45.098,45.241,44.628,44.716,469.145,4h,uploaded_csv,BTCDOM_INDEX_PROXY,False,True
2025-11-17 04:00:00+00:00,44.714,44.735,44.404,44.598,258.964,4h,uploaded_csv,BTCDOM_INDEX_PROXY,False,True
2025-11-17 08:00:00+00:00,44.595,44.679,44.381,44.442,408.292,4h,uploaded_csv,BTCDOM_INDEX_PROXY,False,True
2025-11-17 12:00:00+00:00,44.443,45.072,44.424,44.861,771.179,4h,uploaded_csv,BTCDOM_INDEX_PROXY,False,True
2025-11-17 16:00:00+00:00,44.861,45.614,44.79,45.512,700.331,4h,uploaded_csv,BTCDOM_INDEX_PROXY,False,True
2025-11-17 20:00:00+00:00,45.516,45.706,45.102,45.168,806.768,4h,uploaded_csv,BTCDOM_INDEX_PROXY,False,True
2025-11-18 00:00:00+00:00,45.147,45.36,44.342,44.41,780.823,4h,uploaded_csv,BTCDOM_INDEX_PROXY,False,True
2025-11-18 04:00:00+00:00,44.408,44.52,43.918,44.125,824.515,4h,uploaded_csv,BTCDOM_INDEX_PROXY,False,True
2025-11-18 08:00:00+00:00,44.13,44.286,44.01,44.25,509.682,4h,uploaded_csv,BTCDOM_INDEX_PROXY,False,True
2025-11-18 12:00:00+00:00,44.251,44.463,44.11,44.304,592.476,4h,uploaded_csv,BTCDOM_INDEX_PROXY,False,True
2025-11-18 16:00:00+00:00,44.302,44.318,43.85,43.928,340.431,4h,uploaded_csv,BTCDOM_INDEX_PROXY,False,True
2025-11-18 20:00:00+00:00,43.928,44.149,43.78,44.078,170.468,4h,uploaded_csv,BTCDOM_INDEX_PROXY,False,True
2025-11-19 00:00:00+00:00,44.079,44.185,43.887,44.179,165.284,4h,uploaded_csv,BTCDOM_INDEX_PROXY,False,True
2025-11-19 04:00:00+00:00,44.178,44.443,44.087,44.117,234.497,4h,uploaded_csv,BTCDOM_INDEX_PROXY,False,True
2025-11-19 08:00:00+00:00,44.116,44.259,43.953,44.158,338.355,4h,uploaded_csv,BTCDOM_INDEX_PROXY,False,True
2025-11-19 12:00:00+00:00,44.152,44.917,44.04,44.803,511.905,4h,uploaded_csv,BTCDOM_INDEX_PROXY,False,True
2025-11-19 16:00:00+00:00,44.796,45.592,44.674,45.45,898.946,4h,uploaded_csv,BTCDOM_INDEX_PROXY,False,True
2025-11-19 20:00:00+00:00,45.449,45.485,44.794,44.969,581.5,4h,uploaded_csv,BTCDOM_INDEX_PROXY,False,True
2025-11-20 00:00:00+00:00,44.97,45.142,44.814,44.906,317.801,4h,uploaded_csv,BTCDOM_INDEX_PROXY,False,True
2025-11-20 04:00:00+00:00,44.902,45.061,44.707,44.768,183.584,4h,uploaded_csv,BTCDOM_INDEX_PROXY,False,True
2025-11-20 08:00:00+00:00,44.768,45.078,44.75,44.897,322.247,4h,uploaded_csv,BTCDOM_INDEX_PROXY,False,True
2025-11-20 12:00:00+00:00,44.899,44.95,44.566,44.737,522.725,4h,uploaded_csv,BTCDOM_INDEX_PROXY,False,True
2025-11-20 16:00:00+00:00,44.715,45.271,44.654,44.725,861.539,4h,uploaded_csv,BTCDOM_INDEX_PROXY,False,True
2025-11-20 20:00:00+00:00,44.736,44.898,44.514,44.814,295.69,4h,uploaded_csv,BTCDOM_INDEX_PROXY,False,True
2025-11-21 00:00:00+00:00,44.814,44.976,44.511,44.774,490.186,4h,uploaded_csv,BTCDOM_INDEX_PROXY,False,True
2025-11-21 04:00:00+00:00,44.775,45.624,44.697,45.332,822.712,4h,uploaded_csv,BTCDOM_INDEX_PROXY,False,True
2025-11-21 08:00:00+00:00,45.328,45.373,44.818,45.258,813.701,4h,uploaded_csv,BTCDOM_INDEX_PROXY,False,True
2025-11-21 12:00:00+00:00,45.258,45.534,44.963,45.203,1006.079,4h,uploaded_csv,BTCDOM_INDEX_PROXY,False,True
2025-11-21 16:00:00+00:00,45.202,45.496,44.926,45.207,505.098,4h,uploaded_csv,BTCDOM_INDEX_PROXY,False,True
2025-11-21 20:00:00+00:00,45.201,45.963,45.172,45.512,414.81,4h,uploaded_csv,BTCDOM_INDEX_PROXY,False,True
2025-11-22 00:00:00+00:00,45.519,45.571,45.223,45.322,200.089,4h,uploaded_csv,BTCDOM_INDEX_PROXY,False,True
2025-11-22 04:00:00+00:00,45.33,45.703,45.251,45.376,239.495,4h,uploaded_csv,BTCDOM_INDEX_PROXY,False,True
2025-11-22 08:00:00+00:00,45.377,45.9,45.374,45.538,326.042,4h,uploaded_csv,BTCDOM_INDEX_PROXY,False,True
2025-11-22 12:00:00+00:00,45.538,45.864,45.52,45.594,219.723,4h,uploaded_csv,BTCDOM_INDEX_PROXY,False,True
2025-11-22 16:00:00+00:00,45.603,45.637,45.464,45.55,149.885,4h,uploaded_csv,BTCDOM_INDEX_PROXY,False,True
2025-11-22 20:00:00+00:00,45.571,45.671,45.2,45.366,108.414,4h,uploaded_csv,BTCDOM_INDEX_PROXY,False,True
2025-11-23 00:00:00+00:00,45.367,45.51,44.981,45.169,212.762,4h,uploaded_csv,BTCDOM_INDEX_PROXY,False,True
2025-11-23 04:00:00+00:00,45.168,45.344,44.947,45.275,169.485,4h,uploaded_csv,BTCDOM_INDEX_PROXY,False,True
2025-11-23 08:00:00+00:00,45.275,45.333,45.142,45.282,121.188,4h,uploaded_csv,BTCDOM_INDEX_PROXY,False,True
2025-11-23 12:00:00+00:00,45.284,45.327,45.075,45.172,143.565,4h,uploaded_csv,BTCDOM_INDEX_PROXY,False,True
2025-11-23 16:00:00+00:00,45.164,45.597,45.159,45.37,133.334,4h,uploaded_csv,BTCDOM_INDEX_PROXY,False,True
2025-11-23 20:00:00+00:00,45.356,45.625,45.315,45.539,112.452,4h,uploaded_csv,BTCDOM_INDEX_PROXY,False,True
2025-11-24 00:00:00+00:00,45.551,45.74,45.063,45.107,338.464,4h,uploaded_csv,BTCDOM_INDEX_PROXY,False,True
2025-11-24 04:00:00+00:00,45.106,45.347,44.9,45.332,410.36,4h,uploaded_csv,BTCDOM_INDEX_PROXY,False,True
2025-11-24 08:00:00+00:00,45.333,45.359,45.127,45.322,190.729,4h,uploaded_csv,BTCDOM_INDEX_PROXY,False,True
2025-11-24 12:00:00+00:00,45.324,45.393,44.705,44.854,514.558,4h,uploaded_csv,BTCDOM_INDEX_PROXY,False,True
2025-11-24 16:00:00+00:00,44.854,45.033,43.986,44.038,712.272,4h,uploaded_csv,BTCDOM_INDEX_PROXY,False,True
2025-11-24 20:00:00+00:00,44.053,44.368,43.81,44.173,288.534,4h,uploaded_csv,BTCDOM_INDEX_PROXY,False,True
2025-11-25 00:00:00+00:00,44.172,44.289,43.949,44.269,222.654,4h,uploaded_csv,BTCDOM_INDEX_PROXY,False,True
2025-11-25 04:00:00+00:00,44.269,44.394,44.162,44.342,197.583,4h,uploaded_csv,BTCDOM_INDEX_PROXY,False,True
2025-11-25 08:00:00+00:00,44.342,44.585,44.319,44.523,161.087,4h,uploaded_csv,BTCDOM_INDEX_PROXY,False,True
2025-11-25 12:00:00+00:00,44.52,44.574,44.184,44.47,225.553,4h,uploaded_csv,BTCDOM_INDEX_PROXY,False,True
2025-11-25 16:00:00+00:00,44.468,44.5,44.046,44.096,210.655,4h,uploaded_csv,BTCDOM_INDEX_PROXY,False,True
2025-11-25 20:00:00+00:00,44.096,44.134,43.66,43.755,180.756,4h,uploaded_csv,BTCDOM_INDEX_PROXY,False,True
2025-11-26 00:00:00+00:00,43.756,44.061,43.713,44.005,118.586,4h,uploaded_csv,BTCDOM_INDEX_PROXY,False,True
2025-11-26 04:00:00+00:00,44.005,44.113,43.919,44.091,90.252,4h,uploaded_csv,BTCDOM_INDEX_PROXY,False,True
2025-11-26 08:00:00+00:00,44.089,44.28,44.04,44.224,177.171,4h,uploaded_csv,BTCDOM_INDEX_PROXY,False,True
2025-11-26 12:00:00+00:00,44.219,44.334,44.0,44.004,275.342,4h,uploaded_csv,BTCDOM_INDEX_PROXY,False,True
2025-11-26 16:00:00+00:00,44.004,44.167,43.891,43.953,196.341,4h,uploaded_csv,BTCDOM_INDEX_PROXY,False,True
2025-11-26 20:00:00+00:00,43.963,44.37,43.959,44.321,123.039,4h,uploaded_csv,BTCDOM_INDEX_PROXY,False,True
2025-11-27 00:00:00+00:00,44.322,44.77,44.17,44.61,386.453,4h,uploaded_csv,BTCDOM_INDEX_PROXY,False,True
2025-11-27 04:00:00+00:00,44.611,44.84,44.511,44.772,150.535,4h,uploaded_csv,BTCDOM_INDEX_PROXY,False,True
2025-11-27 08:00:00+00:00,44.771,45.097,44.771,44.98,247.821,4h,uploaded_csv,BTCDOM_INDEX_PROXY,False,True
2025-11-27 12:00:00+00:00,44.983,45.2,44.702,44.744,246.387,4h,uploaded_csv,BTCDOM_INDEX_PROXY,False,True
2025-11-27 16:00:00+00:00,44.744,45.027,44.695,44.761,153.162,4h,uploaded_csv,BTCDOM_INDEX_PROXY,False,True
2025-11-27 20:00:00+00:00,44.76,45.025,44.642,44.987,120.721,4h,uploaded_csv,BTCDOM_INDEX_PROXY,False,True
2025-11-28 00:00:00+00:00,44.987,45.191,44.881,45.145,220.804,4h,uploaded_csv,BTCDOM_INDEX_PROXY,False,True
2025-11-28 04:00:00+00:00,45.146,45.25,45.042,45.092,154.27,4h,uploaded_csv,BTCDOM_INDEX_PROXY,False,True
2025-11-28 08:00:00+00:00,45.096,45.142,44.572,45.04,274.314,4h,uploaded_csv,BTCDOM_INDEX_PROXY,False,True
2025-11-28 12:00:00+00:00,45.029,45.159,44.775,44.858,173.869,4h,uploaded_csv,BTCDOM_INDEX_PROXY,False,True
2025-11-28 16:00:00+00:00,44.859,45.159,44.84,44.994,130.846,4h,uploaded_csv,BTCDOM_INDEX_PROXY,False,True
2025-11-28 20:00:00+00:00,44.992,45.072,44.901,45.004,75.402,4h,uploaded_csv,BTCDOM_INDEX_PROXY,False,True
2025-11-29 00:00:00+00:00,45.003,45.055,44.918,44.979,68.296,4h,uploaded_csv,BTCDOM_INDEX_PROXY,False,True
2025-11-29 04:00:00+00:00,44.98,45.176,44.889,45.133,114.479,4h,uploaded_csv,BTCDOM_INDEX_PROXY,False,True
2025-11-29 08:00:00+00:00,45.137,45.2,45.01,45.051,61.284,4h,uploaded_csv,BTCDOM_INDEX_PROXY,False,True
2025-11-29 12:00:00+00:00,45.053,45.244,45.02,45.189,88.003,4h,uploaded_csv,BTCDOM_INDEX_PROXY,False,True
2025-11-29 16:00:00+00:00,45.19,45.374,45.077,45.347,137.173,4h,uploaded_csv,BTCDOM_INDEX_PROXY,False,True
2025-11-29 20:00:00+00:00,45.343,45.425,45.303,45.415,65.73,4h,uploaded_csv,BTCDOM_INDEX_PROXY,False,True
2025-11-30 00:00:00+00:00,45.415,45.461,45.216,45.284,92.064,4h,uploaded_csv,BTCDOM_INDEX_PROXY,False,True
2025-11-30 04:00:00+00:00,45.284,45.483,45.262,45.323,66.557,4h,uploaded_csv,BTCDOM_INDEX_PROXY,False,True
2025-11-30 08:00:00+00:00,45.323,45.575,45.321,45.425,139.151,4h,uploaded_csv,BTCDOM_INDEX_PROXY,False,True
2025-11-30 12:00:00+00:00,45.435,45.476,44.938,45.209,402.858,4h,uploaded_csv,BTCDOM_INDEX_PROXY,False,True
2025-11-30 16:00:00+00:00,45.215,45.217,45.023,45.168,187.346,4h,uploaded_csv,BTCDOM_INDEX_PROXY,False,True
2025-11-30 20:00:00+00:00,45.168,45.473,45.127,45.466,74.679,4h,uploaded_csv,BTCDOM_INDEX_PROXY,False,True
2025-12-01 00:00:00+00:00,45.462,46.076,45.262,45.928,860.63,4h,uploaded_csv,BTCDOM_INDEX_PROXY,False,True
2025-12-01 04:00:00+00:00,45.927,45.999,45.795,45.876,202.839,4h,uploaded_csv,BTCDOM_INDEX_PROXY,False,True
2025-12-01 08:00:00+00:00,45.883,46.123,45.861,45.861,239.937,4h,uploaded_csv,BTCDOM_INDEX_PROXY,False,True
2025-12-01 12:00:00+00:00,45.86,46.25,45.642,46.069,473.764,4h,uploaded_csv,BTCDOM_INDEX_PROXY,False,True
2025-12-01 16:00:00+00:00,46.069,46.469,46.06,46.45,265.389,4h,uploaded_csv,BTCDOM_INDEX_PROXY,False,True
2025-12-01 20:00:00+00:00,46.449,46.5,46.185,46.231,354.961,4h,uploaded_csv,BTCDOM_INDEX_PROXY,False,True
2025-12-02 00:00:00+00:00,46.232,46.552,46.23,46.533,340.933,4h,uploaded_csv,BTCDOM_INDEX_PROXY,False,True
2025-12-02 04:00:00+00:00,46.533,46.659,46.405,46.524,435.779,4h,uploaded_csv,BTCDOM_INDEX_PROXY,False,True
2025-12-02 08:00:00+00:00,46.524,46.65,46.228,46.298,212.329,4h,uploaded_csv,BTCDOM_INDEX_PROXY,False,True
2025-12-02 12:00:00+00:00,46.298,46.424,45.229,45.462,607.634,4h,uploaded_csv,BTCDOM_INDEX_PROXY,False,True
2025-12-02 16:00:00+00:00,45.456,45.815,45.18,45.739,451.766,4h,uploaded_csv,BTCDOM_INDEX_PROXY,False,True
2025-12-02 20:00:00+00:00,45.738,45.845,45.608,45.687,187.361,4h,uploaded_csv,BTCDOM_INDEX_PROXY,False,True
2025-12-03 00:00:00+00:00,45.688,45.984,45.67,45.882,326.276,4h,uploaded_csv,BTCDOM_INDEX_PROXY,False,True
2025-12-03 04:00:00+00:00,45.882,45.929,45.445,45.523,303.445,4h,uploaded_csv,BTCDOM_INDEX_PROXY,False,True
2025-12-03 08:00:00+00:00,45.523,45.684,45.396,45.537,322.871,4h,uploaded_csv,BTCDOM_INDEX_PROXY,False,True
2025-12-03 12:00:00+00:00,45.538,45.563,45.16,45.23,362.028,4h,uploaded_csv,BTCDOM_INDEX_PROXY,False,True
2025-12-03 16:00:00+00:00,45.23,45.243,44.969,45.102,221.802,4h,uploaded_csv,BTCDOM_INDEX_PROXY,False,True
2025-12-03 20:00:00+00:00,45.102,45.177,44.615,44.647,404.692,4h,uploaded_csv,BTCDOM_INDEX_PROXY,False,True
2025-12-04 00:00:00+00:00,44.64,44.662,44.23,44.617,301.949,4h,uploaded_csv,BTCDOM_INDEX_PROXY,False,True
2025-12-04 04:00:00+00:00,44.619,44.799,44.511,44.799,258.378,4h,uploaded_csv,BTCDOM_INDEX_PROXY,False,True
2025-12-04 08:00:00+00:00,44.798,44.879,44.654,44.742,374.698,4h,uploaded_csv,BTCDOM_INDEX_PROXY,False,True
2025-12-04 12:00:00+00:00,44.743,44.888,44.507,44.583,301.102,4h,uploaded_csv,BTCDOM_INDEX_PROXY,False,True
2025-12-04 16:00:00+00:00,44.577,45.272,44.514,45.15,537.598,4h,uploaded_csv,BTCDOM_INDEX_PROXY,False,True
2025-12-04 20:00:00+00:00,45.149,45.245,45.081,45.081,151.947,4h,uploaded_csv,BTCDOM_INDEX_PROXY,False,True
2025-12-05 00:00:00+00:00,45.081,45.115,44.81,44.84,137.0,4h,uploaded_csv,BTCDOM_INDEX_PROXY,False,True
2025-12-05 04:00:00+00:00,44.842,45.035,44.765,44.83,140.992,4h,uploaded_csv,BTCDOM_INDEX_PROXY,False,True
2025-12-05 08:00:00+00:00,44.83,45.19,44.803,45.077,409.628,4h,uploaded_csv,BTCDOM_INDEX_PROXY,False,True
2025-12-05 12:00:00+00:00,45.076,45.135,44.691,44.815,1099.591,4h,uploaded_csv,BTCDOM_INDEX_PROXY,False,True
2025-12-05 16:00:00+00:00,44.813,45.469,44.617,45.259,508.953,4h,uploaded_csv,BTCDOM_INDEX_PROXY,False,True
2025-12-05 20:00:00+00:00,45.248,45.333,45.125,45.233,133.598,4h,uploaded_csv,BTCDOM_INDEX_PROXY,False,True
2025-12-06 00:00:00+00:00,45.228,45.309,45.142,45.187,198.283,4h,uploaded_csv,BTCDOM_INDEX_PROXY,False,True
2025-12-06 04:00:00+00:00,45.186,45.385,45.159,45.385,128.814,4h,uploaded_csv,BTCDOM_INDEX_PROXY,False,True
2025-12-06 08:00:00+00:00,45.384,45.419,45.247,45.248,144.944,4h,uploaded_csv,BTCDOM_INDEX_PROXY,False,True
2025-12-06 12:00:00+00:00,45.248,45.345,45.15,45.23,143.347,4h,uploaded_csv,BTCDOM_INDEX_PROXY,False,True
2025-12-06 16:00:00+00:00,45.236,45.284,45.002,45.247,158.585,4h,uploaded_csv,BTCDOM_INDEX_PROXY,False,True
2025-12-06 20:00:00+00:00,45.246,45.247,44.934,44.992,188.477,4h,uploaded_csv,BTCDOM_INDEX_PROXY,False,True
2025-12-07 00:00:00+00:00,44.992,45.045,44.852,44.865,122.061,4h,uploaded_csv,BTCDOM_INDEX_PROXY,False,True
2025-12-07 04:00:00+00:00,44.865,45.071,44.853,45.063,89.214,4h,uploaded_csv,BTCDOM_INDEX_PROXY,False,True
2025-12-07 08:00:00+00:00,45.063,45.133,44.993,45.038,57.963,4h,uploaded_csv,BTCDOM_INDEX_PROXY,False,True
2025-12-07 12:00:00+00:00,45.038,45.746,44.978,45.22,607.343,4h,uploaded_csv,BTCDOM_INDEX_PROXY,False,True
2025-12-07 16:00:00+00:00,45.225,45.389,44.818,44.907,218.092,4h,uploaded_csv,BTCDOM_INDEX_PROXY,False,True
2025-12-07 20:00:00+00:00,44.905,45.47,44.824,45.434,234.598,4h,uploaded_csv,BTCDOM_INDEX_PROXY,False,True
2025-12-08 00:00:00+00:00,45.434,45.491,45.098,45.112,184.575,4h,uploaded_csv,BTCDOM_INDEX_PROXY,False,True
2025-12-08 04:00:00+00:00,45.107,45.125,44.993,45.02,139.199,4h,uploaded_csv,BTCDOM_INDEX_PROXY,False,True
2025-12-08 08:00:00+00:00,45.02,45.071,44.721,45.028,185.578,4h,uploaded_csv,BTCDOM_INDEX_PROXY,False,True
2025-12-08 12:00:00+00:00,45.025,45.076,44.412,44.562,325.48,4h,uploaded_csv,BTCDOM_INDEX_PROXY,False,True
2025-12-08 16:00:00+00:00,44.562,44.782,44.393,44.618,198.865,4h,uploaded_csv,BTCDOM_INDEX_PROXY,False,True
2025-12-08 20:00:00+00:00,44.617,44.897,44.587,44.841,94.266,4h,uploaded_csv,BTCDOM_INDEX_PROXY,False,True
2025-12-09 00:00:00+00:00,44.838,44.892,44.742,44.744,86.394,4h,uploaded_csv,BTCDOM_INDEX_PROXY,False,True
2025-12-09 04:00:00+00:00,44.74,44.934,44.734,44.918,105.062,4h,uploaded_csv,BTCDOM_INDEX_PROXY,False,True
2025-12-09 08:00:00+00:00,44.919,45.0,44.838,44.862,124.257,4h,uploaded_csv,BTCDOM_INDEX_PROXY,False,True
2025-12-09 12:00:00+00:00,44.864,44.965,44.425,44.486,425.327,4h,uploaded_csv,BTCDOM_INDEX_PROXY,False,True
2025-12-09 16:00:00+00:00,44.478,44.478,43.71,44.056,717.439,4h,uploaded_csv,BTCDOM_INDEX_PROXY,False,True
2025-12-09 20:00:00+00:00,44.057,44.314,43.966,44.12,180.778,4h,uploaded_csv,BTCDOM_INDEX_PROXY,False,True
2025-12-10 00:00:00+00:00,44.121,44.269,44.026,44.23,101.0,4h,uploaded_csv,BTCDOM_INDEX_PROXY,False,True
2025-12-10 04:00:00+00:00,44.238,44.332,44.121,44.267,98.019,4h,uploaded_csv,BTCDOM_INDEX_PROXY,False,True
2025-12-10 08:00:00+00:00,44.264,44.406,44.07,44.233,158.076,4h,uploaded_csv,BTCDOM_INDEX_PROXY,False,True
2025-12-10 12:00:00+00:00,44.231,44.269,44.021,44.164,142.329,4h,uploaded_csv,BTCDOM_INDEX_PROXY,False,True
2025-12-10 16:00:00+00:00,44.161,44.192,43.688,43.933,518.79,4h,uploaded_csv,BTCDOM_INDEX_PROXY,False,True
2025-12-10 20:00:00+00:00,43.948,44.355,43.833,44.251,285.054,4h,uploaded_csv,BTCDOM_INDEX_PROXY,False,True
2025-12-11 00:00:00+00:00,44.261,44.9,44.217,44.858,442.819,4h,uploaded_csv,BTCDOM_INDEX_PROXY,False,True
2025-12-11 04:00:00+00:00,44.857,44.917,44.663,44.84,241.611,4h,uploaded_csv,BTCDOM_INDEX_PROXY,False,True
2025-12-11 08:00:00+00:00,44.84,44.954,44.792,44.919,167.653,4h,uploaded_csv,BTCDOM_INDEX_PROXY,False,True
2025-12-11 12:00:00+00:00,44.918,45.028,44.667,44.875,354.224,4h,uploaded_csv,BTCDOM_INDEX_PROXY,False,True
2025-12-11 16:00:00+00:00,44.88,44.992,44.75,44.977,234.539,4h,uploaded_csv,BTCDOM_INDEX_PROXY,False,True
2025-12-11 20:00:00+00:00,44.978,45.326,44.962,45.185,289.337,4h,uploaded_csv,BTCDOM_INDEX_PROXY,False,True
2025-12-12 00:00:00+00:00,45.184,45.266,44.892,44.994,265.967,4h,uploaded_csv,BTCDOM_INDEX_PROXY,False,True
2025-12-12 04:00:00+00:00,45.004,45.123,44.875,44.966,182.868,4h,uploaded_csv,BTCDOM_INDEX_PROXY,False,True
2025-12-12 08:00:00+00:00,44.966,45.124,44.961,45.012,71.892,4h,uploaded_csv,BTCDOM_INDEX_PROXY,False,True
2025-12-12 12:00:00+00:00,45.009,45.665,44.872,45.571,654.566,4h,uploaded_csv,BTCDOM_INDEX_PROXY,False,True
2025-12-12 16:00:00+00:00,45.589,45.835,45.468,45.692,397.304,4h,uploaded_csv,BTCDOM_INDEX_PROXY,False,True
2025-12-12 20:00:00+00:00,45.692,45.723,45.455,45.545,137.513,4h,uploaded_csv,BTCDOM_INDEX_PROXY,False,True
2025-12-13 00:00:00+00:00,45.542,45.574,45.415,45.427,94.208,4h,uploaded_csv,BTCDOM_INDEX_PROXY,False,True
2025-12-13 04:00:00+00:00,45.424,45.443,45.33,45.377,83.91,4h,uploaded_csv,BTCDOM_INDEX_PROXY,False,True
2025-12-13 08:00:00+00:00,45.366,45.373,45.053,45.083,143.815,4h,uploaded_csv,BTCDOM_INDEX_PROXY,False,True
2025-12-13 12:00:00+00:00,45.091,45.265,44.942,45.018,224.458,4h,uploaded_csv,BTCDOM_INDEX_PROXY,False,True
2025-12-13 16:00:00+00:00,45.024,45.249,44.967,45.179,96.279,4h,uploaded_csv,BTCDOM_INDEX_PROXY,False,True
2025-12-13 20:00:00+00:00,45.179,45.321,45.082,45.145,119.556,4h,uploaded_csv,BTCDOM_INDEX_PROXY,False,True
2025-12-14 00:00:00+00:00,45.143,45.199,45.034,45.084,61.662,4h,uploaded_csv,BTCDOM_INDEX_PROXY,False,True
2025-12-14 04:00:00+00:00,45.085,45.266,45.075,45.173,46.254,4h,uploaded_csv,BTCDOM_INDEX_PROXY,False,True
2025-12-14 08:00:00+00:00,45.173,45.275,45.058,45.145,107.626,4h,uploaded_csv,BTCDOM_INDEX_PROXY,False,True
2025-12-14 12:00:00+00:00,45.131,45.184,45.003,45.091,189.743,4h,uploaded_csv,BTCDOM_INDEX_PROXY,False,True
2025-12-14 16:00:00+00:00,45.088,45.135,44.836,44.901,188.493,4h,uploaded_csv,BTCDOM_INDEX_PROXY,False,True
2025-12-14 20:00:00+00:00,44.909,45.149,44.886,45.05,155.032,4h,uploaded_csv,BTCDOM_INDEX_PROXY,False,True
2025-12-15 00:00:00+00:00,45.044,45.11,44.812,44.968,132.188,4h,uploaded_csv,BTCDOM_INDEX_PROXY,False,True
2025-12-15 04:00:00+00:00,44.968,45.049,44.893,45.017,56.244,4h,uploaded_csv,BTCDOM_INDEX_PROXY,False,True
2025-12-15 08:00:00+00:00,45.015,45.033,44.695,44.789,111.183,4h,uploaded_csv,BTCDOM_INDEX_PROXY,False,True
2025-12-15 12:00:00+00:00,44.79,45.447,44.784,45.354,456.2,4h,uploaded_csv,BTCDOM_INDEX_PROXY,False,True
2025-12-15 16:00:00+00:00,45.355,45.808,45.293,45.707,617.505,4h,uploaded_csv,BTCDOM_INDEX_PROXY,False,True
2025-12-15 20:00:00+00:00,45.7,45.808,45.414,45.434,144.323,4h,uploaded_csv,BTCDOM_INDEX_PROXY,False,True
2025-12-16 00:00:00+00:00,45.434,45.612,45.325,45.556,239.093,4h,uploaded_csv,BTCDOM_INDEX_PROXY,False,True
2025-12-16 04:00:00+00:00,45.546,45.866,45.526,45.773,343.01,4h,uploaded_csv,BTCDOM_INDEX_PROXY,False,True
2025-12-16 08:00:00+00:00,45.774,45.846,45.676,45.714,230.432,4h,uploaded_csv,BTCDOM_INDEX_PROXY,False,True
2025-12-16 12:00:00+00:00,45.709,46.0,45.54,45.82,509.926,4h,uploaded_csv,BTCDOM_INDEX_PROXY,False,True
2025-12-16 16:00:00+00:00,45.818,46.098,45.791,45.944,252.062,4h,uploaded_csv,BTCDOM_INDEX_PROXY,False,True
2025-12-16 20:00:00+00:00,45.941,46.056,45.843,45.88,73.011,4h,uploaded_csv,BTCDOM_INDEX_PROXY,False,True
2025-12-17 00:00:00+00:00,45.888,45.965,45.741,45.782,117.357,4h,uploaded_csv,BTCDOM_INDEX_PROXY,False,True
2025-12-17 04:00:00+00:00,45.789,45.886,45.631,45.723,127.051,4h,uploaded_csv,BTCDOM_INDEX_PROXY,False,True
2025-12-17 08:00:00+00:00,45.724,45.999,45.708,45.969,229.003,4h,uploaded_csv,BTCDOM_INDEX_PROXY,False,True
2025-12-17 12:00:00+00:00,45.968,46.581,45.961,46.419,945.764,4h,uploaded_csv,BTCDOM_INDEX_PROXY,False,True
2025-12-17 16:00:00+00:00,46.418,47.096,46.316,46.956,1012.611,4h,uploaded_csv,BTCDOM_INDEX_PROXY,False,True
2025-12-17 20:00:00+00:00,46.958,47.125,46.77,46.925,183.173,4h,uploaded_csv,BTCDOM_INDEX_PROXY,False,True
2025-12-18 00:00:00+00:00,46.932,47.272,46.838,47.269,282.213,4h,uploaded_csv,BTCDOM_INDEX_PROXY,False,True
2025-12-18 04:00:00+00:00,47.266,47.529,47.225,47.466,296.684,4h,uploaded_csv,BTCDOM_INDEX_PROXY,False,True
2025-12-18 08:00:00+00:00,47.465,47.499,47.21,47.217,235.93,4h,uploaded_csv,BTCDOM_INDEX_PROXY,False,True
2025-12-18 12:00:00+00:00,47.219,47.267,46.571,46.63,502.074,4h,uploaded_csv,BTCDOM_INDEX_PROXY,False,True
2025-12-18 16:00:00+00:00,46.628,47.377,46.591,47.203,948.148,4h,uploaded_csv,BTCDOM_INDEX_PROXY,False,True
2025-12-18 20:00:00+00:00,47.213,47.36,47.048,47.134,172.926,4h,uploaded_csv,BTCDOM_INDEX_PROXY,False,True
2025-12-19 00:00:00+00:00,47.134,47.416,46.887,46.905,303.287,4h,uploaded_csv,BTCDOM_INDEX_PROXY,False,True
2025-12-19 04:00:00+00:00,46.906,46.971,46.627,46.854,217.246,4h,uploaded_csv,BTCDOM_INDEX_PROXY,False,True
2025-12-19 08:00:00+00:00,46.849,46.99,46.772,46.772,268.752,4h,uploaded_csv,BTCDOM_INDEX_PROXY,False,True
2025-12-19 12:00:00+00:00,46.774,46.846,46.467,46.617,347.554,4h,uploaded_csv,BTCDOM_INDEX_PROXY,False,True
2025-12-19 16:00:00+00:00,46.613,46.618,45.955,46.009,315.182,4h,uploaded_csv,BTCDOM_INDEX_PROXY,False,True
2025-12-19 20:00:00+00:00,46.008,46.28,45.935,46.18,138.502,4h,uploaded_csv,BTCDOM_INDEX_PROXY,False,True
2025-12-20 00:00:00+00:00,46.184,46.368,46.171,46.232,99.072,4h,uploaded_csv,BTCDOM_INDEX_PROXY,False,True
2025-12-20 04:00:00+00:00,46.23,46.403,46.21,46.297,67.738,4h,uploaded_csv,BTCDOM_INDEX_PROXY,False,True
2025-12-20 08:00:00+00:00,46.304,46.316,46.042,46.168,97.692,4h,uploaded_csv,BTCDOM_INDEX_PROXY,False,True
2025-12-20 12:00:00+00:00,46.166,46.325,46.068,46.233,114.001,4h,uploaded_csv,BTCDOM_INDEX_PROXY,False,True
2025-12-20 16:00:00+00:00,46.228,46.329,46.152,46.294,52.018,4h,uploaded_csv,BTCDOM_INDEX_PROXY,False,True
2025-12-20 20:00:00+00:00,46.293,46.316,46.194,46.281,72.405,4h,uploaded_csv,BTCDOM_INDEX_PROXY,False,True
2025-12-21 00:00:00+00:00,46.285,46.375,46.226,46.286,71.026,4h,uploaded_csv,BTCDOM_INDEX_PROXY,False,True
2025-12-21 04:00:00+00:00,46.286,46.359,46.266,46.313,46.974,4h,uploaded_csv,BTCDOM_INDEX_PROXY,False,True
2025-12-21 08:00:00+00:00,46.306,46.378,46.202,46.291,118.965,4h,uploaded_csv,BTCDOM_INDEX_PROXY,False,True
2025-12-21 12:00:00+00:00,46.291,46.614,46.27,46.477,314.198,4h,uploaded_csv,BTCDOM_INDEX_PROXY,False,True
2025-12-21 16:00:00+00:00,46.48,46.529,46.342,46.373,60.364,4h,uploaded_csv,BTCDOM_INDEX_PROXY,False,True
2025-12-21 20:00:00+00:00,46.373,46.503,46.25,46.329,62.083,4h,uploaded_csv,BTCDOM_INDEX_PROXY,False,True
2025-12-22 00:00:00+00:00,46.33,46.372,46.065,46.282,272.175,4h,uploaded_csv,BTCDOM_INDEX_PROXY,False,True
2025-12-22 04:00:00+00:00,46.281,46.369,46.166,46.328,65.444,4h,uploaded_csv,BTCDOM_INDEX_PROXY,False,True
2025-12-22 08:00:00+00:00,46.34,46.619,46.301,46.495,137.499,4h,uploaded_csv,BTCDOM_INDEX_PROXY,False,True
2025-12-22 12:00:00+00:00,46.506,46.594,46.235,46.258,138.471,4h,uploaded_csv,BTCDOM_INDEX_PROXY,False,True
2025-12-22 16:00:00+00:00,46.252,46.42,46.214,46.341,104.019,4h,uploaded_csv,BTCDOM_INDEX_PROXY,False,True
2025-12-22 20:00:00+00:00,46.349,46.555,46.278,46.299,83.621,4h,uploaded_csv,BTCDOM_INDEX_PROXY,False,True
2025-12-23 00:00:00+00:00,46.305,46.398,46.181,46.34,90.448,4h,uploaded_csv,BTCDOM_INDEX_PROXY,False,True
2025-12-23 04:00:00+00:00,46.34,46.425,46.302,46.415,101.026,4h,uploaded_csv,BTCDOM_INDEX_PROXY,False,True
2025-12-23 08:00:00+00:00,46.411,46.43,46.266,46.299,66.996,4h,uploaded_csv,BTCDOM_INDEX_PROXY,False,True
2025-12-23 12:00:00+00:00,46.311,46.769,46.311,46.699,238.373,4h,uploaded_csv,BTCDOM_INDEX_PROXY,False,True
2025-12-23 16:00:00+00:00,46.699,46.892,46.601,46.746,219.08,4h,uploaded_csv,BTCDOM_INDEX_PROXY,False,True
2025-12-23 20:00:00+00:00,46.741,46.748,46.409,46.461,78.566,4h,uploaded_csv,BTCDOM_INDEX_PROXY,False,True
2025-12-24 00:00:00+00:00,46.458,46.803,46.411,46.66,85.907,4h,uploaded_csv,BTCDOM_INDEX_PROXY,False,True
2025-12-24 04:00:00+00:00,46.659,46.852,46.56,46.714,74.991,4h,uploaded_csv,BTCDOM_INDEX_PROXY,False,True
2025-12-24 08:00:00+00:00,46.713,46.829,46.68,46.827,67.385,4h,uploaded_csv,BTCDOM_INDEX_PROXY,False,True
2025-12-24 12:00:00+00:00,46.826,46.88,46.67,46.692,178.869,4h,uploaded_csv,BTCDOM_INDEX_PROXY,False,True
2025-12-24 16:00:00+00:00,46.693,46.9,46.645,46.756,108.438,4h,uploaded_csv,BTCDOM_INDEX_PROXY,False,True
2025-12-24 20:00:00+00:00,46.763,46.848,46.699,46.812,58.014,4h,uploaded_csv,BTCDOM_INDEX_PROXY,False,True
2025-12-25 00:00:00+00:00,46.811,46.88,46.721,46.839,60.629,4h,uploaded_csv,BTCDOM_INDEX_PROXY,False,True
2025-12-25 04:00:00+00:00,46.839,46.888,46.806,46.857,37.941,4h,uploaded_csv,BTCDOM_INDEX_PROXY,False,True
2025-12-25 08:00:00+00:00,46.857,47.073,46.795,47.031,151.736,4h,uploaded_csv,BTCDOM_INDEX_PROXY,False,True
2025-12-25 12:00:00+00:00,47.039,47.094,46.926,46.953,150.716,4h,uploaded_csv,BTCDOM_INDEX_PROXY,False,True
2025-12-25 16:00:00+00:00,46.966,47.035,46.875,46.908,88.012,4h,uploaded_csv,BTCDOM_INDEX_PROXY,False,True
2025-12-25 20:00:00+00:00,46.905,47.34,46.831,47.315,253.427,4h,uploaded_csv,BTCDOM_INDEX_PROXY,False,True
2025-12-26 00:00:00+00:00,47.315,47.382,47.028,47.294,233.839,4h,uploaded_csv,BTCDOM_INDEX_PROXY,False,True
2025-12-26 04:00:00+00:00,47.298,47.35,47.17,47.176,79.756,4h,uploaded_csv,BTCDOM_INDEX_PROXY,False,True
2025-12-26 08:00:00+00:00,47.178,47.3,47.059,47.059,61.382,4h,uploaded_csv,BTCDOM_INDEX_PROXY,False,True
2025-12-26 12:00:00+00:00,47.063,47.279,46.975,47.052,159.148,4h,uploaded_csv,BTCDOM_INDEX_PROXY,False,True
2025-12-26 16:00:00+00:00,47.051,47.124,46.97,47.096,74.789,4h,uploaded_csv,BTCDOM_INDEX_PROXY,False,True
2025-12-26 20:00:00+00:00,47.095,47.118,46.953,47.002,62.499,4h,uploaded_csv,BTCDOM_INDEX_PROXY,False,True
2025-12-27 00:00:00+00:00,47.002,47.035,46.874,46.874,74.709,4h,uploaded_csv,BTCDOM_INDEX_PROXY,False,True
2025-12-27 04:00:00+00:00,46.873,46.959,46.847,46.888,30.965,4h,uploaded_csv,BTCDOM_INDEX_PROXY,False,True
2025-12-27 08:00:00+00:00,46.887,46.937,46.772,46.796,65.583,4h,uploaded_csv,BTCDOM_INDEX_PROXY,False,True
2025-12-27 12:00:00+00:00,46.796,46.878,46.751,46.832,68.205,4h,uploaded_csv,BTCDOM_INDEX_PROXY,False,True
2025-12-27 16:00:00+00:00,46.832,46.907,46.781,46.782,43.453,4h,uploaded_csv,BTCDOM_INDEX_PROXY,False,True
2025-12-27 20:00:00+00:00,46.782,46.782,46.467,46.542,169.627,4h,uploaded_csv,BTCDOM_INDEX_PROXY,False,True
2025-12-28 00:00:00+00:00,46.544,46.625,46.498,46.543,141.042,4h,uploaded_csv,BTCDOM_INDEX_PROXY,False,True
2025-12-28 04:00:00+00:00,46.543,46.579,46.471,46.516,32.194,4h,uploaded_csv,BTCDOM_INDEX_PROXY,False,True
2025-12-28 08:00:00+00:00,46.521,46.663,46.483,46.509,47.906,4h,uploaded_csv,BTCDOM_INDEX_PROXY,False,True
2025-12-28 12:00:00+00:00,46.51,46.567,46.34,46.372,84.297,4h,uploaded_csv,BTCDOM_INDEX_PROXY,False,True
2025-12-28 16:00:00+00:00,46.367,46.594,46.31,46.519,171.546,4h,uploaded_csv,BTCDOM_INDEX_PROXY,False,True
2025-12-28 20:00:00+00:00,46.516,46.546,46.409,46.463,60.253,4h,uploaded_csv,BTCDOM_INDEX_PROXY,False,True
2025-12-29 00:00:00+00:00,46.467,46.484,46.15,46.406,224.304,4h,uploaded_csv,BTCDOM_INDEX_PROXY,False,True
2025-12-29 04:00:00+00:00,46.407,46.624,46.336,46.526,113.659,4h,uploaded_csv,BTCDOM_INDEX_PROXY,False,True
2025-12-29 08:00:00+00:00,46.521,46.643,46.213,46.259,187.143,4h,uploaded_csv,BTCDOM_INDEX_PROXY,False,True
2025-12-29 12:00:00+00:00,46.255,46.65,46.248,46.597,202.598,4h,uploaded_csv,BTCDOM_INDEX_PROXY,False,True
2025-12-29 16:00:00+00:00,46.596,46.732,46.55,46.564,97.876,4h,uploaded_csv,BTCDOM_INDEX_PROXY,False,True
2025-12-29 20:00:00+00:00,46.564,46.614,46.45,46.476,63.168,4h,uploaded_csv,BTCDOM_INDEX_PROXY,False,True
2025-12-30 00:00:00+00:00,46.475,46.607,46.344,46.359,86.71,4h,uploaded_csv,BTCDOM_INDEX_PROXY,False,True
2025-12-30 04:00:00+00:00,46.356,46.455,46.32,46.415,129.653,4h,uploaded_csv,BTCDOM_INDEX_PROXY,False,True
2025-12-30 08:00:00+00:00,46.422,46.47,46.17,46.388,173.697,4h,uploaded_csv,BTCDOM_INDEX_PROXY,False,True
2025-12-30 12:00:00+00:00,46.388,46.73,46.36,46.73,94.633,4h,uploaded_csv,BTCDOM_INDEX_PROXY,False,True
2025-12-30 16:00:00+00:00,46.727,46.889,46.551,46.551,134.387,4h,uploaded_csv,BTCDOM_INDEX_PROXY,False,True
2025-12-30 20:00:00+00:00,46.552,46.712,46.523,46.64,67.394,4h,uploaded_csv,BTCDOM_INDEX_PROXY,False,True
2025-12-31 00:00:00+00:00,46.64,46.732,46.582,46.704,42.311,4h,uploaded_csv,BTCDOM_INDEX_PROXY,False,True
2025-12-31 04:00:00+00:00,46.704,46.719,46.602,46.637,51.629,4h,uploaded_csv,BTCDOM_INDEX_PROXY,False,True
2025-12-31 08:00:00+00:00,46.632,46.74,46.585,46.588,139.975,4h,uploaded_csv,BTCDOM_INDEX_PROXY,False,True
2025-12-31 12:00:00+00:00,46.59,46.693,46.454,46.454,150.376,4h,uploaded_csv,BTCDOM_INDEX_PROXY,False,True
2025-12-31 16:00:00+00:00,46.455,46.669,46.39,46.569,106.895,4h,uploaded_csv,BTCDOM_INDEX_PROXY,False,True
2025-12-31 20:00:00+00:00,46.57,46.664,46.519,46.529,29.637,4h,uploaded_csv,BTCDOM_INDEX_PROXY,False,True
2026-01-01 00:00:00+00:00,46.534,46.554,46.477,46.546,38.942,4h,uploaded_csv,BTCDOM_INDEX_PROXY,False,True
2026-01-01 04:00:00+00:00,46.544,46.566,46.41,46.482,49.369,4h,uploaded_csv,BTCDOM_INDEX_PROXY,False,True
2026-01-01 08:00:00+00:00,46.482,46.533,46.4,46.479,80.932,4h,uploaded_csv,BTCDOM_INDEX_PROXY,False,True
2026-01-01 12:00:00+00:00,46.478,46.548,46.356,46.39,64.118,4h,uploaded_csv,BTCDOM_INDEX_PROXY,False,True
2026-01-01 16:00:00+00:00,46.389,46.484,46.345,46.359,63.959,4h,uploaded_csv,BTCDOM_INDEX_PROXY,False,True
2026-01-01 20:00:00+00:00,46.365,46.474,46.311,46.441,66.124,4h,uploaded_csv,BTCDOM_INDEX_PROXY,False,True
2026-01-02 00:00:00+00:00,46.441,46.48,46.219,46.251,87.827,4h,uploaded_csv,BTCDOM_INDEX_PROXY,False,True
2026-01-02 04:00:00+00:00,46.257,46.374,46.184,46.355,118.69,4h,uploaded_csv,BTCDOM_INDEX_PROXY,False,True
2026-01-02 08:00:00+00:00,46.354,46.375,46.079,46.301,221.041,4h,uploaded_csv,BTCDOM_INDEX_PROXY,False,True
2026-01-02 12:00:00+00:00,46.302,46.302,45.766,45.766,376.884,4h,uploaded_csv,BTCDOM_INDEX_PROXY,False,True
2026-01-02 16:00:00+00:00,45.766,45.795,45.281,45.281,403.977,4h,uploaded_csv,BTCDOM_INDEX_PROXY,False,True
2026-01-02 20:00:00+00:00,45.281,45.325,45.07,45.159,157.247,4h,uploaded_csv,BTCDOM_INDEX_PROXY,False,True
2026-01-03 00:00:00+00:00,45.16,45.196,44.962,45.095,139.814,4h,uploaded_csv,BTCDOM_INDEX_PROXY,False,True
2026-01-03 04:00:00+00:00,45.101,45.438,45.032,45.354,124.712,4h,uploaded_csv,BTCDOM_INDEX_PROXY,False,True
2026-01-03 08:00:00+00:00,45.362,45.395,45.253,45.331,87.083,4h,uploaded_csv,BTCDOM_INDEX_PROXY,False,True
2026-01-03 12:00:00+00:00,45.336,45.403,45.295,45.344,69.754,4h,uploaded_csv,BTCDOM_INDEX_PROXY,False,True
2026-01-03 16:00:00+00:00,45.341,45.362,45.225,45.268,43.421,4h,uploaded_csv,BTCDOM_INDEX_PROXY,False,True
2026-01-03 20:00:00+00:00,45.268,45.396,45.25,45.301,39.355,4h,uploaded_csv,BTCDOM_INDEX_PROXY,False,True
2026-01-04 00:00:00+00:00,45.301,45.437,45.178,45.191,79.903,4h,uploaded_csv,BTCDOM_INDEX_PROXY,False,True
2026-01-04 04:00:00+00:00,45.195,45.338,45.167,45.338,64.886,4h,uploaded_csv,BTCDOM_INDEX_PROXY,False,True
2026-01-04 08:00:00+00:00,45.338,45.408,45.098,45.11,83.298,4h,uploaded_csv,BTCDOM_INDEX_PROXY,False,True
2026-01-04 12:00:00+00:00,45.104,45.193,44.976,45.149,123.976,4h,uploaded_csv,BTCDOM_INDEX_PROXY,False,True
2026-01-04 16:00:00+00:00,45.135,45.172,44.977,45.117,130.013,4h,uploaded_csv,BTCDOM_INDEX_PROXY,False,True
2026-01-04 20:00:00+00:00,45.114,45.144,44.943,45.144,168.609,4h,uploaded_csv,BTCDOM_INDEX_PROXY,False,True
2026-01-05 00:00:00+00:00,45.14,45.285,45.036,45.241,188.891,4h,uploaded_csv,BTCDOM_INDEX_PROXY,False,True
2026-01-05 04:00:00+00:00,45.235,45.495,45.231,45.325,148.696,4h,uploaded_csv,BTCDOM_INDEX_PROXY,False,True
2026-01-05 08:00:00+00:00,45.323,45.538,45.257,45.432,104.975,4h,uploaded_csv,BTCDOM_INDEX_PROXY,False,True
2026-01-05 12:00:00+00:00,45.434,45.755,45.422,45.595,224.176,4h,uploaded_csv,BTCDOM_INDEX_PROXY,False,True
2026-01-05 16:00:00+00:00,45.595,45.706,45.117,45.13,159.755,4h,uploaded_csv,BTCDOM_INDEX_PROXY,False,True
2026-01-05 20:00:00+00:00,45.138,45.138,44.6,44.677,279.285,4h,uploaded_csv,BTCDOM_INDEX_PROXY,False,True
2026-01-06 00:00:00+00:00,44.677,44.854,44.523,44.535,135.287,4h,uploaded_csv,BTCDOM_INDEX_PROXY,False,True
2026-01-06 04:00:00+00:00,44.535,44.643,44.378,44.565,241.887,4h,uploaded_csv,BTCDOM_INDEX_PROXY,False,True
2026-01-06 08:00:00+00:00,44.564,44.581,44.431,44.478,92.109,4h,uploaded_csv,BTCDOM_INDEX_PROXY,False,True
2026-01-06 12:00:00+00:00,44.471,44.498,43.956,44.111,373.842,4h,uploaded_csv,BTCDOM_INDEX_PROXY,False,True
2026-01-06 16:00:00+00:00,44.116,44.55,44.081,44.419,236.358,4h,uploaded_csv,BTCDOM_INDEX_PROXY,False,True
2026-01-06 20:00:00+00:00,44.419,44.429,44.068,44.154,111.995,4h,uploaded_csv,BTCDOM_INDEX_PROXY,False,True
2026-01-07 00:00:00+00:00,44.145,44.341,44.065,44.199,136.419,4h,uploaded_csv,BTCDOM_INDEX_PROXY,False,True
2026-01-07 04:00:00+00:00,44.199,44.311,44.091,44.131,82.552,4h,uploaded_csv,BTCDOM_INDEX_PROXY,False,True
2026-01-07 08:00:00+00:00,44.132,44.268,44.002,44.187,224.089,4h,uploaded_csv,BTCDOM_INDEX_PROXY,False,True
2026-01-07 12:00:00+00:00,44.188,44.667,44.188,44.578,297.002,4h,uploaded_csv,BTCDOM_INDEX_PROXY,False,True
2026-01-07 16:00:00+00:00,44.58,44.737,44.504,44.653,143.603,4h,uploaded_csv,BTCDOM_INDEX_PROXY,False,True
2026-01-07 20:00:00+00:00,44.659,44.779,44.511,44.647,114.013,4h,uploaded_csv,BTCDOM_INDEX_PROXY,False,True
2026-01-08 00:00:00+00:00,44.654,44.699,44.438,44.666,118.949,4h,uploaded_csv,BTCDOM_INDEX_PROXY,False,True
2026-01-08 04:00:00+00:00,44.663,44.938,44.561,44.85,183.949,4h,uploaded_csv,BTCDOM_INDEX_PROXY,False,True
2026-01-08 08:00:00+00:00,44.85,45.057,44.797,44.966,166.93,4h,uploaded_csv,BTCDOM_INDEX_PROXY,False,True
2026-01-08 12:00:00+00:00,44.966,45.277,44.966,45.076,214.364,4h,uploaded_csv,BTCDOM_INDEX_PROXY,False,True
2026-01-08 16:00:00+00:00,45.067,45.12,44.908,45.083,95.896,4h,uploaded_csv,BTCDOM_INDEX_PROXY,False,True
2026-01-08 20:00:00+00:00,45.076,45.186,45.001,45.177,52.353,4h,uploaded_csv,BTCDOM_INDEX_PROXY,False,True
2026-01-09 00:00:00+00:00,45.176,45.3,44.972,45.012,182.962,4h,uploaded_csv,BTCDOM_INDEX_PROXY,False,True
2026-01-09 04:00:00+00:00,45.007,45.017,44.865,44.962,46.265,4h,uploaded_csv,BTCDOM_INDEX_PROXY,False,True
2026-01-09 08:00:00+00:00,44.97,45.146,44.948,45.107,74.75,4h,uploaded_csv,BTCDOM_INDEX_PROXY,False,True
2026-01-09 12:00:00+00:00,45.107,45.241,45.034,45.128,132.682,4h,uploaded_csv,BTCDOM_INDEX_PROXY,False,True
2026-01-09 16:00:00+00:00,45.128,45.422,45.0,45.233,182.992,4h,uploaded_csv,BTCDOM_INDEX_PROXY,False,True
2026-01-09 20:00:00+00:00,45.234,45.287,45.156,45.222,153.907,4h,uploaded_csv,BTCDOM_INDEX_PROXY,False,True
2026-01-10 00:00:00+00:00,45.221,45.331,45.202,45.218,75.309,4h,uploaded_csv,BTCDOM_INDEX_PROXY,False,True
2026-01-10 04:00:00+00:00,45.221,45.3,45.119,45.182,46.497,4h,uploaded_csv,BTCDOM_INDEX_PROXY,False,True
2026-01-10 08:00:00+00:00,45.183,45.256,45.173,45.175,45.293,4h,uploaded_csv,BTCDOM_INDEX_PROXY,False,True
2026-01-10 12:00:00+00:00,45.175,45.213,45.12,45.183,62.42,4h,uploaded_csv,BTCDOM_INDEX_PROXY,False,True
2026-01-10 16:00:00+00:00,45.183,45.213,45.071,45.101,95.602,4h,uploaded_csv,BTCDOM_INDEX_PROXY,False,True
2026-01-10 20:00:00+00:00,45.098,45.294,45.097,45.182,54.729,4h,uploaded_csv,BTCDOM_INDEX_PROXY,False,True
2026-01-11 00:00:00+00:00,45.182,45.238,45.126,45.175,59.786,4h,uploaded_csv,BTCDOM_INDEX_PROXY,False,True
2026-01-11 04:00:00+00:00,45.176,45.223,45.127,45.146,29.841,4h,uploaded_csv,BTCDOM_INDEX_PROXY,False,True
2026-01-11 08:00:00+00:00,45.146,45.184,45.042,45.062,48.646,4h,uploaded_csv,BTCDOM_INDEX_PROXY,False,True
2026-01-11 12:00:00+00:00,45.061,45.118,44.933,45.081,63.2,4h,uploaded_csv,BTCDOM_INDEX_PROXY,False,True
2026-01-11 16:00:00+00:00,45.082,45.111,44.85,44.919,117.2,4h,uploaded_csv,BTCDOM_INDEX_PROXY,False,True
2026-01-11 20:00:00+00:00,44.919,45.274,44.918,45.157,72.797,4h,uploaded_csv,BTCDOM_INDEX_PROXY,False,True
2026-01-12 00:00:00+00:00,45.154,45.428,45.129,45.192,141.443,4h,uploaded_csv,BTCDOM_INDEX_PROXY,False,True
2026-01-12 04:00:00+00:00,45.187,45.414,45.15,45.351,119.147,4h,uploaded_csv,BTCDOM_INDEX_PROXY,False,True
2026-01-12 08:00:00+00:00,45.351,45.378,45.223,45.241,193.328,4h,uploaded_csv,BTCDOM_INDEX_PROXY,False,True
2026-01-12 12:00:00+00:00,45.241,45.487,45.232,45.313,100.267,4h,uploaded_csv,BTCDOM_INDEX_PROXY,False,True
2026-01-12 16:00:00+00:00,45.313,45.66,45.287,45.579,129.747,4h,uploaded_csv,BTCDOM_INDEX_PROXY,False,True
2026-01-12 20:00:00+00:00,45.578,45.7,45.544,45.667,61.513,4h,uploaded_csv,BTCDOM_INDEX_PROXY,False,True
2026-01-13 00:00:00+00:00,45.668,45.695,45.536,45.599,83.524,4h,uploaded_csv,BTCDOM_INDEX_PROXY,False,True
2026-01-13 04:00:00+00:00,45.605,45.69,45.481,45.686,73.527,4h,uploaded_csv,BTCDOM_INDEX_PROXY,False,True
2026-01-13 08:00:00+00:00,45.683,45.729,45.591,45.6,115.095,4h,uploaded_csv,BTCDOM_INDEX_PROXY,False,True
2026-01-13 12:00:00+00:00,45.604,45.69,45.39,45.608,187.952,4h,uploaded_csv,BTCDOM_INDEX_PROXY,False,True
2026-01-13 16:00:00+00:00,45.605,45.61,45.329,45.373,104.381,4h,uploaded_csv,BTCDOM_INDEX_PROXY,False,True
2026-01-13 20:00:00+00:00,45.366,45.609,44.839,45.0,384.323,4h,uploaded_csv,BTCDOM_INDEX_PROXY,False,True
2026-01-14 00:00:00+00:00,45.0,45.012,44.7,44.814,187.278,4h,uploaded_csv,BTCDOM_INDEX_PROXY,False,True
2026-01-14 04:00:00+00:00,44.815,44.95,44.7,44.935,114.11,4h,uploaded_csv,BTCDOM_INDEX_PROXY,False,True
2026-01-14 08:00:00+00:00,44.935,45.393,44.858,45.381,111.224,4h,uploaded_csv,BTCDOM_INDEX_PROXY,False,True
2026-01-14 12:00:00+00:00,45.381,45.53,45.237,45.466,127.108,4h,uploaded_csv,BTCDOM_INDEX_PROXY,False,True
2026-01-14 16:00:00+00:00,45.475,45.76,45.279,45.681,299.151,4h,uploaded_csv,BTCDOM_INDEX_PROXY,False,True
2026-01-14 20:00:00+00:00,45.68,45.831,45.615,45.63,117.872,4h,uploaded_csv,BTCDOM_INDEX_PROXY,False,True
2026-01-15 00:00:00+00:00,45.631,46.128,45.622,46.1,221.484,4h,uploaded_csv,BTCDOM_INDEX_PROXY,False,True
2026-01-15 04:00:00+00:00,46.099,46.181,45.906,45.948,184.879,4h,uploaded_csv,BTCDOM_INDEX_PROXY,False,True
2026-01-15 08:00:00+00:00,45.948,45.954,45.622,45.725,88.474,4h,uploaded_csv,BTCDOM_INDEX_PROXY,False,True
2026-01-15 12:00:00+00:00,45.724,46.156,45.517,46.143,201.857,4h,uploaded_csv,BTCDOM_INDEX_PROXY,False,True
2026-01-15 16:00:00+00:00,46.147,46.416,46.053,46.096,345.618,4h,uploaded_csv,BTCDOM_INDEX_PROXY,False,True
2026-01-15 20:00:00+00:00,46.098,46.14,45.878,45.897,73.678,4h,uploaded_csv,BTCDOM_INDEX_PROXY,False,True
2026-01-16 00:00:00+00:00,45.902,46.051,45.871,46.001,67.229,4h,uploaded_csv,BTCDOM_INDEX_PROXY,False,True
2026-01-16 04:00:00+00:00,46.001,46.122,45.877,45.933,129.51,4h,uploaded_csv,BTCDOM_INDEX_PROXY,False,True
2026-01-16 08:00:00+00:00,45.924,45.973,45.845,45.899,56.812,4h,uploaded_csv,BTCDOM_INDEX_PROXY,False,True
2026-01-16 12:00:00+00:00,45.887,46.128,45.844,46.118,122.531,4h,uploaded_csv,BTCDOM_INDEX_PROXY,False,True
2026-01-16 16:00:00+00:00,46.109,46.15,45.915,45.923,62.368,4h,uploaded_csv,BTCDOM_INDEX_PROXY,False,True
2026-01-16 20:00:00+00:00,45.918,45.974,45.809,45.88,48.332,4h,uploaded_csv,BTCDOM_INDEX_PROXY,False,True
2026-01-17 00:00:00+00:00,45.879,45.968,45.87,45.913,49.68,4h,uploaded_csv,BTCDOM_INDEX_PROXY,False,True
2026-01-17 04:00:00+00:00,45.912,45.944,45.76,45.79,42.941,4h,uploaded_csv,BTCDOM_INDEX_PROXY,False,True
2026-01-17 08:00:00+00:00,45.79,45.813,45.717,45.788,52.683,4h,uploaded_csv,BTCDOM_INDEX_PROXY,False,True
2026-01-17 12:00:00+00:00,45.792,45.826,45.461,45.505,97.026,4h,uploaded_csv,BTCDOM_INDEX_PROXY,False,True
2026-01-17 16:00:00+00:00,45.505,45.608,45.45,45.467,35.503,4h,uploaded_csv,BTCDOM_INDEX_PROXY,False,True
2026-01-17 20:00:00+00:00,45.466,45.627,45.45,45.554,33.712,4h,uploaded_csv,BTCDOM_INDEX_PROXY,False,True
2026-01-18 00:00:00+00:00,45.56,45.684,45.513,45.579,57.629,4h,uploaded_csv,BTCDOM_INDEX_PROXY,False,True
2026-01-18 04:00:00+00:00,45.579,45.678,45.561,45.674,23.301,4h,uploaded_csv,BTCDOM_INDEX_PROXY,False,True
2026-01-18 08:00:00+00:00,45.665,45.7,45.577,45.611,37.493,4h,uploaded_csv,BTCDOM_INDEX_PROXY,False,True
2026-01-18 12:00:00+00:00,45.612,45.676,45.51,45.563,147.589,4h,uploaded_csv,BTCDOM_INDEX_PROXY,False,True
2026-01-18 16:00:00+00:00,45.564,45.636,45.356,45.567,198.267,4h,uploaded_csv,BTCDOM_INDEX_PROXY,False,True
2026-01-18 20:00:00+00:00,45.562,45.869,45.474,45.828,102.627,4h,uploaded_csv,BTCDOM_INDEX_PROXY,False,True
2026-01-19 00:00:00+00:00,45.829,46.8,45.828,46.269,1185.466,4h,uploaded_csv,BTCDOM_INDEX_PROXY,False,True
2026-01-19 04:00:00+00:00,46.271,46.449,46.221,46.411,98.843,4h,uploaded_csv,BTCDOM_INDEX_PROXY,False,True
2026-01-19 08:00:00+00:00,46.406,46.449,46.275,46.38,74.321,4h,uploaded_csv,BTCDOM_INDEX_PROXY,False,True
2026-01-19 12:00:00+00:00,46.375,46.419,46.3,46.407,42.425,4h,uploaded_csv,BTCDOM_INDEX_PROXY,False,True
2026-01-19 16:00:00+00:00,46.408,46.43,46.101,46.174,60.383,4h,uploaded_csv,BTCDOM_INDEX_PROXY,False,True
2026-01-19 20:00:00+00:00,46.172,46.413,46.172,46.332,49.575,4h,uploaded_csv,BTCDOM_INDEX_PROXY,False,True
2026-01-20 00:00:00+00:00,46.331,46.41,46.261,46.291,56.412,4h,uploaded_csv,BTCDOM_INDEX_PROXY,False,True
2026-01-20 04:00:00+00:00,46.291,46.415,46.07,46.415,99.894,4h,uploaded_csv,BTCDOM_INDEX_PROXY,False,True
2026-01-20 08:00:00+00:00,46.414,46.794,46.4,46.784,186.475,4h,uploaded_csv,BTCDOM_INDEX_PROXY,False,True
2026-01-20 12:00:00+00:00,46.784,47.24,46.7,47.18,464.9,4h,uploaded_csv,BTCDOM_INDEX_PROXY,False,True
2026-01-20 16:00:00+00:00,47.18,47.345,47.123,47.188,185.919,4h,uploaded_csv,BTCDOM_INDEX_PROXY,False,True
2026-01-20 20:00:00+00:00,47.189,47.435,46.885,47.123,168.88,4h,uploaded_csv,BTCDOM_INDEX_PROXY,False,True
2026-01-21 00:00:00+00:00,47.122,47.28,46.982,47.111,79.848,4h,uploaded_csv,BTCDOM_INDEX_PROXY,False,True
2026-01-21 04:00:00+00:00,47.111,47.235,47.093,47.137,145.789,4h,uploaded_csv,BTCDOM_INDEX_PROXY,False,True
2026-01-21 08:00:00+00:00,47.136,47.33,47.136,47.313,126.113,4h,uploaded_csv,BTCDOM_INDEX_PROXY,False,True
2026-01-21 12:00:00+00:00,47.313,47.49,46.913,46.96,204.598,4h,uploaded_csv,BTCDOM_INDEX_PROXY,False,True
2026-01-21 16:00:00+00:00,46.959,47.469,46.45,46.514,300.863,4h,uploaded_csv,BTCDOM_INDEX_PROXY,False,True
2026-01-21 20:00:00+00:00,46.525,46.927,46.476,46.835,95.304,4h,uploaded_csv,BTCDOM_INDEX_PROXY,False,True
2026-01-22 00:00:00+00:00,46.835,46.847,46.637,46.755,94.78,4h,uploaded_csv,BTCDOM_INDEX_PROXY,False,True
2026-01-22 04:00:00+00:00,46.76,46.891,46.7,46.868,34.141,4h,uploaded_csv,BTCDOM_INDEX_PROXY,False,True
2026-01-22 08:00:00+00:00,46.869,47.071,46.696,47.012,101.18,4h,uploaded_csv,BTCDOM_INDEX_PROXY,False,True
2026-01-22 12:00:00+00:00,47.019,47.377,46.978,47.147,147.052,4h,uploaded_csv,BTCDOM_INDEX_PROXY,False,True
2026-01-22 16:00:00+00:00,47.145,47.286,46.995,47.239,91.302,4h,uploaded_csv,BTCDOM_INDEX_PROXY,False,True
2026-01-22 20:00:00+00:00,47.238,47.353,47.043,47.21,40.458,4h,uploaded_csv,BTCDOM_INDEX_PROXY,False,True
2026-01-23 00:00:00+00:00,47.21,47.32,47.189,47.247,41.182,4h,uploaded_csv,BTCDOM_INDEX_PROXY,False,True
2026-01-23 04:00:00+00:00,47.246,47.378,47.057,47.259,80.623,4h,uploaded_csv,BTCDOM_INDEX_PROXY,False,True
2026-01-23 08:00:00+00:00,47.249,47.4,47.168,47.191,123.119,4h,uploaded_csv,BTCDOM_INDEX_PROXY,False,True
2026-01-23 12:00:00+00:00,47.191,47.603,47.185,47.299,260.917,4h,uploaded_csv,BTCDOM_INDEX_PROXY,False,True
2026-01-23 16:00:00+00:00,47.311,47.354,47.194,47.344,111.108,4h,uploaded_csv,BTCDOM_INDEX_PROXY,False,True
2026-01-23 20:00:00+00:00,47.353,47.44,47.216,47.277,39.116,4h,uploaded_csv,BTCDOM_INDEX_PROXY,False,True
2026-01-24 00:00:00+00:00,47.277,47.348,47.2,47.284,89.104,4h,uploaded_csv,BTCDOM_INDEX_PROXY,False,True
2026-01-24 04:00:00+00:00,47.284,47.329,47.239,47.318,34.588,4h,uploaded_csv,BTCDOM_INDEX_PROXY,False,True
2026-01-24 08:00:00+00:00,47.322,47.349,47.208,47.245,117.421,4h,uploaded_csv,BTCDOM_INDEX_PROXY,False,True
2026-01-24 12:00:00+00:00,47.244,47.256,47.11,47.19,56.45,4h,uploaded_csv,BTCDOM_INDEX_PROXY,False,True
2026-01-24 16:00:00+00:00,47.197,47.24,47.132,47.24,47.581,4h,uploaded_csv,BTCDOM_INDEX_PROXY,False,True
2026-01-24 20:00:00+00:00,47.239,47.289,47.11,47.193,77.454,4h,uploaded_csv,BTCDOM_INDEX_PROXY,False,True
2026-01-25 00:00:00+00:00,47.193,47.324,47.164,47.318,50.507,4h,uploaded_csv,BTCDOM_INDEX_PROXY,False,True
2026-01-25 04:00:00+00:00,47.318,47.325,47.19,47.195,64.145,4h,uploaded_csv,BTCDOM_INDEX_PROXY,False,True
2026-01-25 08:00:00+00:00,47.194,47.195,46.987,47.093,121.918,4h,uploaded_csv,BTCDOM_INDEX_PROXY,False,True
2026-01-25 12:00:00+00:00,47.094,47.448,47.07,47.31,97.335,4h,uploaded_csv,BTCDOM_INDEX_PROXY,False,True
2026-01-25 16:00:00+00:00,47.31,48.192,47.31,48.072,639.19,4h,uploaded_csv,BTCDOM_INDEX_PROXY,False,True
2026-01-25 20:00:00+00:00,48.063,48.2,47.829,47.897,129.135,4h,uploaded_csv,BTCDOM_INDEX_PROXY,False,True
2026-01-26 00:00:00+00:00,47.899,47.957,47.338,47.633,309.596,4h,uploaded_csv,BTCDOM_INDEX_PROXY,False,True
2026-01-26 04:00:00+00:00,47.632,47.7,47.395,47.43,63.465,4h,uploaded_csv,BTCDOM_INDEX_PROXY,False,True
2026-01-26 08:00:00+00:00,47.43,47.503,47.285,47.431,138.332,4h,uploaded_csv,BTCDOM_INDEX_PROXY,False,True
2026-01-26 12:00:00+00:00,47.43,47.431,46.967,47.039,130.533,4h,uploaded_csv,BTCDOM_INDEX_PROXY,False,True
2026-01-26 16:00:00+00:00,47.04,47.155,46.867,47.086,83.674,4h,uploaded_csv,BTCDOM_INDEX_PROXY,False,True
2026-01-26 20:00:00+00:00,47.092,47.226,47.002,47.161,219.447,4h,uploaded_csv,BTCDOM_INDEX_PROXY,False,True
2026-01-27 00:00:00+00:00,47.161,47.304,47.113,47.272,150.745,4h,uploaded_csv,BTCDOM_INDEX_PROXY,False,True
2026-01-27 04:00:00+00:00,47.274,47.29,47.087,47.176,72.187,4h,uploaded_csv,BTCDOM_INDEX_PROXY,False,True
2026-01-27 08:00:00+00:00,47.18,47.255,47.145,47.189,143.8,4h,uploaded_csv,BTCDOM_INDEX_PROXY,False,True
2026-01-27 12:00:00+00:00,47.189,47.31,46.919,46.937,178.872,4h,uploaded_csv,BTCDOM_INDEX_PROXY,False,True
2026-01-27 16:00:00+00:00,46.937,46.938,46.526,46.625,206.259,4h,uploaded_csv,BTCDOM_INDEX_PROXY,False,True
2026-01-27 20:00:00+00:00,46.626,46.701,46.5,46.589,90.516,4h,uploaded_csv,BTCDOM_INDEX_PROXY,False,True
2026-01-28 00:00:00+00:00,46.588,46.834,46.523,46.76,75.359,4h,uploaded_csv,BTCDOM_INDEX_PROXY,False,True
2026-01-28 04:00:00+00:00,46.76,46.77,46.606,46.656,37.242,4h,uploaded_csv,BTCDOM_INDEX_PROXY,False,True
2026-01-28 08:00:00+00:00,46.656,46.737,46.51,46.659,69.202,4h,uploaded_csv,BTCDOM_INDEX_PROXY,False,True
2026-01-28 12:00:00+00:00,46.653,47.04,46.653,46.946,84.776,4h,uploaded_csv,BTCDOM_INDEX_PROXY,False,True
2026-01-28 16:00:00+00:00,46.954,47.153,46.759,46.764,38.945,4h,uploaded_csv,BTCDOM_INDEX_PROXY,False,True
2026-01-28 20:00:00+00:00,46.777,46.817,46.634,46.805,56.156,4h,uploaded_csv,BTCDOM_INDEX_PROXY,False,True
2026-01-29 00:00:00+00:00,46.798,46.99,46.746,46.969,84.692,4h,uploaded_csv,BTCDOM_INDEX_PROXY,False,True
2026-01-29 04:00:00+00:00,46.97,47.07,46.905,46.935,49.504,4h,uploaded_csv,BTCDOM_INDEX_PROXY,False,True
2026-01-29 08:00:00+00:00,46.936,47.16,46.881,47.133,86.268,4h,uploaded_csv,BTCDOM_INDEX_PROXY,False,True
2026-01-29 12:00:00+00:00,47.139,47.676,47.115,47.26,300.952,4h,uploaded_csv,BTCDOM_INDEX_PROXY,False,True
2026-01-29 16:00:00+00:00,47.26,47.35,46.718,47.093,234.089,4h,uploaded_csv,BTCDOM_INDEX_PROXY,False,True
2026-01-29 20:00:00+00:00,47.087,47.148,46.894,46.969,77.844,4h,uploaded_csv,BTCDOM_INDEX_PROXY,False,True
2026-01-30 00:00:00+00:00,46.961,47.25,46.6,47.241,340.287,4h,uploaded_csv,BTCDOM_INDEX_PROXY,False,True
2026-01-30 04:00:00+00:00,47.236,47.533,47.042,47.207,133.324,4h,uploaded_csv,BTCDOM_INDEX_PROXY,False,True
2026-01-30 08:00:00+00:00,47.206,47.386,47.096,47.147,80.575,4h,uploaded_csv,BTCDOM_INDEX_PROXY,False,True
2026-01-30 12:00:00+00:00,47.154,47.516,47.09,47.231,148.168,4h,uploaded_csv,BTCDOM_INDEX_PROXY,False,True
2026-01-30 16:00:00+00:00,47.225,47.958,47.202,47.672,426.835,4h,uploaded_csv,BTCDOM_INDEX_PROXY,False,True
2026-01-30 20:00:00+00:00,47.672,48.38,47.666,48.171,476.991,4h,uploaded_csv,BTCDOM_INDEX_PROXY,False,True
2026-01-31 00:00:00+00:00,48.171,48.235,48.022,48.151,159.696,4h,uploaded_csv,BTCDOM_INDEX_PROXY,False,True
2026-01-31 04:00:00+00:00,48.153,48.46,48.107,48.363,101.855,4h,uploaded_csv,BTCDOM_INDEX_PROXY,False,True
2026-01-31 08:00:00+00:00,48.363,48.887,48.324,48.624,577.612,4h,uploaded_csv,BTCDOM_INDEX_PROXY,False,True
2026-01-31 12:00:00+00:00,48.624,49.8,48.624,49.696,1198.238,4h,uploaded_csv,BTCDOM_INDEX_PROXY,False,True
2026-01-31 16:00:00+00:00,49.697,51.38,49.571,50.025,2821.178,4h,uploaded_csv,BTCDOM_INDEX_PROXY,False,True
2026-01-31 20:00:00+00:00,50.025,50.222,49.197,49.243,502.542,4h,uploaded_csv,BTCDOM_INDEX_PROXY,False,True
2026-02-01 00:00:00+00:00,49.248,49.4,48.974,49.269,200.972,4h,uploaded_csv,BTCDOM_INDEX_PROXY,False,True
2026-02-01 04:00:00+00:00,49.268,49.5,49.1,49.286,147.834,4h,uploaded_csv,BTCDOM_INDEX_PROXY,False,True
2026-02-01 08:00:00+00:00,49.285,49.916,49.273,49.63,194.733,4h,uploaded_csv,BTCDOM_INDEX_PROXY,False,True
2026-02-01 12:00:00+00:00,49.63,50.75,49.562,50.622,653.76,4h,uploaded_csv,BTCDOM_INDEX_PROXY,False,True
2026-02-01 16:00:00+00:00,50.614,50.84,50.022,50.189,364.251,4h,uploaded_csv,BTCDOM_INDEX_PROXY,False,True
2026-02-01 20:00:00+00:00,50.188,50.95,50.0,50.701,425.777,4h,uploaded_csv,BTCDOM_INDEX_PROXY,False,True
2026-02-02 00:00:00+00:00,50.701,51.505,50.256,50.761,803.151,4h,uploaded_csv,BTCDOM_INDEX_PROXY,False,True
2026-02-02 04:00:00+00:00,50.76,51.558,50.331,51.05,603.451,4h,uploaded_csv,BTCDOM_INDEX_PROXY,False,True
2026-02-02 08:00:00+00:00,51.051,51.051,50.352,50.758,283.543,4h,uploaded_csv,BTCDOM_INDEX_PROXY,False,True
2026-02-02 12:00:00+00:00,50.758,50.758,49.873,50.031,385.916,4h,uploaded_csv,BTCDOM_INDEX_PROXY,False,True
2026-02-02 16:00:00+00:00,50.034,50.4,49.957,50.337,281.859,4h,uploaded_csv,BTCDOM_INDEX_PROXY,False,True
2026-02-02 20:00:00+00:00,50.339,50.567,50.225,50.429,173.345,4h,uploaded_csv,BTCDOM_INDEX_PROXY,False,True
2026-02-03 00:00:00+00:00,50.429,50.922,50.401,50.557,289.598,4h,uploaded_csv,BTCDOM_INDEX_PROXY,False,True
2026-02-03 04:00:00+00:00,50.557,50.716,50.37,50.615,139.541,4h,uploaded_csv,BTCDOM_INDEX_PROXY,False,True
2026-02-03 08:00:00+00:00,50.614,51.1,50.569,50.956,290.713,4h,uploaded_csv,BTCDOM_INDEX_PROXY,False,True
2026-02-03 12:00:00+00:00,50.953,51.043,50.457,50.518,244.71,4h,uploaded_csv,BTCDOM_INDEX_PROXY,False,True
2026-02-03 16:00:00+00:00,50.518,51.121,49.97,50.086,497.166,4h,uploaded_csv,BTCDOM_INDEX_PROXY,False,True
2026-02-03 20:00:00+00:00,50.086,50.637,49.023,50.443,725.703,4h,uploaded_csv,BTCDOM_INDEX_PROXY,False,True
2026-02-04 00:00:00+00:00,50.443,50.55,50.111,50.167,120.383,4h,uploaded_csv,BTCDOM_INDEX_PROXY,False,True
2026-02-04 04:00:00+00:00,50.161,50.466,50.001,50.102,95.468,4h,uploaded_csv,BTCDOM_INDEX_PROXY,False,True
2026-02-04 08:00:00+00:00,50.103,50.717,50.037,50.388,187.387,4h,uploaded_csv,BTCDOM_INDEX_PROXY,False,True
2026-02-04 12:00:00+00:00,50.4,51.201,50.386,50.991,359.271,4h,uploaded_csv,BTCDOM_INDEX_PROXY,False,True
2026-02-04 16:00:00+00:00,50.99,51.558,50.355,50.381,788.562,4h,uploaded_csv,BTCDOM_INDEX_PROXY,False,True
2026-02-04 20:00:00+00:00,50.384,51.13,50.342,50.951,229.451,4h,uploaded_csv,BTCDOM_INDEX_PROXY,False,True
2026-02-05 00:00:00+00:00,50.941,51.055,50.419,50.552,266.674,4h,uploaded_csv,BTCDOM_INDEX_PROXY,False,True
2026-02-05 04:00:00+00:00,50.532,50.881,50.127,50.588,334.768,4h,uploaded_csv,BTCDOM_INDEX_PROXY,False,True
2026-02-05 08:00:00+00:00,50.588,51.387,50.423,51.047,684.303,4h,uploaded_csv,BTCDOM_INDEX_PROXY,False,True
2026-02-05 12:00:00+00:00,51.035,51.843,50.698,51.547,783.817,4h,uploaded_csv,BTCDOM_INDEX_PROXY,False,True
2026-02-05 16:00:00+00:00,51.547,51.878,51.121,51.371,562.038,4h,uploaded_csv,BTCDOM_INDEX_PROXY,False,True
2026-02-05 20:00:00+00:00,51.365,52.193,51.051,51.504,1302.932,4h,uploaded_csv,BTCDOM_INDEX_PROXY,False,True
2026-02-06 00:00:00+00:00,51.497,52.75,50.881,51.363,1993.76,4h,uploaded_csv,BTCDOM_INDEX_PROXY,False,True
2026-02-06 04:00:00+00:00,51.362,51.579,50.956,51.288,560.442,4h,uploaded_csv,BTCDOM_INDEX_PROXY,False,True
2026-02-06 08:00:00+00:00,51.288,51.796,50.882,51.355,411.195,4h,uploaded_csv,BTCDOM_INDEX_PROXY,False,True
2026-02-06 12:00:00+00:00,51.366,51.422,50.777,50.963,308.573,4h,uploaded_csv,BTCDOM_INDEX_PROXY,False,True
2026-02-06 16:00:00+00:00,50.968,51.529,50.631,51.466,334.842,4h,uploaded_csv,BTCDOM_INDEX_PROXY,False,True
2026-02-06 20:00:00+00:00,51.465,51.6,51.134,51.272,144.129,4h,uploaded_csv,BTCDOM_INDEX_PROXY,False,True
2026-02-07 00:00:00+00:00,51.271,51.498,51.084,51.256,139.537,4h,uploaded_csv,BTCDOM_INDEX_PROXY,False,True
2026-02-07 04:00:00+00:00,51.262,51.378,50.555,50.664,283.479,4h,uploaded_csv,BTCDOM_INDEX_PROXY,False,True
2026-02-07 08:00:00+00:00,50.677,51.063,50.655,50.887,154.106,4h,uploaded_csv,BTCDOM_INDEX_PROXY,False,True
2026-02-07 12:00:00+00:00,50.887,51.307,50.876,51.011,99.277,4h,uploaded_csv,BTCDOM_INDEX_PROXY,False,True
2026-02-07 16:00:00+00:00,51.016,51.174,50.169,50.382,1045.291,4h,uploaded_csv,BTCDOM_INDEX_PROXY,False,True
2026-02-07 20:00:00+00:00,50.385,50.499,50.244,50.457,83.324,4h,uploaded_csv,BTCDOM_INDEX_PROXY,False,True
2026-02-08 00:00:00+00:00,50.456,50.633,50.32,50.622,62.038,4h,uploaded_csv,BTCDOM_INDEX_PROXY,False,True
2026-02-08 04:00:00+00:00,50.616,50.992,50.593,50.948,69.055,4h,uploaded_csv,BTCDOM_INDEX_PROXY,False,True
2026-02-08 08:00:00+00:00,50.949,51.318,50.781,51.067,104.485,4h,uploaded_csv,BTCDOM_INDEX_PROXY,False,True
2026-02-08 12:00:00+00:00,51.066,51.608,50.951,51.562,102.132,4h,uploaded_csv,BTCDOM_INDEX_PROXY,False,True
2026-02-08 16:00:00+00:00,51.566,51.884,51.382,51.395,118.356,4h,uploaded_csv,BTCDOM_INDEX_PROXY,False,True
2026-02-08 20:00:00+00:00,51.395,51.698,51.355,51.385,91.322,4h,uploaded_csv,BTCDOM_INDEX_PROXY,False,True
2026-02-09 00:00:00+00:00,51.386,51.787,51.386,51.72,118.799,4h,uploaded_csv,BTCDOM_INDEX_PROXY,False,True
2026-02-09 04:00:00+00:00,51.711,52.0,51.61,51.982,189.031,4h,uploaded_csv,BTCDOM_INDEX_PROXY,False,True
2026-02-09 08:00:00+00:00,51.982,52.15,51.735,51.861,258.808,4h,uploaded_csv,BTCDOM_INDEX_PROXY,False,True
2026-02-09 12:00:00+00:00,51.869,51.87,51.241,51.276,157.946,4h,uploaded_csv,BTCDOM_INDEX_PROXY,False,True
2026-02-09 16:00:00+00:00,51.283,51.415,50.855,51.145,162.097,4h,uploaded_csv,BTCDOM_INDEX_PROXY,False,True
2026-02-09 20:00:00+00:00,51.137,51.2,50.91,51.115,76.176,4h,uploaded_csv,BTCDOM_INDEX_PROXY,False,True
2026-02-10 00:00:00+00:00,51.115,51.346,50.977,51.311,92.618,4h,uploaded_csv,BTCDOM_INDEX_PROXY,False,True
2026-02-10 04:00:00+00:00,51.311,51.832,51.135,51.709,124.651,4h,uploaded_csv,BTCDOM_INDEX_PROXY,False,True
2026-02-10 08:00:00+00:00,51.708,51.824,51.553,51.654,101.317,4h,uploaded_csv,BTCDOM_INDEX_PROXY,False,True
2026-02-10 12:00:00+00:00,51.66,52.05,51.511,52.035,133.769,4h,uploaded_csv,BTCDOM_INDEX_PROXY,False,True
2026-02-10 16:00:00+00:00,52.035,52.2,51.94,52.121,156.747,4h,uploaded_csv,BTCDOM_INDEX_PROXY,False,True
2026-02-10 20:00:00+00:00,52.111,52.176,51.793,51.819,69.418,4h,uploaded_csv,BTCDOM_INDEX_PROXY,False,True
2026-02-11 00:00:00+00:00,51.82,51.986,51.486,51.494,71.435,4h,uploaded_csv,BTCDOM_INDEX_PROXY,False,True
2026-02-11 04:00:00+00:00,51.494,52.076,51.494,52.031,123.659,4h,uploaded_csv,BTCDOM_INDEX_PROXY,False,True
2026-02-11 08:00:00+00:00,52.032,52.25,51.963,52.083,115.787,4h,uploaded_csv,BTCDOM_INDEX_PROXY,False,True
2026-02-11 12:00:00+00:00,52.083,52.247,51.776,52.156,240.086,4h,uploaded_csv,BTCDOM_INDEX_PROXY,False,True
2026-02-11 16:00:00+00:00,52.157,52.296,51.84,52.219,159.43,4h,uploaded_csv,BTCDOM_INDEX_PROXY,False,True
2026-02-11 20:00:00+00:00,52.218,52.288,51.955,52.07,76.379,4h,uploaded_csv,BTCDOM_INDEX_PROXY,False,True
2026-02-12 00:00:00+00:00,52.079,52.095,51.823,51.863,72.257,4h,uploaded_csv,BTCDOM_INDEX_PROXY,False,True
2026-02-12 04:00:00+00:00,51.859,51.869,51.302,51.446,95.924,4h,uploaded_csv,BTCDOM_INDEX_PROXY,False,True
2026-02-12 08:00:00+00:00,51.469,51.656,51.334,51.647,115.697,4h,uploaded_csv,BTCDOM_INDEX_PROXY,False,True
2026-02-12 12:00:00+00:00,51.635,51.895,51.57,51.865,94.216,4h,uploaded_csv,BTCDOM_INDEX_PROXY,False,True
2026-02-12 16:00:00+00:00,51.87,52.05,51.121,51.365,143.879,4h,uploaded_csv,BTCDOM_INDEX_PROXY,False,True
2026-02-12 20:00:00+00:00,51.362,51.508,51.202,51.217,56.49,4h,uploaded_csv,BTCDOM_INDEX_PROXY,False,True
2026-02-13 00:00:00+00:00,51.218,51.592,51.182,51.481,138.014,4h,uploaded_csv,BTCDOM_INDEX_PROXY,False,True
2026-02-13 04:00:00+00:00,51.482,51.818,51.412,51.599,60.512,4h,uploaded_csv,BTCDOM_INDEX_PROXY,False,True
2026-02-13 08:00:00+00:00,51.598,51.788,51.4,51.776,68.026,4h,uploaded_csv,BTCDOM_INDEX_PROXY,False,True
2026-02-13 12:00:00+00:00,51.775,51.872,51.383,51.425,171.082,4h,uploaded_csv,BTCDOM_INDEX_PROXY,False,True
2026-02-13 16:00:00+00:00,51.438,51.484,51.054,51.055,124.928,4h,uploaded_csv,BTCDOM_INDEX_PROXY,False,True
2026-02-13 20:00:00+00:00,51.055,51.196,50.92,51.096,106.077,4h,uploaded_csv,BTCDOM_INDEX_PROXY,False,True
2026-02-14 00:00:00+00:00,51.096,51.129,50.841,50.932,106.503,4h,uploaded_csv,BTCDOM_INDEX_PROXY,False,True
2026-02-14 04:00:00+00:00,50.935,51.066,50.854,51.021,104.208,4h,uploaded_csv,BTCDOM_INDEX_PROXY,False,True
2026-02-14 08:00:00+00:00,51.022,51.082,50.7,50.864,142.843,4h,uploaded_csv,BTCDOM_INDEX_PROXY,False,True
2026-02-14 12:00:00+00:00,50.865,50.912,50.316,50.41,182.106,4h,uploaded_csv,BTCDOM_INDEX_PROXY,False,True
2026-02-14 16:00:00+00:00,50.41,50.494,50.096,50.119,172.622,4h,uploaded_csv,BTCDOM_INDEX_PROXY,False,True
2026-02-14 20:00:00+00:00,50.118,50.324,50.007,50.028,148.491,4h,uploaded_csv,BTCDOM_INDEX_PROXY,False,True
2026-02-15 00:00:00+00:00,50.033,50.37,49.888,50.24,163.769,4h,uploaded_csv,BTCDOM_INDEX_PROXY,False,True
2026-02-15 04:00:00+00:00,50.24,50.279,49.753,49.785,205.842,4h,uploaded_csv,BTCDOM_INDEX_PROXY,False,True
2026-02-15 08:00:00+00:00,49.788,50.452,49.74,50.395,206.811,4h,uploaded_csv,BTCDOM_INDEX_PROXY,False,True
2026-02-15 12:00:00+00:00,50.396,50.87,50.369,50.613,430.142,4h,uploaded_csv,BTCDOM_INDEX_PROXY,False,True
2026-02-15 16:00:00+00:00,50.612,51.696,50.612,51.541,632.086,4h,uploaded_csv,BTCDOM_INDEX_PROXY,False,True
2026-02-15 20:00:00+00:00,51.54,51.684,51.335,51.382,152.443,4h,uploaded_csv,BTCDOM_INDEX_PROXY,False,True
2026-02-16 00:00:00+00:00,51.374,51.409,51.223,51.371,97.373,4h,uploaded_csv,BTCDOM_INDEX_PROXY,False,True
2026-02-16 04:00:00+00:00,51.371,51.525,51.234,51.328,70.568,4h,uploaded_csv,BTCDOM_INDEX_PROXY,False,True
2026-02-16 08:00:00+00:00,51.328,51.399,51.0,51.224,107.388,4h,uploaded_csv,BTCDOM_INDEX_PROXY,False,True
2026-02-16 12:00:00+00:00,51.225,51.342,50.894,50.904,177.206,4h,uploaded_csv,BTCDOM_INDEX_PROXY,False,True
2026-02-16 16:00:00+00:00,50.904,50.918,50.567,50.675,101.753,4h,uploaded_csv,BTCDOM_INDEX_PROXY,False,True
2026-02-16 20:00:00+00:00,50.675,50.814,50.621,50.745,43.26,4h,uploaded_csv,BTCDOM_INDEX_PROXY,False,True
2026-02-17 00:00:00+00:00,50.745,50.824,50.601,50.641,42.779,4h,uploaded_csv,BTCDOM_INDEX_PROXY,False,True
2026-02-17 04:00:00+00:00,50.641,50.817,50.559,50.71,38.439,4h,uploaded_csv,BTCDOM_INDEX_PROXY,False,True
2026-02-17 08:00:00+00:00,50.71,50.939,50.646,50.84,49.389,4h,uploaded_csv,BTCDOM_INDEX_PROXY,False,True
2026-02-17 12:00:00+00:00,50.841,50.956,50.431,50.536,104.175,4h,uploaded_csv,BTCDOM_INDEX_PROXY,False,True
2026-02-17 16:00:00+00:00,50.536,50.543,50.105,50.241,99.576,4h,uploaded_csv,BTCDOM_INDEX_PROXY,False,True
2026-02-17 20:00:00+00:00,50.239,50.282,50.068,50.178,42.478,4h,uploaded_csv,BTCDOM_INDEX_PROXY,False,True
2026-02-18 00:00:00+00:00,50.178,50.275,50.059,50.133,47.727,4h,uploaded_csv,BTCDOM_INDEX_PROXY,False,True
2026-02-18 04:00:00+00:00,50.132,50.311,50.081,50.212,34.945,4h,uploaded_csv,BTCDOM_INDEX_PROXY,False,True
2026-02-18 08:00:00+00:00,50.212,50.453,50.051,50.451,76.532,4h,uploaded_csv,BTCDOM_INDEX_PROXY,False,True
2026-02-18 12:00:00+00:00,50.446,50.615,50.314,50.457,90.471,4h,uploaded_csv,BTCDOM_INDEX_PROXY,False,True
2026-02-18 16:00:00+00:00,50.449,50.668,50.291,50.64,86.941,4h,uploaded_csv,BTCDOM_INDEX_PROXY,False,True
2026-02-18 20:00:00+00:00,50.639,50.761,50.6,50.604,55.307,4h,uploaded_csv,BTCDOM_INDEX_PROXY,False,True
2026-02-19 00:00:00+00:00,50.604,50.727,50.524,50.683,72.633,4h,uploaded_csv,BTCDOM_INDEX_PROXY,False,True
2026-02-19 04:00:00+00:00,50.683,50.801,50.566,50.666,66.259,4h,uploaded_csv,BTCDOM_INDEX_PROXY,False,True
2026-02-19 08:00:00+00:00,50.665,50.974,50.646,50.853,95.943,4h,uploaded_csv,BTCDOM_INDEX_PROXY,False,True
2026-02-19 12:00:00+00:00,50.852,51.282,50.804,51.25,158.042,4h,uploaded_csv,BTCDOM_INDEX_PROXY,False,True
2026-02-19 16:00:00+00:00,51.25,51.35,51.134,51.245,85.646,4h,uploaded_csv,BTCDOM_INDEX_PROXY,False,True
2026-02-19 20:00:00+00:00,51.245,51.311,50.988,51.036,54.133,4h,uploaded_csv,BTCDOM_INDEX_PROXY,False,True
2026-02-20 00:00:00+00:00,51.036,51.221,50.994,51.22,39.584,4h,uploaded_csv,BTCDOM_INDEX_PROXY,False,True
2026-02-20 04:00:00+00:00,51.22,51.449,51.21,51.346,70.512,4h,uploaded_csv,BTCDOM_INDEX_PROXY,False,True
2026-02-20 08:00:00+00:00,51.347,51.484,51.284,51.292,91.869,4h,uploaded_csv,BTCDOM_INDEX_PROXY,False,True
2026-02-20 12:00:00+00:00,51.292,51.462,50.822,50.862,174.626,4h,uploaded_csv,BTCDOM_INDEX_PROXY,False,True
2026-02-20 16:00:00+00:00,50.858,51.06,50.673,50.801,139.0,4h,uploaded_csv,BTCDOM_INDEX_PROXY,False,True
2026-02-20 20:00:00+00:00,50.801,51.04,50.719,50.972,101.896,4h,uploaded_csv,BTCDOM_INDEX_PROXY,False,True
2026-02-21 00:00:00+00:00,50.979,51.037,50.878,50.907,43.388,4h,uploaded_csv,BTCDOM_INDEX_PROXY,False,True
2026-02-21 04:00:00+00:00,50.908,50.971,50.868,50.935,42.865,4h,uploaded_csv,BTCDOM_INDEX_PROXY,False,True
2026-02-21 08:00:00+00:00,50.935,51.01,50.729,50.751,39.173,4h,uploaded_csv,BTCDOM_INDEX_PROXY,False,True
2026-02-21 12:00:00+00:00,50.751,50.917,50.645,50.917,82.774,4h,uploaded_csv,BTCDOM_INDEX_PROXY,False,True
2026-02-21 16:00:00+00:00,50.91,50.958,50.82,50.953,69.12,4h,uploaded_csv,BTCDOM_INDEX_PROXY,False,True
2026-02-21 20:00:00+00:00,50.957,51.049,50.793,50.92,48.023,4h,uploaded_csv,BTCDOM_INDEX_PROXY,False,True
2026-02-22 00:00:00+00:00,50.917,51.136,50.891,51.094,78.211,4h,uploaded_csv,BTCDOM_INDEX_PROXY,False,True
2026-02-22 04:00:00+00:00,51.094,51.165,50.986,51.054,55.16,4h,uploaded_csv,BTCDOM_INDEX_PROXY,False,True
2026-02-22 08:00:00+00:00,51.054,51.166,51.033,51.125,36.973,4h,uploaded_csv,BTCDOM_INDEX_PROXY,False,True
2026-02-22 12:00:00+00:00,51.135,51.494,51.131,51.444,94.785,4h,uploaded_csv,BTCDOM_INDEX_PROXY,False,True
2026-02-22 16:00:00+00:00,51.444,51.618,51.44,51.553,59.332,4h,uploaded_csv,BTCDOM_INDEX_PROXY,False,True
2026-02-22 20:00:00+00:00,51.545,51.636,51.349,51.426,52.356,4h,uploaded_csv,BTCDOM_INDEX_PROXY,False,True
2026-02-23 00:00:00+00:00,51.432,51.831,51.426,51.681,357.642,4h,uploaded_csv,BTCDOM_INDEX_PROXY,False,True
2026-02-23 04:00:00+00:00,51.683,51.78,51.484,51.666,179.74,4h,uploaded_csv,BTCDOM_INDEX_PROXY,False,True
2026-02-23 08:00:00+00:00,51.666,51.679,51.127,51.189,123.956,4h,uploaded_csv,BTCDOM_INDEX_PROXY,False,True
2026-02-23 12:00:00+00:00,51.196,51.314,50.87,51.286,129.574,4h,uploaded_csv,BTCDOM_INDEX_PROXY,False,True
2026-02-23 16:00:00+00:00,51.296,51.434,51.045,51.163,115.269,4h,uploaded_csv,BTCDOM_INDEX_PROXY,False,True
2026-02-23 20:00:00+00:00,51.163,51.538,51.052,51.474,38.48,4h,uploaded_csv,BTCDOM_INDEX_PROXY,False,True
2026-02-24 00:00:00+00:00,51.472,51.515,51.19,51.212,98.386,4h,uploaded_csv,BTCDOM_INDEX_PROXY,False,True
2026-02-24 04:00:00+00:00,51.213,51.219,50.869,51.066,190.189,4h,uploaded_csv,BTCDOM_INDEX_PROXY,False,True
2026-02-24 08:00:00+00:00,51.066,51.189,50.962,51.103,100.613,4h,uploaded_csv,BTCDOM_INDEX_PROXY,False,True
2026-02-24 12:00:00+00:00,51.103,51.436,50.994,51.291,186.87,4h,uploaded_csv,BTCDOM_INDEX_PROXY,False,True
2026-02-24 16:00:00+00:00,51.291,51.474,51.112,51.443,101.709,4h,uploaded_csv,BTCDOM_INDEX_PROXY,False,True
2026-02-24 20:00:00+00:00,51.442,51.447,51.028,51.231,49.902,4h,uploaded_csv,BTCDOM_INDEX_PROXY,False,True
2026-02-25 00:00:00+00:00,51.228,51.338,50.967,51.051,114.1,4h,uploaded_csv,BTCDOM_INDEX_PROXY,False,True
2026-02-25 04:00:00+00:00,51.052,51.25,50.888,50.892,157.103,4h,uploaded_csv,BTCDOM_INDEX_PROXY,False,True
2026-02-25 08:00:00+00:00,50.891,50.994,49.897,50.514,418.258,4h,uploaded_csv,BTCDOM_INDEX_PROXY,False,True
2026-02-25 12:00:00+00:00,50.516,50.565,49.824,49.915,303.109,4h,uploaded_csv,BTCDOM_INDEX_PROXY,False,True
2026-02-25 16:00:00+00:00,49.916,50.261,49.757,49.958,217.207,4h,uploaded_csv,BTCDOM_INDEX_PROXY,False,True
2026-02-25 20:00:00+00:00,49.958,50.066,49.278,49.83,640.753,4h,uploaded_csv,BTCDOM_INDEX_PROXY,False,True
2026-02-26 00:00:00+00:00,49.83,50.149,49.69,49.957,142.913,4h,uploaded_csv,BTCDOM_INDEX_PROXY,False,True
2026-02-26 04:00:00+00:00,49.957,50.07,49.811,49.866,87.721,4h,uploaded_csv,BTCDOM_INDEX_PROXY,False,True
2026-02-26 08:00:00+00:00,49.866,50.145,49.8,50.049,87.869,4h,uploaded_csv,BTCDOM_INDEX_PROXY,False,True
2026-02-26 12:00:00+00:00,50.042,50.109,49.701,49.944,119.378,4h,uploaded_csv,BTCDOM_INDEX_PROXY,False,True
2026-02-26 16:00:00+00:00,49.931,50.642,49.909,50.215,548.766,4h,uploaded_csv,BTCDOM_INDEX_PROXY,False,True
2026-02-26 20:00:00+00:00,50.229,50.355,50.192,50.251,45.99,4h,uploaded_csv,BTCDOM_INDEX_PROXY,False,True
2026-02-27 00:00:00+00:00,50.25,50.273,49.906,49.916,76.58,4h,uploaded_csv,BTCDOM_INDEX_PROXY,False,True
2026-02-27 04:00:00+00:00,49.912,50.21,49.841,50.134,43.408,4h,uploaded_csv,BTCDOM_INDEX_PROXY,False,True
2026-02-27 08:00:00+00:00,50.125,50.527,50.089,50.451,146.956,4h,uploaded_csv,BTCDOM_INDEX_PROXY,False,True
2026-02-27 12:00:00+00:00,50.45,50.882,50.296,50.818,289.534,4h,uploaded_csv,BTCDOM_INDEX_PROXY,False,True
2026-02-27 16:00:00+00:00,50.817,51.01,50.737,50.854,169.259,4h,uploaded_csv,BTCDOM_INDEX_PROXY,False,True
2026-02-27 20:00:00+00:00,50.853,51.2,50.821,50.968,225.572,4h,uploaded_csv,BTCDOM_INDEX_PROXY,False,True
2026-02-28 00:00:00+00:00,50.969,51.038,50.836,50.97,83.264,4h,uploaded_csv,BTCDOM_INDEX_PROXY,False,True
2026-02-28 04:00:00+00:00,50.97,51.269,50.847,51.109,298.527,4h,uploaded_csv,BTCDOM_INDEX_PROXY,False,True
2026-02-28 08:00:00+00:00,51.109,51.551,51.077,51.352,322.346,4h,uploaded_csv,BTCDOM_INDEX_PROXY,False,True
2026-02-28 12:00:00+00:00,51.351,51.393,50.98,51.129,258.396,4h,uploaded_csv,BTCDOM_INDEX_PROXY,False,True
2026-02-28 16:00:00+00:00,51.129,51.469,51.04,51.261,110.624,4h,uploaded_csv,BTCDOM_INDEX_PROXY,False,True
2026-02-28 20:00:00+00:00,51.258,51.301,50.878,51.066,124.191,4h,uploaded_csv,BTCDOM_INDEX_PROXY,False,True
2026-03-01 00:00:00+00:00,51.062,51.067,49.971,50.142,312.457,4h,uploaded_csv,BTCDOM_INDEX_PROXY,False,True
2026-03-01 04:00:00+00:00,50.135,50.447,50.058,50.343,113.918,4h,uploaded_csv,BTCDOM_INDEX_PROXY,False,True
2026-03-01 08:00:00+00:00,50.343,50.552,50.337,50.45,77.333,4h,uploaded_csv,BTCDOM_INDEX_PROXY,False,True
2026-03-01 12:00:00+00:00,50.445,50.61,50.239,50.531,233.004,4h,uploaded_csv,BTCDOM_INDEX_PROXY,False,True
2026-03-01 16:00:00+00:00,50.53,50.796,50.394,50.793,144.874,4h,uploaded_csv,BTCDOM_INDEX_PROXY,False,True
2026-03-01 20:00:00+00:00,50.792,51.151,50.681,50.824,239.98,4h,uploaded_csv,BTCDOM_INDEX_PROXY,False,True
2026-03-02 00:00:00+00:00,50.824,51.0,50.7,50.869,118.455,4h,uploaded_csv,BTCDOM_INDEX_PROXY,False,True
2026-03-02 04:00:00+00:00,50.868,51.19,50.82,51.079,130.413,4h,uploaded_csv,BTCDOM_INDEX_PROXY,False,True
2026-03-02 08:00:00+00:00,51.082,51.224,50.988,51.115,190.691,4h,uploaded_csv,BTCDOM_INDEX_PROXY,False,True
2026-03-02 12:00:00+00:00,51.116,51.139,50.6,50.986,284.458,4h,uploaded_csv,BTCDOM_INDEX_PROXY,False,True
2026-03-02 16:00:00+00:00,50.986,51.381,50.889,51.164,266.108,4h,uploaded_csv,BTCDOM_INDEX_PROXY,False,True
2026-03-02 20:00:00+00:00,51.165,51.641,51.105,51.427,141.669,4h,uploaded_csv,BTCDOM_INDEX_PROXY,False,True
2026-03-03 00:00:00+00:00,51.428,51.624,51.356,51.466,159.052,4h,uploaded_csv,BTCDOM_INDEX_PROXY,False,True
2026-03-03 04:00:00+00:00,51.461,51.683,51.412,51.664,78.077,4h,uploaded_csv,BTCDOM_INDEX_PROXY,False,True
2026-03-03 08:00:00+00:00,51.664,51.79,51.325,51.516,198.269,4h,uploaded_csv,BTCDOM_INDEX_PROXY,False,True
2026-03-03 12:00:00+00:00,51.511,51.869,51.448,51.739,311.615,4h,uploaded_csv,BTCDOM_INDEX_PROXY,False,True
2026-03-03 16:00:00+00:00,51.738,52.174,51.674,52.071,248.481,4h,uploaded_csv,BTCDOM_INDEX_PROXY,False,True
2026-03-03 20:00:00+00:00,52.072,52.199,51.815,51.885,75.771,4h,uploaded_csv,BTCDOM_INDEX_PROXY,False,True
2026-03-04 00:00:00+00:00,51.884,52.0,51.788,51.878,107.505,4h,uploaded_csv,BTCDOM_INDEX_PROXY,False,True
2026-03-04 04:00:00+00:00,51.881,52.305,51.864,52.231,209.117,4h,uploaded_csv,BTCDOM_INDEX_PROXY,False,True
2026-03-04 08:00:00+00:00,52.231,52.472,51.996,52.392,442.028,4h,uploaded_csv,BTCDOM_INDEX_PROXY,False,True
2026-03-04 12:00:00+00:00,52.392,52.622,52.019,52.044,224.015,4h,uploaded_csv,BTCDOM_INDEX_PROXY,False,True
2026-03-04 16:00:00+00:00,52.045,52.367,51.723,51.827,194.633,4h,uploaded_csv,BTCDOM_INDEX_PROXY,False,True
2026-03-04 20:00:00+00:00,51.828,52.205,51.704,52.17,94.326,4h,uploaded_csv,BTCDOM_INDEX_PROXY,False,True
2026-03-05 00:00:00+00:00,52.161,52.524,52.161,52.39,88.361,4h,uploaded_csv,BTCDOM_INDEX_PROXY,False,True
2026-03-05 04:00:00+00:00,52.39,52.417,52.202,52.313,76.925,4h,uploaded_csv,BTCDOM_INDEX_PROXY,False,True
2026-03-05 08:00:00+00:00,52.313,52.37,52.052,52.2,92.57,4h,uploaded_csv,BTCDOM_INDEX_PROXY,False,True
2026-03-05 12:00:00+00:00,52.2,52.391,52.125,52.247,83.455,4h,uploaded_csv,BTCDOM_INDEX_PROXY,False,True
2026-03-05 16:00:00+00:00,52.247,52.335,51.96,52.024,68.649,4h,uploaded_csv,BTCDOM_INDEX_PROXY,False,True
2026-03-05 20:00:00+00:00,52.019,52.221,51.877,51.994,40.727,4h,uploaded_csv,BTCDOM_INDEX_PROXY,False,True
2026-03-06 00:00:00+00:00,51.993,52.15,51.8,52.0,60.606,4h,uploaded_csv,BTCDOM_INDEX_PROXY,False,True
2026-03-06 04:00:00+00:00,52.001,52.069,51.832,52.033,80.77,4h,uploaded_csv,BTCDOM_INDEX_PROXY,False,True
2026-03-06 08:00:00+00:00,52.025,52.23,51.928,52.14,85.592,4h,uploaded_csv,BTCDOM_INDEX_PROXY,False,True
2026-03-06 12:00:00+00:00,52.139,52.417,51.939,52.333,138.211,4h,uploaded_csv,BTCDOM_INDEX_PROXY,False,True
2026-03-06 16:00:00+00:00,52.34,52.425,51.846,51.872,81.937,4h,uploaded_csv,BTCDOM_INDEX_PROXY,False,True
2026-03-06 20:00:00+00:00,51.872,52.086,51.863,51.984,44.562,4h,uploaded_csv,BTCDOM_INDEX_PROXY,False,True
2026-03-07 00:00:00+00:00,51.975,52.118,51.924,51.975,176.967,4h,uploaded_csv,BTCDOM_INDEX_PROXY,False,True
2026-03-07 04:00:00+00:00,51.982,52.083,51.716,51.744,103.645,4h,uploaded_csv,BTCDOM_INDEX_PROXY,False,True
2026-03-07 08:00:00+00:00,51.744,51.848,51.706,51.779,76.911,4h,uploaded_csv,BTCDOM_INDEX_PROXY,False,True
2026-03-07 12:00:00+00:00,51.779,51.985,51.763,51.958,79.035,4h,uploaded_csv,BTCDOM_INDEX_PROXY,False,True
2026-03-07 16:00:00+00:00,51.957,51.984,51.786,51.864,73.541,4h,uploaded_csv,BTCDOM_INDEX_PROXY,False,True
2026-03-07 20:00:00+00:00,51.852,51.896,51.71,51.72,52.117,4h,uploaded_csv,BTCDOM_INDEX_PROXY,False,True
2026-03-08 00:00:00+00:00,51.724,52.049,51.71,52.004,72.587,4h,uploaded_csv,BTCDOM_INDEX_PROXY,False,True
2026-03-08 04:00:00+00:00,52.0,52.066,51.901,51.928,70.78,4h,uploaded_csv,BTCDOM_INDEX_PROXY,False,True
2026-03-08 08:00:00+00:00,51.943,52.193,51.943,52.127,70.753,4h,uploaded_csv,BTCDOM_INDEX_PROXY,False,True
2026-03-08 12:00:00+00:00,52.127,52.295,52.099,52.232,79.107,4h,uploaded_csv,BTCDOM_INDEX_PROXY,False,True
2026-03-08 16:00:00+00:00,52.232,52.276,51.813,51.887,92.905,4h,uploaded_csv,BTCDOM_INDEX_PROXY,False,True
2026-03-08 20:00:00+00:00,51.886,51.93,51.396,51.439,130.919,4h,uploaded_csv,BTCDOM_INDEX_PROXY,False,True
2026-03-09 00:00:00+00:00,51.439,51.51,51.252,51.5,111.76,4h,uploaded_csv,BTCDOM_INDEX_PROXY,False,True
2026-03-09 04:00:00+00:00,51.5,51.817,51.295,51.817,101.045,4h,uploaded_csv,BTCDOM_INDEX_PROXY,False,True
2026-03-09 08:00:00+00:00,51.816,51.832,51.602,51.7,85.459,4h,uploaded_csv,BTCDOM_INDEX_PROXY,False,True
2026-03-09 12:00:00+00:00,51.7,52.1,51.667,51.852,118.087,4h,uploaded_csv,BTCDOM_INDEX_PROXY,False,True
2026-03-09 16:00:00+00:00,51.852,51.887,51.547,51.633,49.582,4h,uploaded_csv,BTCDOM_INDEX_PROXY,False,True
2026-03-09 20:00:00+00:00,51.637,52.045,51.58,51.926,58.815,4h,uploaded_csv,BTCDOM_INDEX_PROXY,False,True
2026-03-10 00:00:00+00:00,51.927,52.349,51.872,52.084,135.015,4h,uploaded_csv,BTCDOM_INDEX_PROXY,False,True
2026-03-10 04:00:00+00:00,52.084,52.295,52.032,52.24,136.464,4h,uploaded_csv,BTCDOM_INDEX_PROXY,False,True
2026-03-10 08:00:00+00:00,52.24,52.39,52.1,52.186,170.488,4h,uploaded_csv,BTCDOM_INDEX_PROXY,False,True
2026-03-10 12:00:00+00:00,52.173,52.299,51.958,52.025,88.441,4h,uploaded_csv,BTCDOM_INDEX_PROXY,False,True
2026-03-10 16:00:00+00:00,52.021,52.242,51.894,52.196,57.009,4h,uploaded_csv,BTCDOM_INDEX_PROXY,False,True
2026-03-10 20:00:00+00:00,52.196,52.217,51.99,52.132,32.344,4h,uploaded_csv,BTCDOM_INDEX_PROXY,False,True
2026-03-11 00:00:00+00:00,52.132,52.253,52.084,52.124,46.231,4h,uploaded_csv,BTCDOM_INDEX_PROXY,False,True
2026-03-11 04:00:00+00:00,52.123,52.386,52.097,52.367,116.626,4h,uploaded_csv,BTCDOM_INDEX_PROXY,False,True
2026-03-11 08:00:00+00:00,52.366,52.418,52.035,52.035,73.223,4h,uploaded_csv,BTCDOM_INDEX_PROXY,False,True
2026-03-11 12:00:00+00:00,52.033,52.25,51.895,52.176,100.062,4h,uploaded_csv,BTCDOM_INDEX_PROXY,False,True
2026-03-11 16:00:00+00:00,52.176,52.244,51.745,51.856,82.628,4h,uploaded_csv,BTCDOM_INDEX_PROXY,False,True
2026-03-11 20:00:00+00:00,51.853,52.007,51.815,51.941,46.015,4h,uploaded_csv,BTCDOM_INDEX_PROXY,False,True
2026-03-12 00:00:00+00:00,51.942,52.057,51.843,52.03,61.713,4h,uploaded_csv,BTCDOM_INDEX_PROXY,False,True
2026-03-12 04:00:00+00:00,52.042,52.076,51.919,51.989,61.811,4h,uploaded_csv,BTCDOM_INDEX_PROXY,False,True
2026-03-12 08:00:00+00:00,51.989,52.033,51.795,51.953,54.298,4h,uploaded_csv,BTCDOM_INDEX_PROXY,False,True
2026-03-12 12:00:00+00:00,51.952,51.953,51.583,51.876,103.664,4h,uploaded_csv,BTCDOM_INDEX_PROXY,False,True
2026-03-12 16:00:00+00:00,51.876,52.0,51.775,51.975,59.028,4h,uploaded_csv,BTCDOM_INDEX_PROXY,False,True
2026-03-12 20:00:00+00:00,51.974,52.0,51.659,51.869,46.761,4h,uploaded_csv,BTCDOM_INDEX_PROXY,False,True
2026-03-13 00:00:00+00:00,51.869,51.966,51.418,51.492,134.061,4h,uploaded_csv,BTCDOM_INDEX_PROXY,False,True
2026-03-13 04:00:00+00:00,51.492,51.932,51.434,51.907,84.645,4h,uploaded_csv,BTCDOM_INDEX_PROXY,False,True
2026-03-13 08:00:00+00:00,51.907,51.928,51.715,51.807,78.015,4h,uploaded_csv,BTCDOM_INDEX_PROXY,False,True
2026-03-13 12:00:00+00:00,51.808,51.83,51.3,51.715,154.686,4h,uploaded_csv,BTCDOM_INDEX_PROXY,False,True
2026-03-13 16:00:00+00:00,51.716,51.817,51.539,51.713,47.688,4h,uploaded_csv,BTCDOM_INDEX_PROXY,False,True
2026-03-13 20:00:00+00:00,51.714,51.769,51.601,51.725,41.374,4h,uploaded_csv,BTCDOM_INDEX_PROXY,False,True
2026-03-14 00:00:00+00:00,51.726,51.747,51.574,51.639,33.13,4h,uploaded_csv,BTCDOM_INDEX_PROXY,False,True
2026-03-14 04:00:00+00:00,51.638,51.881,51.628,51.823,47.563,4h,uploaded_csv,BTCDOM_INDEX_PROXY,False,True
2026-03-14 08:00:00+00:00,51.828,52.067,51.784,51.986,51.772,4h,uploaded_csv,BTCDOM_INDEX_PROXY,False,True
2026-03-14 12:00:00+00:00,51.989,52.018,51.851,51.855,27.854,4h,uploaded_csv,BTCDOM_INDEX_PROXY,False,True
2026-03-14 16:00:00+00:00,51.854,52.38,51.798,51.941,94.892,4h,uploaded_csv,BTCDOM_INDEX_PROXY,False,True
2026-03-14 20:00:00+00:00,51.94,51.953,51.681,51.797,45.959,4h,uploaded_csv,BTCDOM_INDEX_PROXY,False,True
2026-03-15 00:00:00+00:00,51.798,51.849,51.702,51.822,42.895,4h,uploaded_csv,BTCDOM_INDEX_PROXY,False,True
2026-03-15 04:00:00+00:00,51.822,51.891,51.706,51.771,23.975,4h,uploaded_csv,BTCDOM_INDEX_PROXY,False,True
2026-03-15 08:00:00+00:00,51.766,51.824,51.684,51.733,82.604,4h,uploaded_csv,BTCDOM_INDEX_PROXY,False,True
2026-03-15 12:00:00+00:00,51.734,51.958,51.669,51.929,54.734,4h,uploaded_csv,BTCDOM_INDEX_PROXY,False,True
2026-03-15 16:00:00+00:00,51.932,51.94,51.715,51.726,49.465,4h,uploaded_csv,BTCDOM_INDEX_PROXY,False,True
2026-03-15 20:00:00+00:00,51.727,51.764,50.984,51.224,336.522,4h,uploaded_csv,BTCDOM_INDEX_PROXY,False,True
2026-03-16 00:00:00+00:00,51.233,51.275,50.737,50.961,265.821,4h,uploaded_csv,BTCDOM_INDEX_PROXY,False,True
2026-03-16 04:00:00+00:00,50.961,50.969,50.535,50.561,225.28,4h,uploaded_csv,BTCDOM_INDEX_PROXY,False,True
2026-03-16 08:00:00+00:00,50.554,50.64,50.368,50.498,91.464,4h,uploaded_csv,BTCDOM_INDEX_PROXY,False,True
2026-03-16 12:00:00+00:00,50.499,50.691,50.122,50.265,220.821,4h,uploaded_csv,BTCDOM_INDEX_PROXY,False,True
2026-03-16 16:00:00+00:00,50.261,50.292,49.717,49.794,124.218,4h,uploaded_csv,BTCDOM_INDEX_PROXY,False,True
2026-03-16 20:00:00+00:00,49.791,51.3,49.577,49.995,339.751,4h,uploaded_csv,BTCDOM_INDEX_PROXY,False,True
2026-03-17 00:00:00+00:00,49.99,50.399,49.897,50.224,339.185,4h,uploaded_csv,BTCDOM_INDEX_PROXY,False,True
2026-03-17 04:00:00+00:00,50.221,50.36,50.05,50.097,87.781,4h,uploaded_csv,BTCDOM_INDEX_PROXY,False,True
2026-03-17 08:00:00+00:00,50.098,50.254,50.011,50.172,58.366,4h,uploaded_csv,BTCDOM_INDEX_PROXY,False,True
2026-03-17 12:00:00+00:00,50.172,50.23,49.9,50.115,104.365,4h,uploaded_csv,BTCDOM_INDEX_PROXY,False,True
2026-03-17 16:00:00+00:00,50.11,50.296,50.028,50.276,48.229,4h,uploaded_csv,BTCDOM_INDEX_PROXY,False,True
2026-03-17 20:00:00+00:00,50.277,50.33,50.035,50.043,33.012,4h,uploaded_csv,BTCDOM_INDEX_PROXY,False,True
2026-03-18 00:00:00+00:00,50.047,50.115,49.935,49.97,85.434,4h,uploaded_csv,BTCDOM_INDEX_PROXY,False,True
2026-03-18 04:00:00+00:00,49.971,50.12,49.936,49.994,66.201,4h,uploaded_csv,BTCDOM_INDEX_PROXY,False,True
2026-03-18 08:00:00+00:00,49.994,50.407,49.969,50.338,84.837,4h,uploaded_csv,BTCDOM_INDEX_PROXY,False,True
2026-03-18 12:00:00+00:00,50.339,50.899,50.322,50.848,355.839,4h,uploaded_csv,BTCDOM_INDEX_PROXY,False,True
2026-03-18 16:00:00+00:00,50.849,50.944,50.423,50.508,149.671,4h,uploaded_csv,BTCDOM_INDEX_PROXY,False,True
2026-03-18 20:00:00+00:00,50.494,50.588,50.231,50.27,64.209,4h,uploaded_csv,BTCDOM_INDEX_PROXY,False,True
2026-03-19 00:00:00+00:00,50.267,50.318,50.01,50.09,71.559,4h,uploaded_csv,BTCDOM_INDEX_PROXY,False,True
2026-03-19 04:00:00+00:00,50.089,50.241,49.939,50.089,94.784,4h,uploaded_csv,BTCDOM_INDEX_PROXY,False,True
2026-03-19 08:00:00+00:00,50.089,50.181,49.955,50.023,65.662,4h,uploaded_csv,BTCDOM_INDEX_PROXY,False,True
2026-03-19 12:00:00+00:00,50.022,50.498,49.957,50.491,92.808,4h,uploaded_csv,BTCDOM_INDEX_PROXY,False,True
2026-03-19 16:00:00+00:00,50.476,50.749,50.45,50.7,69.127,4h,uploaded_csv,BTCDOM_INDEX_PROXY,False,True
2026-03-19 20:00:00+00:00,50.71,50.735,50.402,50.426,33.517,4h,uploaded_csv,BTCDOM_INDEX_PROXY,False,True
2026-03-20 00:00:00+00:00,50.421,50.85,50.367,50.658,288.559,4h,uploaded_csv,BTCDOM_INDEX_PROXY,False,True
2026-03-20 04:00:00+00:00,50.655,50.8,50.636,50.769,82.926,4h,uploaded_csv,BTCDOM_INDEX_PROXY,False,True
2026-03-20 08:00:00+00:00,50.781,50.809,50.588,50.657,69.258,4h,uploaded_csv,BTCDOM_INDEX_PROXY,False,True
2026-03-20 12:00:00+00:00,50.654,50.674,50.385,50.398,169.237,4h,uploaded_csv,BTCDOM_INDEX_PROXY,False,True
2026-03-20 16:00:00+00:00,50.401,50.701,50.31,50.665,35.612,4h,uploaded_csv,BTCDOM_INDEX_PROXY,False,True
2026-03-20 20:00:00+00:00,50.665,50.665,50.503,50.538,32.447,4h,uploaded_csv,BTCDOM_INDEX_PROXY,False,True
2026-03-21 00:00:00+00:00,50.538,50.612,50.508,50.552,79.338,4h,uploaded_csv,BTCDOM_INDEX_PROXY,False,True
2026-03-21 04:00:00+00:00,50.542,50.607,50.51,50.601,27.454,4h,uploaded_csv,BTCDOM_INDEX_PROXY,False,True
2026-03-21 08:00:00+00:00,50.602,50.62,50.52,50.543,27.704,4h,uploaded_csv,BTCDOM_INDEX_PROXY,False,True
2026-03-21 12:00:00+00:00,50.544,50.728,50.543,50.598,17.337,4h,uploaded_csv,BTCDOM_INDEX_PROXY,False,True
2026-03-21 16:00:00+00:00,50.598,50.623,50.509,50.527,26.516,4h,uploaded_csv,BTCDOM_INDEX_PROXY,False,True
2026-03-21 20:00:00+00:00,50.533,50.824,50.392,50.732,49.953,4h,uploaded_csv,BTCDOM_INDEX_PROXY,False,True
2026-03-22 00:00:00+00:00,50.738,50.954,50.422,50.536,94.533,4h,uploaded_csv,BTCDOM_INDEX_PROXY,False,True
2026-03-22 04:00:00+00:00,50.534,50.616,50.431,50.615,76.628,4h,uploaded_csv,BTCDOM_INDEX_PROXY,False,True
2026-03-22 08:00:00+00:00,50.615,50.791,50.535,50.549,46.651,4h,uploaded_csv,BTCDOM_INDEX_PROXY,False,True
2026-03-22 12:00:00+00:00,50.549,50.811,50.516,50.733,48.033,4h,uploaded_csv,BTCDOM_INDEX_PROXY,False,True
2026-03-22 16:00:00+00:00,50.732,50.847,50.645,50.66,72.375,4h,uploaded_csv,BTCDOM_INDEX_PROXY,False,True
2026-03-22 20:00:00+00:00,50.665,50.832,50.589,50.619,63.811,4h,uploaded_csv,BTCDOM_INDEX_PROXY,False,True
2026-03-23 00:00:00+00:00,50.603,50.789,50.528,50.737,79.986,4h,uploaded_csv,BTCDOM_INDEX_PROXY,False,True
2026-03-23 04:00:00+00:00,50.738,51.194,50.722,51.173,181.93,4h,uploaded_csv,BTCDOM_INDEX_PROXY,False,True
2026-03-23 08:00:00+00:00,51.18,51.335,50.415,50.852,724.901,4h,uploaded_csv,BTCDOM_INDEX_PROXY,False,True
2026-03-23 12:00:00+00:00,50.852,51.0,50.492,50.702,156.746,4h,uploaded_csv,BTCDOM_INDEX_PROXY,False,True
2026-03-23 16:00:00+00:00,50.695,51.04,50.647,50.7,160.101,4h,uploaded_csv,BTCDOM_INDEX_PROXY,False,True
2026-03-23 20:00:00+00:00,50.697,50.855,50.629,50.811,109.073,4h,uploaded_csv,BTCDOM_INDEX_PROXY,False,True
2026-03-24 00:00:00+00:00,50.811,51.041,50.782,50.881,164.126,4h,uploaded_csv,BTCDOM_INDEX_PROXY,False,True
2026-03-24 04:00:00+00:00,50.887,50.976,50.788,50.915,89.397,4h,uploaded_csv,BTCDOM_INDEX_PROXY,False,True
2026-03-24 08:00:00+00:00,50.91,51.078,50.836,50.918,59.061,4h,uploaded_csv,BTCDOM_INDEX_PROXY,False,True
2026-03-24 12:00:00+00:00,50.919,50.937,50.644,50.672,91.528,4h,uploaded_csv,BTCDOM_INDEX_PROXY,False,True
2026-03-24 16:00:00+00:00,50.663,50.679,50.5,50.609,49.788,4h,uploaded_csv,BTCDOM_INDEX_PROXY,False,True
2026-03-24 20:00:00+00:00,50.615,50.666,50.425,50.562,52.832,4h,uploaded_csv,BTCDOM_INDEX_PROXY,False,True
2026-03-25 00:00:00+00:00,50.563,51.5,50.563,50.643,526.259,4h,uploaded_csv,BTCDOM_INDEX_PROXY,False,True
2026-03-25 04:00:00+00:00,50.641,50.732,50.6,50.622,84.0,4h,uploaded_csv,BTCDOM_INDEX_PROXY,False,True
2026-03-25 08:00:00+00:00,50.623,50.747,50.512,50.674,259.405,4h,uploaded_csv,BTCDOM_INDEX_PROXY,False,True
2026-03-25 12:00:00+00:00,50.673,50.74,50.534,50.534,286.275,4h,uploaded_csv,BTCDOM_INDEX_PROXY,False,True
2026-03-25 16:00:00+00:00,50.534,50.734,50.448,50.465,53.716,4h,uploaded_csv,BTCDOM_INDEX_PROXY,False,True
2026-03-25 20:00:00+00:00,50.453,50.747,50.43,50.731,135.82,4h,uploaded_csv,BTCDOM_INDEX_PROXY,False,True
2026-03-26 00:00:00+00:00,50.732,50.88,50.598,50.822,155.858,4h,uploaded_csv,BTCDOM_INDEX_PROXY,False,True
2026-03-26 04:00:00+00:00,50.831,50.988,50.77,50.93,112.768,4h,uploaded_csv,BTCDOM_INDEX_PROXY,False,True
2026-03-26 08:00:00+00:00,50.932,51.486,50.897,51.374,184.006,4h,uploaded_csv,BTCDOM_INDEX_PROXY,False,True
2026-03-26 12:00:00+00:00,51.373,51.418,51.2,51.293,88.449,4h,uploaded_csv,BTCDOM_INDEX_PROXY,False,True
2026-03-26 16:00:00+00:00,51.29,51.358,51.115,51.332,63.055,4h,uploaded_csv,BTCDOM_INDEX_PROXY,False,True
2026-03-26 20:00:00+00:00,51.32,51.348,51.078,51.14,67.223,4h,uploaded_csv,BTCDOM_INDEX_PROXY,False,True
2026-03-27 00:00:00+00:00,51.14,51.98,51.065,51.139,545.023,4h,uploaded_csv,BTCDOM_INDEX_PROXY,False,True
2026-03-27 04:00:00+00:00,51.139,51.247,50.924,50.934,54.22,4h,uploaded_csv,BTCDOM_INDEX_PROXY,False,True
2026-03-27 08:00:00+00:00,50.937,51.085,50.838,51.05,128.735,4h,uploaded_csv,BTCDOM_INDEX_PROXY,False,True
2026-03-27 12:00:00+00:00,51.05,51.071,50.559,50.586,122.719,4h,uploaded_csv,BTCDOM_INDEX_PROXY,False,True
2026-03-27 16:00:00+00:00,50.576,50.698,50.506,50.608,70.403,4h,uploaded_csv,BTCDOM_INDEX_PROXY,False,True
2026-03-27 20:00:00+00:00,50.609,50.869,50.564,50.865,60.523,4h,uploaded_csv,BTCDOM_INDEX_PROXY,False,True
2026-03-28 00:00:00+00:00,50.865,50.936,50.722,50.852,44.572,4h,uploaded_csv,BTCDOM_INDEX_PROXY,False,True
2026-03-28 04:00:00+00:00,50.857,50.879,50.608,50.641,37.108,4h,uploaded_csv,BTCDOM_INDEX_PROXY,False,True
2026-03-28 08:00:00+00:00,50.642,50.677,50.506,50.567,58.873,4h,uploaded_csv,BTCDOM_INDEX_PROXY,False,True
2026-03-28 12:00:00+00:00,50.57,50.697,50.461,50.557,124.188,4h,uploaded_csv,BTCDOM_INDEX_PROXY,False,True
2026-03-28 16:00:00+00:00,50.557,50.669,50.496,50.656,20.928,4h,uploaded_csv,BTCDOM_INDEX_PROXY,False,True
2026-03-28 20:00:00+00:00,50.655,50.922,50.558,50.842,67.798,4h,uploaded_csv,BTCDOM_INDEX_PROXY,False,True
2026-03-29 00:00:00+00:00,50.843,50.95,50.757,50.92,52.451,4h,uploaded_csv,BTCDOM_INDEX_PROXY,False,True
2026-03-29 04:00:00+00:00,50.916,50.99,50.802,50.84,56.646,4h,uploaded_csv,BTCDOM_INDEX_PROXY,False,True
2026-03-29 08:00:00+00:00,50.84,50.984,50.826,50.964,39.941,4h,uploaded_csv,BTCDOM_INDEX_PROXY,False,True
2026-03-29 12:00:00+00:00,50.964,51.185,50.96,51.074,98.245,4h,uploaded_csv,BTCDOM_INDEX_PROXY,False,True
2026-03-29 16:00:00+00:00,51.072,51.105,50.975,51.007,60.49,4h,uploaded_csv,BTCDOM_INDEX_PROXY,False,True
2026-03-29 20:00:00+00:00,51.007,51.14,50.816,50.843,65.25,4h,uploaded_csv,BTCDOM_INDEX_PROXY,False,True
2026-03-30 00:00:00+00:00,50.843,50.843,50.613,50.624,113.185,4h,uploaded_csv,BTCDOM_INDEX_PROXY,False,True
2026-03-30 04:00:00+00:00,50.632,50.774,50.45,50.593,101.349,4h,uploaded_csv,BTCDOM_INDEX_PROXY,False,True
2026-03-30 08:00:00+00:00,50.6,50.656,50.45,50.501,67.556,4h,uploaded_csv,BTCDOM_INDEX_PROXY,False,True
2026-03-30 12:00:00+00:00,50.501,50.634,50.484,50.504,57.355,4h,uploaded_csv,BTCDOM_INDEX_PROXY,False,True
2026-03-30 16:00:00+00:00,50.507,50.674,50.453,50.627,67.487,4h,uploaded_csv,BTCDOM_INDEX_PROXY,False,True
2026-03-30 20:00:00+00:00,50.622,50.846,50.478,50.845,36.166,4h,uploaded_csv,BTCDOM_INDEX_PROXY,False,True
2026-03-31 00:00:00+00:00,50.846,50.98,50.705,50.9,105.848,4h,uploaded_csv,BTCDOM_INDEX_PROXY,False,True
2026-03-31 04:00:00+00:00,50.9,50.937,50.8,50.841,94.358,4h,uploaded_csv,BTCDOM_INDEX_PROXY,False,True
2026-03-31 08:00:00+00:00,50.832,50.895,50.67,50.759,84.927,4h,uploaded_csv,BTCDOM_INDEX_PROXY,False,True
2026-03-31 12:00:00+00:00,50.759,50.846,50.6,50.671,97.632,4h,uploaded_csv,BTCDOM_INDEX_PROXY,False,True
2026-03-31 16:00:00+00:00,50.674,50.827,50.508,50.624,114.617,4h,uploaded_csv,BTCDOM_INDEX_PROXY,False,True
2026-03-31 20:00:00+00:00,50.622,50.942,50.599,50.801,31.714,4h,uploaded_csv,BTCDOM_INDEX_PROXY,False,True
2026-04-01 00:00:00+00:00,50.801,50.801,50.572,50.61,61.557,4h,uploaded_csv,BTCDOM_INDEX_PROXY,False,True
2026-04-01 04:00:00+00:00,50.615,50.713,50.4,50.572,174.763,4h,uploaded_csv,BTCDOM_INDEX_PROXY,False,True
2026-04-01 08:00:00+00:00,50.573,50.627,50.485,50.608,209.196,4h,uploaded_csv,BTCDOM_INDEX_PROXY,False,True
2026-04-01 12:00:00+00:00,50.608,50.73,50.432,50.723,88.593,4h,uploaded_csv,BTCDOM_INDEX_PROXY,False,True
2026-04-01 16:00:00+00:00,50.723,50.756,50.19,50.237,153.972,4h,uploaded_csv,BTCDOM_INDEX_PROXY,False,True
2026-04-01 20:00:00+00:00,50.246,50.47,50.16,50.429,86.971,4h,uploaded_csv,BTCDOM_INDEX_PROXY,False,True
2026-04-02 00:00:00+00:00,50.424,51.016,50.373,50.918,231.528,4h,uploaded_csv,BTCDOM_INDEX_PROXY,False,True
2026-04-02 04:00:00+00:00,50.917,51.137,50.889,51.09,109.797,4h,uploaded_csv,BTCDOM_INDEX_PROXY,False,True
2026-04-02 08:00:00+00:00,51.09,51.341,50.325,51.231,312.813,4h,uploaded_csv,BTCDOM_INDEX_PROXY,False,True
2026-04-02 12:00:00+00:00,51.23,51.585,51.188,51.409,120.64,4h,uploaded_csv,BTCDOM_INDEX_PROXY,False,True
2026-04-02 16:00:00+00:00,51.408,51.571,51.25,51.253,73.254,4h,uploaded_csv,BTCDOM_INDEX_PROXY,False,True
2026-04-02 20:00:00+00:00,51.25,51.299,51.073,51.194,38.418,4h,uploaded_csv,BTCDOM_INDEX_PROXY,False,True
2026-04-03 00:00:00+00:00,51.191,51.266,50.913,50.921,70.244,4h,uploaded_csv,BTCDOM_INDEX_PROXY,False,True
2026-04-03 04:00:00+00:00,50.918,51.093,50.805,51.048,100.934,4h,uploaded_csv,BTCDOM_INDEX_PROXY,False,True
2026-04-03 08:00:00+00:00,51.048,51.109,50.955,51.031,119.948,4h,uploaded_csv,BTCDOM_INDEX_PROXY,False,True
2026-04-03 12:00:00+00:00,51.03,51.1,50.884,51.017,82.519,4h,uploaded_csv,BTCDOM_INDEX_PROXY,False,True
2026-04-03 16:00:00+00:00,51.028,51.125,50.986,51.065,26.782,4h,uploaded_csv,BTCDOM_INDEX_PROXY,False,True
2026-04-03 20:00:00+00:00,51.064,51.145,50.98,51.116,39.618,4h,uploaded_csv,BTCDOM_INDEX_PROXY,False,True
2026-04-04 00:00:00+00:00,51.117,51.141,51.056,51.072,23.428,4h,uploaded_csv,BTCDOM_INDEX_PROXY,False,True
2026-04-04 04:00:00+00:00,51.072,51.157,51.02,51.139,27.998,4h,uploaded_csv,BTCDOM_INDEX_PROXY,False,True
2026-04-04 08:00:00+00:00,51.134,51.28,51.126,51.264,49.834,4h,uploaded_csv,BTCDOM_INDEX_PROXY,False,True
2026-04-04 12:00:00+00:00,51.264,51.381,51.187,51.311,45.335,4h,uploaded_csv,BTCDOM_INDEX_PROXY,False,True
2026-04-04 16:00:00+00:00,51.312,51.365,50.964,51.135,52.238,4h,uploaded_csv,BTCDOM_INDEX_PROXY,False,True
2026-04-04 20:00:00+00:00,51.135,51.167,51.075,51.115,16.572,4h,uploaded_csv,BTCDOM_INDEX_PROXY,False,True
2026-04-05 00:00:00+00:00,51.111,51.182,51.086,51.115,25.713,4h,uploaded_csv,BTCDOM_INDEX_PROXY,False,True
2026-04-05 04:00:00+00:00,51.116,51.386,51.116,51.378,35.834,4h,uploaded_csv,BTCDOM_INDEX_PROXY,False,True
2026-04-05 08:00:00+00:00,51.371,51.447,51.342,51.406,30.057,4h,uploaded_csv,BTCDOM_INDEX_PROXY,False,True
2026-04-05 12:00:00+00:00,51.406,51.653,51.399,51.589,117.366,4h,uploaded_csv,BTCDOM_INDEX_PROXY,False,True
2026-04-05 16:00:00+00:00,51.588,51.589,51.383,51.462,24.583,4h,uploaded_csv,BTCDOM_INDEX_PROXY,False,True
2026-04-05 20:00:00+00:00,51.451,51.765,51.447,51.666,109.573,4h,uploaded_csv,BTCDOM_INDEX_PROXY,False,True
2026-04-06 00:00:00+00:00,51.667,51.686,51.216,51.408,66.379,4h,uploaded_csv,BTCDOM_INDEX_PROXY,False,True
2026-04-06 04:00:00+00:00,51.409,51.45,51.246,51.272,48.563,4h,uploaded_csv,BTCDOM_INDEX_PROXY,False,True
2026-04-06 08:00:00+00:00,51.273,51.473,51.236,51.314,90.043,4h,uploaded_csv,BTCDOM_INDEX_PROXY,False,True
2026-04-06 12:00:00+00:00,51.315,51.446,51.115,51.44,236.479,4h,uploaded_csv,BTCDOM_INDEX_PROXY,False,True
2026-04-06 16:00:00+00:00,51.441,51.75,51.417,51.656,66.656,4h,uploaded_csv,BTCDOM_INDEX_PROXY,False,True
2026-04-06 20:00:00+00:00,51.648,51.9,51.601,51.855,137.477,4h,uploaded_csv,BTCDOM_INDEX_PROXY,False,True
2026-04-07 00:00:00+00:00,51.854,51.878,51.612,51.861,65.883,4h,uploaded_csv,BTCDOM_INDEX_PROXY,False,True
2026-04-07 04:00:00+00:00,51.86,51.88,51.708,51.756,129.521,4h,uploaded_csv,BTCDOM_INDEX_PROXY,False,True
2026-04-07 08:00:00+00:00,51.749,51.957,51.633,51.888,196.607,4h,uploaded_csv,BTCDOM_INDEX_PROXY,False,True
2026-04-07 12:00:00+00:00,51.907,52.294,51.842,51.935,542.683,4h,uploaded_csv,BTCDOM_INDEX_PROXY,False,True
2026-04-07 16:00:00+00:00,51.937,51.974,51.67,51.733,93.345,4h,uploaded_csv,BTCDOM_INDEX_PROXY,False,True
2026-04-07 20:00:00+00:00,51.723,51.946,51.11,51.421,398.799,4h,uploaded_csv,BTCDOM_INDEX_PROXY,False,True
2026-04-08 00:00:00+00:00,51.42,51.604,50.673,51.196,753.496,4h,uploaded_csv,BTCDOM_INDEX_PROXY,False,True
2026-04-08 04:00:00+00:00,51.196,51.358,51.134,51.197,106.143,4h,uploaded_csv,BTCDOM_INDEX_PROXY,False,True
2026-04-08 08:00:00+00:00,51.198,51.348,51.181,51.32,49.083,4h,uploaded_csv,BTCDOM_INDEX_PROXY,False,True
2026-04-08 12:00:00+00:00,51.31,51.828,51.267,51.726,101.443,4h,uploaded_csv,BTCDOM_INDEX_PROXY,False,True
2026-04-08 16:00:00+00:00,51.733,51.979,51.69,51.886,60.279,4h,uploaded_csv,BTCDOM_INDEX_PROXY,False,True
2026-04-08 20:00:00+00:00,51.877,52.2,51.841,52.152,182.628,4h,uploaded_csv,BTCDOM_INDEX_PROXY,False,True
2026-04-09 00:00:00+00:00,52.148,52.339,52.063,52.272,220.817,4h,uploaded_csv,BTCDOM_INDEX_PROXY,False,True
2026-04-09 04:00:00+00:00,52.271,52.307,52.137,52.223,156.108,4h,uploaded_csv,BTCDOM_INDEX_PROXY,False,True
2026-04-09 08:00:00+00:00,52.223,52.462,52.176,52.437,153.402,4h,uploaded_csv,BTCDOM_INDEX_PROXY,False,True
2026-04-09 12:00:00+00:00,52.431,52.478,52.251,52.309,105.856,4h,uploaded_csv,BTCDOM_INDEX_PROXY,False,True
2026-04-09 16:00:00+00:00,52.31,52.505,52.077,52.154,184.004,4h,uploaded_csv,BTCDOM_INDEX_PROXY,False,True
2026-04-09 20:00:00+00:00,52.15,52.495,52.113,52.447,111.781,4h,uploaded_csv,BTCDOM_INDEX_PROXY,False,True
2026-04-10 00:00:00+00:00,52.447,52.715,52.446,52.664,128.424,4h,uploaded_csv,BTCDOM_INDEX_PROXY,False,True
2026-04-10 04:00:00+00:00,52.663,52.716,52.524,52.537,91.353,4h,uploaded_csv,BTCDOM_INDEX_PROXY,False,True
2026-04-10 08:00:00+00:00,52.537,52.686,52.421,52.525,152.043,4h,uploaded_csv,BTCDOM_INDEX_PROXY,False,True
2026-04-10 12:00:00+00:00,52.532,52.633,52.396,52.51,212.273,4h,uploaded_csv,BTCDOM_INDEX_PROXY,False,True
2026-04-10 16:00:00+00:00,52.501,52.6,52.333,52.433,111.781,4h,uploaded_csv,BTCDOM_INDEX_PROXY,False,True
2026-04-10 20:00:00+00:00,52.433,52.6,52.405,52.518,109.145,4h,uploaded_csv,BTCDOM_INDEX_PROXY,False,True
2026-04-11 00:00:00+00:00,52.518,52.698,52.479,52.647,128.585,4h,uploaded_csv,BTCDOM_INDEX_PROXY,False,True
2026-04-11 04:00:00+00:00,52.647,52.768,52.582,52.654,188.03,4h,uploaded_csv,BTCDOM_INDEX_PROXY,False,True
2026-04-11 08:00:00+00:00,52.651,52.697,52.508,52.626,189.37,4h,uploaded_csv,BTCDOM_INDEX_PROXY,False,True
2026-04-11 12:00:00+00:00,52.625,52.744,52.455,52.504,220.185,4h,uploaded_csv,BTCDOM_INDEX_PROXY,False,True
2026-04-11 16:00:00+00:00,52.505,52.538,51.912,52.006,148.557,4h,uploaded_csv,BTCDOM_INDEX_PROXY,False,True
2026-04-11 20:00:00+00:00,52.006,52.26,51.957,52.238,84.15,4h,uploaded_csv,BTCDOM_INDEX_PROXY,False,True
2026-04-12 00:00:00+00:00,52.241,52.6,52.167,52.439,175.919,4h,uploaded_csv,BTCDOM_INDEX_PROXY,False,True
2026-04-12 04:00:00+00:00,52.442,52.631,52.387,52.589,161.254,4h,uploaded_csv,BTCDOM_INDEX_PROXY,False,True
2026-04-12 08:00:00+00:00,52.588,52.635,52.407,52.437,165.042,4h,uploaded_csv,BTCDOM_INDEX_PROXY,False,True
2026-04-12 12:00:00+00:00,52.438,52.466,52.316,52.4,76.552,4h,uploaded_csv,BTCDOM_INDEX_PROXY,False,True
2026-04-12 16:00:00+00:00,52.4,52.428,52.25,52.319,25.857,4h,uploaded_csv,BTCDOM_INDEX_PROXY,False,True
2026-04-12 20:00:00+00:00,52.317,52.345,52.21,52.302,41.363,4h,uploaded_csv,BTCDOM_INDEX_PROXY,False,True
2026-04-13 00:00:00+00:00,52.302,52.438,52.229,52.354,68.378,4h,uploaded_csv,BTCDOM_INDEX_PROXY,False,True
2026-04-13 04:00:00+00:00,52.353,52.425,52.218,52.33,91.041,4h,uploaded_csv,BTCDOM_INDEX_PROXY,False,True
2026-04-13 08:00:00+00:00,52.329,52.356,52.158,52.325,67.409,4h,uploaded_csv,BTCDOM_INDEX_PROXY,False,True
2026-04-13 12:00:00+00:00,52.322,52.759,52.259,52.711,122.609,4h,uploaded_csv,BTCDOM_INDEX_PROXY,False,True
2026-04-13 16:00:00+00:00,52.711,52.935,52.5,52.817,365.345,4h,uploaded_csv,BTCDOM_INDEX_PROXY,False,True
2026-04-13 20:00:00+00:00,52.811,52.937,51.944,52.026,351.888,4h,uploaded_csv,BTCDOM_INDEX_PROXY,False,True
2026-04-14 00:00:00+00:00,52.008,52.215,51.956,52.179,102.933,4h,uploaded_csv,BTCDOM_INDEX_PROXY,False,True
2026-04-14 04:00:00+00:00,52.179,52.27,52.163,52.181,54.933,4h,uploaded_csv,BTCDOM_INDEX_PROXY,False,True
2026-04-14 08:00:00+00:00,52.189,52.206,51.955,52.075,90.725,4h,uploaded_csv,BTCDOM_INDEX_PROXY,False,True
2026-04-14 12:00:00+00:00,52.076,52.702,52.045,52.669,185.901,4h,uploaded_csv,BTCDOM_INDEX_PROXY,False,True
2026-04-14 16:00:00+00:00,52.669,52.866,52.53,52.768,256.867,4h,uploaded_csv,BTCDOM_INDEX_PROXY,False,True
2026-04-14 20:00:00+00:00,52.772,52.84,52.562,52.656,58.823,4h,uploaded_csv,BTCDOM_INDEX_PROXY,False,True
2026-04-15 00:00:00+00:00,52.65,52.831,52.643,52.707,66.423,4h,uploaded_csv,BTCDOM_INDEX_PROXY,False,True
2026-04-15 04:00:00+00:00,52.688,52.7,52.499,52.594,56.603,4h,uploaded_csv,BTCDOM_INDEX_PROXY,False,True
2026-04-15 08:00:00+00:00,52.598,52.727,52.396,52.445,93.205,4h,uploaded_csv,BTCDOM_INDEX_PROXY,False,True
2026-04-15 12:00:00+00:00,52.446,52.525,52.093,52.094,109.147,4h,uploaded_csv,BTCDOM_INDEX_PROXY,False,True
2026-04-15 16:00:00+00:00,52.095,52.116,51.9,52.036,181.059,4h,uploaded_csv,BTCDOM_INDEX_PROXY,False,True
2026-04-15 20:00:00+00:00,52.033,52.345,52.021,52.234,80.312,4h,uploaded_csv,BTCDOM_INDEX_PROXY,False,True
2026-04-16 00:00:00+00:00,52.24,52.313,52.16,52.229,67.424,4h,uploaded_csv,BTCDOM_INDEX_PROXY,False,True
2026-04-16 04:00:00+00:00,52.229,52.364,52.16,52.209,82.289,4h,uploaded_csv,BTCDOM_INDEX_PROXY,False,True
2026-04-16 08:00:00+00:00,52.214,52.281,52.066,52.179,52.51,4h,uploaded_csv,BTCDOM_INDEX_PROXY,False,True
2026-04-16 12:00:00+00:00,52.174,52.273,51.907,51.954,102.329,4h,uploaded_csv,BTCDOM_INDEX_PROXY,False,True
2026-04-16 16:00:00+00:00,51.958,51.988,51.605,51.648,158.376,4h,uploaded_csv,BTCDOM_INDEX_PROXY,False,True
2026-04-16 20:00:00+00:00,51.648,51.835,51.606,51.731,110.025,4h,uploaded_csv,BTCDOM_INDEX_PROXY,False,True
2026-04-17 00:00:00+00:00,51.73,51.998,51.671,51.959,192.767,4h,uploaded_csv,BTCDOM_INDEX_PROXY,False,True
2026-04-17 04:00:00+00:00,51.96,52.171,51.929,52.073,134.887,4h,uploaded_csv,BTCDOM_INDEX_PROXY,False,True
2026-04-17 08:00:00+00:00,52.079,52.287,52.0,52.054,148.394,4h,uploaded_csv,BTCDOM_INDEX_PROXY,False,True
2026-04-17 12:00:00+00:00,52.054,52.184,51.725,52.133,101.377,4h,uploaded_csv,BTCDOM_INDEX_PROXY,False,True
2026-04-17 16:00:00+00:00,52.132,52.24,51.917,52.098,90.036,4h,uploaded_csv,BTCDOM_INDEX_PROXY,False,True
2026-04-17 20:00:00+00:00,52.092,52.2,51.98,52.088,33.658,4h,uploaded_csv,BTCDOM_INDEX_PROXY,False,True
2026-04-18 00:00:00+00:00,52.083,52.38,52.06,52.317,123.802,4h,uploaded_csv,BTCDOM_INDEX_PROXY,False,True
2026-04-18 04:00:00+00:00,52.323,52.376,52.127,52.179,50.788,4h,uploaded_csv,BTCDOM_INDEX_PROXY,False,True
2026-04-18 08:00:00+00:00,52.179,52.675,52.179,52.631,284.932,4h,uploaded_csv,BTCDOM_INDEX_PROXY,False,True
2026-04-18 12:00:00+00:00,52.632,52.709,52.533,52.556,104.166,4h,uploaded_csv,BTCDOM_INDEX_PROXY,False,True
2026-04-18 16:00:00+00:00,52.557,52.65,52.402,52.614,60.985,4h,uploaded_csv,BTCDOM_INDEX_PROXY,False,True
2026-04-18 20:00:00+00:00,52.613,52.696,52.502,52.594,38.263,4h,uploaded_csv,BTCDOM_INDEX_PROXY,False,True
2026-04-19 00:00:00+00:00,52.591,52.741,52.556,52.679,58.632,4h,uploaded_csv,BTCDOM_INDEX_PROXY,False,True
2026-04-19 04:00:00+00:00,52.678,52.926,52.667,52.85,212.935,4h,uploaded_csv,BTCDOM_INDEX_PROXY,False,True
2026-04-19 08:00:00+00:00,52.857,52.92,52.736,52.864,120.532,4h,uploaded_csv,BTCDOM_INDEX_PROXY,False,True
2026-04-19 12:00:00+00:00,52.875,52.926,52.704,52.89,196.785,4h,uploaded_csv,BTCDOM_INDEX_PROXY,False,True
2026-04-19 16:00:00+00:00,52.89,52.959,52.781,52.872,152.052,4h,uploaded_csv,BTCDOM_INDEX_PROXY,False,True
2026-04-19 20:00:00+00:00,52.872,52.98,52.772,52.801,72.759,4h,uploaded_csv,BTCDOM_INDEX_PROXY,False,True
2026-04-20 00:00:00+00:00,52.793,52.925,52.733,52.852,47.638,4h,uploaded_csv,BTCDOM_INDEX_PROXY,False,True
2026-04-20 04:00:00+00:00,52.852,52.928,52.604,52.721,91.567,4h,uploaded_csv,BTCDOM_INDEX_PROXY,False,True
2026-04-20 08:00:00+00:00,52.721,52.874,52.654,52.872,206.647,4h,uploaded_csv,BTCDOM_INDEX_PROXY,False,True
2026-04-20 12:00:00+00:00,52.872,53.128,52.651,53.004,325.876,4h,uploaded_csv,BTCDOM_INDEX_PROXY,False,True
2026-04-20 16:00:00+00:00,53.002,53.147,52.936,53.142,76.491,4h,uploaded_csv,BTCDOM_INDEX_PROXY,False,True
2026-04-20 20:00:00+00:00,53.14,53.216,52.911,53.199,214.594,4h,uploaded_csv,BTCDOM_INDEX_PROXY,False,True
2026-04-21 00:00:00+00:00,53.199,53.199,53.069,53.131,56.902,4h,uploaded_csv,BTCDOM_INDEX_PROXY,False,True
2026-04-21 04:00:00+00:00,53.13,53.167,53.005,53.109,58.075,4h,uploaded_csv,BTCDOM_INDEX_PROXY,False,True
2026-04-21 08:00:00+00:00,53.11,53.323,52.914,53.298,340.287,4h,uploaded_csv,BTCDOM_INDEX_PROXY,False,True
2026-04-21 12:00:00+00:00,53.299,53.312,52.846,52.903,192.049,4h,uploaded_csv,BTCDOM_INDEX_PROXY,False,True
2026-04-21 16:00:00+00:00,52.903,53.081,52.782,52.894,201.113,4h,uploaded_csv,BTCDOM_INDEX_PROXY,False,True
2026-04-21 20:00:00+00:00,52.891,53.16,52.792,53.124,51.725,4h,uploaded_csv,BTCDOM_INDEX_PROXY,False,True
2026-04-22 00:00:00+00:00,53.127,53.28,52.982,53.263,207.135,4h,uploaded_csv,BTCDOM_INDEX_PROXY,False,True
2026-04-22 04:00:00+00:00,53.263,53.395,52.893,53.147,211.179,4h,uploaded_csv,BTCDOM_INDEX_PROXY,False,True
2026-04-22 08:00:00+00:00,53.146,53.39,53.125,53.307,184.048,4h,uploaded_csv,BTCDOM_INDEX_PROXY,False,True
2026-04-22 12:00:00+00:00,53.308,53.9,53.002,53.839,607.259,4h,uploaded_csv,BTCDOM_INDEX_PROXY,False,True
2026-04-22 16:00:00+00:00,53.839,53.906,53.653,53.781,214.967,4h,uploaded_csv,BTCDOM_INDEX_PROXY,False,True
2026-04-22 20:00:00+00:00,53.781,53.934,53.486,53.925,231.638,4h,uploaded_csv,BTCDOM_INDEX_PROXY,False,True
2026-04-23 00:00:00+00:00,53.925,54.111,53.9,54.026,292.792,4h,uploaded_csv,BTCDOM_INDEX_PROXY,False,True
2026-04-23 04:00:00+00:00,54.026,54.28,54.02,54.247,225.886,4h,uploaded_csv,BTCDOM_INDEX_PROXY,False,True
2026-04-23 08:00:00+00:00,54.247,54.348,53.26,54.225,222.678,4h,uploaded_csv,BTCDOM_INDEX_PROXY,False,True
2026-04-23 12:00:00+00:00,54.226,54.461,54.046,54.435,167.506,4h,uploaded_csv,BTCDOM_INDEX_PROXY,False,True
2026-04-23 16:00:00+00:00,54.437,54.489,54.236,54.307,113.485,4h,uploaded_csv,BTCDOM_INDEX_PROXY,False,True
2026-04-23 20:00:00+00:00,54.303,54.303,53.993,54.215,96.285,4h,uploaded_csv,BTCDOM_INDEX_PROXY,False,True
2026-04-24 00:00:00+00:00,54.214,54.454,54.183,54.338,125.237,4h,uploaded_csv,BTCDOM_INDEX_PROXY,False,True
2026-04-24 04:00:00+00:00,54.337,54.435,54.2,54.25,114.652,4h,uploaded_csv,BTCDOM_INDEX_PROXY,False,True
2026-04-24 08:00:00+00:00,54.25,54.365,54.201,54.287,202.498,4h,uploaded_csv,BTCDOM_INDEX_PROXY,False,True
2026-04-24 12:00:00+00:00,54.286,54.381,54.067,54.067,89.808,4h,uploaded_csv,BTCDOM_INDEX_PROXY,False,True
2026-04-24 16:00:00+00:00,54.07,54.072,53.8,53.81,127.041,4h,uploaded_csv,BTCDOM_INDEX_PROXY,False,True
2026-04-24 20:00:00+00:00,53.813,53.935,53.724,53.911,47.578,4h,uploaded_csv,BTCDOM_INDEX_PROXY,False,True
2026-04-25 00:00:00+00:00,53.911,54.123,53.911,53.973,125.621,4h,uploaded_csv,BTCDOM_INDEX_PROXY,False,True
2026-04-25 04:00:00+00:00,53.973,54.067,53.805,53.879,122.457,4h,uploaded_csv,BTCDOM_INDEX_PROXY,False,True
2026-04-25 08:00:00+00:00,53.89,54.2,53.878,54.19,85.163,4h,uploaded_csv,BTCDOM_INDEX_PROXY,False,True
2026-04-25 12:00:00+00:00,54.19,54.213,54.067,54.074,64.903,4h,uploaded_csv,BTCDOM_INDEX_PROXY,False,True
2026-04-25 16:00:00+00:00,54.072,54.211,54.051,54.1,50.615,4h,uploaded_csv,BTCDOM_INDEX_PROXY,False,True
2026-04-25 20:00:00+00:00,54.1,54.194,54.054,54.106,35.513,4h,uploaded_csv,BTCDOM_INDEX_PROXY,False,True
2026-04-26 00:00:00+00:00,54.106,54.194,54.022,54.112,68.27,4h,uploaded_csv,BTCDOM_INDEX_PROXY,False,True
2026-04-26 04:00:00+00:00,54.113,54.347,54.071,54.183,100.79,4h,uploaded_csv,BTCDOM_INDEX_PROXY,False,True
2026-04-26 08:00:00+00:00,54.183,54.279,54.027,54.11,95.743,4h,uploaded_csv,BTCDOM_INDEX_PROXY,False,True
2026-04-26 12:00:00+00:00,54.11,54.19,53.975,53.998,32.736,4h,uploaded_csv,BTCDOM_INDEX_PROXY,False,True
2026-04-26 16:00:00+00:00,53.994,54.173,53.779,53.817,147.054,4h,uploaded_csv,BTCDOM_INDEX_PROXY,False,True
2026-04-26 20:00:00+00:00,53.817,54.24,53.789,54.146,75.267,4h,uploaded_csv,BTCDOM_INDEX_PROXY,False,True
2026-04-27 00:00:00+00:00,54.15,54.236,53.96,53.962,53.729,4h,uploaded_csv,BTCDOM_INDEX_PROXY,False,True
2026-04-27 04:00:00+00:00,53.972,54.5,53.95,54.483,192.03,4h,uploaded_csv,BTCDOM_INDEX_PROXY,False,True
2026-04-27 08:00:00+00:00,54.484,54.581,54.323,54.403,123.366,4h,uploaded_csv,BTCDOM_INDEX_PROXY,False,True
2026-04-27 12:00:00+00:00,54.406,54.67,54.39,54.585,144.047,4h,uploaded_csv,BTCDOM_INDEX_PROXY,False,True
2026-04-27 16:00:00+00:00,54.583,54.585,54.234,54.398,78.126,4h,uploaded_csv,BTCDOM_INDEX_PROXY,False,True
2026-04-27 20:00:00+00:00,54.397,54.466,54.262,54.329,104.238,4h,uploaded_csv,BTCDOM_INDEX_PROXY,False,True
2026-04-28 00:00:00+00:00,54.333,54.484,54.271,54.375,117.039,4h,uploaded_csv,BTCDOM_INDEX_PROXY,False,True
2026-04-28 04:00:00+00:00,54.375,54.535,54.271,54.499,128.645,4h,uploaded_csv,BTCDOM_INDEX_PROXY,False,True
2026-04-28 08:00:00+00:00,54.498,54.534,54.261,54.304,101.788,4h,uploaded_csv,BTCDOM_INDEX_PROXY,False,True
2026-04-28 12:00:00+00:00,54.303,54.328,54.008,54.012,89.233,4h,uploaded_csv,BTCDOM_INDEX_PROXY,False,True
2026-04-28 16:00:00+00:00,54.013,54.11,53.827,53.841,88.899,4h,uploaded_csv,BTCDOM_INDEX_PROXY,False,True
2026-04-28 20:00:00+00:00,53.842,54.09,53.829,54.074,56.852,4h,uploaded_csv,BTCDOM_INDEX_PROXY,False,True
2026-04-29 00:00:00+00:00,54.069,54.337,54.05,54.239,274.518,4h,uploaded_csv,BTCDOM_INDEX_PROXY,False,True
2026-04-29 04:00:00+00:00,54.239,54.246,53.975,54.049,187.441,4h,uploaded_csv,BTCDOM_INDEX_PROXY,False,True
2026-04-29 08:00:00+00:00,54.048,54.287,53.981,54.252,171.457,4h,uploaded_csv,BTCDOM_INDEX_PROXY,False,True
2026-04-29 12:00:00+00:00,54.252,54.38,54.171,54.244,232.067,4h,uploaded_csv,BTCDOM_INDEX_PROXY,False,True
2026-04-29 16:00:00+00:00,54.244,54.679,54.171,54.661,173.774,4h,uploaded_csv,BTCDOM_INDEX_PROXY,False,True
2026-04-29 20:00:00+00:00,54.657,54.722,54.338,54.339,123.745,4h,uploaded_csv,BTCDOM_INDEX_PROXY,False,True
2026-04-30 00:00:00+00:00,54.349,54.416,54.107,54.406,128.631,4h,uploaded_csv,BTCDOM_INDEX_PROXY,False,True
2026-04-30 04:00:00+00:00,54.41,54.467,54.233,54.461,152.23,4h,uploaded_csv,BTCDOM_INDEX_PROXY,False,True
2026-04-30 08:00:00+00:00,54.465,54.495,54.201,54.43,142.983,4h,uploaded_csv,BTCDOM_INDEX_PROXY,False,True
2026-04-30 12:00:00+00:00,54.43,54.691,54.426,54.545,81.159,4h,uploaded_csv,BTCDOM_INDEX_PROXY,False,True
2026-04-30 16:00:00+00:00,54.548,54.69,54.436,54.46,177.448,4h,uploaded_csv,BTCDOM_INDEX_PROXY,False,True
2026-04-30 20:00:00+00:00,54.477,54.734,54.453,54.646,117.761,4h,uploaded_csv,BTCDOM_INDEX_PROXY,False,True
2026-05-01 00:00:00+00:00,54.646,54.805,54.505,54.789,178.09,4h,uploaded_csv,BTCDOM_INDEX_PROXY,False,True
2026-05-01 04:00:00+00:00,54.788,54.894,54.583,54.886,323.587,4h,uploaded_csv,BTCDOM_INDEX_PROXY,False,True
2026-05-01 08:00:00+00:00,54.881,54.973,54.756,54.855,255.559,4h,uploaded_csv,BTCDOM_INDEX_PROXY,False,True
2026-05-01 12:00:00+00:00,54.85,55.285,54.772,55.15,472.728,4h,uploaded_csv,BTCDOM_INDEX_PROXY,False,True
2026-05-01 16:00:00+00:00,55.146,55.264,55.064,55.134,114.99,4h,uploaded_csv,BTCDOM_INDEX_PROXY,False,True
2026-05-01 20:00:00+00:00,55.134,55.325,55.029,55.296,99.145,4h,uploaded_csv,BTCDOM_INDEX_PROXY,False,True
2026-05-02 00:00:00+00:00,55.295,55.403,55.145,55.24,163.364,4h,uploaded_csv,BTCDOM_INDEX_PROXY,False,True
2026-05-02 04:00:00+00:00,55.237,55.332,55.135,55.194,125.149,4h,uploaded_csv,BTCDOM_INDEX_PROXY,False,True
2026-05-02 08:00:00+00:00,55.197,55.349,55.115,55.205,135.022,4h,uploaded_csv,BTCDOM_INDEX_PROXY,False,True
2026-05-02 12:00:00+00:00,55.205,55.252,55.066,55.155,110.446,4h,uploaded_csv,BTCDOM_INDEX_PROXY,False,True
2026-05-02 16:00:00+00:00,55.155,55.264,55.078,55.081,123.472,4h,uploaded_csv,BTCDOM_INDEX_PROXY,False,True
2026-05-02 20:00:00+00:00,55.079,55.188,54.993,55.188,111.734,4h,uploaded_csv,BTCDOM_INDEX_PROXY,False,True
2026-05-03 00:00:00+00:00,55.188,55.366,55.175,55.281,131.374,4h,uploaded_csv,BTCDOM_INDEX_PROXY,False,True
2026-05-03 04:00:00+00:00,55.278,55.296,55.016,55.183,137.056,4h,uploaded_csv,BTCDOM_INDEX_PROXY,False,True
2026-05-03 08:00:00+00:00,55.183,55.2,55.003,55.072,156.113,4h,uploaded_csv,BTCDOM_INDEX_PROXY,False,True
2026-05-03 12:00:00+00:00,55.072,55.094,54.9,54.9,89.732,4h,uploaded_csv,BTCDOM_INDEX_PROXY,False,True
2026-05-03 16:00:00+00:00,54.9,54.982,54.893,54.923,56.699,4h,uploaded_csv,BTCDOM_INDEX_PROXY,False,True
2026-05-03 20:00:00+00:00,54.917,55.174,54.879,55.099,54.123,4h,uploaded_csv,BTCDOM_INDEX_PROXY,False,True
2026-05-04 00:00:00+00:00,55.098,55.269,54.944,55.058,111.627,4h,uploaded_csv,BTCDOM_INDEX_PROXY,False,True
2026-05-04 04:00:00+00:00,55.062,55.11,54.823,54.931,72.635,4h,uploaded_csv,BTCDOM_INDEX_PROXY,False,True
2026-05-04 08:00:00+00:00,54.933,55.082,54.85,54.873,126.554,4h,uploaded_csv,BTCDOM_INDEX_PROXY,False,True
2026-05-04 12:00:00+00:00,54.872,55.604,54.831,55.592,282.958,4h,uploaded_csv,BTCDOM_INDEX_PROXY,False,True
2026-05-04 16:00:00+00:00,55.588,55.686,55.265,55.458,336.467,4h,uploaded_csv,BTCDOM_INDEX_PROXY,False,True
2026-05-04 20:00:00+00:00,55.459,55.592,55.408,55.569,136.047,4h,uploaded_csv,BTCDOM_INDEX_PROXY,False,True
2026-05-05 00:00:00+00:00,55.574,55.768,55.009,55.659,371.962,4h,uploaded_csv,BTCDOM_INDEX_PROXY,False,True
2026-05-05 04:00:00+00:00,55.661,55.822,55.477,55.491,244.667,4h,uploaded_csv,BTCDOM_INDEX_PROXY,False,True
2026-05-05 08:00:00+00:00,55.491,55.621,55.408,55.527,127.134,4h,uploaded_csv,BTCDOM_INDEX_PROXY,False,True
2026-05-05 12:00:00+00:00,55.528,55.932,55.527,55.905,250.19,4h,uploaded_csv,BTCDOM_INDEX_PROXY,False,True
2026-05-05 16:00:00+00:00,55.902,55.944,55.757,55.856,146.636,4h,uploaded_csv,BTCDOM_INDEX_PROXY,False,True
2026-05-05 20:00:00+00:00,55.855,55.881,55.387,55.397,94.48,4h,uploaded_csv,BTCDOM_INDEX_PROXY,False,True
2026-05-06 00:00:00+00:00,55.396,55.592,55.368,55.493,67.718,4h,uploaded_csv,BTCDOM_INDEX_PROXY,False,True
2026-05-06 04:00:00+00:00,55.494,55.536,55.25,55.255,67.164,4h,uploaded_csv,BTCDOM_INDEX_PROXY,False,True
2026-05-06 08:00:00+00:00,55.256,55.291,54.892,55.154,203.866,4h,uploaded_csv,BTCDOM_INDEX_PROXY,False,True
2026-05-06 12:00:00+00:00,55.143,55.555,54.979,55.441,137.781,4h,uploaded_csv,BTCDOM_INDEX_PROXY,False,True
2026-05-06 16:00:00+00:00,55.442,55.499,55.273,55.35,79.204,4h,uploaded_csv,BTCDOM_INDEX_PROXY,False,True
2026-05-06 20:00:00+00:00,55.356,55.441,55.267,55.419,40.641,4h,uploaded_csv,BTCDOM_INDEX_PROXY,False,True
2026-05-07 00:00:00+00:00,55.421,55.77,55.38,55.621,84.361,4h,uploaded_csv,BTCDOM_INDEX_PROXY,False,True
2026-05-07 04:00:00+00:00,55.62,55.639,55.391,55.398,61.142,4h,uploaded_csv,BTCDOM_INDEX_PROXY,False,True
2026-05-07 08:00:00+00:00,55.395,55.511,55.301,55.33,70.726,4h,uploaded_csv,BTCDOM_INDEX_PROXY,False,True
2026-05-07 12:00:00+00:00,55.329,55.626,55.169,55.423,231.636,4h,uploaded_csv,BTCDOM_INDEX_PROXY,False,True
2026-05-07 16:00:00+00:00,55.437,55.606,55.361,55.563,48.884,4h,uploaded_csv,BTCDOM_INDEX_PROXY,False,True
2026-05-07 20:00:00+00:00,55.562,55.683,55.446,55.54,48.937,4h,uploaded_csv,BTCDOM_INDEX_PROXY,False,True
2026-05-08 00:00:00+00:00,55.54,55.574,55.421,55.435,39.22,4h,uploaded_csv,BTCDOM_INDEX_PROXY,False,True
2026-05-08 04:00:00+00:00,55.441,55.571,55.401,55.483,44.386,4h,uploaded_csv,BTCDOM_INDEX_PROXY,False,True
2026-05-08 08:00:00+00:00,55.478,55.593,55.44,55.472,66.959,4h,uploaded_csv,BTCDOM_INDEX_PROXY,False,True
2026-05-08 12:00:00+00:00,55.471,55.624,55.228,55.243,73.041,4h,uploaded_csv,BTCDOM_INDEX_PROXY,False,True
2026-05-08 16:00:00+00:00,55.242,55.243,54.528,54.68,234.641,4h,uploaded_csv,BTCDOM_INDEX_PROXY,False,True
2026-05-08 20:00:00+00:00,54.671,54.871,54.567,54.744,115.665,4h,uploaded_csv,BTCDOM_INDEX_PROXY,False,True
2026-05-09 00:00:00+00:00,54.744,54.747,54.448,54.483,119.14,4h,uploaded_csv,BTCDOM_INDEX_PROXY,False,True
2026-05-09 04:00:00+00:00,54.483,54.559,54.381,54.476,94.688,4h,uploaded_csv,BTCDOM_INDEX_PROXY,False,True
2026-05-09 08:00:00+00:00,54.476,54.671,54.462,54.624,87.288,4h,uploaded_csv,BTCDOM_INDEX_PROXY,False,True
2026-05-09 12:00:00+00:00,54.624,55.0,54.58,54.896,172.229,4h,uploaded_csv,BTCDOM_INDEX_PROXY,False,True
2026-05-09 16:00:00+00:00,54.895,54.962,54.744,54.77,76.269,4h,uploaded_csv,BTCDOM_INDEX_PROXY,False,True
2026-05-09 20:00:00+00:00,54.77,54.826,54.75,54.824,31.0,4h,uploaded_csv,BTCDOM_INDEX_PROXY,False,True
2026-05-10 00:00:00+00:00,54.825,55.036,54.789,54.956,69.634,4h,uploaded_csv,BTCDOM_INDEX_PROXY,False,True
2026-05-10 04:00:00+00:00,54.947,54.995,54.836,54.851,30.59,4h,uploaded_csv,BTCDOM_INDEX_PROXY,False,True
2026-05-10 08:00:00+00:00,54.851,54.966,54.713,54.894,44.034,4h,uploaded_csv,BTCDOM_INDEX_PROXY,False,True
2026-05-10 12:00:00+00:00,54.89,54.98,54.565,54.662,65.387,4h,uploaded_csv,BTCDOM_INDEX_PROXY,False,True
2026-05-10 16:00:00+00:00,54.663,54.705,53.9,54.06,154.241,4h,uploaded_csv,BTCDOM_INDEX_PROXY,False,True
2026-05-10 20:00:00+00:00,54.057,54.616,53.919,54.53,111.465,4h,uploaded_csv,BTCDOM_INDEX_PROXY,False,True
2026-05-11 00:00:00+00:00,54.526,54.64,54.404,54.468,66.989,4h,uploaded_csv,BTCDOM_INDEX_PROXY,False,True
2026-05-11 04:00:00+00:00,54.466,54.5,54.332,54.475,40.254,4h,uploaded_csv,BTCDOM_INDEX_PROXY,False,True
2026-05-11 08:00:00+00:00,54.467,54.681,54.467,54.636,54.065,4h,uploaded_csv,BTCDOM_INDEX_PROXY,False,True
2026-05-11 12:00:00+00:00,54.634,54.75,54.436,54.454,76.93,4h,uploaded_csv,BTCDOM_INDEX_PROXY,False,True
2026-05-11 16:00:00+00:00,54.453,54.78,54.441,54.645,51.866,4h,uploaded_csv,BTCDOM_INDEX_PROXY,False,True
2026-05-11 20:00:00+00:00,54.646,54.696,54.455,54.504,40.178,4h,uploaded_csv,BTCDOM_INDEX_PROXY,False,True
2026-05-12 00:00:00+00:00,54.504,54.763,54.38,54.737,52.924,4h,uploaded_csv,BTCDOM_INDEX_PROXY,False,True
2026-05-12 04:00:00+00:00,54.738,54.845,54.681,54.779,51.95,4h,uploaded_csv,BTCDOM_INDEX_PROXY,False,True
2026-05-12 08:00:00+00:00,54.782,54.97,54.726,54.954,102.46,4h,uploaded_csv,BTCDOM_INDEX_PROXY,False,True
2026-05-12 12:00:00+00:00,54.954,55.412,54.901,55.37,312.298,4h,uploaded_csv,BTCDOM_INDEX_PROXY,False,True
2026-05-12 16:00:00+00:00,55.375,55.407,55.103,55.144,66.76,4h,uploaded_csv,BTCDOM_INDEX_PROXY,False,True
2026-05-12 20:00:00+00:00,55.134,55.139,54.837,54.974,44.753,4h,uploaded_csv,BTCDOM_INDEX_PROXY,False,True
2026-05-13 00:00:00+00:00,54.974,55.252,54.752,54.786,276.928,4h,uploaded_csv,BTCDOM_INDEX_PROXY,False,True
2026-05-13 04:00:00+00:00,54.787,54.84,54.62,54.652,98.144,4h,uploaded_csv,BTCDOM_INDEX_PROXY,False,True
2026-05-13 08:00:00+00:00,54.646,54.652,54.337,54.418,90.681,4h,uploaded_csv,BTCDOM_INDEX_PROXY,False,True
2026-05-13 12:00:00+00:00,54.407,54.883,54.348,54.833,121.747,4h,uploaded_csv,BTCDOM_INDEX_PROXY,False,True
2026-05-13 16:00:00+00:00,54.823,54.888,54.568,54.885,82.522,4h,uploaded_csv,BTCDOM_INDEX_PROXY,False,True
2026-05-13 20:00:00+00:00,54.885,54.902,54.58,54.596,29.128,4h,uploaded_csv,BTCDOM_INDEX_PROXY,False,True
2026-05-14 00:00:00+00:00,54.603,54.847,54.554,54.809,42.563,4h,uploaded_csv,BTCDOM_INDEX_PROXY,False,True
2026-05-14 04:00:00+00:00,54.808,54.861,54.728,54.836,28.242,4h,uploaded_csv,BTCDOM_INDEX_PROXY,False,True
2026-05-14 08:00:00+00:00,54.83,54.834,54.616,54.641,57.142,4h,uploaded_csv,BTCDOM_INDEX_PROXY,False,True
2026-05-14 12:00:00+00:00,54.661,54.862,54.583,54.858,105.82,4h,uploaded_csv,BTCDOM_INDEX_PROXY,False,True
2026-05-14 16:00:00+00:00,54.857,54.957,54.382,54.623,81.839,4h,uploaded_csv,BTCDOM_INDEX_PROXY,False,True
2026-05-14 20:00:00+00:00,54.623,54.896,54.623,54.864,43.282,4h,uploaded_csv,BTCDOM_INDEX_PROXY,False,True
2026-05-15 00:00:00+00:00,54.862,55.032,54.766,54.91,73.047,4h,uploaded_csv,BTCDOM_INDEX_PROXY,False,True
2026-05-15 04:00:00+00:00,54.91,55.351,54.896,55.085,177.075,4h,uploaded_csv,BTCDOM_INDEX_PROXY,False,True
2026-05-15 08:00:00+00:00,55.092,55.164,54.971,55.068,61.565,4h,uploaded_csv,BTCDOM_INDEX_PROXY,False,True
2026-05-15 12:00:00+00:00,55.068,55.213,54.831,55.114,150.625,4h,uploaded_csv,BTCDOM_INDEX_PROXY,False,True
2026-05-15 16:00:00+00:00,55.114,55.155,54.856,54.973,42.825,4h,uploaded_csv,BTCDOM_INDEX_PROXY,False,True
2026-05-15 20:00:00+00:00,54.953,55.023,54.869,54.891,24.109,4h,uploaded_csv,BTCDOM_INDEX_PROXY,False,True
2026-05-16 00:00:00+00:00,54.899,55.026,54.834,55.005,30.97,4h,uploaded_csv,BTCDOM_INDEX_PROXY,False,True
2026-05-16 04:00:00+00:00,55.002,55.491,55.002,55.261,167.829,4h,uploaded_csv,BTCDOM_INDEX_PROXY,False,True
2026-05-16 08:00:00+00:00,55.261,55.726,55.235,55.5,268.219,4h,uploaded_csv,BTCDOM_INDEX_PROXY,False,True
2026-05-16 12:00:00+00:00,55.504,55.612,55.396,55.449,115.353,4h,uploaded_csv,BTCDOM_INDEX_PROXY,False,True
2026-05-16 16:00:00+00:00,55.45,55.476,55.339,55.405,66.341,4h,uploaded_csv,BTCDOM_INDEX_PROXY,False,True
2026-05-16 20:00:00+00:00,55.399,55.469,55.377,55.382,21.714,4h,uploaded_csv,BTCDOM_INDEX_PROXY,False,True
2026-05-17 00:00:00+00:00,55.387,55.601,55.348,55.441,91.259,4h,uploaded_csv,BTCDOM_INDEX_PROXY,False,True
2026-05-17 04:00:00+00:00,55.441,55.445,55.208,55.266,52.017,4h,uploaded_csv,BTCDOM_INDEX_PROXY,False,True
2026-05-17 08:00:00+00:00,55.266,55.345,55.251,55.272,51.892,4h,uploaded_csv,BTCDOM_INDEX_PROXY,False,True
2026-05-17 12:00:00+00:00,55.272,55.294,55.17,55.271,34.323,4h,uploaded_csv,BTCDOM_INDEX_PROXY,False,True
2026-05-17 16:00:00+00:00,55.271,55.469,55.257,55.279,28.957,4h,uploaded_csv,BTCDOM_INDEX_PROXY,False,True
2026-05-17 20:00:00+00:00,55.277,55.95,55.178,55.71,390.179,4h,uploaded_csv,BTCDOM_INDEX_PROXY,False,True
2026-05-18 00:00:00+00:00,55.706,55.97,55.56,55.703,296.596,4h,uploaded_csv,BTCDOM_INDEX_PROXY,False,True
2026-05-18 04:00:00+00:00,55.704,56.103,55.59,56.057,228.894,4h,uploaded_csv,BTCDOM_INDEX_PROXY,False,True
2026-05-18 08:00:00+00:00,56.058,56.193,55.895,55.935,193.002,4h,uploaded_csv,BTCDOM_INDEX_PROXY,False,True
2026-05-18 12:00:00+00:00,55.935,55.948,55.647,55.932,184.534,4h,uploaded_csv,BTCDOM_INDEX_PROXY,False,True
2026-05-18 16:00:00+00:00,55.932,56.176,55.566,55.601,179.631,4h,uploaded_csv,BTCDOM_INDEX_PROXY,False,True
2026-05-18 20:00:00+00:00,55.602,55.841,55.457,55.591,160.098,4h,uploaded_csv,BTCDOM_INDEX_PROXY,False,True
2026-05-19 00:00:00+00:00,55.591,55.668,55.47,55.553,139.882,4h,uploaded_csv,BTCDOM_INDEX_PROXY,False,True
2026-05-19 04:00:00+00:00,55.553,55.659,55.502,55.609,62.679,4h,uploaded_csv,BTCDOM_INDEX_PROXY,False,True
2026-05-19 08:00:00+00:00,55.608,56.11,55.608,55.947,159.285,4h,uploaded_csv,BTCDOM_INDEX_PROXY,False,True
2026-05-19 12:00:00+00:00,55.947,55.997,55.749,55.91,159.491,4h,uploaded_csv,BTCDOM_INDEX_PROXY,False,True
2026-05-19 16:00:00+00:00,55.904,56.198,55.794,56.159,183.178,4h,uploaded_csv,BTCDOM_INDEX_PROXY,False,True
2026-05-19 20:00:00+00:00,56.16,56.2,56.037,56.097,102.604,4h,uploaded_csv,BTCDOM_INDEX_PROXY,False,True
2026-05-20 00:00:00+00:00,56.09,56.226,55.994,55.997,125.514,4h,uploaded_csv,BTCDOM_INDEX_PROXY,False,True
2026-05-20 04:00:00+00:00,56.0,56.101,55.886,55.957,167.958,4h,uploaded_csv,BTCDOM_INDEX_PROXY,False,True
2026-05-20 08:00:00+00:00,55.956,56.169,55.908,56.087,72.578,4h,uploaded_csv,BTCDOM_INDEX_PROXY,False,True
2026-05-20 12:00:00+00:00,56.078,56.101,55.772,55.785,79.455,4h,uploaded_csv,BTCDOM_INDEX_PROXY,False,True
2026-05-20 16:00:00+00:00,55.784,55.889,55.654,55.86,72.548,4h,uploaded_csv,BTCDOM_INDEX_PROXY,False,True
2026-05-20 20:00:00+00:00,55.86,56.02,55.858,55.95,49.08,4h,uploaded_csv,BTCDOM_INDEX_PROXY,False,True
2026-05-21 00:00:00+00:00,55.951,55.965,55.694,55.751,63.878,4h,uploaded_csv,BTCDOM_INDEX_PROXY,False,True
2026-05-21 04:00:00+00:00,55.752,55.867,55.673,55.846,44.914,4h,uploaded_csv,BTCDOM_INDEX_PROXY,False,True
2026-05-21 08:00:00+00:00,55.847,55.959,55.779,55.946,61.884,4h,uploaded_csv,BTCDOM_INDEX_PROXY,False,True
2026-05-21 12:00:00+00:00,55.947,55.958,55.511,55.576,85.821,4h,uploaded_csv,BTCDOM_INDEX_PROXY,False,True
2026-05-21 16:00:00+00:00,55.577,55.657,55.351,55.352,67.131,4h,uploaded_csv,BTCDOM_INDEX_PROXY,False,True
2026-05-21 20:00:00+00:00,55.356,55.573,55.337,55.509,40.026,4h,uploaded_csv,BTCDOM_INDEX_PROXY,False,True
2026-05-22 00:00:00+00:00,55.503,55.572,55.434,55.559,49.882,4h,uploaded_csv,BTCDOM_INDEX_PROXY,False,True
2026-05-22 04:00:00+00:00,55.562,55.685,55.47,55.478,64.518,4h,uploaded_csv,BTCDOM_INDEX_PROXY,False,True
2026-05-22 08:00:00+00:00,55.479,55.628,55.431,55.437,63.898,4h,uploaded_csv,BTCDOM_INDEX_PROXY,False,True
2026-05-22 12:00:00+00:00,55.431,55.467,55.26,55.315,77.689,4h,uploaded_csv,BTCDOM_INDEX_PROXY,False,True
2026-05-22 16:00:00+00:00,55.313,55.84,55.215,55.733,96.419,4h,uploaded_csv,BTCDOM_INDEX_PROXY,False,True
2026-05-22 20:00:00+00:00,55.732,55.76,55.47,55.677,58.809,4h,uploaded_csv,BTCDOM_INDEX_PROXY,False,True
2026-05-23 00:00:00+00:00,55.68,55.721,55.509,55.566,58.236,4h,uploaded_csv,BTCDOM_INDEX_PROXY,False,True
2026-05-23 04:00:00+00:00,55.567,56.226,55.553,56.003,218.827,4h,uploaded_csv,BTCDOM_INDEX_PROXY,False,True
2026-05-23 08:00:00+00:00,56.002,56.175,55.943,56.052,177.522,4h,uploaded_csv,BTCDOM_INDEX_PROXY,False,True
2026-05-23 12:00:00+00:00,56.05,56.073,55.7,55.709,177.784,4h,uploaded_csv,BTCDOM_INDEX_PROXY,False,True
2026-05-23 16:00:00+00:00,55.71,55.731,55.459,55.603,73.626,4h,uploaded_csv,BTCDOM_INDEX_PROXY,False,True
2026-05-23 20:00:00+00:00,55.598,55.659,55.09,55.444,153.522,4h,uploaded_csv,BTCDOM_INDEX_PROXY,False,True
2026-05-24 00:00:00+00:00,55.443,55.517,55.376,55.454,59.516,4h,uploaded_csv,BTCDOM_INDEX_PROXY,False,True
2026-05-24 04:00:00+00:00,55.453,55.536,55.394,55.451,34.74,4h,uploaded_csv,BTCDOM_INDEX_PROXY,False,True
2026-05-24 08:00:00+00:00,55.442,55.65,55.355,55.638,56.112,4h,uploaded_csv,BTCDOM_INDEX_PROXY,False,True
2026-05-24 12:00:00+00:00,55.635,55.88,55.52,55.633,60.691,4h,uploaded_csv,BTCDOM_INDEX_PROXY,False,True
2026-05-24 16:00:00+00:00,55.633,55.769,55.574,55.753,27.673,4h,uploaded_csv,BTCDOM_INDEX_PROXY,False,True
2026-05-24 20:00:00+00:00,55.753,56.102,55.751,56.034,115.724,4h,uploaded_csv,BTCDOM_INDEX_PROXY,False,True
2026-05-25 00:00:00+00:00,56.045,56.296,55.866,56.194,170.186,4h,uploaded_csv,BTCDOM_INDEX_PROXY,False,True
2026-05-25 04:00:00+00:00,56.194,56.242,55.804,55.837,144.375,4h,uploaded_csv,BTCDOM_INDEX_PROXY,False,True
2026-05-25 08:00:00+00:00,55.835,55.976,55.744,55.87,50.623,4h,uploaded_csv,BTCDOM_INDEX_PROXY,False,True
2026-05-25 12:00:00+00:00,55.871,55.893,55.627,55.724,49.297,4h,uploaded_csv,BTCDOM_INDEX_PROXY,False,True
2026-05-25 16:00:00+00:00,55.721,55.828,55.603,55.815,21.979,4h,uploaded_csv,BTCDOM_INDEX_PROXY,False,True
2026-05-25 20:00:00+00:00,55.814,55.95,55.757,55.896,26.425,4h,uploaded_csv,BTCDOM_INDEX_PROXY,False,True
2026-05-26 00:00:00+00:00,55.885,56.085,55.854,55.987,68.806,4h,uploaded_csv,BTCDOM_INDEX_PROXY,False,True
2026-05-26 04:00:00+00:00,55.99,56.028,55.846,55.944,22.822,4h,uploaded_csv,BTCDOM_INDEX_PROXY,False,True
2026-05-26 08:00:00+00:00,55.944,55.985,55.595,55.65,58.823,4h,uploaded_csv,BTCDOM_INDEX_PROXY,False,True
2026-05-26 12:00:00+00:00,55.653,55.782,55.476,55.709,52.444,4h,uploaded_csv,BTCDOM_INDEX_PROXY,False,True
2026-05-26 16:00:00+00:00,55.704,56.07,55.662,55.816,77.164,4h,uploaded_csv,BTCDOM_INDEX_PROXY,False,True
2026-05-26 20:00:00+00:00,55.822,55.847,55.719,55.772,27.14,4h,uploaded_csv,BTCDOM_INDEX_PROXY,False,True
2026-05-27 00:00:00+00:00,55.772,55.821,55.646,55.805,43.824,4h,uploaded_csv,BTCDOM_INDEX_PROXY,False,True
2026-05-27 04:00:00+00:00,55.82,55.961,55.683,55.765,41.001,4h,uploaded_csv,BTCDOM_INDEX_PROXY,False,True
2026-05-27 08:00:00+00:00,55.775,55.85,55.626,55.725,34.276,4h,uploaded_csv,BTCDOM_INDEX_PROXY,False,True
