timestamp,open,high,low,close,volume,timeframe,source,source_type,is_percentage,lookahead_safe
2023-05-29 00:00:00+00:00,16.18,16.291,16.049,16.119,1579.149,1d,uploaded_csv,BTCDOM_INDEX_PROXY,False,True
2023-05-30 00:00:00+00:00,16.118,16.126,15.952,15.978,1126.766,1d,uploaded_csv,BTCDOM_INDEX_PROXY,False,True
2023-05-31 00:00:00+00:00,15.977,16.04,15.89,15.944,1502.019,1d,uploaded_csv,BTCDOM_INDEX_PROXY,False,True
2023-06-01 00:00:00+00:00,15.944,15.957,15.779,15.827,1286.619,1d,uploaded_csv,BTCDOM_INDEX_PROXY,False,True
2023-06-02 00:00:00+00:00,15.827,15.851,15.679,15.704,1339.859,1d,uploaded_csv,BTCDOM_INDEX_PROXY,False,True
2023-06-03 00:00:00+00:00,15.704,15.784,15.651,15.686,1133.918,1d,uploaded_csv,BTCDOM_INDEX_PROXY,False,True
2023-06-04 00:00:00+00:00,15.687,15.739,15.622,15.705,947.764,1d,uploaded_csv,BTCDOM_INDEX_PROXY,False,True
2023-06-05 00:00:00+00:00,15.704,15.996,15.662,15.778,3117.735,1d,uploaded_csv,BTCDOM_INDEX_PROXY,False,True
2023-06-06 00:00:00+00:00,15.779,16.166,15.623,16.149,2866.103,1d,uploaded_csv,BTCDOM_INDEX_PROXY,False,True
2023-06-07 00:00:00+00:00,16.148,16.309,16.018,16.272,2208.5,1d,uploaded_csv,BTCDOM_INDEX_PROXY,False,True
2023-06-08 00:00:00+00:00,16.271,16.306,16.163,16.255,1901.455,1d,uploaded_csv,BTCDOM_INDEX_PROXY,False,True
2023-06-09 00:00:00+00:00,16.255,16.402,16.233,16.368,1478.663,1d,uploaded_csv,BTCDOM_INDEX_PROXY,False,True
2023-06-10 00:00:00+00:00,16.369,17.514,16.363,17.053,20674.547,1d,uploaded_csv,BTCDOM_INDEX_PROXY,False,True
2023-06-11 00:00:00+00:00,17.053,17.158,17.0,17.088,4420.422,1d,uploaded_csv,BTCDOM_INDEX_PROXY,False,True
2023-06-12 00:00:00+00:00,17.089,17.328,17.068,17.151,3790.103,1d,uploaded_csv,BTCDOM_INDEX_PROXY,False,True
2023-06-13 00:00:00+00:00,17.151,17.249,16.945,17.074,3935.842,1d,uploaded_csv,BTCDOM_INDEX_PROXY,False,True
2023-06-14 00:00:00+00:00,17.073,17.474,17.006,17.329,3706.273,1d,uploaded_csv,BTCDOM_INDEX_PROXY,False,True
2023-06-15 00:00:00+00:00,17.328,17.592,17.232,17.542,4041.155,1d,uploaded_csv,BTCDOM_INDEX_PROXY,False,True
2023-06-16 00:00:00+00:00,17.542,17.83,17.426,17.698,3671.923,1d,uploaded_csv,BTCDOM_INDEX_PROXY,False,True
2023-06-17 00:00:00+00:00,17.699,17.772,17.48,17.642,2576.195,1d,uploaded_csv,BTCDOM_INDEX_PROXY,False,True
2023-06-18 00:00:00+00:00,17.642,17.694,17.512,17.6,1860.251,1d,uploaded_csv,BTCDOM_INDEX_PROXY,False,True
2023-06-19 00:00:00+00:00,17.599,17.824,17.582,17.792,2655.07,1d,uploaded_csv,BTCDOM_INDEX_PROXY,False,True
2023-06-20 00:00:00+00:00,17.793,18.35,17.787,18.285,6790.523,1d,uploaded_csv,BTCDOM_INDEX_PROXY,False,True
2023-06-21 00:00:00+00:00,18.283,18.949,18.247,18.542,10382.551,1d,uploaded_csv,BTCDOM_INDEX_PROXY,False,True
2023-06-22 00:00:00+00:00,18.546,18.741,18.3,18.69,4970.583,1d,uploaded_csv,BTCDOM_INDEX_PROXY,False,True
2023-06-23 00:00:00+00:00,18.69,19.122,18.556,18.84,5192.449,1d,uploaded_csv,BTCDOM_INDEX_PROXY,False,True
2023-06-24 00:00:00+00:00,18.838,19.061,18.761,18.974,3602.058,1d,uploaded_csv,BTCDOM_INDEX_PROXY,False,True
2023-06-25 00:00:00+00:00,18.974,19.025,18.599,18.71,3326.843,1d,uploaded_csv,BTCDOM_INDEX_PROXY,False,True
2023-06-26 00:00:00+00:00,18.709,19.031,18.698,18.987,3650.445,1d,uploaded_csv,BTCDOM_INDEX_PROXY,False,True
2023-06-27 00:00:00+00:00,18.987,19.05,18.8,18.942,2524.131,1d,uploaded_csv,BTCDOM_INDEX_PROXY,False,True
2023-06-28 00:00:00+00:00,18.941,19.46,18.94,19.268,4709.729,1d,uploaded_csv,BTCDOM_INDEX_PROXY,False,True
2023-06-29 00:00:00+00:00,19.268,19.298,19.127,19.185,3464.877,1d,uploaded_csv,BTCDOM_INDEX_PROXY,False,True
2023-06-30 00:00:00+00:00,19.186,19.233,18.296,18.345,8008.899,1d,uploaded_csv,BTCDOM_INDEX_PROXY,False,True
2023-07-01 00:00:00+00:00,18.346,18.491,18.255,18.387,3098.672,1d,uploaded_csv,BTCDOM_INDEX_PROXY,False,True
2023-07-02 00:00:00+00:00,18.384,18.476,18.171,18.246,2078.664,1d,uploaded_csv,BTCDOM_INDEX_PROXY,False,True
2023-07-03 00:00:00+00:00,18.247,18.47,18.022,18.438,2858.284,1d,uploaded_csv,BTCDOM_INDEX_PROXY,False,True
2023-07-04 00:00:00+00:00,18.439,18.581,18.332,18.415,2097.86,1d,uploaded_csv,BTCDOM_INDEX_PROXY,False,True
2023-07-05 00:00:00+00:00,18.413,18.657,18.364,18.552,2546.935,1d,uploaded_csv,BTCDOM_INDEX_PROXY,False,True
2023-07-06 00:00:00+00:00,18.552,18.766,18.448,18.755,2806.208,1d,uploaded_csv,BTCDOM_INDEX_PROXY,False,True
2023-07-07 00:00:00+00:00,18.755,18.839,18.692,18.746,2026.838,1d,uploaded_csv,BTCDOM_INDEX_PROXY,False,True
2023-07-08 00:00:00+00:00,18.746,18.8,18.662,18.703,1096.991,1d,uploaded_csv,BTCDOM_INDEX_PROXY,False,True
2023-07-09 00:00:00+00:00,18.703,18.794,18.654,18.728,1611.628,1d,uploaded_csv,BTCDOM_INDEX_PROXY,False,True
2023-07-10 00:00:00+00:00,18.728,18.848,18.504,18.618,2370.022,1d,uploaded_csv,BTCDOM_INDEX_PROXY,False,True
2023-07-11 00:00:00+00:00,18.618,18.8,18.603,18.709,1257.996,1d,uploaded_csv,BTCDOM_INDEX_PROXY,False,True
2023-07-12 00:00:00+00:00,18.71,18.776,18.59,18.666,1300.439,1d,uploaded_csv,BTCDOM_INDEX_PROXY,False,True
2023-07-13 00:00:00+00:00,18.669,18.683,17.312,17.454,7821.72,1d,uploaded_csv,BTCDOM_INDEX_PROXY,False,True
2023-07-14 00:00:00+00:00,17.451,17.727,17.236,17.489,6475.619,1d,uploaded_csv,BTCDOM_INDEX_PROXY,False,True
2023-07-15 00:00:00+00:00,17.487,17.581,17.332,17.483,2185.677,1d,uploaded_csv,BTCDOM_INDEX_PROXY,False,True
2023-07-16 00:00:00+00:00,17.483,17.639,17.431,17.627,1566.039,1d,uploaded_csv,BTCDOM_INDEX_PROXY,False,True
2023-07-17 00:00:00+00:00,17.623,17.8,17.516,17.638,3214.319,1d,uploaded_csv,BTCDOM_INDEX_PROXY,False,True
2023-07-18 00:00:00+00:00,17.639,17.729,17.549,17.599,1659.199,1d,uploaded_csv,BTCDOM_INDEX_PROXY,False,True
2023-07-19 00:00:00+00:00,17.599,17.628,17.446,17.576,1570.282,1d,uploaded_csv,BTCDOM_INDEX_PROXY,False,True
2023-07-20 00:00:00+00:00,17.575,17.612,17.422,17.486,1695.078,1d,uploaded_csv,BTCDOM_INDEX_PROXY,False,True
2023-07-21 00:00:00+00:00,17.487,17.606,17.433,17.576,1050.88,1d,uploaded_csv,BTCDOM_INDEX_PROXY,False,True
2023-07-22 00:00:00+00:00,17.571,17.918,17.476,17.855,1696.828,1d,uploaded_csv,BTCDOM_INDEX_PROXY,False,True
2023-07-23 00:00:00+00:00,17.855,17.946,17.718,17.818,2120.655,1d,uploaded_csv,BTCDOM_INDEX_PROXY,False,True
2023-07-24 00:00:00+00:00,17.818,17.865,17.66,17.737,1922.509,1d,uploaded_csv,BTCDOM_INDEX_PROXY,False,True
2023-07-25 00:00:00+00:00,17.739,17.849,17.665,17.711,2831.445,1d,uploaded_csv,BTCDOM_INDEX_PROXY,False,True
2023-07-26 00:00:00+00:00,17.714,17.833,17.594,17.597,1249.964,1d,uploaded_csv,BTCDOM_INDEX_PROXY,False,True
2023-07-27 00:00:00+00:00,17.598,17.654,17.502,17.579,1084.368,1d,uploaded_csv,BTCDOM_INDEX_PROXY,False,True
2023-07-28 00:00:00+00:00,17.579,17.613,17.5,17.561,1061.8,1d,uploaded_csv,BTCDOM_INDEX_PROXY,False,True
2023-07-29 00:00:00+00:00,17.56,17.582,17.442,17.471,747.058,1d,uploaded_csv,BTCDOM_INDEX_PROXY,False,True
2023-07-30 00:00:00+00:00,17.471,17.672,17.406,17.609,1451.149,1d,uploaded_csv,BTCDOM_INDEX_PROXY,False,True
2023-07-31 00:00:00+00:00,17.61,17.754,17.582,17.699,1361.303,1d,uploaded_csv,BTCDOM_INDEX_PROXY,False,True
2023-08-01 00:00:00+00:00,17.698,17.871,17.616,17.793,2289.919,1d,uploaded_csv,BTCDOM_INDEX_PROXY,False,True
2023-08-02 00:00:00+00:00,17.793,17.97,17.777,17.935,1774.533,1d,uploaded_csv,BTCDOM_INDEX_PROXY,False,True
2023-08-03 00:00:00+00:00,17.935,18.153,17.902,18.094,1774.473,1d,uploaded_csv,BTCDOM_INDEX_PROXY,False,True
2023-08-04 00:00:00+00:00,18.094,18.156,17.979,18.156,1137.44,1d,uploaded_csv,BTCDOM_INDEX_PROXY,False,True
2023-08-05 00:00:00+00:00,18.155,18.251,18.053,18.066,1083.935,1d,uploaded_csv,BTCDOM_INDEX_PROXY,False,True
2023-08-06 00:00:00+00:00,18.065,18.165,17.97,18.128,1045.147,1d,uploaded_csv,BTCDOM_INDEX_PROXY,False,True
2023-08-07 00:00:00+00:00,18.129,18.296,18.031,18.242,1899.672,1d,uploaded_csv,BTCDOM_INDEX_PROXY,False,True
2023-08-08 00:00:00+00:00,18.244,18.365,18.172,18.282,1222.967,1d,uploaded_csv,BTCDOM_INDEX_PROXY,False,True
2023-08-09 00:00:00+00:00,18.282,18.331,18.038,18.151,1029.122,1d,uploaded_csv,BTCDOM_INDEX_PROXY,False,True
2023-08-10 00:00:00+00:00,18.15,18.23,18.117,18.169,772.325,1d,uploaded_csv,BTCDOM_INDEX_PROXY,False,True
2023-08-11 00:00:00+00:00,18.169,18.215,18.131,18.198,659.714,1d,uploaded_csv,BTCDOM_INDEX_PROXY,False,True
2023-08-12 00:00:00+00:00,18.198,18.209,18.132,18.19,502.819,1d,uploaded_csv,BTCDOM_INDEX_PROXY,False,True
2023-08-13 00:00:00+00:00,18.191,18.253,18.073,18.213,984.296,1d,uploaded_csv,BTCDOM_INDEX_PROXY,False,True
2023-08-14 00:00:00+00:00,18.217,18.28,18.13,18.217,1241.371,1d,uploaded_csv,BTCDOM_INDEX_PROXY,False,True
2023-08-15 00:00:00+00:00,18.216,18.624,18.174,18.412,2520.167,1d,uploaded_csv,BTCDOM_INDEX_PROXY,False,True
2023-08-16 00:00:00+00:00,18.412,18.795,18.406,18.514,3453.337,1d,uploaded_csv,BTCDOM_INDEX_PROXY,False,True
2023-08-17 00:00:00+00:00,18.515,19.35,18.303,18.582,5417.122,1d,uploaded_csv,BTCDOM_INDEX_PROXY,False,True
2023-08-18 00:00:00+00:00,18.58,18.662,18.18,18.285,3363.107,1d,uploaded_csv,BTCDOM_INDEX_PROXY,False,True
2023-08-19 00:00:00+00:00,18.285,18.312,18.001,18.161,1656.417,1d,uploaded_csv,BTCDOM_INDEX_PROXY,False,True
2023-08-20 00:00:00+00:00,18.161,18.218,17.97,18.046,1044.739,1d,uploaded_csv,BTCDOM_INDEX_PROXY,False,True
2023-08-21 00:00:00+00:00,18.046,18.394,18.003,18.266,2143.465,1d,uploaded_csv,BTCDOM_INDEX_PROXY,False,True
2023-08-22 00:00:00+00:00,18.265,18.657,18.249,18.519,2299.207,1d,uploaded_csv,BTCDOM_INDEX_PROXY,False,True
2023-08-23 00:00:00+00:00,18.519,18.553,18.222,18.286,1583.86,1d,uploaded_csv,BTCDOM_INDEX_PROXY,False,True
2023-08-24 00:00:00+00:00,18.286,18.419,18.266,18.326,789.661,1d,uploaded_csv,BTCDOM_INDEX_PROXY,False,True
2023-08-25 00:00:00+00:00,18.326,18.451,18.274,18.292,1109.716,1d,uploaded_csv,BTCDOM_INDEX_PROXY,False,True
2023-08-26 00:00:00+00:00,18.292,18.372,18.287,18.348,480.674,1d,uploaded_csv,BTCDOM_INDEX_PROXY,False,True
2023-08-27 00:00:00+00:00,18.347,18.364,18.241,18.274,689.437,1d,uploaded_csv,BTCDOM_INDEX_PROXY,False,True
2023-08-28 00:00:00+00:00,18.275,18.485,18.267,18.319,4425.668,1d,uploaded_csv,BTCDOM_INDEX_PROXY,False,True
2023-08-29 00:00:00+00:00,18.319,18.767,18.246,18.614,3038.957,1d,uploaded_csv,BTCDOM_INDEX_PROXY,False,True
2023-08-30 00:00:00+00:00,18.614,18.698,18.551,18.681,1287.806,1d,uploaded_csv,BTCDOM_INDEX_PROXY,False,True
2023-08-31 00:00:00+00:00,18.682,18.711,18.359,18.375,1500.235,1d,uploaded_csv,BTCDOM_INDEX_PROXY,False,True
2023-09-01 00:00:00+00:00,18.376,18.596,18.36,18.511,885.682,1d,uploaded_csv,BTCDOM_INDEX_PROXY,False,True
2023-09-02 00:00:00+00:00,18.512,18.546,18.436,18.466,807.649,1d,uploaded_csv,BTCDOM_INDEX_PROXY,False,True
2023-09-03 00:00:00+00:00,18.467,18.584,18.465,18.527,642.608,1d,uploaded_csv,BTCDOM_INDEX_PROXY,False,True
2023-09-04 00:00:00+00:00,18.526,18.548,18.42,18.446,564.2,1d,uploaded_csv,BTCDOM_INDEX_PROXY,False,True
2023-09-05 00:00:00+00:00,18.446,18.482,18.306,18.375,574.337,1d,uploaded_csv,BTCDOM_INDEX_PROXY,False,True
2023-09-06 00:00:00+00:00,18.373,18.429,18.255,18.366,507.017,1d,uploaded_csv,BTCDOM_INDEX_PROXY,False,True
2023-09-07 00:00:00+00:00,18.365,18.635,18.322,18.55,523.102,1d,uploaded_csv,BTCDOM_INDEX_PROXY,False,True
2023-09-08 00:00:00+00:00,18.55,18.618,18.447,18.458,470.171,1d,uploaded_csv,BTCDOM_INDEX_PROXY,False,True
2023-09-09 00:00:00+00:00,18.458,18.48,18.429,18.477,219.846,1d,uploaded_csv,BTCDOM_INDEX_PROXY,False,True
2023-09-10 00:00:00+00:00,18.476,18.767,18.472,18.706,1947.235,1d,uploaded_csv,BTCDOM_INDEX_PROXY,False,True
2023-09-11 00:00:00+00:00,18.707,19.1,18.653,18.905,3310.246,1d,uploaded_csv,BTCDOM_INDEX_PROXY,False,True
2023-09-12 00:00:00+00:00,18.905,19.162,18.876,18.99,2580.54,1d,uploaded_csv,BTCDOM_INDEX_PROXY,False,True
2023-09-13 00:00:00+00:00,18.99,19.27,18.981,19.097,1409.631,1d,uploaded_csv,BTCDOM_INDEX_PROXY,False,True
2023-09-14 00:00:00+00:00,19.097,19.211,18.931,19.087,1214.806,1d,uploaded_csv,BTCDOM_INDEX_PROXY,False,True
2023-09-15 00:00:00+00:00,19.083,19.106,18.9,18.923,904.817,1d,uploaded_csv,BTCDOM_INDEX_PROXY,False,True
2023-09-16 00:00:00+00:00,18.923,18.989,18.848,18.963,767.273,1d,uploaded_csv,BTCDOM_INDEX_PROXY,False,True
2023-09-17 00:00:00+00:00,18.964,19.126,18.957,19.08,1025.987,1d,uploaded_csv,BTCDOM_INDEX_PROXY,False,True
2023-09-18 00:00:00+00:00,19.082,19.21,19.013,19.036,1178.891,1d,uploaded_csv,BTCDOM_INDEX_PROXY,False,True
2023-09-19 00:00:00+00:00,19.037,19.274,18.98,19.207,1211.199,1d,uploaded_csv,BTCDOM_INDEX_PROXY,False,True
2023-09-20 00:00:00+00:00,19.207,19.346,19.156,19.339,1367.903,1d,uploaded_csv,BTCDOM_INDEX_PROXY,False,True
2023-09-21 00:00:00+00:00,19.341,19.448,19.241,19.378,1453.297,1d,uploaded_csv,BTCDOM_INDEX_PROXY,False,True
2023-09-22 00:00:00+00:00,19.382,19.418,19.275,19.295,847.084,1d,uploaded_csv,BTCDOM_INDEX_PROXY,False,True
2023-09-23 00:00:00+00:00,19.295,19.346,19.257,19.306,739.427,1d,uploaded_csv,BTCDOM_INDEX_PROXY,False,True
2023-09-24 00:00:00+00:00,19.306,19.359,19.23,19.24,702.359,1d,uploaded_csv,BTCDOM_INDEX_PROXY,False,True
2023-09-25 00:00:00+00:00,19.24,19.258,19.082,19.137,1031.885,1d,uploaded_csv,BTCDOM_INDEX_PROXY,False,True
2023-09-26 00:00:00+00:00,19.138,19.145,19.051,19.06,621.122,1d,uploaded_csv,BTCDOM_INDEX_PROXY,False,True
2023-09-27 00:00:00+00:00,19.059,19.137,18.985,19.13,1123.283,1d,uploaded_csv,BTCDOM_INDEX_PROXY,False,True
2023-09-28 00:00:00+00:00,19.129,19.168,18.901,19.059,1015.921,1d,uploaded_csv,BTCDOM_INDEX_PROXY,False,True
2023-09-29 00:00:00+00:00,19.06,19.095,18.699,18.796,1144.445,1d,uploaded_csv,BTCDOM_INDEX_PROXY,False,True
2023-09-30 00:00:00+00:00,18.794,18.854,18.7,18.8,474.227,1d,uploaded_csv,BTCDOM_INDEX_PROXY,False,True
2023-10-01 00:00:00+00:00,18.8,18.9,18.714,18.883,822.233,1d,uploaded_csv,BTCDOM_INDEX_PROXY,False,True
2023-10-02 00:00:00+00:00,18.883,19.504,18.869,19.205,2767.767,1d,uploaded_csv,BTCDOM_INDEX_PROXY,False,True
2023-10-03 00:00:00+00:00,19.192,19.333,19.045,19.116,1216.654,1d,uploaded_csv,BTCDOM_INDEX_PROXY,False,True
2023-10-04 00:00:00+00:00,19.115,19.491,19.113,19.486,1247.012,1d,uploaded_csv,BTCDOM_INDEX_PROXY,False,True
2023-10-05 00:00:00+00:00,19.485,19.687,19.422,19.581,1732.287,1d,uploaded_csv,BTCDOM_INDEX_PROXY,False,True
2023-10-06 00:00:00+00:00,19.577,19.676,19.448,19.602,1155.361,1d,uploaded_csv,BTCDOM_INDEX_PROXY,False,True
2023-10-07 00:00:00+00:00,19.596,19.748,19.54,19.738,923.98,1d,uploaded_csv,BTCDOM_INDEX_PROXY,False,True
2023-10-08 00:00:00+00:00,19.739,19.835,19.661,19.758,1349.626,1d,uploaded_csv,BTCDOM_INDEX_PROXY,False,True
2023-10-09 00:00:00+00:00,19.758,20.376,19.714,20.176,3257.629,1d,uploaded_csv,BTCDOM_INDEX_PROXY,False,True
2023-10-10 00:00:00+00:00,20.175,20.277,20.09,20.149,1917.345,1d,uploaded_csv,BTCDOM_INDEX_PROXY,False,True
2023-10-11 00:00:00+00:00,20.15,20.213,19.774,19.853,1575.039,1d,uploaded_csv,BTCDOM_INDEX_PROXY,False,True
2023-10-12 00:00:00+00:00,19.854,20.3,19.845,20.069,1251.625,1d,uploaded_csv,BTCDOM_INDEX_PROXY,False,True
2023-10-13 00:00:00+00:00,20.07,20.133,19.891,19.974,832.057,1d,uploaded_csv,BTCDOM_INDEX_PROXY,False,True
2023-10-14 00:00:00+00:00,19.974,20.031,19.884,19.911,552.833,1d,uploaded_csv,BTCDOM_INDEX_PROXY,False,True
2023-10-15 00:00:00+00:00,19.911,20.096,19.894,20.076,1016.765,1d,uploaded_csv,BTCDOM_INDEX_PROXY,False,True
2023-10-16 00:00:00+00:00,20.077,21.309,20.032,20.539,5174.153,1d,uploaded_csv,BTCDOM_INDEX_PROXY,False,True
2023-10-17 00:00:00+00:00,20.538,20.961,20.397,20.848,1826.149,1d,uploaded_csv,BTCDOM_INDEX_PROXY,False,True
2023-10-18 00:00:00+00:00,20.848,21.075,20.657,20.871,1522.962,1d,uploaded_csv,BTCDOM_INDEX_PROXY,False,True
2023-10-19 00:00:00+00:00,20.871,21.204,20.859,20.933,2190.801,1d,uploaded_csv,BTCDOM_INDEX_PROXY,False,True
2023-10-20 00:00:00+00:00,20.933,21.267,20.86,21.213,2490.773,1d,uploaded_csv,BTCDOM_INDEX_PROXY,False,True
2023-10-21 00:00:00+00:00,21.212,21.226,20.921,20.933,1092.616,1d,uploaded_csv,BTCDOM_INDEX_PROXY,False,True
2023-10-22 00:00:00+00:00,20.933,21.048,20.607,20.648,1787.721,1d,uploaded_csv,BTCDOM_INDEX_PROXY,False,True
2023-10-23 00:00:00+00:00,20.647,23.789,20.576,21.496,5406.344,1d,uploaded_csv,BTCDOM_INDEX_PROXY,False,True
2023-10-24 00:00:00+00:00,21.497,22.323,21.401,21.963,5020.687,1d,uploaded_csv,BTCDOM_INDEX_PROXY,False,True
2023-10-25 00:00:00+00:00,21.966,22.439,21.878,22.271,1807.584,1d,uploaded_csv,BTCDOM_INDEX_PROXY,False,True
2023-10-26 00:00:00+00:00,22.271,22.399,21.638,21.924,2829.882,1d,uploaded_csv,BTCDOM_INDEX_PROXY,False,True
2023-10-27 00:00:00+00:00,21.923,22.134,21.9,22.048,932.174,1d,uploaded_csv,BTCDOM_INDEX_PROXY,False,True
2023-10-28 00:00:00+00:00,22.043,22.186,21.947,22.13,602.45,1d,uploaded_csv,BTCDOM_INDEX_PROXY,False,True
2023-10-29 00:00:00+00:00,22.13,22.245,22.021,22.11,723.703,1d,uploaded_csv,BTCDOM_INDEX_PROXY,False,True
2023-10-30 00:00:00+00:00,22.111,22.152,21.756,21.793,2176.032,1d,uploaded_csv,BTCDOM_INDEX_PROXY,False,True
2023-10-31 00:00:00+00:00,21.794,21.969,21.606,21.77,899.599,1d,uploaded_csv,BTCDOM_INDEX_PROXY,False,True
2023-11-01 00:00:00+00:00,21.769,21.967,21.312,21.8,1493.852,1d,uploaded_csv,BTCDOM_INDEX_PROXY,False,True
2023-11-02 00:00:00+00:00,21.798,21.906,21.6,21.878,1092.112,1d,uploaded_csv,BTCDOM_INDEX_PROXY,False,True
2023-11-03 00:00:00+00:00,21.882,21.984,21.46,21.52,1453.319,1d,uploaded_csv,BTCDOM_INDEX_PROXY,False,True
2023-11-04 00:00:00+00:00,21.521,21.588,21.33,21.401,1105.211,1d,uploaded_csv,BTCDOM_INDEX_PROXY,False,True
2023-11-05 00:00:00+00:00,21.404,21.44,20.852,20.887,1647.188,1d,uploaded_csv,BTCDOM_INDEX_PROXY,False,True
2023-11-06 00:00:00+00:00,20.886,20.965,20.43,20.455,1711.353,1d,uploaded_csv,BTCDOM_INDEX_PROXY,False,True
2023-11-07 00:00:00+00:00,20.458,21.051,20.454,20.976,1818.987,1d,uploaded_csv,BTCDOM_INDEX_PROXY,False,True
2023-11-08 00:00:00+00:00,20.966,21.107,20.698,20.925,1157.913,1d,uploaded_csv,BTCDOM_INDEX_PROXY,False,True
2023-11-09 00:00:00+00:00,20.929,21.686,20.114,20.152,4534.001,1d,uploaded_csv,BTCDOM_INDEX_PROXY,False,True
2023-11-10 00:00:00+00:00,20.146,20.631,19.94,20.419,2159.958,1d,uploaded_csv,BTCDOM_INDEX_PROXY,False,True
2023-11-11 00:00:00+00:00,20.415,20.742,20.029,20.4,1506.888,1d,uploaded_csv,BTCDOM_INDEX_PROXY,False,True
2023-11-12 00:00:00+00:00,20.401,20.696,20.246,20.394,1425.635,1d,uploaded_csv,BTCDOM_INDEX_PROXY,False,True
2023-11-13 00:00:00+00:00,20.402,20.507,19.92,20.315,2337.236,1d,uploaded_csv,BTCDOM_INDEX_PROXY,False,True
2023-11-14 00:00:00+00:00,20.315,20.65,20.095,20.338,1641.583,1d,uploaded_csv,BTCDOM_INDEX_PROXY,False,True
2023-11-15 00:00:00+00:00,20.338,20.8,20.102,20.722,1494.185,1d,uploaded_csv,BTCDOM_INDEX_PROXY,False,True
2023-11-16 00:00:00+00:00,20.722,20.931,20.254,20.817,1615.062,1d,uploaded_csv,BTCDOM_INDEX_PROXY,False,True
2023-11-17 00:00:00+00:00,20.817,21.51,20.66,21.049,3362.773,1d,uploaded_csv,BTCDOM_INDEX_PROXY,False,True
2023-11-18 00:00:00+00:00,21.049,21.495,21.009,21.064,3415.562,1d,uploaded_csv,BTCDOM_INDEX_PROXY,False,True
2023-11-19 00:00:00+00:00,21.061,21.256,20.526,20.994,2550.481,1d,uploaded_csv,BTCDOM_INDEX_PROXY,False,True
2023-11-20 00:00:00+00:00,20.993,21.206,20.081,21.15,2100.967,1d,uploaded_csv,BTCDOM_INDEX_PROXY,False,True
2023-11-21 00:00:00+00:00,21.15,21.895,20.924,21.471,3678.504,1d,uploaded_csv,BTCDOM_INDEX_PROXY,False,True
2023-11-22 00:00:00+00:00,21.471,21.471,20.837,21.078,1462.312,1d,uploaded_csv,BTCDOM_INDEX_PROXY,False,True
2023-11-23 00:00:00+00:00,21.069,21.137,20.8,20.985,884.105,1d,uploaded_csv,BTCDOM_INDEX_PROXY,False,True
2023-11-24 00:00:00+00:00,20.983,21.179,20.757,21.05,1008.915,1d,uploaded_csv,BTCDOM_INDEX_PROXY,False,True
2023-11-25 00:00:00+00:00,21.051,21.104,20.931,20.943,395.868,1d,uploaded_csv,BTCDOM_INDEX_PROXY,False,True
2023-11-26 00:00:00+00:00,20.942,21.191,20.808,21.002,697.846,1d,uploaded_csv,BTCDOM_INDEX_PROXY,False,True
2023-11-27 00:00:00+00:00,21.002,21.464,20.943,21.291,1186.2,1d,uploaded_csv,BTCDOM_INDEX_PROXY,False,True
2023-11-28 00:00:00+00:00,21.298,21.49,21.22,21.343,1044.301,1d,uploaded_csv,BTCDOM_INDEX_PROXY,False,True
2023-11-29 00:00:00+00:00,21.342,21.52,21.315,21.49,755.117,1d,uploaded_csv,BTCDOM_INDEX_PROXY,False,True
2023-11-30 00:00:00+00:00,21.49,21.513,21.252,21.268,510.178,1d,uploaded_csv,BTCDOM_INDEX_PROXY,False,True
2023-12-01 00:00:00+00:00,21.267,21.531,21.076,21.472,811.835,1d,uploaded_csv,BTCDOM_INDEX_PROXY,False,True
2023-12-02 00:00:00+00:00,21.472,21.483,21.033,21.232,990.751,1d,uploaded_csv,BTCDOM_INDEX_PROXY,False,True
2023-12-03 00:00:00+00:00,21.234,21.549,21.14,21.406,697.118,1d,uploaded_csv,BTCDOM_INDEX_PROXY,False,True
2023-12-04 00:00:00+00:00,21.406,22.33,21.371,22.054,1948.73,1d,uploaded_csv,BTCDOM_INDEX_PROXY,False,True
2023-12-05 00:00:00+00:00,22.056,23.123,21.92,22.83,1857.748,1d,uploaded_csv,BTCDOM_INDEX_PROXY,False,True
2023-12-06 00:00:00+00:00,22.83,23.02,22.504,22.961,1303.974,1d,uploaded_csv,BTCDOM_INDEX_PROXY,False,True
2023-12-07 00:00:00+00:00,22.962,22.975,21.708,21.774,2127.913,1d,uploaded_csv,BTCDOM_INDEX_PROXY,False,True
2023-12-08 00:00:00+00:00,21.773,21.855,21.512,21.661,2019.189,1d,uploaded_csv,BTCDOM_INDEX_PROXY,False,True
2023-12-09 00:00:00+00:00,21.66,21.677,21.053,21.571,2559.818,1d,uploaded_csv,BTCDOM_INDEX_PROXY,False,True
2023-12-10 00:00:00+00:00,21.575,21.758,21.233,21.395,1032.327,1d,uploaded_csv,BTCDOM_INDEX_PROXY,False,True
2023-12-11 00:00:00+00:00,21.395,23.219,21.075,21.304,3884.169,1d,uploaded_csv,BTCDOM_INDEX_PROXY,False,True
2023-12-12 00:00:00+00:00,21.298,21.6,21.236,21.464,810.626,1d,uploaded_csv,BTCDOM_INDEX_PROXY,False,True
2023-12-13 00:00:00+00:00,21.466,21.847,21.395,21.647,1291.24,1d,uploaded_csv,BTCDOM_INDEX_PROXY,False,True
2023-12-14 00:00:00+00:00,21.647,21.745,21.257,21.308,1350.531,1d,uploaded_csv,BTCDOM_INDEX_PROXY,False,True
2023-12-15 00:00:00+00:00,21.307,21.776,21.2,21.66,1096.113,1d,uploaded_csv,BTCDOM_INDEX_PROXY,False,True
2023-12-16 00:00:00+00:00,21.66,21.714,21.452,21.615,843.906,1d,uploaded_csv,BTCDOM_INDEX_PROXY,False,True
2023-12-17 00:00:00+00:00,21.617,21.72,21.484,21.602,602.131,1d,uploaded_csv,BTCDOM_INDEX_PROXY,False,True
2023-12-18 00:00:00+00:00,21.606,22.148,21.518,21.979,1897.166,1d,uploaded_csv,BTCDOM_INDEX_PROXY,False,True
2023-12-19 00:00:00+00:00,21.979,22.269,21.878,22.122,1097.289,1d,uploaded_csv,BTCDOM_INDEX_PROXY,False,True
2023-12-20 00:00:00+00:00,22.121,22.593,21.942,22.377,1119.45,1d,uploaded_csv,BTCDOM_INDEX_PROXY,False,True
2023-12-21 00:00:00+00:00,22.377,22.539,21.691,21.748,1034.516,1d,uploaded_csv,BTCDOM_INDEX_PROXY,False,True
2023-12-22 00:00:00+00:00,21.748,21.779,21.105,21.262,1529.939,1d,uploaded_csv,BTCDOM_INDEX_PROXY,False,True
2023-12-23 00:00:00+00:00,21.268,21.621,21.044,21.108,1136.143,1d,uploaded_csv,BTCDOM_INDEX_PROXY,False,True
2023-12-24 00:00:00+00:00,21.112,21.243,20.957,21.042,1438.256,1d,uploaded_csv,BTCDOM_INDEX_PROXY,False,True
2023-12-25 00:00:00+00:00,21.042,21.122,20.849,20.962,1074.186,1d,uploaded_csv,BTCDOM_INDEX_PROXY,False,True
2023-12-26 00:00:00+00:00,20.962,21.09,20.567,20.66,2131.147,1d,uploaded_csv,BTCDOM_INDEX_PROXY,False,True
2023-12-27 00:00:00+00:00,20.656,20.857,20.044,20.123,2093.704,1d,uploaded_csv,BTCDOM_INDEX_PROXY,False,True
2023-12-28 00:00:00+00:00,20.119,20.135,19.701,20.021,3076.225,1d,uploaded_csv,BTCDOM_INDEX_PROXY,False,True
2023-12-29 00:00:00+00:00,20.022,20.196,19.835,20.09,1715.585,1d,uploaded_csv,BTCDOM_INDEX_PROXY,False,True
2023-12-30 00:00:00+00:00,20.089,20.282,19.976,20.194,731.375,1d,uploaded_csv,BTCDOM_INDEX_PROXY,False,True
2023-12-31 00:00:00+00:00,20.189,20.529,20.115,20.343,994.267,1d,uploaded_csv,BTCDOM_INDEX_PROXY,False,True
2024-01-01 00:00:00+00:00,20.343,20.602,20.219,20.573,1274.528,1d,uploaded_csv,BTCDOM_INDEX_PROXY,False,True
2024-01-02 00:00:00+00:00,20.575,21.2,20.564,21.085,1759.289,1d,uploaded_csv,BTCDOM_INDEX_PROXY,False,True
2024-01-03 00:00:00+00:00,21.089,22.28,20.674,21.417,4667.932,1d,uploaded_csv,BTCDOM_INDEX_PROXY,False,True
2024-01-04 00:00:00+00:00,21.42,21.662,21.166,21.526,1975.901,1d,uploaded_csv,BTCDOM_INDEX_PROXY,False,True
2024-01-05 00:00:00+00:00,21.523,22.01,21.254,21.853,2253.713,1d,uploaded_csv,BTCDOM_INDEX_PROXY,False,True
2024-01-06 00:00:00+00:00,21.848,22.414,21.843,22.259,2326.116,1d,uploaded_csv,BTCDOM_INDEX_PROXY,False,True
2024-01-07 00:00:00+00:00,22.259,22.792,22.105,22.657,2252.511,1d,uploaded_csv,BTCDOM_INDEX_PROXY,False,True
2024-01-08 00:00:00+00:00,22.658,23.073,22.462,22.981,6124.53,1d,uploaded_csv,BTCDOM_INDEX_PROXY,False,True
2024-01-09 00:00:00+00:00,22.988,23.8,22.442,22.729,7747.966,1d,uploaded_csv,BTCDOM_INDEX_PROXY,False,True
2024-01-10 00:00:00+00:00,22.729,22.759,21.24,21.324,5731.861,1d,uploaded_csv,BTCDOM_INDEX_PROXY,False,True
2024-01-11 00:00:00+00:00,21.324,21.687,20.083,20.978,8376.432,1d,uploaded_csv,BTCDOM_INDEX_PROXY,False,True
2024-01-12 00:00:00+00:00,20.978,21.093,19.68,20.223,5135.61,1d,uploaded_csv,BTCDOM_INDEX_PROXY,False,True
2024-01-13 00:00:00+00:00,20.22,20.423,19.805,19.835,2229.007,1d,uploaded_csv,BTCDOM_INDEX_PROXY,False,True
2024-01-14 00:00:00+00:00,19.832,20.198,19.831,19.969,2040.359,1d,uploaded_csv,BTCDOM_INDEX_PROXY,False,True
2024-01-15 00:00:00+00:00,19.97,20.1,19.769,19.999,1483.479,1d,uploaded_csv,BTCDOM_INDEX_PROXY,False,True
2024-01-16 00:00:00+00:00,19.999,20.089,19.848,19.91,1210.817,1d,uploaded_csv,BTCDOM_INDEX_PROXY,False,True
2024-01-17 00:00:00+00:00,19.911,20.037,19.739,19.997,1412.575,1d,uploaded_csv,BTCDOM_INDEX_PROXY,False,True
2024-01-18 00:00:00+00:00,19.997,20.118,19.834,19.904,1577.568,1d,uploaded_csv,BTCDOM_INDEX_PROXY,False,True
2024-01-19 00:00:00+00:00,19.905,20.142,19.74,19.932,1810.326,1d,uploaded_csv,BTCDOM_INDEX_PROXY,False,True
2024-01-20 00:00:00+00:00,19.937,20.106,19.88,19.97,742.922,1d,uploaded_csv,BTCDOM_INDEX_PROXY,False,True
2024-01-21 00:00:00+00:00,19.969,20.108,19.903,20.098,438.687,1d,uploaded_csv,BTCDOM_INDEX_PROXY,False,True
2024-01-22 00:00:00+00:00,20.098,20.39,20.009,20.216,2423.477,1d,uploaded_csv,BTCDOM_INDEX_PROXY,False,True
2024-01-23 00:00:00+00:00,20.218,21.033,20.155,20.865,3754.029,1d,uploaded_csv,BTCDOM_INDEX_PROXY,False,True
2024-01-24 00:00:00+00:00,20.865,21.108,20.862,20.917,1618.12,1d,uploaded_csv,BTCDOM_INDEX_PROXY,False,True
2024-01-25 00:00:00+00:00,20.927,21.19,20.86,21.008,1462.65,1d,uploaded_csv,BTCDOM_INDEX_PROXY,False,True
2024-01-26 00:00:00+00:00,21.008,21.543,20.923,21.345,1239.242,1d,uploaded_csv,BTCDOM_INDEX_PROXY,False,True
2024-01-27 00:00:00+00:00,21.345,21.445,21.205,21.401,649.95,1d,uploaded_csv,BTCDOM_INDEX_PROXY,False,True
2024-01-28 00:00:00+00:00,21.404,21.497,21.264,21.422,763.679,1d,uploaded_csv,BTCDOM_INDEX_PROXY,False,True
2024-01-29 00:00:00+00:00,21.423,21.599,21.331,21.43,851.978,1d,uploaded_csv,BTCDOM_INDEX_PROXY,False,True
2024-01-30 00:00:00+00:00,21.431,21.615,21.087,21.265,1263.506,1d,uploaded_csv,BTCDOM_INDEX_PROXY,False,True
2024-01-31 00:00:00+00:00,21.262,21.722,21.244,21.673,1520.671,1d,uploaded_csv,BTCDOM_INDEX_PROXY,False,True
2024-02-01 00:00:00+00:00,21.671,21.752,21.492,21.671,1423.809,1d,uploaded_csv,BTCDOM_INDEX_PROXY,False,True
2024-02-02 00:00:00+00:00,21.672,21.697,21.436,21.559,589.765,1d,uploaded_csv,BTCDOM_INDEX_PROXY,False,True
2024-02-03 00:00:00+00:00,21.56,21.607,21.445,21.587,283.647,1d,uploaded_csv,BTCDOM_INDEX_PROXY,False,True
2024-02-04 00:00:00+00:00,21.587,21.657,21.455,21.517,511.42,1d,uploaded_csv,BTCDOM_INDEX_PROXY,False,True
2024-02-05 00:00:00+00:00,21.518,21.61,21.362,21.502,514.365,1d,uploaded_csv,BTCDOM_INDEX_PROXY,False,True
2024-02-06 00:00:00+00:00,21.502,21.579,21.233,21.34,832.829,1d,uploaded_csv,BTCDOM_INDEX_PROXY,False,True
2024-02-07 00:00:00+00:00,21.34,21.435,21.111,21.423,653.666,1d,uploaded_csv,BTCDOM_INDEX_PROXY,False,True
2024-02-08 00:00:00+00:00,21.422,21.86,21.414,21.802,1162.647,1d,uploaded_csv,BTCDOM_INDEX_PROXY,False,True
2024-02-09 00:00:00+00:00,21.8,22.431,21.753,22.117,1947.883,1d,uploaded_csv,BTCDOM_INDEX_PROXY,False,True
2024-02-10 00:00:00+00:00,22.117,22.38,21.987,22.266,835.463,1d,uploaded_csv,BTCDOM_INDEX_PROXY,False,True
2024-02-11 00:00:00+00:00,22.265,22.508,22.162,22.501,627.903,1d,uploaded_csv,BTCDOM_INDEX_PROXY,False,True
2024-02-12 00:00:00+00:00,22.503,22.928,22.229,22.274,2643.65,1d,uploaded_csv,BTCDOM_INDEX_PROXY,False,True
2024-02-13 00:00:00+00:00,22.271,22.399,22.021,22.38,2232.438,1d,uploaded_csv,BTCDOM_INDEX_PROXY,False,True
2024-02-14 00:00:00+00:00,22.381,22.587,22.185,22.319,1542.856,1d,uploaded_csv,BTCDOM_INDEX_PROXY,False,True
2024-02-15 00:00:00+00:00,22.32,22.438,21.773,21.957,1571.453,1d,uploaded_csv,BTCDOM_INDEX_PROXY,False,True
2024-02-16 00:00:00+00:00,21.955,22.362,21.806,22.195,1156.384,1d,uploaded_csv,BTCDOM_INDEX_PROXY,False,True
2024-02-17 00:00:00+00:00,22.195,22.3,22.085,22.118,675.674,1d,uploaded_csv,BTCDOM_INDEX_PROXY,False,True
2024-02-18 00:00:00+00:00,22.119,22.172,21.732,21.788,861.902,1d,uploaded_csv,BTCDOM_INDEX_PROXY,False,True
2024-02-19 00:00:00+00:00,21.792,21.849,21.168,21.282,1764.567,1d,uploaded_csv,BTCDOM_INDEX_PROXY,False,True
2024-02-20 00:00:00+00:00,21.282,21.719,21.188,21.303,1888.127,1d,uploaded_csv,BTCDOM_INDEX_PROXY,False,True
2024-02-21 00:00:00+00:00,21.3,21.668,21.275,21.418,1354.015,1d,uploaded_csv,BTCDOM_INDEX_PROXY,False,True
2024-02-22 00:00:00+00:00,21.417,21.596,21.102,21.208,1591.869,1d,uploaded_csv,BTCDOM_INDEX_PROXY,False,True
2024-02-23 00:00:00+00:00,21.211,21.457,21.132,21.271,1256.015,1d,uploaded_csv,BTCDOM_INDEX_PROXY,False,True
2024-02-24 00:00:00+00:00,21.271,21.38,21.027,21.105,942.911,1d,uploaded_csv,BTCDOM_INDEX_PROXY,False,True
2024-02-25 00:00:00+00:00,21.108,21.157,20.575,20.648,1209.842,1d,uploaded_csv,BTCDOM_INDEX_PROXY,False,True
2024-02-26 00:00:00+00:00,20.645,21.32,20.525,21.179,1832.169,1d,uploaded_csv,BTCDOM_INDEX_PROXY,False,True
2024-02-27 00:00:00+00:00,21.181,21.961,21.157,21.832,2183.121,1d,uploaded_csv,BTCDOM_INDEX_PROXY,False,True
2024-02-28 00:00:00+00:00,21.831,23.5,21.738,22.929,4856.917,1d,uploaded_csv,BTCDOM_INDEX_PROXY,False,True
2024-02-29 00:00:00+00:00,22.929,22.99,22.079,22.594,2900.147,1d,uploaded_csv,BTCDOM_INDEX_PROXY,False,True
2024-03-01 00:00:00+00:00,22.594,22.622,22.151,22.29,1432.36,1d,uploaded_csv,BTCDOM_INDEX_PROXY,False,True
2024-03-02 00:00:00+00:00,22.29,22.321,21.822,21.824,1508.384,1d,uploaded_csv,BTCDOM_INDEX_PROXY,False,True
2024-03-03 00:00:00+00:00,21.821,22.346,21.734,21.98,2222.947,1d,uploaded_csv,BTCDOM_INDEX_PROXY,False,True
2024-03-04 00:00:00+00:00,21.977,23.066,21.909,22.97,3336.638,1d,uploaded_csv,BTCDOM_INDEX_PROXY,False,True
2024-03-05 00:00:00+00:00,22.97,23.071,21.739,22.325,6835.77,1d,uploaded_csv,BTCDOM_INDEX_PROXY,False,True
2024-03-06 00:00:00+00:00,22.328,22.485,21.607,21.642,3115.801,1d,uploaded_csv,BTCDOM_INDEX_PROXY,False,True
2024-03-07 00:00:00+00:00,21.642,21.957,21.3,21.339,2052.632,1d,uploaded_csv,BTCDOM_INDEX_PROXY,False,True
2024-03-08 00:00:00+00:00,21.339,21.796,21.069,21.653,3259.327,1d,uploaded_csv,BTCDOM_INDEX_PROXY,False,True
2024-03-09 00:00:00+00:00,21.658,21.68,21.386,21.564,1275.662,1d,uploaded_csv,BTCDOM_INDEX_PROXY,False,True
2024-03-10 00:00:00+00:00,21.564,22.051,21.497,21.817,1770.613,1d,uploaded_csv,BTCDOM_INDEX_PROXY,False,True
2024-03-11 00:00:00+00:00,21.818,22.216,21.704,21.725,2536.445,1d,uploaded_csv,BTCDOM_INDEX_PROXY,False,True
2024-03-12 00:00:00+00:00,21.725,22.174,21.632,21.961,2468.144,1d,uploaded_csv,BTCDOM_INDEX_PROXY,False,True
2024-03-13 00:00:00+00:00,21.961,22.231,21.88,21.936,1324.724,1d,uploaded_csv,BTCDOM_INDEX_PROXY,False,True
2024-03-14 00:00:00+00:00,21.93,22.205,21.802,21.815,1992.317,1d,uploaded_csv,BTCDOM_INDEX_PROXY,False,True
2024-03-15 00:00:00+00:00,21.811,22.093,21.597,21.806,3391.062,1d,uploaded_csv,BTCDOM_INDEX_PROXY,False,True
2024-03-16 00:00:00+00:00,21.806,22.192,21.567,21.875,2688.816,1d,uploaded_csv,BTCDOM_INDEX_PROXY,False,True
2024-03-17 00:00:00+00:00,21.875,22.42,21.843,22.125,3026.736,1d,uploaded_csv,BTCDOM_INDEX_PROXY,False,True
2024-03-18 00:00:00+00:00,22.125,22.7,22.071,22.502,2270.858,1d,uploaded_csv,BTCDOM_INDEX_PROXY,False,True
2024-03-19 00:00:00+00:00,22.51,23.142,22.507,23.002,5324.935,1d,uploaded_csv,BTCDOM_INDEX_PROXY,False,True
2024-03-20 00:00:00+00:00,23.002,23.285,22.411,22.731,4486.479,1d,uploaded_csv,BTCDOM_INDEX_PROXY,False,True
2024-03-21 00:00:00+00:00,22.725,22.81,22.067,22.139,2954.342,1d,uploaded_csv,BTCDOM_INDEX_PROXY,False,True
2024-03-22 00:00:00+00:00,22.139,22.466,22.08,22.293,2517.738,1d,uploaded_csv,BTCDOM_INDEX_PROXY,False,True
2024-03-23 00:00:00+00:00,22.293,22.488,22.207,22.35,1499.007,1d,uploaded_csv,BTCDOM_INDEX_PROXY,False,True
2024-03-24 00:00:00+00:00,22.35,22.609,22.28,22.569,1199.343,1d,uploaded_csv,BTCDOM_INDEX_PROXY,False,True
2024-03-25 00:00:00+00:00,22.569,22.76,22.302,22.683,1509.431,1d,uploaded_csv,BTCDOM_INDEX_PROXY,False,True
2024-03-26 00:00:00+00:00,22.683,22.85,22.485,22.715,1613.773,1d,uploaded_csv,BTCDOM_INDEX_PROXY,False,True
2024-03-27 00:00:00+00:00,22.715,23.01,22.692,22.967,1446.51,1d,uploaded_csv,BTCDOM_INDEX_PROXY,False,True
2024-03-28 00:00:00+00:00,22.97,23.116,22.85,22.958,1434.13,1d,uploaded_csv,BTCDOM_INDEX_PROXY,False,True
2024-03-29 00:00:00+00:00,22.957,23.052,22.575,22.647,1241.307,1d,uploaded_csv,BTCDOM_INDEX_PROXY,False,True
2024-03-30 00:00:00+00:00,22.639,22.824,22.552,22.737,1094.761,1d,uploaded_csv,BTCDOM_INDEX_PROXY,False,True
2024-03-31 00:00:00+00:00,22.738,22.759,22.345,22.462,1285.689,1d,uploaded_csv,BTCDOM_INDEX_PROXY,False,True
2024-04-01 00:00:00+00:00,22.459,23.024,22.393,22.925,2158.398,1d,uploaded_csv,BTCDOM_INDEX_PROXY,False,True
2024-04-02 00:00:00+00:00,22.924,23.054,22.745,22.875,3104.289,1d,uploaded_csv,BTCDOM_INDEX_PROXY,False,True
2024-04-03 00:00:00+00:00,22.876,23.187,22.73,22.988,2259.787,1d,uploaded_csv,BTCDOM_INDEX_PROXY,False,True
2024-04-04 00:00:00+00:00,22.99,23.591,22.744,23.555,2300.716,1d,uploaded_csv,BTCDOM_INDEX_PROXY,False,True
2024-04-05 00:00:00+00:00,23.556,23.8,23.376,23.635,3668.375,1d,uploaded_csv,BTCDOM_INDEX_PROXY,False,True
2024-04-06 00:00:00+00:00,23.635,23.677,23.362,23.628,1116.412,1d,uploaded_csv,BTCDOM_INDEX_PROXY,False,True
2024-04-07 00:00:00+00:00,23.629,23.75,23.321,23.324,1343.517,1d,uploaded_csv,BTCDOM_INDEX_PROXY,False,True
2024-04-08 00:00:00+00:00,23.322,23.668,23.048,23.096,1853.129,1d,uploaded_csv,BTCDOM_INDEX_PROXY,False,True
2024-04-09 00:00:00+00:00,23.096,23.386,22.993,23.268,1856.537,1d,uploaded_csv,BTCDOM_INDEX_PROXY,False,True
2024-04-10 00:00:00+00:00,23.268,23.575,23.201,23.5,2069.138,1d,uploaded_csv,BTCDOM_INDEX_PROXY,False,True
2024-04-11 00:00:00+00:00,23.501,23.695,23.355,23.579,2050.446,1d,uploaded_csv,BTCDOM_INDEX_PROXY,False,True
2024-04-12 00:00:00+00:00,23.579,28.473,23.493,24.674,10481.346,1d,uploaded_csv,BTCDOM_INDEX_PROXY,False,True
2024-04-13 00:00:00+00:00,24.67,29.7,24.585,25.719,17477.159,1d,uploaded_csv,BTCDOM_INDEX_PROXY,False,True
2024-04-14 00:00:00+00:00,25.719,26.114,24.793,24.99,9639.074,1d,uploaded_csv,BTCDOM_INDEX_PROXY,False,True
2024-04-15 00:00:00+00:00,24.99,25.351,24.454,24.831,5545.139,1d,uploaded_csv,BTCDOM_INDEX_PROXY,False,True
2024-04-16 00:00:00+00:00,24.827,25.296,24.777,25.187,4408.478,1d,uploaded_csv,BTCDOM_INDEX_PROXY,False,True
2024-04-17 00:00:00+00:00,25.184,25.363,24.608,24.91,2920.855,1d,uploaded_csv,BTCDOM_INDEX_PROXY,False,True
2024-04-18 00:00:00+00:00,24.911,25.258,24.712,25.024,2235.149,1d,uploaded_csv,BTCDOM_INDEX_PROXY,False,True
2024-04-19 00:00:00+00:00,25.028,25.457,24.965,25.122,2668.477,1d,uploaded_csv,BTCDOM_INDEX_PROXY,False,True
2024-04-20 00:00:00+00:00,25.122,25.211,24.362,24.541,1793.665,1d,uploaded_csv,BTCDOM_INDEX_PROXY,False,True
2024-04-21 00:00:00+00:00,24.54,24.734,24.402,24.683,1657.722,1d,uploaded_csv,BTCDOM_INDEX_PROXY,False,True
2024-04-22 00:00:00+00:00,24.682,24.763,24.411,24.707,1422.331,1d,uploaded_csv,BTCDOM_INDEX_PROXY,False,True
2024-04-23 00:00:00+00:00,24.707,24.854,24.465,24.584,898.124,1d,uploaded_csv,BTCDOM_INDEX_PROXY,False,True
2024-04-24 00:00:00+00:00,24.584,24.69,24.204,24.452,1095.459,1d,uploaded_csv,BTCDOM_INDEX_PROXY,False,True
2024-04-25 00:00:00+00:00,24.458,24.601,24.15,24.449,1704.298,1d,uploaded_csv,BTCDOM_INDEX_PROXY,False,True
2024-04-26 00:00:00+00:00,24.455,24.631,24.36,24.547,866.297,1d,uploaded_csv,BTCDOM_INDEX_PROXY,False,True
2024-04-27 00:00:00+00:00,24.547,24.675,23.72,23.852,1551.206,1d,uploaded_csv,BTCDOM_INDEX_PROXY,False,True
2024-04-28 00:00:00+00:00,23.852,23.907,23.503,23.782,1261.959,1d,uploaded_csv,BTCDOM_INDEX_PROXY,False,True
2024-04-29 00:00:00+00:00,23.785,24.35,23.731,24.329,2048.413,1d,uploaded_csv,BTCDOM_INDEX_PROXY,False,True
2024-04-30 00:00:00+00:00,24.329,25.0,24.308,24.543,4144.426,1d,uploaded_csv,BTCDOM_INDEX_PROXY,False,True
2024-05-01 00:00:00+00:00,24.542,24.6,23.425,23.614,2762.697,1d,uploaded_csv,BTCDOM_INDEX_PROXY,False,True
2024-05-02 00:00:00+00:00,23.618,23.831,23.373,23.762,1195.808,1d,uploaded_csv,BTCDOM_INDEX_PROXY,False,True
2024-05-03 00:00:00+00:00,23.756,24.35,23.668,24.303,1024.291,1d,uploaded_csv,BTCDOM_INDEX_PROXY,False,True
2024-05-04 00:00:00+00:00,24.297,24.638,24.187,24.603,749.486,1d,uploaded_csv,BTCDOM_INDEX_PROXY,False,True
2024-05-05 00:00:00+00:00,24.602,24.698,24.286,24.478,768.612,1d,uploaded_csv,BTCDOM_INDEX_PROXY,False,True
2024-05-06 00:00:00+00:00,24.478,24.5,24.232,24.427,752.696,1d,uploaded_csv,BTCDOM_INDEX_PROXY,False,True
2024-05-07 00:00:00+00:00,24.422,24.7,24.381,24.631,861.044,1d,uploaded_csv,BTCDOM_INDEX_PROXY,False,True
2024-05-08 00:00:00+00:00,24.631,24.799,24.379,24.403,1095.977,1d,uploaded_csv,BTCDOM_INDEX_PROXY,False,True
2024-05-09 00:00:00+00:00,24.402,24.564,24.25,24.543,832.775,1d,uploaded_csv,BTCDOM_INDEX_PROXY,False,True
2024-05-10 00:00:00+00:00,24.544,24.7,24.431,24.605,887.793,1d,uploaded_csv,BTCDOM_INDEX_PROXY,False,True
2024-05-11 00:00:00+00:00,24.603,24.669,24.495,24.572,404.809,1d,uploaded_csv,BTCDOM_INDEX_PROXY,False,True
2024-05-12 00:00:00+00:00,24.58,24.83,24.529,24.828,443.462,1d,uploaded_csv,BTCDOM_INDEX_PROXY,False,True
2024-05-13 00:00:00+00:00,24.83,25.228,24.758,25.198,1393.414,1d,uploaded_csv,BTCDOM_INDEX_PROXY,False,True
2024-05-14 00:00:00+00:00,25.199,25.403,24.924,25.331,1307.737,1d,uploaded_csv,BTCDOM_INDEX_PROXY,False,True
2024-05-15 00:00:00+00:00,25.331,25.99,25.265,25.779,1977.288,1d,uploaded_csv,BTCDOM_INDEX_PROXY,False,True
2024-05-16 00:00:00+00:00,25.779,26.294,25.643,25.936,1700.839,1d,uploaded_csv,BTCDOM_INDEX_PROXY,False,True
2024-05-17 00:00:00+00:00,25.938,26.093,25.339,25.549,1519.262,1d,uploaded_csv,BTCDOM_INDEX_PROXY,False,True
2024-05-18 00:00:00+00:00,25.549,25.569,25.284,25.359,610.556,1d,uploaded_csv,BTCDOM_INDEX_PROXY,False,True
2024-05-19 00:00:00+00:00,25.361,25.784,25.279,25.521,1389.352,1d,uploaded_csv,BTCDOM_INDEX_PROXY,False,True
2024-05-20 00:00:00+00:00,25.526,25.836,23.73,24.24,3799.295,1d,uploaded_csv,BTCDOM_INDEX_PROXY,False,True
2024-05-21 00:00:00+00:00,24.24,24.363,23.224,23.407,4138.294,1d,uploaded_csv,BTCDOM_INDEX_PROXY,False,True
2024-05-22 00:00:00+00:00,23.401,23.889,23.296,23.439,2638.396,1d,uploaded_csv,BTCDOM_INDEX_PROXY,False,True
2024-05-23 00:00:00+00:00,23.436,23.8,22.732,23.044,7068.656,1d,uploaded_csv,BTCDOM_INDEX_PROXY,False,True
2024-05-24 00:00:00+00:00,23.049,23.785,22.843,23.493,2580.487,1d,uploaded_csv,BTCDOM_INDEX_PROXY,False,True
2024-05-25 00:00:00+00:00,23.498,23.699,23.331,23.564,758.586,1d,uploaded_csv,BTCDOM_INDEX_PROXY,False,True
2024-05-26 00:00:00+00:00,23.569,23.604,23.11,23.196,867.413,1d,uploaded_csv,BTCDOM_INDEX_PROXY,False,True
2024-05-27 00:00:00+00:00,23.197,23.222,22.809,23.077,1116.189,1d,uploaded_csv,BTCDOM_INDEX_PROXY,False,True
2024-05-28 00:00:00+00:00,23.079,23.14,22.741,23.038,1257.313,1d,uploaded_csv,BTCDOM_INDEX_PROXY,False,True
2024-05-29 00:00:00+00:00,23.038,23.144,22.9,23.118,1063.057,1d,uploaded_csv,BTCDOM_INDEX_PROXY,False,True
2024-05-30 00:00:00+00:00,23.114,23.592,23.096,23.516,1116.186,1d,uploaded_csv,BTCDOM_INDEX_PROXY,False,True
2024-05-31 00:00:00+00:00,23.519,23.61,23.099,23.223,1662.849,1d,uploaded_csv,BTCDOM_INDEX_PROXY,False,True
2024-06-01 00:00:00+00:00,23.223,23.256,22.982,23.06,559.209,1d,uploaded_csv,BTCDOM_INDEX_PROXY,False,True
2024-06-02 00:00:00+00:00,23.061,23.412,22.962,23.266,621.093,1d,uploaded_csv,BTCDOM_INDEX_PROXY,False,True
2024-06-03 00:00:00+00:00,23.264,23.673,23.257,23.53,776.974,1d,uploaded_csv,BTCDOM_INDEX_PROXY,False,True
2024-06-04 00:00:00+00:00,23.525,23.737,23.47,23.51,1096.238,1d,uploaded_csv,BTCDOM_INDEX_PROXY,False,True
2024-06-05 00:00:00+00:00,23.513,23.75,23.35,23.392,924.681,1d,uploaded_csv,BTCDOM_INDEX_PROXY,False,True
2024-06-06 00:00:00+00:00,23.392,23.654,23.366,23.552,666.437,1d,uploaded_csv,BTCDOM_INDEX_PROXY,False,True
2024-06-07 00:00:00+00:00,23.552,24.699,23.545,24.007,2444.55,1d,uploaded_csv,BTCDOM_INDEX_PROXY,False,True
2024-06-08 00:00:00+00:00,24.006,24.22,23.9,24.144,1803.96,1d,uploaded_csv,BTCDOM_INDEX_PROXY,False,True
2024-06-09 00:00:00+00:00,24.144,25.662,24.05,24.098,1501.981,1d,uploaded_csv,BTCDOM_INDEX_PROXY,False,True
2024-06-10 00:00:00+00:00,24.099,24.582,24.077,24.519,916.704,1d,uploaded_csv,BTCDOM_INDEX_PROXY,False,True
2024-06-11 00:00:00+00:00,24.513,25.152,24.379,24.874,2535.764,1d,uploaded_csv,BTCDOM_INDEX_PROXY,False,True
2024-06-12 00:00:00+00:00,24.875,25.076,24.5,24.575,2040.426,1d,uploaded_csv,BTCDOM_INDEX_PROXY,False,True
2024-06-13 00:00:00+00:00,24.575,24.976,24.54,24.83,1463.443,1d,uploaded_csv,BTCDOM_INDEX_PROXY,False,True
2024-06-14 00:00:00+00:00,24.831,25.1,24.556,24.638,1289.487,1d,uploaded_csv,BTCDOM_INDEX_PROXY,False,True
2024-06-15 00:00:00+00:00,24.638,24.708,24.181,24.235,613.039,1d,uploaded_csv,BTCDOM_INDEX_PROXY,False,True
2024-06-16 00:00:00+00:00,24.225,24.396,23.933,24.037,607.22,1d,uploaded_csv,BTCDOM_INDEX_PROXY,False,True
2024-06-17 00:00:00+00:00,24.035,24.734,23.988,24.71,1023.575,1d,uploaded_csv,BTCDOM_INDEX_PROXY,False,True
2024-06-18 00:00:00+00:00,24.71,26.15,24.65,24.78,4777.61,1d,uploaded_csv,BTCDOM_INDEX_PROXY,False,True
2024-06-19 00:00:00+00:00,24.778,24.808,24.19,24.31,1485.387,1d,uploaded_csv,BTCDOM_INDEX_PROXY,False,True
2024-06-20 00:00:00+00:00,24.314,24.638,24.26,24.567,979.465,1d,uploaded_csv,BTCDOM_INDEX_PROXY,False,True
2024-06-21 00:00:00+00:00,24.57,24.672,24.186,24.308,748.58,1d,uploaded_csv,BTCDOM_INDEX_PROXY,False,True
2024-06-22 00:00:00+00:00,24.31,24.621,24.31,24.436,491.018,1d,uploaded_csv,BTCDOM_INDEX_PROXY,False,True
2024-06-23 00:00:00+00:00,24.436,24.78,24.328,24.595,556.916,1d,uploaded_csv,BTCDOM_INDEX_PROXY,False,True
2024-06-24 00:00:00+00:00,24.592,24.99,23.628,23.762,2535.662,1d,uploaded_csv,BTCDOM_INDEX_PROXY,False,True
2024-06-25 00:00:00+00:00,23.761,23.953,23.657,23.904,830.043,1d,uploaded_csv,BTCDOM_INDEX_PROXY,False,True
2024-06-26 00:00:00+00:00,23.902,24.045,23.551,23.763,808.706,1d,uploaded_csv,BTCDOM_INDEX_PROXY,False,True
2024-06-27 00:00:00+00:00,23.761,23.836,23.334,23.396,665.193,1d,uploaded_csv,BTCDOM_INDEX_PROXY,False,True
2024-06-28 00:00:00+00:00,23.397,23.547,23.289,23.501,831.088,1d,uploaded_csv,BTCDOM_INDEX_PROXY,False,True
2024-06-29 00:00:00+00:00,23.502,23.73,23.47,23.695,632.633,1d,uploaded_csv,BTCDOM_INDEX_PROXY,False,True
2024-06-30 00:00:00+00:00,23.695,23.908,23.651,23.888,537.499,1d,uploaded_csv,BTCDOM_INDEX_PROXY,False,True
2024-07-01 00:00:00+00:00,23.893,24.0,23.687,23.939,519.971,1d,uploaded_csv,BTCDOM_INDEX_PROXY,False,True
2024-07-02 00:00:00+00:00,23.937,24.243,23.524,23.583,541.814,1d,uploaded_csv,BTCDOM_INDEX_PROXY,False,True
2024-07-03 00:00:00+00:00,23.584,23.968,23.455,23.856,839.57,1d,uploaded_csv,BTCDOM_INDEX_PROXY,False,True
2024-07-04 00:00:00+00:00,23.851,24.6,23.738,24.488,2596.139,1d,uploaded_csv,BTCDOM_INDEX_PROXY,False,True
2024-07-05 00:00:00+00:00,24.483,25.52,24.42,24.708,7802.829,1d,uploaded_csv,BTCDOM_INDEX_PROXY,False,True
2024-07-06 00:00:00+00:00,24.709,24.775,24.267,24.39,1091.217,1d,uploaded_csv,BTCDOM_INDEX_PROXY,False,True
2024-07-07 00:00:00+00:00,24.391,25.079,24.388,24.755,1388.244,1d,uploaded_csv,BTCDOM_INDEX_PROXY,False,True
2024-07-08 00:00:00+00:00,24.753,25.054,24.161,24.289,2359.194,1d,uploaded_csv,BTCDOM_INDEX_PROXY,False,True
2024-07-09 00:00:00+00:00,24.285,24.517,24.143,24.515,755.945,1d,uploaded_csv,BTCDOM_INDEX_PROXY,False,True
2024-07-10 00:00:00+00:00,24.515,24.702,23.937,24.119,851.051,1d,uploaded_csv,BTCDOM_INDEX_PROXY,False,True
2024-07-11 00:00:00+00:00,24.116,24.257,23.788,24.051,776.149,1d,uploaded_csv,BTCDOM_INDEX_PROXY,False,True
2024-07-12 00:00:00+00:00,24.048,24.143,23.859,23.875,506.642,1d,uploaded_csv,BTCDOM_INDEX_PROXY,False,True
2024-07-13 00:00:00+00:00,23.875,24.022,23.718,23.961,438.223,1d,uploaded_csv,BTCDOM_INDEX_PROXY,False,True
2024-07-14 00:00:00+00:00,23.96,24.239,23.939,24.09,359.083,1d,uploaded_csv,BTCDOM_INDEX_PROXY,False,True
2024-07-15 00:00:00+00:00,24.092,24.33,23.897,24.017,882.623,1d,uploaded_csv,BTCDOM_INDEX_PROXY,False,True
2024-07-16 00:00:00+00:00,24.017,24.334,23.913,24.296,1147.368,1d,uploaded_csv,BTCDOM_INDEX_PROXY,False,True
2024-07-17 00:00:00+00:00,24.293,24.418,24.065,24.276,693.941,1d,uploaded_csv,BTCDOM_INDEX_PROXY,False,True
2024-07-18 00:00:00+00:00,24.274,24.355,24.08,24.169,491.351,1d,uploaded_csv,BTCDOM_INDEX_PROXY,False,True
2024-07-19 00:00:00+00:00,24.165,24.598,24.115,24.437,739.033,1d,uploaded_csv,BTCDOM_INDEX_PROXY,False,True
2024-07-20 00:00:00+00:00,24.44,24.566,24.37,24.416,474.373,1d,uploaded_csv,BTCDOM_INDEX_PROXY,False,True
2024-07-21 00:00:00+00:00,24.417,25.02,24.39,24.461,736.747,1d,uploaded_csv,BTCDOM_INDEX_PROXY,False,True
2024-07-22 00:00:00+00:00,24.46,24.925,24.416,24.886,641.131,1d,uploaded_csv,BTCDOM_INDEX_PROXY,False,True
2024-07-23 00:00:00+00:00,24.887,24.954,24.246,24.358,1261.645,1d,uploaded_csv,BTCDOM_INDEX_PROXY,False,True
2024-07-24 00:00:00+00:00,24.356,24.927,24.304,24.745,668.815,1d,uploaded_csv,BTCDOM_INDEX_PROXY,False,True
2024-07-25 00:00:00+00:00,24.747,26.098,24.733,25.814,4509.819,1d,uploaded_csv,BTCDOM_INDEX_PROXY,False,True
2024-07-26 00:00:00+00:00,25.815,26.032,25.546,25.776,1772.664,1d,uploaded_csv,BTCDOM_INDEX_PROXY,False,True
2024-07-27 00:00:00+00:00,25.776,26.218,25.726,25.902,1555.145,1d,uploaded_csv,BTCDOM_INDEX_PROXY,False,True
2024-07-28 00:00:00+00:00,25.901,26.0,25.727,25.942,515.875,1d,uploaded_csv,BTCDOM_INDEX_PROXY,False,True
2024-07-29 00:00:00+00:00,25.934,26.05,25.207,25.287,1500.325,1d,uploaded_csv,BTCDOM_INDEX_PROXY,False,True
2024-07-30 00:00:00+00:00,25.287,25.332,24.974,25.194,854.824,1d,uploaded_csv,BTCDOM_INDEX_PROXY,False,True
2024-07-31 00:00:00+00:00,25.194,25.255,24.81,25.098,912.767,1d,uploaded_csv,BTCDOM_INDEX_PROXY,False,True
2024-08-01 00:00:00+00:00,25.097,25.797,25.026,25.677,1920.007,1d,uploaded_csv,BTCDOM_INDEX_PROXY,False,True
2024-08-02 00:00:00+00:00,25.677,26.464,25.527,25.898,2382.404,1d,uploaded_csv,BTCDOM_INDEX_PROXY,False,True
2024-08-03 00:00:00+00:00,25.9,26.506,25.807,26.369,2507.96,1d,uploaded_csv,BTCDOM_INDEX_PROXY,False,True
2024-08-04 00:00:00+00:00,26.369,27.22,26.204,26.97,3999.392,1d,uploaded_csv,BTCDOM_INDEX_PROXY,False,True
2024-08-05 00:00:00+00:00,26.97,30.058,26.878,27.416,14318.219,1d,uploaded_csv,BTCDOM_INDEX_PROXY,False,True
2024-08-06 00:00:00+00:00,27.426,27.595,26.903,27.515,2990.984,1d,uploaded_csv,BTCDOM_INDEX_PROXY,False,True
2024-08-07 00:00:00+00:00,27.516,28.148,27.141,27.752,2707.137,1d,uploaded_csv,BTCDOM_INDEX_PROXY,False,True
2024-08-08 00:00:00+00:00,27.755,28.1,27.522,27.764,2596.422,1d,uploaded_csv,BTCDOM_INDEX_PROXY,False,True
2024-08-09 00:00:00+00:00,27.766,28.353,27.617,28.257,1807.124,1d,uploaded_csv,BTCDOM_INDEX_PROXY,False,True
2024-08-10 00:00:00+00:00,28.252,28.342,27.93,28.15,755.616,1d,uploaded_csv,BTCDOM_INDEX_PROXY,False,True
2024-08-11 00:00:00+00:00,28.149,28.25,27.601,28.171,1429.923,1d,uploaded_csv,BTCDOM_INDEX_PROXY,False,True
2024-08-12 00:00:00+00:00,28.171,28.303,26.952,27.153,2078.045,1d,uploaded_csv,BTCDOM_INDEX_PROXY,False,True
2024-08-13 00:00:00+00:00,27.152,27.966,27.137,27.733,1281.894,1d,uploaded_csv,BTCDOM_INDEX_PROXY,False,True
2024-08-14 00:00:00+00:00,27.733,27.95,27.25,27.255,1101.58,1d,uploaded_csv,BTCDOM_INDEX_PROXY,False,True
2024-08-15 00:00:00+00:00,27.255,27.834,27.107,27.417,1189.624,1d,uploaded_csv,BTCDOM_INDEX_PROXY,False,True
2024-08-16 00:00:00+00:00,27.41,28.073,27.271,27.924,997.509,1d,uploaded_csv,BTCDOM_INDEX_PROXY,False,True
2024-08-17 00:00:00+00:00,27.927,28.06,27.743,27.806,519.193,1d,uploaded_csv,BTCDOM_INDEX_PROXY,False,True
2024-08-18 00:00:00+00:00,27.813,28.014,27.428,27.451,617.15,1d,uploaded_csv,BTCDOM_INDEX_PROXY,False,True
2024-08-19 00:00:00+00:00,27.453,27.557,27.285,27.354,595.813,1d,uploaded_csv,BTCDOM_INDEX_PROXY,False,True
2024-08-20 00:00:00+00:00,27.353,27.761,27.301,27.417,729.669,1d,uploaded_csv,BTCDOM_INDEX_PROXY,False,True
2024-08-21 00:00:00+00:00,27.417,27.942,27.403,27.879,761.062,1d,uploaded_csv,BTCDOM_INDEX_PROXY,False,True
2024-08-22 00:00:00+00:00,27.879,27.944,27.432,27.465,517.682,1d,uploaded_csv,BTCDOM_INDEX_PROXY,False,True
2024-08-23 00:00:00+00:00,27.465,28.093,27.3,27.821,1137.756,1d,uploaded_csv,BTCDOM_INDEX_PROXY,False,True
2024-08-24 00:00:00+00:00,27.814,28.045,27.461,27.751,1045.867,1d,uploaded_csv,BTCDOM_INDEX_PROXY,False,True
2024-08-25 00:00:00+00:00,27.752,28.286,27.729,28.084,1482.839,1d,uploaded_csv,BTCDOM_INDEX_PROXY,False,True
2024-08-26 00:00:00+00:00,28.084,28.484,27.983,28.3,1305.232,1d,uploaded_csv,BTCDOM_INDEX_PROXY,False,True
2024-08-27 00:00:00+00:00,28.299,29.035,28.132,28.6,2179.336,1d,uploaded_csv,BTCDOM_INDEX_PROXY,False,True
2024-08-28 00:00:00+00:00,28.599,28.764,28.003,28.037,1782.998,1d,uploaded_csv,BTCDOM_INDEX_PROXY,False,True
2024-08-29 00:00:00+00:00,28.04,28.473,27.969,28.318,829.249,1d,uploaded_csv,BTCDOM_INDEX_PROXY,False,True
2024-08-30 00:00:00+00:00,28.318,28.677,28.197,28.222,1174.619,1d,uploaded_csv,BTCDOM_INDEX_PROXY,False,True
2024-08-31 00:00:00+00:00,28.222,28.446,28.19,28.344,407.019,1d,uploaded_csv,BTCDOM_INDEX_PROXY,False,True
2024-09-01 00:00:00+00:00,28.344,28.831,28.3,28.613,1140.973,1d,uploaded_csv,BTCDOM_INDEX_PROXY,False,True
2024-09-02 00:00:00+00:00,28.615,28.79,28.179,28.392,1316.96,1d,uploaded_csv,BTCDOM_INDEX_PROXY,False,True
2024-09-03 00:00:00+00:00,28.396,28.727,28.365,28.674,633.485,1d,uploaded_csv,BTCDOM_INDEX_PROXY,False,True
2024-09-04 00:00:00+00:00,28.676,29.1,28.286,28.658,2942.421,1d,uploaded_csv,BTCDOM_INDEX_PROXY,False,True
2024-09-05 00:00:00+00:00,28.658,28.677,28.383,28.501,553.803,1d,uploaded_csv,BTCDOM_INDEX_PROXY,False,True
2024-09-06 00:00:00+00:00,28.516,28.874,28.217,28.688,948.955,1d,uploaded_csv,BTCDOM_INDEX_PROXY,False,True
2024-09-07 00:00:00+00:00,28.688,28.731,28.286,28.331,514.357,1d,uploaded_csv,BTCDOM_INDEX_PROXY,False,True
2024-09-08 00:00:00+00:00,28.33,28.365,28.013,28.282,700.406,1d,uploaded_csv,BTCDOM_INDEX_PROXY,False,True
2024-09-09 00:00:00+00:00,28.279,28.81,28.184,28.579,822.354,1d,uploaded_csv,BTCDOM_INDEX_PROXY,False,True
2024-09-10 00:00:00+00:00,28.589,28.8,28.5,28.673,420.606,1d,uploaded_csv,BTCDOM_INDEX_PROXY,False,True
2024-09-11 00:00:00+00:00,28.673,28.972,28.586,28.793,865.89,1d,uploaded_csv,BTCDOM_INDEX_PROXY,False,True
2024-09-12 00:00:00+00:00,28.794,28.977,28.618,28.768,741.822,1d,uploaded_csv,BTCDOM_INDEX_PROXY,False,True
2024-09-13 00:00:00+00:00,28.767,29.333,28.709,29.139,787.786,1d,uploaded_csv,BTCDOM_INDEX_PROXY,False,True
2024-09-14 00:00:00+00:00,29.134,29.244,28.975,29.094,444.537,1d,uploaded_csv,BTCDOM_INDEX_PROXY,False,True
2024-09-15 00:00:00+00:00,29.091,29.663,29.0,29.623,822.672,1d,uploaded_csv,BTCDOM_INDEX_PROXY,False,True
2024-09-16 00:00:00+00:00,29.627,29.875,29.346,29.505,1385.188,1d,uploaded_csv,BTCDOM_INDEX_PROXY,False,True
2024-09-17 00:00:00+00:00,29.501,30.3,29.44,30.122,1638.08,1d,uploaded_csv,BTCDOM_INDEX_PROXY,False,True
2024-09-18 00:00:00+00:00,30.127,30.491,30.103,30.318,1369.902,1d,uploaded_csv,BTCDOM_INDEX_PROXY,False,True
2024-09-19 00:00:00+00:00,30.317,30.416,29.885,29.954,1343.109,1d,uploaded_csv,BTCDOM_INDEX_PROXY,False,True
2024-09-20 00:00:00+00:00,29.952,30.166,29.268,29.406,1422.766,1d,uploaded_csv,BTCDOM_INDEX_PROXY,False,True
2024-09-21 00:00:00+00:00,29.405,29.525,28.813,28.837,798.506,1d,uploaded_csv,BTCDOM_INDEX_PROXY,False,True
2024-09-22 00:00:00+00:00,28.84,29.45,28.752,29.352,1007.842,1d,uploaded_csv,BTCDOM_INDEX_PROXY,False,True
2024-09-23 00:00:00+00:00,29.352,29.387,28.46,28.664,1125.343,1d,uploaded_csv,BTCDOM_INDEX_PROXY,False,True
2024-09-24 00:00:00+00:00,28.669,28.916,28.614,28.728,599.739,1d,uploaded_csv,BTCDOM_INDEX_PROXY,False,True
2024-09-25 00:00:00+00:00,28.724,29.07,28.701,28.964,452.278,1d,uploaded_csv,BTCDOM_INDEX_PROXY,False,True
2024-09-26 00:00:00+00:00,28.965,29.11,28.684,29.095,558.465,1d,uploaded_csv,BTCDOM_INDEX_PROXY,False,True
2024-09-27 00:00:00+00:00,29.095,29.141,28.725,28.823,542.907,1d,uploaded_csv,BTCDOM_INDEX_PROXY,False,True
2024-09-28 00:00:00+00:00,28.821,29.15,28.74,28.944,414.383,1d,uploaded_csv,BTCDOM_INDEX_PROXY,False,True
2024-09-29 00:00:00+00:00,28.952,29.21,28.826,28.931,609.704,1d,uploaded_csv,BTCDOM_INDEX_PROXY,False,True
2024-09-30 00:00:00+00:00,28.931,29.086,28.522,28.869,851.657,1d,uploaded_csv,BTCDOM_INDEX_PROXY,False,True
2024-10-01 00:00:00+00:00,28.869,29.74,28.51,29.242,2132.531,1d,uploaded_csv,BTCDOM_INDEX_PROXY,False,True
2024-10-02 00:00:00+00:00,29.245,30.2,29.128,30.102,2331.703,1d,uploaded_csv,BTCDOM_INDEX_PROXY,False,True
2024-10-03 00:00:00+00:00,30.103,30.607,30.0,30.344,2540.604,1d,uploaded_csv,BTCDOM_INDEX_PROXY,False,True
2024-10-04 00:00:00+00:00,30.344,30.393,29.98,30.172,911.032,1d,uploaded_csv,BTCDOM_INDEX_PROXY,False,True
2024-10-05 00:00:00+00:00,30.169,30.313,30.059,30.178,469.47,1d,uploaded_csv,BTCDOM_INDEX_PROXY,False,True
2024-10-06 00:00:00+00:00,30.176,30.233,30.021,30.13,485.708,1d,uploaded_csv,BTCDOM_INDEX_PROXY,False,True
2024-10-07 00:00:00+00:00,30.131,30.359,29.85,30.149,1202.955,1d,uploaded_csv,BTCDOM_INDEX_PROXY,False,True
2024-10-08 00:00:00+00:00,30.144,30.315,29.883,29.926,869.351,1d,uploaded_csv,BTCDOM_INDEX_PROXY,False,True
2024-10-09 00:00:00+00:00,29.925,30.018,29.656,29.888,1062.416,1d,uploaded_csv,BTCDOM_INDEX_PROXY,False,True
2024-10-10 00:00:00+00:00,29.888,30.023,29.59,29.694,1090.603,1d,uploaded_csv,BTCDOM_INDEX_PROXY,False,True
2024-10-11 00:00:00+00:00,29.693,30.081,29.499,29.943,677.859,1d,uploaded_csv,BTCDOM_INDEX_PROXY,False,True
2024-10-12 00:00:00+00:00,29.944,30.031,29.814,29.916,332.656,1d,uploaded_csv,BTCDOM_INDEX_PROXY,False,True
2024-10-13 00:00:00+00:00,29.91,30.037,29.781,29.895,418.227,1d,uploaded_csv,BTCDOM_INDEX_PROXY,False,True
2024-10-14 00:00:00+00:00,29.895,30.187,29.748,29.859,939.472,1d,uploaded_csv,BTCDOM_INDEX_PROXY,False,True
2024-10-15 00:00:00+00:00,29.858,30.74,29.678,30.518,1735.598,1d,uploaded_csv,BTCDOM_INDEX_PROXY,False,True
2024-10-16 00:00:00+00:00,30.519,30.883,30.465,30.696,966.175,1d,uploaded_csv,BTCDOM_INDEX_PROXY,False,True
2024-10-17 00:00:00+00:00,30.696,30.936,30.353,30.819,943.381,1d,uploaded_csv,BTCDOM_INDEX_PROXY,False,True
2024-10-18 00:00:00+00:00,30.819,30.87,30.585,30.772,661.489,1d,uploaded_csv,BTCDOM_INDEX_PROXY,False,True
2024-10-19 00:00:00+00:00,30.771,30.785,30.549,30.6,345.211,1d,uploaded_csv,BTCDOM_INDEX_PROXY,False,True
2024-10-20 00:00:00+00:00,30.6,30.739,30.01,30.034,900.557,1d,uploaded_csv,BTCDOM_INDEX_PROXY,False,True
2024-10-21 00:00:00+00:00,30.033,30.08,29.741,29.939,1078.9,1d,uploaded_csv,BTCDOM_INDEX_PROXY,False,True
2024-10-22 00:00:00+00:00,29.938,30.294,29.846,30.285,558.405,1d,uploaded_csv,BTCDOM_INDEX_PROXY,False,True
2024-10-23 00:00:00+00:00,30.284,30.833,30.229,30.61,1275.921,1d,uploaded_csv,BTCDOM_INDEX_PROXY,False,True
2024-10-24 00:00:00+00:00,30.61,31.022,30.57,30.953,1131.457,1d,uploaded_csv,BTCDOM_INDEX_PROXY,False,True
2024-10-25 00:00:00+00:00,30.952,32.7,30.906,31.822,2982.128,1d,uploaded_csv,BTCDOM_INDEX_PROXY,False,True
2024-10-26 00:00:00+00:00,31.823,32.0,31.278,31.394,1909.68,1d,uploaded_csv,BTCDOM_INDEX_PROXY,False,True
2024-10-27 00:00:00+00:00,31.394,31.477,31.296,31.363,653.325,1d,uploaded_csv,BTCDOM_INDEX_PROXY,False,True
2024-10-28 00:00:00+00:00,31.367,32.035,31.324,31.635,1559.408,1d,uploaded_csv,BTCDOM_INDEX_PROXY,False,True
2024-10-29 00:00:00+00:00,31.635,32.23,31.331,32.013,1771.96,1d,uploaded_csv,BTCDOM_INDEX_PROXY,False,True
2024-10-30 00:00:00+00:00,32.017,32.121,31.489,32.001,1395.148,1d,uploaded_csv,BTCDOM_INDEX_PROXY,False,True
2024-10-31 00:00:00+00:00,32.003,32.7,31.886,32.544,2651.527,1d,uploaded_csv,BTCDOM_INDEX_PROXY,False,True
2024-11-01 00:00:00+00:00,32.545,32.56,32.155,32.36,1879.769,1d,uploaded_csv,BTCDOM_INDEX_PROXY,False,True
2024-11-02 00:00:00+00:00,32.362,32.785,32.267,32.487,1433.707,1d,uploaded_csv,BTCDOM_INDEX_PROXY,False,True
2024-11-03 00:00:00+00:00,32.486,33.027,32.43,32.864,2790.673,1d,uploaded_csv,BTCDOM_INDEX_PROXY,False,True
2024-11-04 00:00:00+00:00,32.863,33.169,32.605,32.999,1742.966,1d,uploaded_csv,BTCDOM_INDEX_PROXY,False,True
2024-11-05 00:00:00+00:00,33.0,33.18,32.813,33.054,1502.091,1d,uploaded_csv,BTCDOM_INDEX_PROXY,False,True
2024-11-06 00:00:00+00:00,33.053,33.205,32.425,32.592,3838.706,1d,uploaded_csv,BTCDOM_INDEX_PROXY,False,True
2024-11-07 00:00:00+00:00,32.585,32.67,31.204,31.36,4485.417,1d,uploaded_csv,BTCDOM_INDEX_PROXY,False,True
2024-11-08 00:00:00+00:00,31.36,31.491,30.864,31.006,2683.396,1d,uploaded_csv,BTCDOM_INDEX_PROXY,False,True
2024-11-09 00:00:00+00:00,31.006,31.08,29.678,29.772,3250.929,1d,uploaded_csv,BTCDOM_INDEX_PROXY,False,True
2024-11-10 00:00:00+00:00,29.772,30.641,29.567,30.159,6239.209,1d,uploaded_csv,BTCDOM_INDEX_PROXY,False,True
2024-11-11 00:00:00+00:00,30.16,31.948,29.945,31.319,6190.306,1d,uploaded_csv,BTCDOM_INDEX_PROXY,False,True
2024-11-12 00:00:00+00:00,31.322,32.239,30.7,31.957,6701.606,1d,uploaded_csv,BTCDOM_INDEX_PROXY,False,True
2024-11-13 00:00:00+00:00,31.952,33.625,31.841,33.192,5723.156,1d,uploaded_csv,BTCDOM_INDEX_PROXY,False,True
2024-11-14 00:00:00+00:00,33.192,33.491,32.308,32.913,3873.214,1d,uploaded_csv,BTCDOM_INDEX_PROXY,False,True
2024-11-15 00:00:00+00:00,32.913,33.72,32.802,33.278,3451.144,1d,uploaded_csv,BTCDOM_INDEX_PROXY,False,True
2024-11-16 00:00:00+00:00,33.279,33.444,32.126,32.434,3465.438,1d,uploaded_csv,BTCDOM_INDEX_PROXY,False,True
2024-11-17 00:00:00+00:00,32.444,33.173,31.896,32.378,3004.386,1d,uploaded_csv,BTCDOM_INDEX_PROXY,False,True
2024-11-18 00:00:00+00:00,32.378,32.529,31.5,31.592,2586.563,1d,uploaded_csv,BTCDOM_INDEX_PROXY,False,True
2024-11-19 00:00:00+00:00,31.593,33.022,31.507,32.701,2314.648,1d,uploaded_csv,BTCDOM_INDEX_PROXY,False,True
2024-11-20 00:00:00+00:00,32.701,34.131,32.61,33.841,4779.054,1d,uploaded_csv,BTCDOM_INDEX_PROXY,False,True
2024-11-21 00:00:00+00:00,33.839,34.68,32.652,32.839,7877.794,1d,uploaded_csv,BTCDOM_INDEX_PROXY,False,True
2024-11-22 00:00:00+00:00,32.837,33.025,32.016,32.076,4636.155,1d,uploaded_csv,BTCDOM_INDEX_PROXY,False,True
2024-11-23 00:00:00+00:00,32.075,32.085,30.142,30.854,7625.566,1d,uploaded_csv,BTCDOM_INDEX_PROXY,False,True
2024-11-24 00:00:00+00:00,30.85,32.004,30.5,31.147,6132.149,1d,uploaded_csv,BTCDOM_INDEX_PROXY,False,True
2024-11-25 00:00:00+00:00,31.145,31.665,30.061,30.241,6077.541,1d,uploaded_csv,BTCDOM_INDEX_PROXY,False,True
2024-11-26 00:00:00+00:00,30.24,31.498,30.144,30.56,5038.922,1d,uploaded_csv,BTCDOM_INDEX_PROXY,False,True
2024-11-27 00:00:00+00:00,30.561,30.867,29.577,29.671,3417.222,1d,uploaded_csv,BTCDOM_INDEX_PROXY,False,True
2024-11-28 00:00:00+00:00,29.674,30.27,29.56,29.8,2481.266,1d,uploaded_csv,BTCDOM_INDEX_PROXY,False,True
2024-11-29 00:00:00+00:00,29.8,30.053,29.508,29.588,2033.676,1d,uploaded_csv,BTCDOM_INDEX_PROXY,False,True
2024-11-30 00:00:00+00:00,29.589,29.732,28.558,28.736,4334.489,1d,uploaded_csv,BTCDOM_INDEX_PROXY,False,True
2024-12-01 00:00:00+00:00,28.734,29.1,28.426,28.478,4303.367,1d,uploaded_csv,BTCDOM_INDEX_PROXY,False,True
2024-12-02 00:00:00+00:00,28.479,29.078,28.009,28.039,5242.195,1d,uploaded_csv,BTCDOM_INDEX_PROXY,False,True
2024-12-03 00:00:00+00:00,28.038,28.746,27.421,27.545,7536.427,1d,uploaded_csv,BTCDOM_INDEX_PROXY,False,True
2024-12-04 00:00:00+00:00,27.545,27.971,26.516,27.613,8273.463,1d,uploaded_csv,BTCDOM_INDEX_PROXY,False,True
2024-12-05 00:00:00+00:00,27.614,29.16,26.85,27.541,9079.029,1d,uploaded_csv,BTCDOM_INDEX_PROXY,False,True
2024-12-06 00:00:00+00:00,27.542,27.789,26.95,27.131,4348.72,1d,uploaded_csv,BTCDOM_INDEX_PROXY,False,True
2024-12-07 00:00:00+00:00,27.129,27.288,26.7,26.779,3119.699,1d,uploaded_csv,BTCDOM_INDEX_PROXY,False,True
2024-12-08 00:00:00+00:00,26.779,27.208,26.7,27.077,3971.525,1d,uploaded_csv,BTCDOM_INDEX_PROXY,False,True
2024-12-09 00:00:00+00:00,27.077,30.24,27.015,29.092,11593.302,1d,uploaded_csv,BTCDOM_INDEX_PROXY,False,True
2024-12-10 00:00:00+00:00,29.093,30.5,28.726,29.164,11225.864,1d,uploaded_csv,BTCDOM_INDEX_PROXY,False,True
2024-12-11 00:00:00+00:00,29.155,29.699,28.7,28.893,4241.505,1d,uploaded_csv,BTCDOM_INDEX_PROXY,False,True
2024-12-12 00:00:00+00:00,28.893,28.946,27.874,28.371,5674.729,1d,uploaded_csv,BTCDOM_INDEX_PROXY,False,True
2024-12-13 00:00:00+00:00,28.37,28.721,27.966,28.498,3638.988,1d,uploaded_csv,BTCDOM_INDEX_PROXY,False,True
2024-12-14 00:00:00+00:00,28.497,29.237,28.321,29.012,3056.441,1d,uploaded_csv,BTCDOM_INDEX_PROXY,False,True
2024-12-15 00:00:00+00:00,29.013,29.619,28.953,29.224,2989.193,1d,uploaded_csv,BTCDOM_INDEX_PROXY,False,True
2024-12-16 00:00:00+00:00,29.225,30.211,29.121,29.782,4973.112,1d,uploaded_csv,BTCDOM_INDEX_PROXY,False,True
2024-12-17 00:00:00+00:00,29.784,30.289,29.424,30.132,3924.754,1d,uploaded_csv,BTCDOM_INDEX_PROXY,False,True
2024-12-18 00:00:00+00:00,30.135,31.14,29.824,30.724,6410.568,1d,uploaded_csv,BTCDOM_INDEX_PROXY,False,True
2024-12-19 00:00:00+00:00,30.726,32.17,30.554,31.776,7435.093,1d,uploaded_csv,BTCDOM_INDEX_PROXY,False,True
2024-12-20 00:00:00+00:00,31.772,33.861,31.05,31.32,10360.076,1d,uploaded_csv,BTCDOM_INDEX_PROXY,False,True
2024-12-21 00:00:00+00:00,31.321,32.513,30.67,32.327,5070.537,1d,uploaded_csv,BTCDOM_INDEX_PROXY,False,True
2024-12-22 00:00:00+00:00,32.323,32.514,31.629,32.107,3614.721,1d,uploaded_csv,BTCDOM_INDEX_PROXY,False,True
2024-12-23 00:00:00+00:00,32.11,32.369,30.071,30.612,4907.994,1d,uploaded_csv,BTCDOM_INDEX_PROXY,False,True
2024-12-24 00:00:00+00:00,30.606,31.253,30.408,31.046,3648.809,1d,uploaded_csv,BTCDOM_INDEX_PROXY,False,True
2024-12-25 00:00:00+00:00,31.05,31.499,30.841,31.397,1774.007,1d,uploaded_csv,BTCDOM_INDEX_PROXY,False,True
2024-12-26 00:00:00+00:00,31.398,31.998,31.325,31.801,2973.829,1d,uploaded_csv,BTCDOM_INDEX_PROXY,False,True
2024-12-27 00:00:00+00:00,31.795,31.896,31.101,31.439,2941.035,1d,uploaded_csv,BTCDOM_INDEX_PROXY,False,True
2024-12-28 00:00:00+00:00,31.439,31.531,30.756,30.923,1470.695,1d,uploaded_csv,BTCDOM_INDEX_PROXY,False,True
2024-12-29 00:00:00+00:00,30.92,31.261,30.825,31.185,1437.842,1d,uploaded_csv,BTCDOM_INDEX_PROXY,False,True
2024-12-30 00:00:00+00:00,31.186,31.395,30.572,30.921,2837.308,1d,uploaded_csv,BTCDOM_INDEX_PROXY,False,True
2024-12-31 00:00:00+00:00,30.92,31.337,30.882,31.307,2110.921,1d,uploaded_csv,BTCDOM_INDEX_PROXY,False,True
2025-01-01 00:00:00+00:00,31.307,31.355,30.65,30.655,1502.152,1d,uploaded_csv,BTCDOM_INDEX_PROXY,False,True
2025-01-02 00:00:00+00:00,30.653,30.725,30.206,30.492,1853.834,1d,uploaded_csv,BTCDOM_INDEX_PROXY,False,True
2025-01-03 00:00:00+00:00,30.493,30.534,29.05,29.501,2224.293,1d,uploaded_csv,BTCDOM_INDEX_PROXY,False,True
2025-01-04 00:00:00+00:00,29.5,29.7,29.01,29.377,2318.196,1d,uploaded_csv,BTCDOM_INDEX_PROXY,False,True
2025-01-05 00:00:00+00:00,29.375,29.75,29.3,29.605,1454.547,1d,uploaded_csv,BTCDOM_INDEX_PROXY,False,True
2025-01-06 00:00:00+00:00,29.606,30.376,29.469,30.319,2790.4,1d,uploaded_csv,BTCDOM_INDEX_PROXY,False,True
2025-01-07 00:00:00+00:00,30.321,31.163,30.105,31.143,5080.94,1d,uploaded_csv,BTCDOM_INDEX_PROXY,False,True
2025-01-08 00:00:00+00:00,31.148,31.453,30.689,30.837,6955.396,1d,uploaded_csv,BTCDOM_INDEX_PROXY,False,True
2025-01-09 00:00:00+00:00,30.833,31.293,30.521,31.18,3059.157,1d,uploaded_csv,BTCDOM_INDEX_PROXY,False,True
2025-01-10 00:00:00+00:00,31.169,31.309,30.93,31.197,2454.669,1d,uploaded_csv,BTCDOM_INDEX_PROXY,False,True
2025-01-11 00:00:00+00:00,31.194,31.364,30.364,30.611,1982.282,1d,uploaded_csv,BTCDOM_INDEX_PROXY,False,True
2025-01-12 00:00:00+00:00,30.611,31.0,30.562,30.904,1785.796,1d,uploaded_csv,BTCDOM_INDEX_PROXY,False,True
2025-01-13 00:00:00+00:00,30.909,32.205,30.71,31.691,7236.042,1d,uploaded_csv,BTCDOM_INDEX_PROXY,False,True
2025-01-14 00:00:00+00:00,31.696,31.845,31.3,31.39,2270.68,1d,uploaded_csv,BTCDOM_INDEX_PROXY,False,True
2025-01-15 00:00:00+00:00,31.391,31.67,30.05,30.23,3922.688,1d,uploaded_csv,BTCDOM_INDEX_PROXY,False,True
2025-01-16 00:00:00+00:00,30.227,30.792,29.611,30.384,4914.256,1d,uploaded_csv,BTCDOM_INDEX_PROXY,False,True
2025-01-17 00:00:00+00:00,30.383,31.22,29.974,30.376,3703.263,1d,uploaded_csv,BTCDOM_INDEX_PROXY,False,True
2025-01-18 00:00:00+00:00,30.368,31.603,30.338,31.063,4873.25,1d,uploaded_csv,BTCDOM_INDEX_PROXY,False,True
2025-01-19 00:00:00+00:00,31.062,32.617,30.684,31.79,9589.431,1d,uploaded_csv,BTCDOM_INDEX_PROXY,False,True
2025-01-20 00:00:00+00:00,31.784,32.41,31.325,31.602,8312.693,1d,uploaded_csv,BTCDOM_INDEX_PROXY,False,True
2025-01-21 00:00:00+00:00,31.599,32.31,31.551,32.128,3482.533,1d,uploaded_csv,BTCDOM_INDEX_PROXY,False,True
2025-01-22 00:00:00+00:00,32.13,32.159,31.542,31.83,2485.852,1d,uploaded_csv,BTCDOM_INDEX_PROXY,False,True
2025-01-23 00:00:00+00:00,31.83,32.877,31.623,31.776,5490.096,1d,uploaded_csv,BTCDOM_INDEX_PROXY,False,True
2025-01-24 00:00:00+00:00,31.771,32.325,31.482,32.307,3615.584,1d,uploaded_csv,BTCDOM_INDEX_PROXY,False,True
2025-01-25 00:00:00+00:00,32.307,32.461,31.959,32.15,2426.259,1d,uploaded_csv,BTCDOM_INDEX_PROXY,False,True
2025-01-26 00:00:00+00:00,32.142,32.583,31.901,32.495,2093.97,1d,uploaded_csv,BTCDOM_INDEX_PROXY,False,True
2025-01-27 00:00:00+00:00,32.5,33.582,32.38,32.612,8086.345,1d,uploaded_csv,BTCDOM_INDEX_PROXY,False,True
2025-01-28 00:00:00+00:00,32.608,33.386,32.41,33.298,3570.402,1d,uploaded_csv,BTCDOM_INDEX_PROXY,False,True
2025-01-29 00:00:00+00:00,33.301,33.788,32.897,33.708,3367.552,1d,uploaded_csv,BTCDOM_INDEX_PROXY,False,True
2025-01-30 00:00:00+00:00,33.707,33.787,32.78,32.87,2328.865,1d,uploaded_csv,BTCDOM_INDEX_PROXY,False,True
2025-01-31 00:00:00+00:00,32.869,33.109,32.053,32.318,2600.181,1d,uploaded_csv,BTCDOM_INDEX_PROXY,False,True
2025-02-01 00:00:00+00:00,32.317,33.757,32.122,33.642,3041.495,1d,uploaded_csv,BTCDOM_INDEX_PROXY,False,True
2025-02-02 00:00:00+00:00,33.642,37.5,33.273,35.738,13209.701,1d,uploaded_csv,BTCDOM_INDEX_PROXY,False,True
2025-02-03 00:00:00+00:00,35.737,46.899,35.706,36.226,27672.611,1d,uploaded_csv,BTCDOM_INDEX_PROXY,False,True
2025-02-04 00:00:00+00:00,36.225,38.168,36.087,37.141,8797.625,1d,uploaded_csv,BTCDOM_INDEX_PROXY,False,True
2025-02-05 00:00:00+00:00,37.137,37.833,36.569,37.223,4027.354,1d,uploaded_csv,BTCDOM_INDEX_PROXY,False,True
2025-02-06 00:00:00+00:00,37.227,38.596,36.795,38.267,5070.54,1d,uploaded_csv,BTCDOM_INDEX_PROXY,False,True
2025-02-07 00:00:00+00:00,38.275,38.917,37.423,38.347,4131.598,1d,uploaded_csv,BTCDOM_INDEX_PROXY,False,True
2025-02-08 00:00:00+00:00,38.347,38.6,37.624,37.797,2621.522,1d,uploaded_csv,BTCDOM_INDEX_PROXY,False,True
2025-02-09 00:00:00+00:00,37.799,38.65,37.145,37.87,2849.025,1d,uploaded_csv,BTCDOM_INDEX_PROXY,False,True
2025-02-10 00:00:00+00:00,37.873,38.449,37.39,37.639,2505.505,1d,uploaded_csv,BTCDOM_INDEX_PROXY,False,True
2025-02-11 00:00:00+00:00,37.644,37.725,36.582,37.262,2675.152,1d,uploaded_csv,BTCDOM_INDEX_PROXY,False,True
2025-02-12 00:00:00+00:00,37.261,37.783,36.155,36.62,3298.457,1d,uploaded_csv,BTCDOM_INDEX_PROXY,False,True
2025-02-13 00:00:00+00:00,36.618,37.131,36.275,36.695,1741.743,1d,uploaded_csv,BTCDOM_INDEX_PROXY,False,True
2025-02-14 00:00:00+00:00,36.696,36.804,35.73,36.181,2076.272,1d,uploaded_csv,BTCDOM_INDEX_PROXY,False,True
2025-02-15 00:00:00+00:00,36.181,36.729,35.935,36.506,1542.018,1d,uploaded_csv,BTCDOM_INDEX_PROXY,False,True
2025-02-16 00:00:00+00:00,36.51,36.728,36.219,36.377,1539.215,1d,uploaded_csv,BTCDOM_INDEX_PROXY,False,True
2025-02-17 00:00:00+00:00,36.374,36.83,35.358,36.278,2692.248,1d,uploaded_csv,BTCDOM_INDEX_PROXY,False,True
2025-02-18 00:00:00+00:00,36.278,38.064,36.26,37.428,3970.627,1d,uploaded_csv,BTCDOM_INDEX_PROXY,False,True
2025-02-19 00:00:00+00:00,37.428,37.643,36.878,36.99,2645.267,1d,uploaded_csv,BTCDOM_INDEX_PROXY,False,True
2025-02-20 00:00:00+00:00,36.991,37.471,36.775,37.247,2037.932,1d,uploaded_csv,BTCDOM_INDEX_PROXY,False,True
2025-02-21 00:00:00+00:00,37.25,38.024,36.738,37.717,3810.65,1d,uploaded_csv,BTCDOM_INDEX_PROXY,False,True
2025-02-22 00:00:00+00:00,37.712,37.812,36.716,36.991,2387.788,1d,uploaded_csv,BTCDOM_INDEX_PROXY,False,True
2025-02-23 00:00:00+00:00,36.992,37.192,36.417,36.71,1795.068,1d,uploaded_csv,BTCDOM_INDEX_PROXY,False,True
2025-02-24 00:00:00+00:00,36.709,39.971,36.565,39.279,5029.683,1d,uploaded_csv,BTCDOM_INDEX_PROXY,False,True
2025-02-25 00:00:00+00:00,39.279,40.812,37.591,37.87,7922.068,1d,uploaded_csv,BTCDOM_INDEX_PROXY,False,True
2025-02-26 00:00:00+00:00,37.866,38.79,37.509,37.773,3454.746,1d,uploaded_csv,BTCDOM_INDEX_PROXY,False,True
2025-02-27 00:00:00+00:00,37.773,38.464,37.701,38.133,1890.685,1d,uploaded_csv,BTCDOM_INDEX_PROXY,False,True
2025-02-28 00:00:00+00:00,38.134,39.163,38.09,38.565,3914.232,1d,uploaded_csv,BTCDOM_INDEX_PROXY,False,True
2025-03-01 00:00:00+00:00,38.549,39.638,38.276,39.218,1909.327,1d,uploaded_csv,BTCDOM_INDEX_PROXY,False,True
2025-03-02 00:00:00+00:00,39.216,39.3,36.036,36.748,5272.826,1d,uploaded_csv,BTCDOM_INDEX_PROXY,False,True
2025-03-03 00:00:00+00:00,36.748,40.019,36.6,39.616,5258.705,1d,uploaded_csv,BTCDOM_INDEX_PROXY,False,True
2025-03-04 00:00:00+00:00,39.616,40.685,38.605,39.544,5947.584,1d,uploaded_csv,BTCDOM_INDEX_PROXY,False,True
2025-03-05 00:00:00+00:00,39.544,40.27,38.961,39.883,2247.054,1d,uploaded_csv,BTCDOM_INDEX_PROXY,False,True
2025-03-06 00:00:00+00:00,39.883,39.985,39.042,39.767,1885.078,1d,uploaded_csv,BTCDOM_INDEX_PROXY,False,True
2025-03-07 00:00:00+00:00,39.768,40.174,39.052,39.872,3388.008,1d,uploaded_csv,BTCDOM_INDEX_PROXY,False,True
2025-03-08 00:00:00+00:00,39.87,40.061,39.192,39.626,1796.15,1d,uploaded_csv,BTCDOM_INDEX_PROXY,False,True
2025-03-09 00:00:00+00:00,39.628,41.766,39.502,40.492,3809.225,1d,uploaded_csv,BTCDOM_INDEX_PROXY,False,True
2025-03-10 00:00:00+00:00,40.491,42.436,39.703,42.189,4139.291,1d,uploaded_csv,BTCDOM_INDEX_PROXY,False,True
2025-03-11 00:00:00+00:00,42.188,43.44,41.633,42.461,4003.927,1d,uploaded_csv,BTCDOM_INDEX_PROXY,False,True
2025-03-12 00:00:00+00:00,42.453,42.98,41.721,42.342,2438.294,1d,uploaded_csv,BTCDOM_INDEX_PROXY,False,True
2025-03-13 00:00:00+00:00,42.342,42.767,41.234,41.666,2119.461,1d,uploaded_csv,BTCDOM_INDEX_PROXY,False,True
2025-03-14 00:00:00+00:00,41.664,42.11,41.343,41.656,1374.88,1d,uploaded_csv,BTCDOM_INDEX_PROXY,False,True
2025-03-15 00:00:00+00:00,41.65,41.697,40.676,40.952,1438.696,1d,uploaded_csv,BTCDOM_INDEX_PROXY,False,True
2025-03-16 00:00:00+00:00,40.952,42.071,40.813,41.63,1595.519,1d,uploaded_csv,BTCDOM_INDEX_PROXY,False,True
2025-03-17 00:00:00+00:00,41.633,41.652,40.964,41.293,1307.336,1d,uploaded_csv,BTCDOM_INDEX_PROXY,False,True
2025-03-18 00:00:00+00:00,41.295,41.638,40.919,40.991,1432.567,1d,uploaded_csv,BTCDOM_INDEX_PROXY,False,True
2025-03-19 00:00:00+00:00,40.991,41.346,39.617,40.517,3613.017,1d,uploaded_csv,BTCDOM_INDEX_PROXY,False,True
2025-03-20 00:00:00+00:00,40.517,41.123,40.368,40.555,1664.482,1d,uploaded_csv,BTCDOM_INDEX_PROXY,False,True
2025-03-21 00:00:00+00:00,40.555,41.27,40.519,40.908,1789.722,1d,uploaded_csv,BTCDOM_INDEX_PROXY,False,True
2025-03-22 00:00:00+00:00,40.907,41.1,40.435,40.761,1478.577,1d,uploaded_csv,BTCDOM_INDEX_PROXY,False,True
2025-03-23 00:00:00+00:00,40.761,41.3,40.436,41.192,1444.296,1d,uploaded_csv,BTCDOM_INDEX_PROXY,False,True
2025-03-24 00:00:00+00:00,41.191,41.431,40.355,40.662,2027.166,1d,uploaded_csv,BTCDOM_INDEX_PROXY,False,True
2025-03-25 00:00:00+00:00,40.674,40.842,40.389,40.556,845.574,1d,uploaded_csv,BTCDOM_INDEX_PROXY,False,True
2025-03-26 00:00:00+00:00,40.557,41.6,40.46,41.371,1370.339,1d,uploaded_csv,BTCDOM_INDEX_PROXY,False,True
2025-03-27 00:00:00+00:00,41.359,41.439,40.986,41.35,831.279,1d,uploaded_csv,BTCDOM_INDEX_PROXY,False,True
2025-03-28 00:00:00+00:00,41.35,42.598,41.298,42.199,2555.035,1d,uploaded_csv,BTCDOM_INDEX_PROXY,False,True
2025-03-29 00:00:00+00:00,42.204,43.146,42.027,42.862,2217.776,1d,uploaded_csv,BTCDOM_INDEX_PROXY,False,True
2025-03-30 00:00:00+00:00,42.857,43.249,42.487,42.934,1567.053,1d,uploaded_csv,BTCDOM_INDEX_PROXY,False,True
2025-03-31 00:00:00+00:00,42.932,43.664,42.6,43.081,2025.851,1d,uploaded_csv,BTCDOM_INDEX_PROXY,False,True
2025-04-01 00:00:00+00:00,43.081,43.233,42.4,43.142,1975.422,1d,uploaded_csv,BTCDOM_INDEX_PROXY,False,True
2025-04-02 00:00:00+00:00,43.142,44.576,43.142,44.194,5752.15,1d,uploaded_csv,BTCDOM_INDEX_PROXY,False,True
2025-04-03 00:00:00+00:00,44.194,45.0,43.658,44.164,5408.308,1d,uploaded_csv,BTCDOM_INDEX_PROXY,False,True
2025-04-04 00:00:00+00:00,44.163,44.663,43.7,43.966,5910.288,1d,uploaded_csv,BTCDOM_INDEX_PROXY,False,True
2025-04-05 00:00:00+00:00,43.966,44.316,43.75,44.065,1870.776,1d,uploaded_csv,BTCDOM_INDEX_PROXY,False,True
2025-04-06 00:00:00+00:00,44.066,46.774,43.285,46.417,5326.783,1d,uploaded_csv,BTCDOM_INDEX_PROXY,False,True
2025-04-07 00:00:00+00:00,46.418,50.0,46.035,46.869,13740.032,1d,uploaded_csv,BTCDOM_INDEX_PROXY,False,True
2025-04-08 00:00:00+00:00,46.869,47.547,45.61,47.103,7158.284,1d,uploaded_csv,BTCDOM_INDEX_PROXY,False,True
2025-04-09 00:00:00+00:00,47.103,48.204,45.404,45.555,8470.813,1d,uploaded_csv,BTCDOM_INDEX_PROXY,False,True
2025-04-10 00:00:00+00:00,45.555,47.19,45.552,46.456,3309.542,1d,uploaded_csv,BTCDOM_INDEX_PROXY,False,True
2025-04-11 00:00:00+00:00,46.455,47.266,46.0,47.134,2095.527,1d,uploaded_csv,BTCDOM_INDEX_PROXY,False,True
2025-04-12 00:00:00+00:00,47.135,47.428,45.309,45.805,5061.429,1d,uploaded_csv,BTCDOM_INDEX_PROXY,False,True
2025-04-13 00:00:00+00:00,45.805,56.5,45.5,51.911,21523.673,1d,uploaded_csv,BTCDOM_INDEX_PROXY,False,True
2025-04-14 00:00:00+00:00,51.911,52.858,50.466,51.78,8346.508,1d,uploaded_csv,BTCDOM_INDEX_PROXY,False,True
2025-04-15 00:00:00+00:00,51.78,53.33,51.726,52.487,3249.994,1d,uploaded_csv,BTCDOM_INDEX_PROXY,False,True
2025-04-16 00:00:00+00:00,52.489,53.377,52.185,52.562,2908.893,1d,uploaded_csv,BTCDOM_INDEX_PROXY,False,True
2025-04-17 00:00:00+00:00,52.565,52.759,52.05,52.687,2606.996,1d,uploaded_csv,BTCDOM_INDEX_PROXY,False,True
2025-04-18 00:00:00+00:00,52.688,52.957,52.149,52.406,1497.733,1d,uploaded_csv,BTCDOM_INDEX_PROXY,False,True
2025-04-19 00:00:00+00:00,52.407,52.537,52.0,52.04,1026.439,1d,uploaded_csv,BTCDOM_INDEX_PROXY,False,True
2025-04-20 00:00:00+00:00,52.041,52.589,51.5,52.45,2327.179,1d,uploaded_csv,BTCDOM_INDEX_PROXY,False,True
2025-04-21 00:00:00+00:00,52.451,53.919,52.166,53.814,3378.836,1d,uploaded_csv,BTCDOM_INDEX_PROXY,False,True
2025-04-22 00:00:00+00:00,53.814,54.36,52.91,53.223,2807.219,1d,uploaded_csv,BTCDOM_INDEX_PROXY,False,True
2025-04-23 00:00:00+00:00,53.22,53.346,52.098,52.939,2505.435,1d,uploaded_csv,BTCDOM_INDEX_PROXY,False,True
2025-04-24 00:00:00+00:00,52.939,53.791,52.612,52.978,2193.924,1d,uploaded_csv,BTCDOM_INDEX_PROXY,False,True
2025-04-25 00:00:00+00:00,52.977,53.55,52.333,53.494,2729.046,1d,uploaded_csv,BTCDOM_INDEX_PROXY,False,True
2025-04-26 00:00:00+00:00,53.493,53.493,52.384,52.863,954.553,1d,uploaded_csv,BTCDOM_INDEX_PROXY,False,True
2025-04-27 00:00:00+00:00,52.863,53.381,52.56,52.755,924.706,1d,uploaded_csv,BTCDOM_INDEX_PROXY,False,True
2025-04-28 00:00:00+00:00,52.754,53.484,52.205,53.1,1791.871,1d,uploaded_csv,BTCDOM_INDEX_PROXY,False,True
2025-04-29 00:00:00+00:00,53.1,53.449,52.554,53.259,1178.031,1d,uploaded_csv,BTCDOM_INDEX_PROXY,False,True
2025-04-30 00:00:00+00:00,53.264,54.7,53.145,53.663,1830.06,1d,uploaded_csv,BTCDOM_INDEX_PROXY,False,True
2025-05-01 00:00:00+00:00,53.663,53.96,53.186,53.9,1734.325,1d,uploaded_csv,BTCDOM_INDEX_PROXY,False,True
2025-05-02 00:00:00+00:00,53.9,54.49,53.856,54.315,1030.629,1d,uploaded_csv,BTCDOM_INDEX_PROXY,False,True
2025-05-03 00:00:00+00:00,54.315,54.628,54.05,54.206,840.091,1d,uploaded_csv,BTCDOM_INDEX_PROXY,False,True
2025-05-04 00:00:00+00:00,54.205,54.641,54.075,54.336,889.518,1d,uploaded_csv,BTCDOM_INDEX_PROXY,False,True
2025-05-05 00:00:00+00:00,54.335,54.514,53.653,54.414,1286.374,1d,uploaded_csv,BTCDOM_INDEX_PROXY,False,True
2025-05-06 00:00:00+00:00,54.424,55.373,54.312,55.224,1940.397,1d,uploaded_csv,BTCDOM_INDEX_PROXY,False,True
2025-05-07 00:00:00+00:00,55.223,55.963,54.939,55.566,1402.418,1d,uploaded_csv,BTCDOM_INDEX_PROXY,False,True
2025-05-08 00:00:00+00:00,55.567,55.786,51.942,52.085,4948.998,1d,uploaded_csv,BTCDOM_INDEX_PROXY,False,True
2025-05-09 00:00:00+00:00,52.094,52.364,49.227,50.056,6209.672,1d,uploaded_csv,BTCDOM_INDEX_PROXY,False,True
2025-05-10 00:00:00+00:00,50.053,50.295,47.559,47.716,3502.359,1d,uploaded_csv,BTCDOM_INDEX_PROXY,False,True
2025-05-11 00:00:00+00:00,47.726,49.92,47.55,49.046,3593.985,1d,uploaded_csv,BTCDOM_INDEX_PROXY,False,True
2025-05-12 00:00:00+00:00,49.038,49.189,46.636,47.582,3803.274,1d,uploaded_csv,BTCDOM_INDEX_PROXY,False,True
2025-05-13 00:00:00+00:00,47.585,49.009,46.0,46.503,3762.134,1d,uploaded_csv,BTCDOM_INDEX_PROXY,False,True
2025-05-14 00:00:00+00:00,46.51,47.692,46.1,47.402,3110.662,1d,uploaded_csv,BTCDOM_INDEX_PROXY,False,True
2025-05-15 00:00:00+00:00,47.4,49.61,47.141,49.133,5530.046,1d,uploaded_csv,BTCDOM_INDEX_PROXY,False,True
2025-05-16 00:00:00+00:00,49.126,49.47,47.921,49.248,2951.801,1d,uploaded_csv,BTCDOM_INDEX_PROXY,False,True
2025-05-17 00:00:00+00:00,49.25,50.604,49.168,50.076,4299.159,1d,uploaded_csv,BTCDOM_INDEX_PROXY,False,True
2025-05-18 00:00:00+00:00,50.077,51.66,48.911,50.479,3508.384,1d,uploaded_csv,BTCDOM_INDEX_PROXY,False,True
2025-05-19 00:00:00+00:00,50.478,51.489,50.271,50.483,3792.61,1d,uploaded_csv,BTCDOM_INDEX_PROXY,False,True
2025-05-20 00:00:00+00:00,50.473,51.85,50.054,51.038,2792.194,1d,uploaded_csv,BTCDOM_INDEX_PROXY,False,True
2025-05-21 00:00:00+00:00,51.038,51.62,50.395,51.39,4429.826,1d,uploaded_csv,BTCDOM_INDEX_PROXY,False,True
2025-05-22 00:00:00+00:00,51.387,51.49,49.861,50.596,3968.633,1d,uploaded_csv,BTCDOM_INDEX_PROXY,False,True
2025-05-23 00:00:00+00:00,50.591,51.52,49.349,51.374,4115.925,1d,uploaded_csv,BTCDOM_INDEX_PROXY,False,True
2025-05-24 00:00:00+00:00,51.377,51.6,50.992,51.262,1869.649,1d,uploaded_csv,BTCDOM_INDEX_PROXY,False,True
2025-05-25 00:00:00+00:00,51.261,52.328,51.217,51.592,2450.051,1d,uploaded_csv,BTCDOM_INDEX_PROXY,False,True
2025-05-26 00:00:00+00:00,51.593,52.172,51.324,51.811,1535.7,1d,uploaded_csv,BTCDOM_INDEX_PROXY,False,True
2025-05-27 00:00:00+00:00,51.812,52.129,50.428,50.545,2790.157,1d,uploaded_csv,BTCDOM_INDEX_PROXY,False,True
2025-05-28 00:00:00+00:00,50.545,51.127,50.241,50.277,2543.671,1d,uploaded_csv,BTCDOM_INDEX_PROXY,False,True
2025-05-29 00:00:00+00:00,50.283,50.828,49.231,50.278,3347.833,1d,uploaded_csv,BTCDOM_INDEX_PROXY,False,True
2025-05-30 00:00:00+00:00,50.285,52.205,50.24,52.0,4050.176,1d,uploaded_csv,BTCDOM_INDEX_PROXY,False,True
2025-05-31 00:00:00+00:00,52.002,52.88,51.784,52.134,3110.675,1d,uploaded_csv,BTCDOM_INDEX_PROXY,False,True
2025-06-01 00:00:00+00:00,52.138,52.956,52.04,52.374,1368.502,1d,uploaded_csv,BTCDOM_INDEX_PROXY,False,True
2025-06-02 00:00:00+00:00,52.367,53.0,51.673,51.783,1788.221,1d,uploaded_csv,BTCDOM_INDEX_PROXY,False,True
2025-06-03 00:00:00+00:00,51.783,51.888,51.069,51.662,1956.673,1d,uploaded_csv,BTCDOM_INDEX_PROXY,False,True
2025-06-04 00:00:00+00:00,51.661,51.839,50.812,51.694,2580.394,1d,uploaded_csv,BTCDOM_INDEX_PROXY,False,True
2025-06-05 00:00:00+00:00,51.694,53.469,51.472,53.287,4398.048,1d,uploaded_csv,BTCDOM_INDEX_PROXY,False,True
2025-06-06 00:00:00+00:00,53.282,53.48,52.656,53.332,2300.609,1d,uploaded_csv,BTCDOM_INDEX_PROXY,False,True
2025-06-07 00:00:00+00:00,53.327,53.453,52.862,53.005,1282.978,1d,uploaded_csv,BTCDOM_INDEX_PROXY,False,True
2025-06-08 00:00:00+00:00,52.999,53.318,52.556,52.805,1074.756,1d,uploaded_csv,BTCDOM_INDEX_PROXY,False,True
2025-06-09 00:00:00+00:00,52.806,53.516,52.171,52.454,2355.94,1d,uploaded_csv,BTCDOM_INDEX_PROXY,False,True
2025-06-10 00:00:00+00:00,52.454,52.642,50.77,51.001,4518.368,1d,uploaded_csv,BTCDOM_INDEX_PROXY,False,True
2025-06-11 00:00:00+00:00,51.002,51.412,50.0,51.246,2453.988,1d,uploaded_csv,BTCDOM_INDEX_PROXY,False,True
2025-06-12 00:00:00+00:00,51.25,52.43,50.973,52.066,3176.166,1d,uploaded_csv,BTCDOM_INDEX_PROXY,False,True
2025-06-13 00:00:00+00:00,52.065,54.106,52.031,53.248,5936.717,1d,uploaded_csv,BTCDOM_INDEX_PROXY,False,True
2025-06-14 00:00:00+00:00,53.248,54.07,53.152,53.827,1759.899,1d,uploaded_csv,BTCDOM_INDEX_PROXY,False,True
2025-06-15 00:00:00+00:00,53.83,53.892,53.111,53.293,1384.589,1d,uploaded_csv,BTCDOM_INDEX_PROXY,False,True
2025-06-16 00:00:00+00:00,53.294,53.806,52.207,53.71,2771.749,1d,uploaded_csv,BTCDOM_INDEX_PROXY,False,True
2025-06-17 00:00:00+00:00,53.71,53.965,52.927,53.591,3167.947,1d,uploaded_csv,BTCDOM_INDEX_PROXY,False,True
2025-06-18 00:00:00+00:00,53.591,54.274,53.39,53.663,3398.937,1d,uploaded_csv,BTCDOM_INDEX_PROXY,False,True
2025-06-19 00:00:00+00:00,53.664,53.934,53.439,53.558,1279.47,1d,uploaded_csv,BTCDOM_INDEX_PROXY,False,True
2025-06-20 00:00:00+00:00,53.559,55.0,53.459,54.708,2357.961,1d,uploaded_csv,BTCDOM_INDEX_PROXY,False,True
2025-06-21 00:00:00+00:00,54.708,56.4,54.391,56.233,3831.978,1d,uploaded_csv,BTCDOM_INDEX_PROXY,False,True
2025-06-22 00:00:00+00:00,56.234,58.152,56.125,57.095,5827.835,1d,uploaded_csv,BTCDOM_INDEX_PROXY,False,True
2025-06-23 00:00:00+00:00,57.095,57.229,55.086,55.339,3513.893,1d,uploaded_csv,BTCDOM_INDEX_PROXY,False,True
2025-06-24 00:00:00+00:00,55.339,55.621,54.583,55.029,3414.022,1d,uploaded_csv,BTCDOM_INDEX_PROXY,False,True
2025-06-25 00:00:00+00:00,55.029,56.495,54.989,56.328,2007.538,1d,uploaded_csv,BTCDOM_INDEX_PROXY,False,True
2025-06-26 00:00:00+00:00,56.328,57.0,55.272,56.893,2469.278,1d,uploaded_csv,BTCDOM_INDEX_PROXY,False,True
2025-06-27 00:00:00+00:00,56.893,57.133,56.24,56.361,1620.552,1d,uploaded_csv,BTCDOM_INDEX_PROXY,False,True
2025-06-28 00:00:00+00:00,56.362,56.483,55.5,55.691,836.928,1d,uploaded_csv,BTCDOM_INDEX_PROXY,False,True
2025-06-29 00:00:00+00:00,55.69,55.999,54.73,55.145,1071.668,1d,uploaded_csv,BTCDOM_INDEX_PROXY,False,True
2025-06-30 00:00:00+00:00,55.145,55.737,53.786,54.577,2675.721,1d,uploaded_csv,BTCDOM_INDEX_PROXY,False,True
2025-07-01 00:00:00+00:00,54.577,55.817,54.463,55.609,2385.228,1d,uploaded_csv,BTCDOM_INDEX_PROXY,False,True
2025-07-02 00:00:00+00:00,55.611,55.952,54.119,54.619,2455.481,1d,uploaded_csv,BTCDOM_INDEX_PROXY,False,True
2025-07-03 00:00:00+00:00,54.619,54.817,53.9,54.536,2235.833,1d,uploaded_csv,BTCDOM_INDEX_PROXY,False,True
2025-07-04 00:00:00+00:00,54.533,55.686,54.361,55.264,2013.109,1d,uploaded_csv,BTCDOM_INDEX_PROXY,False,True
2025-07-05 00:00:00+00:00,55.265,55.623,55.066,55.217,721.281,1d,uploaded_csv,BTCDOM_INDEX_PROXY,False,True
2025-07-06 00:00:00+00:00,55.217,55.332,54.113,54.608,1561.542,1d,uploaded_csv,BTCDOM_INDEX_PROXY,False,True
2025-07-07 00:00:00+00:00,54.609,54.797,53.45,54.615,2282.597,1d,uploaded_csv,BTCDOM_INDEX_PROXY,False,True
2025-07-08 00:00:00+00:00,54.613,54.768,53.722,53.868,1471.216,1d,uploaded_csv,BTCDOM_INDEX_PROXY,False,True
2025-07-09 00:00:00+00:00,53.869,54.013,52.501,52.7,2559.765,1d,uploaded_csv,BTCDOM_INDEX_PROXY,False,True
2025-07-10 00:00:00+00:00,52.7,53.175,51.842,52.047,2458.274,1d,uploaded_csv,BTCDOM_INDEX_PROXY,False,True
2025-07-11 00:00:00+00:00,52.052,52.466,50.574,51.807,3677.911,1d,uploaded_csv,BTCDOM_INDEX_PROXY,False,True
2025-07-12 00:00:00+00:00,51.808,52.682,51.15,52.015,1966.301,1d,uploaded_csv,BTCDOM_INDEX_PROXY,False,True
2025-07-13 00:00:00+00:00,52.014,52.12,51.15,51.83,1679.714,1d,uploaded_csv,BTCDOM_INDEX_PROXY,False,True
2025-07-14 00:00:00+00:00,51.83,52.191,50.984,51.413,3144.103,1d,uploaded_csv,BTCDOM_INDEX_PROXY,False,True
2025-07-15 00:00:00+00:00,51.418,51.86,49.557,49.629,3479.582,1d,uploaded_csv,BTCDOM_INDEX_PROXY,False,True
2025-07-16 00:00:00+00:00,49.636,49.977,47.373,47.572,4166.403,1d,uploaded_csv,BTCDOM_INDEX_PROXY,False,True
2025-07-17 00:00:00+00:00,47.579,48.054,45.18,45.567,6824.785,1d,uploaded_csv,BTCDOM_INDEX_PROXY,False,True
2025-07-18 00:00:00+00:00,45.563,45.751,43.55,44.746,8541.452,1d,uploaded_csv,BTCDOM_INDEX_PROXY,False,True
2025-07-19 00:00:00+00:00,44.746,45.163,44.232,44.314,2969.155,1d,uploaded_csv,BTCDOM_INDEX_PROXY,False,True
2025-07-20 00:00:00+00:00,44.315,44.456,42.569,42.666,4584.766,1d,uploaded_csv,BTCDOM_INDEX_PROXY,False,True
2025-07-21 00:00:00+00:00,42.669,43.135,41.648,42.042,5338.453,1d,uploaded_csv,BTCDOM_INDEX_PROXY,False,True
2025-07-22 00:00:00+00:00,42.041,43.712,41.737,42.685,8244.207,1d,uploaded_csv,BTCDOM_INDEX_PROXY,False,True
2025-07-23 00:00:00+00:00,42.69,45.728,42.428,44.809,8620.623,1d,uploaded_csv,BTCDOM_INDEX_PROXY,False,True
2025-07-24 00:00:00+00:00,44.799,46.359,44.04,44.631,9666.063,1d,uploaded_csv,BTCDOM_INDEX_PROXY,False,True
2025-07-25 00:00:00+00:00,44.631,45.192,42.93,43.886,5129.326,1d,uploaded_csv,BTCDOM_INDEX_PROXY,False,True
2025-07-26 00:00:00+00:00,43.88,44.142,43.343,43.759,2249.483,1d,uploaded_csv,BTCDOM_INDEX_PROXY,False,True
2025-07-27 00:00:00+00:00,43.762,43.911,43.016,43.04,2674.659,1d,uploaded_csv,BTCDOM_INDEX_PROXY,False,True
2025-07-28 00:00:00+00:00,43.045,43.988,42.21,43.823,4857.806,1d,uploaded_csv,BTCDOM_INDEX_PROXY,False,True
2025-07-29 00:00:00+00:00,43.825,44.458,42.0,43.9,5545.34,1d,uploaded_csv,BTCDOM_INDEX_PROXY,False,True
2025-07-30 00:00:00+00:00,43.894,44.967,43.591,44.176,3700.78,1d,uploaded_csv,BTCDOM_INDEX_PROXY,False,True
2025-07-31 00:00:00+00:00,44.176,44.75,43.609,44.638,2409.324,1d,uploaded_csv,BTCDOM_INDEX_PROXY,False,True
2025-08-01 00:00:00+00:00,44.639,46.314,44.515,45.657,5772.054,1d,uploaded_csv,BTCDOM_INDEX_PROXY,False,True
2025-08-02 00:00:00+00:00,45.652,47.197,45.277,46.96,4693.535,1d,uploaded_csv,BTCDOM_INDEX_PROXY,False,True
2025-08-03 00:00:00+00:00,46.959,47.341,45.835,45.99,2341.907,1d,uploaded_csv,BTCDOM_INDEX_PROXY,False,True
2025-08-04 00:00:00+00:00,45.989,46.069,44.079,44.116,3107.543,1d,uploaded_csv,BTCDOM_INDEX_PROXY,False,True
2025-08-05 00:00:00+00:00,44.115,45.641,44.07,45.177,2793.627,1d,uploaded_csv,BTCDOM_INDEX_PROXY,False,True
2025-08-06 00:00:00+00:00,45.184,45.549,44.66,44.714,2344.735,1d,uploaded_csv,BTCDOM_INDEX_PROXY,False,True
2025-08-07 00:00:00+00:00,44.715,44.859,42.89,42.93,4680.191,1d,uploaded_csv,BTCDOM_INDEX_PROXY,False,True
2025-08-08 00:00:00+00:00,42.931,43.123,41.495,42.08,5695.789,1d,uploaded_csv,BTCDOM_INDEX_PROXY,False,True
2025-08-09 00:00:00+00:00,42.081,42.083,40.469,40.854,6146.873,1d,uploaded_csv,BTCDOM_INDEX_PROXY,False,True
2025-08-10 00:00:00+00:00,40.857,42.33,40.431,41.892,4641.015,1d,uploaded_csv,BTCDOM_INDEX_PROXY,False,True
2025-08-11 00:00:00+00:00,41.891,42.866,41.468,42.359,5824.904,1d,uploaded_csv,BTCDOM_INDEX_PROXY,False,True
2025-08-12 00:00:00+00:00,42.358,42.377,39.764,40.069,4966.372,1d,uploaded_csv,BTCDOM_INDEX_PROXY,False,True
2025-08-13 00:00:00+00:00,40.073,40.238,39.0,40.073,6793.784,1d,uploaded_csv,BTCDOM_INDEX_PROXY,False,True
2025-08-14 00:00:00+00:00,40.074,40.687,39.122,40.187,8370.532,1d,uploaded_csv,BTCDOM_INDEX_PROXY,False,True
2025-08-15 00:00:00+00:00,40.187,41.082,39.554,40.49,5342.855,1d,uploaded_csv,BTCDOM_INDEX_PROXY,False,True
2025-08-16 00:00:00+00:00,40.49,40.877,40.196,40.383,2180.069,1d,uploaded_csv,BTCDOM_INDEX_PROXY,False,True
2025-08-17 00:00:00+00:00,40.383,40.563,39.472,39.936,3093.272,1d,uploaded_csv,BTCDOM_INDEX_PROXY,False,True
2025-08-18 00:00:00+00:00,39.939,41.5,39.907,40.721,4519.161,1d,uploaded_csv,BTCDOM_INDEX_PROXY,False,True
2025-08-19 00:00:00+00:00,40.721,41.748,40.524,41.717,3171.288,1d,uploaded_csv,BTCDOM_INDEX_PROXY,False,True
2025-08-20 00:00:00+00:00,41.713,41.73,39.808,40.071,3995.927,1d,uploaded_csv,BTCDOM_INDEX_PROXY,False,True
2025-08-21 00:00:00+00:00,40.071,40.657,40.021,40.606,3365.654,1d,uploaded_csv,BTCDOM_INDEX_PROXY,False,True
2025-08-22 00:00:00+00:00,40.606,40.818,37.686,37.968,8913.408,1d,uploaded_csv,BTCDOM_INDEX_PROXY,False,True
2025-08-23 00:00:00+00:00,37.969,38.761,37.662,37.825,3419.943,1d,uploaded_csv,BTCDOM_INDEX_PROXY,False,True
2025-08-24 00:00:00+00:00,37.825,38.3,36.473,37.34,6321.689,1d,uploaded_csv,BTCDOM_INDEX_PROXY,False,True
2025-08-25 00:00:00+00:00,37.34,39.361,37.139,39.191,6218.942,1d,uploaded_csv,BTCDOM_INDEX_PROXY,False,True
2025-08-26 00:00:00+00:00,39.191,39.247,37.664,38.076,3747.579,1d,uploaded_csv,BTCDOM_INDEX_PROXY,False,True
2025-08-27 00:00:00+00:00,38.074,38.378,37.554,38.323,4111.346,1d,uploaded_csv,BTCDOM_INDEX_PROXY,False,True
2025-08-28 00:00:00+00:00,38.318,38.772,37.22,38.347,2616.367,1d,uploaded_csv,BTCDOM_INDEX_PROXY,False,True
2025-08-29 00:00:00+00:00,38.362,38.969,38.167,38.328,4226.319,1d,uploaded_csv,BTCDOM_INDEX_PROXY,False,True
2025-08-30 00:00:00+00:00,38.328,38.805,38.044,38.45,2300.258,1d,uploaded_csv,BTCDOM_INDEX_PROXY,False,True
2025-08-31 00:00:00+00:00,38.45,38.489,37.708,38.416,2452.826,1d,uploaded_csv,BTCDOM_INDEX_PROXY,False,True
2025-09-01 00:00:00+00:00,38.419,39.661,38.149,39.357,4614.533,1d,uploaded_csv,BTCDOM_INDEX_PROXY,False,True
2025-09-02 00:00:00+00:00,39.357,39.889,38.861,39.274,3417.409,1d,uploaded_csv,BTCDOM_INDEX_PROXY,False,True
2025-09-03 00:00:00+00:00,39.274,39.605,38.724,38.881,2447.981,1d,uploaded_csv,BTCDOM_INDEX_PROXY,False,True
2025-09-04 00:00:00+00:00,38.88,39.718,38.811,39.711,2091.985,1d,uploaded_csv,BTCDOM_INDEX_PROXY,False,True
2025-09-05 00:00:00+00:00,39.711,39.921,39.19,39.46,3234.493,1d,uploaded_csv,BTCDOM_INDEX_PROXY,False,True
2025-09-06 00:00:00+00:00,39.46,39.697,39.349,39.552,1380.661,1d,uploaded_csv,BTCDOM_INDEX_PROXY,False,True
2025-09-07 00:00:00+00:00,39.552,39.638,39.107,39.208,1636.055,1d,uploaded_csv,BTCDOM_INDEX_PROXY,False,True
2025-09-08 00:00:00+00:00,39.202,39.334,38.81,39.062,2699.276,1d,uploaded_csv,BTCDOM_INDEX_PROXY,False,True
2025-09-09 00:00:00+00:00,39.068,39.145,38.668,38.837,3356.886,1d,uploaded_csv,BTCDOM_INDEX_PROXY,False,True
2025-09-10 00:00:00+00:00,38.837,39.341,38.558,39.095,2862.536,1d,uploaded_csv,BTCDOM_INDEX_PROXY,False,True
2025-09-11 00:00:00+00:00,39.095,39.16,38.28,38.785,3214.786,1d,uploaded_csv,BTCDOM_INDEX_PROXY,False,True
2025-09-12 00:00:00+00:00,38.785,38.884,37.283,37.388,3895.717,1d,uploaded_csv,BTCDOM_INDEX_PROXY,False,True
2025-09-13 00:00:00+00:00,37.387,37.649,36.755,37.337,2549.81,1d,uploaded_csv,BTCDOM_INDEX_PROXY,False,True
2025-09-14 00:00:00+00:00,37.337,37.988,37.077,37.84,3005.215,1d,uploaded_csv,BTCDOM_INDEX_PROXY,False,True
2025-09-15 00:00:00+00:00,37.841,38.744,37.526,38.507,3171.703,1d,uploaded_csv,BTCDOM_INDEX_PROXY,False,True
2025-09-16 00:00:00+00:00,38.508,39.094,38.26,38.746,2396.37,1d,uploaded_csv,BTCDOM_INDEX_PROXY,False,True
2025-09-17 00:00:00+00:00,38.745,40.0,37.588,37.712,3823.042,1d,uploaded_csv,BTCDOM_INDEX_PROXY,False,True
2025-09-18 00:00:00+00:00,37.715,38.157,37.5,37.82,2812.201,1d,uploaded_csv,BTCDOM_INDEX_PROXY,False,True
2025-09-19 00:00:00+00:00,37.821,38.616,37.684,38.397,2368.356,1d,uploaded_csv,BTCDOM_INDEX_PROXY,False,True
2025-09-20 00:00:00+00:00,38.397,38.776,38.063,38.12,1555.189,1d,uploaded_csv,BTCDOM_INDEX_PROXY,False,True
2025-09-21 00:00:00+00:00,38.121,38.312,37.835,38.274,1577.072,1d,uploaded_csv,BTCDOM_INDEX_PROXY,False,True
2025-09-22 00:00:00+00:00,38.269,41.857,38.247,39.542,5930.629,1d,uploaded_csv,BTCDOM_INDEX_PROXY,False,True
2025-09-23 00:00:00+00:00,39.541,40.066,39.284,39.677,1803.55,1d,uploaded_csv,BTCDOM_INDEX_PROXY,False,True
2025-09-24 00:00:00+00:00,39.672,40.23,39.48,39.956,1797.184,1d,uploaded_csv,BTCDOM_INDEX_PROXY,False,True
2025-09-25 00:00:00+00:00,39.97,42.5,39.92,41.246,5462.565,1d,uploaded_csv,BTCDOM_INDEX_PROXY,False,True
2025-09-26 00:00:00+00:00,41.243,42.51,40.051,40.09,3097.96,1d,uploaded_csv,BTCDOM_INDEX_PROXY,False,True
2025-09-27 00:00:00+00:00,40.079,40.439,39.975,40.165,1378.752,1d,uploaded_csv,BTCDOM_INDEX_PROXY,False,True
2025-09-28 00:00:00+00:00,40.156,40.618,39.973,39.984,1731.97,1d,uploaded_csv,BTCDOM_INDEX_PROXY,False,True
2025-09-29 00:00:00+00:00,39.995,40.671,39.909,40.178,2206.401,1d,uploaded_csv,BTCDOM_INDEX_PROXY,False,True
2025-09-30 00:00:00+00:00,40.168,41.005,40.121,40.738,1870.623,1d,uploaded_csv,BTCDOM_INDEX_PROXY,False,True
2025-10-01 00:00:00+00:00,40.736,41.074,40.059,40.504,2287.995,1d,uploaded_csv,BTCDOM_INDEX_PROXY,False,True
2025-10-02 00:00:00+00:00,40.504,40.627,39.6,39.716,2932.439,1d,uploaded_csv,BTCDOM_INDEX_PROXY,False,True
2025-10-03 00:00:00+00:00,39.72,40.355,39.306,39.883,2475.087,1d,uploaded_csv,BTCDOM_INDEX_PROXY,False,True
2025-10-04 00:00:00+00:00,39.881,41.27,39.823,40.583,1614.501,1d,uploaded_csv,BTCDOM_INDEX_PROXY,False,True
2025-10-05 00:00:00+00:00,40.583,40.805,40.064,40.771,1715.245,1d,uploaded_csv,BTCDOM_INDEX_PROXY,False,True
2025-10-06 00:00:00+00:00,40.772,40.902,39.73,39.9,2411.571,1d,uploaded_csv,BTCDOM_INDEX_PROXY,False,True
2025-10-07 00:00:00+00:00,39.907,40.56,39.458,40.496,2784.551,1d,uploaded_csv,BTCDOM_INDEX_PROXY,False,True
2025-10-08 00:00:00+00:00,40.495,41.0,40.285,40.409,2139.842,1d,uploaded_csv,BTCDOM_INDEX_PROXY,False,True
2025-10-09 00:00:00+00:00,40.41,41.704,40.357,41.239,2586.17,1d,uploaded_csv,BTCDOM_INDEX_PROXY,False,True
2025-10-10 00:00:00+00:00,41.235,53.8,40.854,44.645,12179.967,1d,uploaded_csv,BTCDOM_INDEX_PROXY,False,True
2025-10-11 00:00:00+00:00,44.651,45.199,43.236,44.396,5687.464,1d,uploaded_csv,BTCDOM_INDEX_PROXY,False,True
2025-10-12 00:00:00+00:00,44.397,44.959,41.303,41.744,6176.066,1d,uploaded_csv,BTCDOM_INDEX_PROXY,False,True
2025-10-13 00:00:00+00:00,41.75,42.126,40.678,40.834,4507.146,1d,uploaded_csv,BTCDOM_INDEX_PROXY,False,True
2025-10-14 00:00:00+00:00,40.828,42.713,40.585,41.61,5708.3,1d,uploaded_csv,BTCDOM_INDEX_PROXY,False,True
2025-10-15 00:00:00+00:00,41.61,42.724,41.0,42.295,2999.034,1d,uploaded_csv,BTCDOM_INDEX_PROXY,False,True
2025-10-16 00:00:00+00:00,42.303,42.845,41.732,42.54,2911.232,1d,uploaded_csv,BTCDOM_INDEX_PROXY,False,True
2025-10-17 00:00:00+00:00,42.547,43.838,42.243,42.947,4010.26,1d,uploaded_csv,BTCDOM_INDEX_PROXY,False,True
2025-10-18 00:00:00+00:00,42.948,42.975,41.965,42.388,1579.092,1d,uploaded_csv,BTCDOM_INDEX_PROXY,False,True
2025-10-19 00:00:00+00:00,42.389,42.645,41.628,42.151,1989.581,1d,uploaded_csv,BTCDOM_INDEX_PROXY,False,True
2025-10-20 00:00:00+00:00,42.159,43.105,41.973,42.56,1901.07,1d,uploaded_csv,BTCDOM_INDEX_PROXY,False,True
2025-10-21 00:00:00+00:00,42.559,43.208,42.487,42.907,2518.229,1d,uploaded_csv,BTCDOM_INDEX_PROXY,False,True
2025-10-22 00:00:00+00:00,42.907,43.8,42.769,43.319,2526.034,1d,uploaded_csv,BTCDOM_INDEX_PROXY,False,True
2025-10-23 00:00:00+00:00,43.312,43.508,42.826,43.271,2040.082,1d,uploaded_csv,BTCDOM_INDEX_PROXY,False,True
2025-10-24 00:00:00+00:00,43.272,43.381,42.537,42.947,2055.816,1d,uploaded_csv,BTCDOM_INDEX_PROXY,False,True
2025-10-25 00:00:00+00:00,42.946,43.169,42.657,42.832,895.552,1d,uploaded_csv,BTCDOM_INDEX_PROXY,False,True
2025-10-26 00:00:00+00:00,42.837,42.949,42.122,42.308,1867.416,1d,uploaded_csv,BTCDOM_INDEX_PROXY,False,True
2025-10-27 00:00:00+00:00,42.308,42.7,41.79,42.489,2092.931,1d,uploaded_csv,BTCDOM_INDEX_PROXY,False,True
2025-10-28 00:00:00+00:00,42.491,43.548,42.307,43.222,1867.881,1d,uploaded_csv,BTCDOM_INDEX_PROXY,False,True
2025-10-29 00:00:00+00:00,43.225,43.339,41.8,42.514,2960.298,1d,uploaded_csv,BTCDOM_INDEX_PROXY,False,True
2025-10-30 00:00:00+00:00,42.517,44.3,42.262,43.386,3066.637,1d,uploaded_csv,BTCDOM_INDEX_PROXY,False,True
2025-10-31 00:00:00+00:00,43.383,43.568,42.826,43.172,1717.893,1d,uploaded_csv,BTCDOM_INDEX_PROXY,False,True
2025-11-01 00:00:00+00:00,43.173,43.386,43.115,43.164,955.711,1d,uploaded_csv,BTCDOM_INDEX_PROXY,False,True
2025-11-02 00:00:00+00:00,43.168,43.734,43.141,43.201,1387.411,1d,uploaded_csv,BTCDOM_INDEX_PROXY,False,True
2025-11-03 00:00:00+00:00,43.206,46.036,43.169,45.605,4760.956,1d,uploaded_csv,BTCDOM_INDEX_PROXY,False,True
2025-11-04 00:00:00+00:00,45.606,48.299,45.045,46.502,7635.42,1d,uploaded_csv,BTCDOM_INDEX_PROXY,False,True
2025-11-05 00:00:00+00:00,46.496,47.47,45.367,45.679,3651.264,1d,uploaded_csv,BTCDOM_INDEX_PROXY,False,True
2025-11-06 00:00:00+00:00,45.672,46.694,45.344,46.023,2287.299,1d,uploaded_csv,BTCDOM_INDEX_PROXY,False,True
2025-11-07 00:00:00+00:00,46.026,46.537,44.433,44.859,3362.341,1d,uploaded_csv,BTCDOM_INDEX_PROXY,False,True
2025-11-08 00:00:00+00:00,44.857,45.224,44.082,44.885,2209.464,1d,uploaded_csv,BTCDOM_INDEX_PROXY,False,True
2025-11-09 00:00:00+00:00,44.885,45.314,44.246,44.356,1601.446,1d,uploaded_csv,BTCDOM_INDEX_PROXY,False,True
2025-11-10 00:00:00+00:00,44.35,44.567,43.846,44.38,2089.601,1d,uploaded_csv,BTCDOM_INDEX_PROXY,False,True
2025-11-11 00:00:00+00:00,44.388,45.345,43.918,45.318,2288.752,1d,uploaded_csv,BTCDOM_INDEX_PROXY,False,True
2025-11-12 00:00:00+00:00,45.317,45.378,44.446,44.82,2738.135,1d,uploaded_csv,BTCDOM_INDEX_PROXY,False,True
2025-11-13 00:00:00+00:00,44.817,46.32,43.964,45.873,3342.88,1d,uploaded_csv,BTCDOM_INDEX_PROXY,False,True
2025-11-14 00:00:00+00:00,45.864,46.191,44.254,44.998,3445.75,1d,uploaded_csv,BTCDOM_INDEX_PROXY,False,True
2025-11-15 00:00:00+00:00,45.001,45.133,44.479,44.847,1005.725,1d,uploaded_csv,BTCDOM_INDEX_PROXY,False,True
2025-11-16 00:00:00+00:00,44.847,45.875,44.3,45.089,2726.429,1d,uploaded_csv,BTCDOM_INDEX_PROXY,False,True
2025-11-17 00:00:00+00:00,45.098,45.706,44.381,45.168,3414.679,1d,uploaded_csv,BTCDOM_INDEX_PROXY,False,True
2025-11-18 00:00:00+00:00,45.147,45.36,43.78,44.078,3218.395,1d,uploaded_csv,BTCDOM_INDEX_PROXY,False,True
2025-11-19 00:00:00+00:00,44.079,45.592,43.887,44.969,2730.487,1d,uploaded_csv,BTCDOM_INDEX_PROXY,False,True
2025-11-20 00:00:00+00:00,44.97,45.271,44.514,44.814,2503.586,1d,uploaded_csv,BTCDOM_INDEX_PROXY,False,True
2025-11-21 00:00:00+00:00,44.814,45.963,44.511,45.512,4052.586,1d,uploaded_csv,BTCDOM_INDEX_PROXY,False,True
2025-11-22 00:00:00+00:00,45.519,45.9,45.2,45.366,1243.648,1d,uploaded_csv,BTCDOM_INDEX_PROXY,False,True
2025-11-23 00:00:00+00:00,45.367,45.625,44.947,45.539,892.786,1d,uploaded_csv,BTCDOM_INDEX_PROXY,False,True
2025-11-24 00:00:00+00:00,45.551,45.74,43.81,44.173,2454.917,1d,uploaded_csv,BTCDOM_INDEX_PROXY,False,True
2025-11-25 00:00:00+00:00,44.172,44.585,43.66,43.755,1198.288,1d,uploaded_csv,BTCDOM_INDEX_PROXY,False,True
2025-11-26 00:00:00+00:00,43.756,44.37,43.713,44.321,980.731,1d,uploaded_csv,BTCDOM_INDEX_PROXY,False,True
2025-11-27 00:00:00+00:00,44.322,45.2,44.17,44.987,1305.079,1d,uploaded_csv,BTCDOM_INDEX_PROXY,False,True
2025-11-28 00:00:00+00:00,44.987,45.25,44.572,45.004,1029.505,1d,uploaded_csv,BTCDOM_INDEX_PROXY,False,True
2025-11-29 00:00:00+00:00,45.003,45.425,44.889,45.415,534.965,1d,uploaded_csv,BTCDOM_INDEX_PROXY,False,True
2025-11-30 00:00:00+00:00,45.415,45.575,44.938,45.466,962.655,1d,uploaded_csv,BTCDOM_INDEX_PROXY,False,True
2025-12-01 00:00:00+00:00,45.462,46.5,45.262,46.231,2397.52,1d,uploaded_csv,BTCDOM_INDEX_PROXY,False,True
2025-12-02 00:00:00+00:00,46.232,46.659,45.18,45.687,2235.802,1d,uploaded_csv,BTCDOM_INDEX_PROXY,False,True
2025-12-03 00:00:00+00:00,45.688,45.984,44.615,44.647,1941.114,1d,uploaded_csv,BTCDOM_INDEX_PROXY,False,True
2025-12-04 00:00:00+00:00,44.64,45.272,44.23,45.081,1925.672,1d,uploaded_csv,BTCDOM_INDEX_PROXY,False,True
2025-12-05 00:00:00+00:00,45.081,45.469,44.617,45.233,2429.762,1d,uploaded_csv,BTCDOM_INDEX_PROXY,False,True
2025-12-06 00:00:00+00:00,45.228,45.419,44.934,44.992,962.45,1d,uploaded_csv,BTCDOM_INDEX_PROXY,False,True
2025-12-07 00:00:00+00:00,44.992,45.746,44.818,45.434,1329.271,1d,uploaded_csv,BTCDOM_INDEX_PROXY,False,True
2025-12-08 00:00:00+00:00,45.434,45.491,44.393,44.841,1127.963,1d,uploaded_csv,BTCDOM_INDEX_PROXY,False,True
2025-12-09 00:00:00+00:00,44.838,45.0,43.71,44.12,1639.257,1d,uploaded_csv,BTCDOM_INDEX_PROXY,False,True
2025-12-10 00:00:00+00:00,44.121,44.406,43.688,44.251,1303.268,1d,uploaded_csv,BTCDOM_INDEX_PROXY,False,True
2025-12-11 00:00:00+00:00,44.261,45.326,44.217,45.185,1730.183,1d,uploaded_csv,BTCDOM_INDEX_PROXY,False,True
2025-12-12 00:00:00+00:00,45.184,45.835,44.872,45.545,1710.11,1d,uploaded_csv,BTCDOM_INDEX_PROXY,False,True
2025-12-13 00:00:00+00:00,45.542,45.574,44.942,45.145,762.226,1d,uploaded_csv,BTCDOM_INDEX_PROXY,False,True
2025-12-14 00:00:00+00:00,45.143,45.275,44.836,45.05,748.81,1d,uploaded_csv,BTCDOM_INDEX_PROXY,False,True
2025-12-15 00:00:00+00:00,45.044,45.808,44.695,45.434,1517.643,1d,uploaded_csv,BTCDOM_INDEX_PROXY,False,True
2025-12-16 00:00:00+00:00,45.434,46.098,45.325,45.88,1647.534,1d,uploaded_csv,BTCDOM_INDEX_PROXY,False,True
2025-12-17 00:00:00+00:00,45.888,47.125,45.631,46.925,2614.959,1d,uploaded_csv,BTCDOM_INDEX_PROXY,False,True
2025-12-18 00:00:00+00:00,46.932,47.529,46.571,47.134,2437.975,1d,uploaded_csv,BTCDOM_INDEX_PROXY,False,True
2025-12-19 00:00:00+00:00,47.134,47.416,45.935,46.18,1590.523,1d,uploaded_csv,BTCDOM_INDEX_PROXY,False,True
2025-12-20 00:00:00+00:00,46.184,46.403,46.042,46.281,502.926,1d,uploaded_csv,BTCDOM_INDEX_PROXY,False,True
2025-12-21 00:00:00+00:00,46.285,46.614,46.202,46.329,673.61,1d,uploaded_csv,BTCDOM_INDEX_PROXY,False,True
2025-12-22 00:00:00+00:00,46.33,46.619,46.065,46.299,801.229,1d,uploaded_csv,BTCDOM_INDEX_PROXY,False,True
2025-12-23 00:00:00+00:00,46.305,46.892,46.181,46.461,794.489,1d,uploaded_csv,BTCDOM_INDEX_PROXY,False,True
2025-12-24 00:00:00+00:00,46.458,46.9,46.411,46.812,573.604,1d,uploaded_csv,BTCDOM_INDEX_PROXY,False,True
2025-12-25 00:00:00+00:00,46.811,47.34,46.721,47.315,742.461,1d,uploaded_csv,BTCDOM_INDEX_PROXY,False,True
2025-12-26 00:00:00+00:00,47.315,47.382,46.953,47.002,671.413,1d,uploaded_csv,BTCDOM_INDEX_PROXY,False,True
2025-12-27 00:00:00+00:00,47.002,47.035,46.467,46.542,452.542,1d,uploaded_csv,BTCDOM_INDEX_PROXY,False,True
2025-12-28 00:00:00+00:00,46.544,46.663,46.31,46.463,537.238,1d,uploaded_csv,BTCDOM_INDEX_PROXY,False,True
2025-12-29 00:00:00+00:00,46.467,46.732,46.15,46.476,888.748,1d,uploaded_csv,BTCDOM_INDEX_PROXY,False,True
2025-12-30 00:00:00+00:00,46.475,46.889,46.17,46.64,686.474,1d,uploaded_csv,BTCDOM_INDEX_PROXY,False,True
2025-12-31 00:00:00+00:00,46.64,46.74,46.39,46.529,520.823,1d,uploaded_csv,BTCDOM_INDEX_PROXY,False,True
2026-01-01 00:00:00+00:00,46.534,46.566,46.311,46.441,363.444,1d,uploaded_csv,BTCDOM_INDEX_PROXY,False,True
2026-01-02 00:00:00+00:00,46.441,46.48,45.07,45.159,1365.666,1d,uploaded_csv,BTCDOM_INDEX_PROXY,False,True
2026-01-03 00:00:00+00:00,45.16,45.438,44.962,45.301,504.139,1d,uploaded_csv,BTCDOM_INDEX_PROXY,False,True
2026-01-04 00:00:00+00:00,45.301,45.437,44.943,45.144,650.685,1d,uploaded_csv,BTCDOM_INDEX_PROXY,False,True
2026-01-05 00:00:00+00:00,45.14,45.755,44.6,44.677,1105.778,1d,uploaded_csv,BTCDOM_INDEX_PROXY,False,True
2026-01-06 00:00:00+00:00,44.677,44.854,43.956,44.154,1191.478,1d,uploaded_csv,BTCDOM_INDEX_PROXY,False,True
2026-01-07 00:00:00+00:00,44.145,44.779,44.002,44.647,997.678,1d,uploaded_csv,BTCDOM_INDEX_PROXY,False,True
2026-01-08 00:00:00+00:00,44.654,45.277,44.438,45.177,832.441,1d,uploaded_csv,BTCDOM_INDEX_PROXY,False,True
2026-01-09 00:00:00+00:00,45.176,45.422,44.865,45.222,773.558,1d,uploaded_csv,BTCDOM_INDEX_PROXY,False,True
2026-01-10 00:00:00+00:00,45.221,45.331,45.071,45.182,379.85,1d,uploaded_csv,BTCDOM_INDEX_PROXY,False,True
2026-01-11 00:00:00+00:00,45.182,45.274,44.85,45.157,391.47,1d,uploaded_csv,BTCDOM_INDEX_PROXY,False,True
2026-01-12 00:00:00+00:00,45.154,45.7,45.129,45.667,745.445,1d,uploaded_csv,BTCDOM_INDEX_PROXY,False,True
2026-01-13 00:00:00+00:00,45.668,45.729,44.839,45.0,948.802,1d,uploaded_csv,BTCDOM_INDEX_PROXY,False,True
2026-01-14 00:00:00+00:00,45.0,45.831,44.7,45.63,956.743,1d,uploaded_csv,BTCDOM_INDEX_PROXY,False,True
2026-01-15 00:00:00+00:00,45.631,46.416,45.517,45.897,1115.99,1d,uploaded_csv,BTCDOM_INDEX_PROXY,False,True
2026-01-16 00:00:00+00:00,45.902,46.15,45.809,45.88,486.782,1d,uploaded_csv,BTCDOM_INDEX_PROXY,False,True
2026-01-17 00:00:00+00:00,45.879,45.968,45.45,45.554,311.545,1d,uploaded_csv,BTCDOM_INDEX_PROXY,False,True
2026-01-18 00:00:00+00:00,45.56,45.869,45.356,45.828,566.906,1d,uploaded_csv,BTCDOM_INDEX_PROXY,False,True
2026-01-19 00:00:00+00:00,45.829,46.8,45.828,46.332,1511.013,1d,uploaded_csv,BTCDOM_INDEX_PROXY,False,True
2026-01-20 00:00:00+00:00,46.331,47.435,46.07,47.123,1162.48,1d,uploaded_csv,BTCDOM_INDEX_PROXY,False,True
2026-01-21 00:00:00+00:00,47.122,47.49,46.45,46.835,952.515,1d,uploaded_csv,BTCDOM_INDEX_PROXY,False,True
2026-01-22 00:00:00+00:00,46.835,47.377,46.637,47.21,508.913,1d,uploaded_csv,BTCDOM_INDEX_PROXY,False,True
2026-01-23 00:00:00+00:00,47.21,47.603,47.057,47.277,656.065,1d,uploaded_csv,BTCDOM_INDEX_PROXY,False,True
2026-01-24 00:00:00+00:00,47.277,47.349,47.11,47.193,422.598,1d,uploaded_csv,BTCDOM_INDEX_PROXY,False,True
2026-01-25 00:00:00+00:00,47.193,48.2,46.987,47.897,1102.23,1d,uploaded_csv,BTCDOM_INDEX_PROXY,False,True
2026-01-26 00:00:00+00:00,47.899,47.957,46.867,47.161,945.047,1d,uploaded_csv,BTCDOM_INDEX_PROXY,False,True
2026-01-27 00:00:00+00:00,47.161,47.31,46.5,46.589,842.379,1d,uploaded_csv,BTCDOM_INDEX_PROXY,False,True
2026-01-28 00:00:00+00:00,46.588,47.153,46.51,46.805,361.68,1d,uploaded_csv,BTCDOM_INDEX_PROXY,False,True
2026-01-29 00:00:00+00:00,46.798,47.676,46.718,46.969,833.349,1d,uploaded_csv,BTCDOM_INDEX_PROXY,False,True
2026-01-30 00:00:00+00:00,46.961,48.38,46.6,48.171,1606.18,1d,uploaded_csv,BTCDOM_INDEX_PROXY,False,True
2026-01-31 00:00:00+00:00,48.171,51.38,48.022,49.243,5361.121,1d,uploaded_csv,BTCDOM_INDEX_PROXY,False,True
2026-02-01 00:00:00+00:00,49.248,50.95,48.974,50.701,1987.327,1d,uploaded_csv,BTCDOM_INDEX_PROXY,False,True
2026-02-02 00:00:00+00:00,50.701,51.558,49.873,50.429,2531.265,1d,uploaded_csv,BTCDOM_INDEX_PROXY,False,True
2026-02-03 00:00:00+00:00,50.429,51.121,49.023,50.443,2187.431,1d,uploaded_csv,BTCDOM_INDEX_PROXY,False,True
2026-02-04 00:00:00+00:00,50.443,51.558,50.001,50.951,1780.522,1d,uploaded_csv,BTCDOM_INDEX_PROXY,False,True
2026-02-05 00:00:00+00:00,50.941,52.193,50.127,51.504,3934.532,1d,uploaded_csv,BTCDOM_INDEX_PROXY,False,True
2026-02-06 00:00:00+00:00,51.497,52.75,50.631,51.272,3752.941,1d,uploaded_csv,BTCDOM_INDEX_PROXY,False,True
2026-02-07 00:00:00+00:00,51.271,51.498,50.169,50.457,1805.014,1d,uploaded_csv,BTCDOM_INDEX_PROXY,False,True
2026-02-08 00:00:00+00:00,50.456,51.884,50.32,51.385,547.388,1d,uploaded_csv,BTCDOM_INDEX_PROXY,False,True
2026-02-09 00:00:00+00:00,51.386,52.15,50.855,51.115,962.857,1d,uploaded_csv,BTCDOM_INDEX_PROXY,False,True
2026-02-10 00:00:00+00:00,51.115,52.2,50.977,51.819,678.52,1d,uploaded_csv,BTCDOM_INDEX_PROXY,False,True
2026-02-11 00:00:00+00:00,51.82,52.296,51.486,52.07,786.776,1d,uploaded_csv,BTCDOM_INDEX_PROXY,False,True
2026-02-12 00:00:00+00:00,52.079,52.095,51.121,51.217,578.463,1d,uploaded_csv,BTCDOM_INDEX_PROXY,False,True
2026-02-13 00:00:00+00:00,51.218,51.872,50.92,51.096,668.639,1d,uploaded_csv,BTCDOM_INDEX_PROXY,False,True
2026-02-14 00:00:00+00:00,51.096,51.129,50.007,50.028,856.773,1d,uploaded_csv,BTCDOM_INDEX_PROXY,False,True
2026-02-15 00:00:00+00:00,50.033,51.696,49.74,51.382,1791.093,1d,uploaded_csv,BTCDOM_INDEX_PROXY,False,True
2026-02-16 00:00:00+00:00,51.374,51.525,50.567,50.745,597.548,1d,uploaded_csv,BTCDOM_INDEX_PROXY,False,True
2026-02-17 00:00:00+00:00,50.745,50.956,50.068,50.178,376.836,1d,uploaded_csv,BTCDOM_INDEX_PROXY,False,True
2026-02-18 00:00:00+00:00,50.178,50.761,50.051,50.604,391.923,1d,uploaded_csv,BTCDOM_INDEX_PROXY,False,True
2026-02-19 00:00:00+00:00,50.604,51.35,50.524,51.036,532.656,1d,uploaded_csv,BTCDOM_INDEX_PROXY,False,True
2026-02-20 00:00:00+00:00,51.036,51.484,50.673,50.972,617.487,1d,uploaded_csv,BTCDOM_INDEX_PROXY,False,True
2026-02-21 00:00:00+00:00,50.979,51.049,50.645,50.92,325.343,1d,uploaded_csv,BTCDOM_INDEX_PROXY,False,True
2026-02-22 00:00:00+00:00,50.917,51.636,50.891,51.426,376.817,1d,uploaded_csv,BTCDOM_INDEX_PROXY,False,True
2026-02-23 00:00:00+00:00,51.432,51.831,50.87,51.474,944.661,1d,uploaded_csv,BTCDOM_INDEX_PROXY,False,True
2026-02-24 00:00:00+00:00,51.472,51.515,50.869,51.231,727.669,1d,uploaded_csv,BTCDOM_INDEX_PROXY,False,True
2026-02-25 00:00:00+00:00,51.228,51.338,49.278,49.83,1850.53,1d,uploaded_csv,BTCDOM_INDEX_PROXY,False,True
2026-02-26 00:00:00+00:00,49.83,50.642,49.69,50.251,1032.637,1d,uploaded_csv,BTCDOM_INDEX_PROXY,False,True
2026-02-27 00:00:00+00:00,50.25,51.2,49.841,50.968,951.309,1d,uploaded_csv,BTCDOM_INDEX_PROXY,False,True
2026-02-28 00:00:00+00:00,50.969,51.551,50.836,51.066,1197.348,1d,uploaded_csv,BTCDOM_INDEX_PROXY,False,True
2026-03-01 00:00:00+00:00,51.062,51.151,49.971,50.824,1121.566,1d,uploaded_csv,BTCDOM_INDEX_PROXY,False,True
2026-03-02 00:00:00+00:00,50.824,51.641,50.6,51.427,1131.794,1d,uploaded_csv,BTCDOM_INDEX_PROXY,False,True
2026-03-03 00:00:00+00:00,51.428,52.199,51.325,51.885,1071.265,1d,uploaded_csv,BTCDOM_INDEX_PROXY,False,True
2026-03-04 00:00:00+00:00,51.884,52.622,51.704,52.17,1271.624,1d,uploaded_csv,BTCDOM_INDEX_PROXY,False,True
2026-03-05 00:00:00+00:00,52.161,52.524,51.877,51.994,450.687,1d,uploaded_csv,BTCDOM_INDEX_PROXY,False,True
2026-03-06 00:00:00+00:00,51.993,52.425,51.8,51.984,491.678,1d,uploaded_csv,BTCDOM_INDEX_PROXY,False,True
2026-03-07 00:00:00+00:00,51.975,52.118,51.706,51.72,562.216,1d,uploaded_csv,BTCDOM_INDEX_PROXY,False,True
2026-03-08 00:00:00+00:00,51.724,52.295,51.396,51.439,517.051,1d,uploaded_csv,BTCDOM_INDEX_PROXY,False,True
2026-03-09 00:00:00+00:00,51.439,52.1,51.252,51.926,524.748,1d,uploaded_csv,BTCDOM_INDEX_PROXY,False,True
2026-03-10 00:00:00+00:00,51.927,52.39,51.872,52.132,619.761,1d,uploaded_csv,BTCDOM_INDEX_PROXY,False,True
2026-03-11 00:00:00+00:00,52.132,52.418,51.745,51.941,464.785,1d,uploaded_csv,BTCDOM_INDEX_PROXY,False,True
2026-03-12 00:00:00+00:00,51.942,52.076,51.583,51.869,387.275,1d,uploaded_csv,BTCDOM_INDEX_PROXY,False,True
2026-03-13 00:00:00+00:00,51.869,51.966,51.3,51.725,540.469,1d,uploaded_csv,BTCDOM_INDEX_PROXY,False,True
2026-03-14 00:00:00+00:00,51.726,52.38,51.574,51.797,301.17,1d,uploaded_csv,BTCDOM_INDEX_PROXY,False,True
2026-03-15 00:00:00+00:00,51.798,51.958,50.984,51.224,590.195,1d,uploaded_csv,BTCDOM_INDEX_PROXY,False,True
2026-03-16 00:00:00+00:00,51.233,51.3,49.577,49.995,1267.355,1d,uploaded_csv,BTCDOM_INDEX_PROXY,False,True
2026-03-17 00:00:00+00:00,49.99,50.399,49.897,50.043,670.938,1d,uploaded_csv,BTCDOM_INDEX_PROXY,False,True
2026-03-18 00:00:00+00:00,50.047,50.944,49.935,50.27,806.191,1d,uploaded_csv,BTCDOM_INDEX_PROXY,False,True
2026-03-19 00:00:00+00:00,50.267,50.749,49.939,50.426,427.457,1d,uploaded_csv,BTCDOM_INDEX_PROXY,False,True
2026-03-20 00:00:00+00:00,50.421,50.85,50.31,50.538,678.039,1d,uploaded_csv,BTCDOM_INDEX_PROXY,False,True
2026-03-21 00:00:00+00:00,50.538,50.824,50.392,50.732,228.302,1d,uploaded_csv,BTCDOM_INDEX_PROXY,False,True
2026-03-22 00:00:00+00:00,50.738,50.954,50.422,50.619,402.031,1d,uploaded_csv,BTCDOM_INDEX_PROXY,False,True
2026-03-23 00:00:00+00:00,50.603,51.335,50.415,50.811,1412.737,1d,uploaded_csv,BTCDOM_INDEX_PROXY,False,True
2026-03-24 00:00:00+00:00,50.811,51.078,50.425,50.562,506.732,1d,uploaded_csv,BTCDOM_INDEX_PROXY,False,True
2026-03-25 00:00:00+00:00,50.563,51.5,50.43,50.731,1345.475,1d,uploaded_csv,BTCDOM_INDEX_PROXY,False,True
2026-03-26 00:00:00+00:00,50.732,51.486,50.598,51.14,671.359,1d,uploaded_csv,BTCDOM_INDEX_PROXY,False,True
2026-03-27 00:00:00+00:00,51.14,51.98,50.506,50.865,981.623,1d,uploaded_csv,BTCDOM_INDEX_PROXY,False,True
2026-03-28 00:00:00+00:00,50.865,50.936,50.461,50.842,353.467,1d,uploaded_csv,BTCDOM_INDEX_PROXY,False,True
2026-03-29 00:00:00+00:00,50.843,51.185,50.757,50.843,373.023,1d,uploaded_csv,BTCDOM_INDEX_PROXY,False,True
2026-03-30 00:00:00+00:00,50.843,50.846,50.45,50.845,443.098,1d,uploaded_csv,BTCDOM_INDEX_PROXY,False,True
2026-03-31 00:00:00+00:00,50.846,50.98,50.508,50.801,529.096,1d,uploaded_csv,BTCDOM_INDEX_PROXY,False,True
2026-04-01 00:00:00+00:00,50.801,50.801,50.16,50.429,775.052,1d,uploaded_csv,BTCDOM_INDEX_PROXY,False,True
2026-04-02 00:00:00+00:00,50.424,51.585,50.325,51.194,886.45,1d,uploaded_csv,BTCDOM_INDEX_PROXY,False,True
2026-04-03 00:00:00+00:00,51.191,51.266,50.805,51.116,440.045,1d,uploaded_csv,BTCDOM_INDEX_PROXY,False,True
2026-04-04 00:00:00+00:00,51.117,51.381,50.964,51.115,215.405,1d,uploaded_csv,BTCDOM_INDEX_PROXY,False,True
2026-04-05 00:00:00+00:00,51.111,51.765,51.086,51.666,343.126,1d,uploaded_csv,BTCDOM_INDEX_PROXY,False,True
2026-04-06 00:00:00+00:00,51.667,51.9,51.115,51.855,645.597,1d,uploaded_csv,BTCDOM_INDEX_PROXY,False,True
2026-04-07 00:00:00+00:00,51.854,52.294,51.11,51.421,1426.838,1d,uploaded_csv,BTCDOM_INDEX_PROXY,False,True
2026-04-08 00:00:00+00:00,51.42,52.2,50.673,52.152,1253.072,1d,uploaded_csv,BTCDOM_INDEX_PROXY,False,True
2026-04-09 00:00:00+00:00,52.148,52.505,52.063,52.447,931.968,1d,uploaded_csv,BTCDOM_INDEX_PROXY,False,True
2026-04-10 00:00:00+00:00,52.447,52.716,52.333,52.518,805.019,1d,uploaded_csv,BTCDOM_INDEX_PROXY,False,True
2026-04-11 00:00:00+00:00,52.518,52.768,51.912,52.238,958.877,1d,uploaded_csv,BTCDOM_INDEX_PROXY,False,True
2026-04-12 00:00:00+00:00,52.241,52.635,52.167,52.302,645.987,1d,uploaded_csv,BTCDOM_INDEX_PROXY,False,True
2026-04-13 00:00:00+00:00,52.302,52.937,51.944,52.026,1066.67,1d,uploaded_csv,BTCDOM_INDEX_PROXY,False,True
2026-04-14 00:00:00+00:00,52.008,52.866,51.955,52.656,750.182,1d,uploaded_csv,BTCDOM_INDEX_PROXY,False,True
2026-04-15 00:00:00+00:00,52.65,52.831,51.9,52.234,586.749,1d,uploaded_csv,BTCDOM_INDEX_PROXY,False,True
2026-04-16 00:00:00+00:00,52.24,52.364,51.605,51.731,572.953,1d,uploaded_csv,BTCDOM_INDEX_PROXY,False,True
2026-04-17 00:00:00+00:00,51.73,52.287,51.671,52.088,701.119,1d,uploaded_csv,BTCDOM_INDEX_PROXY,False,True
2026-04-18 00:00:00+00:00,52.083,52.709,52.06,52.594,662.936,1d,uploaded_csv,BTCDOM_INDEX_PROXY,False,True
2026-04-19 00:00:00+00:00,52.591,52.98,52.556,52.801,813.695,1d,uploaded_csv,BTCDOM_INDEX_PROXY,False,True
2026-04-20 00:00:00+00:00,52.793,53.216,52.604,53.199,962.813,1d,uploaded_csv,BTCDOM_INDEX_PROXY,False,True
2026-04-21 00:00:00+00:00,53.199,53.323,52.782,53.124,900.151,1d,uploaded_csv,BTCDOM_INDEX_PROXY,False,True
2026-04-22 00:00:00+00:00,53.127,53.934,52.893,53.925,1656.226,1d,uploaded_csv,BTCDOM_INDEX_PROXY,False,True
2026-04-23 00:00:00+00:00,53.925,54.489,53.26,54.215,1118.632,1d,uploaded_csv,BTCDOM_INDEX_PROXY,False,True
2026-04-24 00:00:00+00:00,54.214,54.454,53.724,53.911,706.814,1d,uploaded_csv,BTCDOM_INDEX_PROXY,False,True
2026-04-25 00:00:00+00:00,53.911,54.213,53.805,54.106,484.272,1d,uploaded_csv,BTCDOM_INDEX_PROXY,False,True
2026-04-26 00:00:00+00:00,54.106,54.347,53.779,54.146,519.86,1d,uploaded_csv,BTCDOM_INDEX_PROXY,False,True
2026-04-27 00:00:00+00:00,54.15,54.67,53.95,54.329,695.536,1d,uploaded_csv,BTCDOM_INDEX_PROXY,False,True
2026-04-28 00:00:00+00:00,54.333,54.535,53.827,54.074,582.456,1d,uploaded_csv,BTCDOM_INDEX_PROXY,False,True
2026-04-29 00:00:00+00:00,54.069,54.722,53.975,54.339,1163.002,1d,uploaded_csv,BTCDOM_INDEX_PROXY,False,True
2026-04-30 00:00:00+00:00,54.349,54.734,54.107,54.646,800.212,1d,uploaded_csv,BTCDOM_INDEX_PROXY,False,True
2026-05-01 00:00:00+00:00,54.646,55.325,54.505,55.296,1444.099,1d,uploaded_csv,BTCDOM_INDEX_PROXY,False,True
2026-05-02 00:00:00+00:00,55.295,55.403,54.993,55.188,769.187,1d,uploaded_csv,BTCDOM_INDEX_PROXY,False,True
2026-05-03 00:00:00+00:00,55.188,55.366,54.879,55.099,625.097,1d,uploaded_csv,BTCDOM_INDEX_PROXY,False,True
2026-05-04 00:00:00+00:00,55.098,55.686,54.823,55.569,1066.288,1d,uploaded_csv,BTCDOM_INDEX_PROXY,False,True
2026-05-05 00:00:00+00:00,55.574,55.944,55.009,55.397,1235.069,1d,uploaded_csv,BTCDOM_INDEX_PROXY,False,True
2026-05-06 00:00:00+00:00,55.396,55.592,54.892,55.419,596.374,1d,uploaded_csv,BTCDOM_INDEX_PROXY,False,True
2026-05-07 00:00:00+00:00,55.421,55.77,55.169,55.54,545.686,1d,uploaded_csv,BTCDOM_INDEX_PROXY,False,True
2026-05-08 00:00:00+00:00,55.54,55.624,54.528,54.744,573.912,1d,uploaded_csv,BTCDOM_INDEX_PROXY,False,True
2026-05-09 00:00:00+00:00,54.744,55.0,54.381,54.824,580.614,1d,uploaded_csv,BTCDOM_INDEX_PROXY,False,True
2026-05-10 00:00:00+00:00,54.825,55.036,53.9,54.53,475.351,1d,uploaded_csv,BTCDOM_INDEX_PROXY,False,True
2026-05-11 00:00:00+00:00,54.526,54.78,54.332,54.504,330.282,1d,uploaded_csv,BTCDOM_INDEX_PROXY,False,True
2026-05-12 00:00:00+00:00,54.504,55.412,54.38,54.974,631.145,1d,uploaded_csv,BTCDOM_INDEX_PROXY,False,True
2026-05-13 00:00:00+00:00,54.974,55.252,54.337,54.596,699.15,1d,uploaded_csv,BTCDOM_INDEX_PROXY,False,True
2026-05-14 00:00:00+00:00,54.603,54.957,54.382,54.864,358.888,1d,uploaded_csv,BTCDOM_INDEX_PROXY,False,True
2026-05-15 00:00:00+00:00,54.862,55.351,54.766,54.891,529.246,1d,uploaded_csv,BTCDOM_INDEX_PROXY,False,True
2026-05-16 00:00:00+00:00,54.899,55.726,54.834,55.382,670.426,1d,uploaded_csv,BTCDOM_INDEX_PROXY,False,True
2026-05-17 00:00:00+00:00,55.387,55.95,55.17,55.71,648.627,1d,uploaded_csv,BTCDOM_INDEX_PROXY,False,True
2026-05-18 00:00:00+00:00,55.706,56.193,55.457,55.591,1242.755,1d,uploaded_csv,BTCDOM_INDEX_PROXY,False,True
2026-05-19 00:00:00+00:00,55.591,56.2,55.47,56.097,807.119,1d,uploaded_csv,BTCDOM_INDEX_PROXY,False,True
2026-05-20 00:00:00+00:00,56.09,56.226,55.654,55.95,567.133,1d,uploaded_csv,BTCDOM_INDEX_PROXY,False,True
2026-05-21 00:00:00+00:00,55.951,55.965,55.337,55.509,363.654,1d,uploaded_csv,BTCDOM_INDEX_PROXY,False,True
2026-05-22 00:00:00+00:00,55.503,55.84,55.215,55.677,411.215,1d,uploaded_csv,BTCDOM_INDEX_PROXY,False,True
2026-05-23 00:00:00+00:00,55.68,56.226,55.09,55.444,859.517,1d,uploaded_csv,BTCDOM_INDEX_PROXY,False,True
2026-05-24 00:00:00+00:00,55.443,56.102,55.355,56.034,354.456,1d,uploaded_csv,BTCDOM_INDEX_PROXY,False,True
2026-05-25 00:00:00+00:00,56.045,56.296,55.603,55.896,462.885,1d,uploaded_csv,BTCDOM_INDEX_PROXY,False,True
2026-05-26 00:00:00+00:00,55.885,56.085,55.476,55.772,307.199,1d,uploaded_csv,BTCDOM_INDEX_PROXY,False,True
2026-05-27 00:00:00+00:00,55.772,55.961,55.626,55.727,119.095,1d,uploaded_csv,BTCDOM_INDEX_PROXY,False,True
