timestamp_ms,datetime_utc,datetime_kst,open_raw,high_raw,low_raw,close_raw,open_pct,high_pct,low_pct,close_pct,close_pct_label,volume,source_note
1685318400000,2023-05-29 00:00:00,2023-05-29 09:00:00,1618.0,1629.1,1604.9,1611.9,16.1800,16.2910,16.0490,16.1190,16.1190%,1579.149,Binance BTCDOM index raw value divided by 100 for percent-style display; not CMC/TradingView market-cap BTC.D.
1685404800000,2023-05-30 00:00:00,2023-05-30 09:00:00,1611.8,1612.6,1595.2,1597.8,16.1180,16.1260,15.9520,15.9780,15.9780%,1126.766,Binance BTCDOM index raw value divided by 100 for percent-style display; not CMC/TradingView market-cap BTC.D.
1685491200000,2023-05-31 00:00:00,2023-05-31 09:00:00,1597.7,1604.0,1589.0,1594.4,15.9770,16.0400,15.8900,15.9440,15.9440%,1502.019,Binance BTCDOM index raw value divided by 100 for percent-style display; not CMC/TradingView market-cap BTC.D.
1685577600000,2023-06-01 00:00:00,2023-06-01 09:00:00,1594.4,1595.7,1577.9,1582.7,15.9440,15.9570,15.7790,15.8270,15.8270%,1286.619,Binance BTCDOM index raw value divided by 100 for percent-style display; not CMC/TradingView market-cap BTC.D.
1685664000000,2023-06-02 00:00:00,2023-06-02 09:00:00,1582.7,1585.1,1567.9,1570.4,15.8270,15.8510,15.6790,15.7040,15.7040%,1339.859,Binance BTCDOM index raw value divided by 100 for percent-style display; not CMC/TradingView market-cap BTC.D.
1685750400000,2023-06-03 00:00:00,2023-06-03 09:00:00,1570.4,1578.4,1565.1,1568.6,15.7040,15.7840,15.6510,15.6860,15.6860%,1133.918,Binance BTCDOM index raw value divided by 100 for percent-style display; not CMC/TradingView market-cap BTC.D.
1685836800000,2023-06-04 00:00:00,2023-06-04 09:00:00,1568.7,1573.9,1562.2,1570.5,15.6870,15.7390,15.6220,15.7050,15.7050%,947.764,Binance BTCDOM index raw value divided by 100 for percent-style display; not CMC/TradingView market-cap BTC.D.
1685923200000,2023-06-05 00:00:00,2023-06-05 09:00:00,1570.4,1599.6,1566.2,1577.8,15.7040,15.9960,15.6620,15.7780,15.7780%,3117.735,Binance BTCDOM index raw value divided by 100 for percent-style display; not CMC/TradingView market-cap BTC.D.
1686009600000,2023-06-06 00:00:00,2023-06-06 09:00:00,1577.9,1616.6,1562.3,1614.9,15.7790,16.1660,15.6230,16.1490,16.1490%,2866.103,Binance BTCDOM index raw value divided by 100 for percent-style display; not CMC/TradingView market-cap BTC.D.
1686096000000,2023-06-07 00:00:00,2023-06-07 09:00:00,1614.8,1630.9,1601.8,1627.2,16.1480,16.3090,16.0180,16.2720,16.2720%,2208.500,Binance BTCDOM index raw value divided by 100 for percent-style display; not CMC/TradingView market-cap BTC.D.
1686182400000,2023-06-08 00:00:00,2023-06-08 09:00:00,1627.1,1630.6,1616.3,1625.5,16.2710,16.3060,16.1630,16.2550,16.2550%,1901.455,Binance BTCDOM index raw value divided by 100 for percent-style display; not CMC/TradingView market-cap BTC.D.
1686268800000,2023-06-09 00:00:00,2023-06-09 09:00:00,1625.5,1640.2,1623.3,1636.8,16.2550,16.4020,16.2330,16.3680,16.3680%,1478.663,Binance BTCDOM index raw value divided by 100 for percent-style display; not CMC/TradingView market-cap BTC.D.
1686355200000,2023-06-10 00:00:00,2023-06-10 09:00:00,1636.9,1751.4,1636.3,1705.3,16.3690,17.5140,16.3630,17.0530,17.0530%,20674.547,Binance BTCDOM index raw value divided by 100 for percent-style display; not CMC/TradingView market-cap BTC.D.
1686441600000,2023-06-11 00:00:00,2023-06-11 09:00:00,1705.3,1715.8,1700.0,1708.8,17.0530,17.1580,17.0000,17.0880,17.0880%,4420.422,Binance BTCDOM index raw value divided by 100 for percent-style display; not CMC/TradingView market-cap BTC.D.
1686528000000,2023-06-12 00:00:00,2023-06-12 09:00:00,1708.9,1732.8,1706.8,1715.1,17.0890,17.3280,17.0680,17.1510,17.1510%,3790.103,Binance BTCDOM index raw value divided by 100 for percent-style display; not CMC/TradingView market-cap BTC.D.
1686614400000,2023-06-13 00:00:00,2023-06-13 09:00:00,1715.1,1724.9,1694.5,1707.4,17.1510,17.2490,16.9450,17.0740,17.0740%,3935.842,Binance BTCDOM index raw value divided by 100 for percent-style display; not CMC/TradingView market-cap BTC.D.
1686700800000,2023-06-14 00:00:00,2023-06-14 09:00:00,1707.3,1747.4,1700.6,1732.9,17.0730,17.4740,17.0060,17.3290,17.3290%,3706.273,Binance BTCDOM index raw value divided by 100 for percent-style display; not CMC/TradingView market-cap BTC.D.
1686787200000,2023-06-15 00:00:00,2023-06-15 09:00:00,1732.8,1759.2,1723.2,1754.2,17.3280,17.5920,17.2320,17.5420,17.5420%,4041.155,Binance BTCDOM index raw value divided by 100 for percent-style display; not CMC/TradingView market-cap BTC.D.
1686873600000,2023-06-16 00:00:00,2023-06-16 09:00:00,1754.2,1783.0,1742.6,1769.8,17.5420,17.8300,17.4260,17.6980,17.6980%,3671.923,Binance BTCDOM index raw value divided by 100 for percent-style display; not CMC/TradingView market-cap BTC.D.
1686960000000,2023-06-17 00:00:00,2023-06-17 09:00:00,1769.9,1777.2,1748.0,1764.2,17.6990,17.7720,17.4800,17.6420,17.6420%,2576.195,Binance BTCDOM index raw value divided by 100 for percent-style display; not CMC/TradingView market-cap BTC.D.
1687046400000,2023-06-18 00:00:00,2023-06-18 09:00:00,1764.2,1769.4,1751.2,1760.0,17.6420,17.6940,17.5120,17.6000,17.6000%,1860.251,Binance BTCDOM index raw value divided by 100 for percent-style display; not CMC/TradingView market-cap BTC.D.
1687132800000,2023-06-19 00:00:00,2023-06-19 09:00:00,1759.9,1782.4,1758.2,1779.2,17.5990,17.8240,17.5820,17.7920,17.7920%,2655.070,Binance BTCDOM index raw value divided by 100 for percent-style display; not CMC/TradingView market-cap BTC.D.
1687219200000,2023-06-20 00:00:00,2023-06-20 09:00:00,1779.3,1835.0,1778.7,1828.5,17.7930,18.3500,17.7870,18.2850,18.2850%,6790.523,Binance BTCDOM index raw value divided by 100 for percent-style display; not CMC/TradingView market-cap BTC.D.
1687305600000,2023-06-21 00:00:00,2023-06-21 09:00:00,1828.3,1894.9,1824.7,1854.2,18.2830,18.9490,18.2470,18.5420,18.5420%,10382.551,Binance BTCDOM index raw value divided by 100 for percent-style display; not CMC/TradingView market-cap BTC.D.
1687392000000,2023-06-22 00:00:00,2023-06-22 09:00:00,1854.6,1874.1,1830.0,1869.0,18.5460,18.7410,18.3000,18.6900,18.6900%,4970.583,Binance BTCDOM index raw value divided by 100 for percent-style display; not CMC/TradingView market-cap BTC.D.
1687478400000,2023-06-23 00:00:00,2023-06-23 09:00:00,1869.0,1912.2,1855.6,1884.0,18.6900,19.1220,18.5560,18.8400,18.8400%,5192.449,Binance BTCDOM index raw value divided by 100 for percent-style display; not CMC/TradingView market-cap BTC.D.
1687564800000,2023-06-24 00:00:00,2023-06-24 09:00:00,1883.8,1906.1,1876.1,1897.4,18.8380,19.0610,18.7610,18.9740,18.9740%,3602.058,Binance BTCDOM index raw value divided by 100 for percent-style display; not CMC/TradingView market-cap BTC.D.
1687651200000,2023-06-25 00:00:00,2023-06-25 09:00:00,1897.4,1902.5,1859.9,1871.0,18.9740,19.0250,18.5990,18.7100,18.7100%,3326.843,Binance BTCDOM index raw value divided by 100 for percent-style display; not CMC/TradingView market-cap BTC.D.
1687737600000,2023-06-26 00:00:00,2023-06-26 09:00:00,1870.9,1903.1,1869.8,1898.7,18.7090,19.0310,18.6980,18.9870,18.9870%,3650.445,Binance BTCDOM index raw value divided by 100 for percent-style display; not CMC/TradingView market-cap BTC.D.
1687824000000,2023-06-27 00:00:00,2023-06-27 09:00:00,1898.7,1905.0,1880.0,1894.2,18.9870,19.0500,18.8000,18.9420,18.9420%,2524.131,Binance BTCDOM index raw value divided by 100 for percent-style display; not CMC/TradingView market-cap BTC.D.
1687910400000,2023-06-28 00:00:00,2023-06-28 09:00:00,1894.1,1946.0,1894.0,1926.8,18.9410,19.4600,18.9400,19.2680,19.2680%,4709.729,Binance BTCDOM index raw value divided by 100 for percent-style display; not CMC/TradingView market-cap BTC.D.
1687996800000,2023-06-29 00:00:00,2023-06-29 09:00:00,1926.8,1929.8,1912.7,1918.5,19.2680,19.2980,19.1270,19.1850,19.1850%,3464.877,Binance BTCDOM index raw value divided by 100 for percent-style display; not CMC/TradingView market-cap BTC.D.
1688083200000,2023-06-30 00:00:00,2023-06-30 09:00:00,1918.6,1923.3,1829.6,1834.5,19.1860,19.2330,18.2960,18.3450,18.3450%,8008.899,Binance BTCDOM index raw value divided by 100 for percent-style display; not CMC/TradingView market-cap BTC.D.
1688169600000,2023-07-01 00:00:00,2023-07-01 09:00:00,1834.6,1849.1,1825.5,1838.7,18.3460,18.4910,18.2550,18.3870,18.3870%,3098.672,Binance BTCDOM index raw value divided by 100 for percent-style display; not CMC/TradingView market-cap BTC.D.
1688256000000,2023-07-02 00:00:00,2023-07-02 09:00:00,1838.4,1847.6,1817.1,1824.6,18.3840,18.4760,18.1710,18.2460,18.2460%,2078.664,Binance BTCDOM index raw value divided by 100 for percent-style display; not CMC/TradingView market-cap BTC.D.
1688342400000,2023-07-03 00:00:00,2023-07-03 09:00:00,1824.7,1847.0,1802.2,1843.8,18.2470,18.4700,18.0220,18.4380,18.4380%,2858.284,Binance BTCDOM index raw value divided by 100 for percent-style display; not CMC/TradingView market-cap BTC.D.
1688428800000,2023-07-04 00:00:00,2023-07-04 09:00:00,1843.9,1858.1,1833.2,1841.5,18.4390,18.5810,18.3320,18.4150,18.4150%,2097.860,Binance BTCDOM index raw value divided by 100 for percent-style display; not CMC/TradingView market-cap BTC.D.
1688515200000,2023-07-05 00:00:00,2023-07-05 09:00:00,1841.3,1865.7,1836.4,1855.2,18.4130,18.6570,18.3640,18.5520,18.5520%,2546.935,Binance BTCDOM index raw value divided by 100 for percent-style display; not CMC/TradingView market-cap BTC.D.
1688601600000,2023-07-06 00:00:00,2023-07-06 09:00:00,1855.2,1876.6,1844.8,1875.5,18.5520,18.7660,18.4480,18.7550,18.7550%,2806.208,Binance BTCDOM index raw value divided by 100 for percent-style display; not CMC/TradingView market-cap BTC.D.
1688688000000,2023-07-07 00:00:00,2023-07-07 09:00:00,1875.5,1883.9,1869.2,1874.6,18.7550,18.8390,18.6920,18.7460,18.7460%,2026.838,Binance BTCDOM index raw value divided by 100 for percent-style display; not CMC/TradingView market-cap BTC.D.
1688774400000,2023-07-08 00:00:00,2023-07-08 09:00:00,1874.6,1880.0,1866.2,1870.3,18.7460,18.8000,18.6620,18.7030,18.7030%,1096.991,Binance BTCDOM index raw value divided by 100 for percent-style display; not CMC/TradingView market-cap BTC.D.
1688860800000,2023-07-09 00:00:00,2023-07-09 09:00:00,1870.3,1879.4,1865.4,1872.8,18.7030,18.7940,18.6540,18.7280,18.7280%,1611.628,Binance BTCDOM index raw value divided by 100 for percent-style display; not CMC/TradingView market-cap BTC.D.
1688947200000,2023-07-10 00:00:00,2023-07-10 09:00:00,1872.8,1884.8,1850.4,1861.8,18.7280,18.8480,18.5040,18.6180,18.6180%,2370.022,Binance BTCDOM index raw value divided by 100 for percent-style display; not CMC/TradingView market-cap BTC.D.
1689033600000,2023-07-11 00:00:00,2023-07-11 09:00:00,1861.8,1880.0,1860.3,1870.9,18.6180,18.8000,18.6030,18.7090,18.7090%,1257.996,Binance BTCDOM index raw value divided by 100 for percent-style display; not CMC/TradingView market-cap BTC.D.
1689120000000,2023-07-12 00:00:00,2023-07-12 09:00:00,1871.0,1877.6,1859.0,1866.6,18.7100,18.7760,18.5900,18.6660,18.6660%,1300.439,Binance BTCDOM index raw value divided by 100 for percent-style display; not CMC/TradingView market-cap BTC.D.
1689206400000,2023-07-13 00:00:00,2023-07-13 09:00:00,1866.9,1868.3,1731.2,1745.4,18.6690,18.6830,17.3120,17.4540,17.4540%,7821.720,Binance BTCDOM index raw value divided by 100 for percent-style display; not CMC/TradingView market-cap BTC.D.
1689292800000,2023-07-14 00:00:00,2023-07-14 09:00:00,1745.1,1772.7,1723.6,1748.9,17.4510,17.7270,17.2360,17.4890,17.4890%,6475.619,Binance BTCDOM index raw value divided by 100 for percent-style display; not CMC/TradingView market-cap BTC.D.
1689379200000,2023-07-15 00:00:00,2023-07-15 09:00:00,1748.7,1758.1,1733.2,1748.3,17.4870,17.5810,17.3320,17.4830,17.4830%,2185.677,Binance BTCDOM index raw value divided by 100 for percent-style display; not CMC/TradingView market-cap BTC.D.
1689465600000,2023-07-16 00:00:00,2023-07-16 09:00:00,1748.3,1763.9,1743.1,1762.7,17.4830,17.6390,17.4310,17.6270,17.6270%,1566.039,Binance BTCDOM index raw value divided by 100 for percent-style display; not CMC/TradingView market-cap BTC.D.
1689552000000,2023-07-17 00:00:00,2023-07-17 09:00:00,1762.3,1780.0,1751.6,1763.8,17.6230,17.8000,17.5160,17.6380,17.6380%,3214.319,Binance BTCDOM index raw value divided by 100 for percent-style display; not CMC/TradingView market-cap BTC.D.
1689638400000,2023-07-18 00:00:00,2023-07-18 09:00:00,1763.9,1772.9,1754.9,1759.9,17.6390,17.7290,17.5490,17.5990,17.5990%,1659.199,Binance BTCDOM index raw value divided by 100 for percent-style display; not CMC/TradingView market-cap BTC.D.
1689724800000,2023-07-19 00:00:00,2023-07-19 09:00:00,1759.9,1762.8,1744.6,1757.6,17.5990,17.6280,17.4460,17.5760,17.5760%,1570.282,Binance BTCDOM index raw value divided by 100 for percent-style display; not CMC/TradingView market-cap BTC.D.
1689811200000,2023-07-20 00:00:00,2023-07-20 09:00:00,1757.5,1761.2,1742.2,1748.6,17.5750,17.6120,17.4220,17.4860,17.4860%,1695.078,Binance BTCDOM index raw value divided by 100 for percent-style display; not CMC/TradingView market-cap BTC.D.
1689897600000,2023-07-21 00:00:00,2023-07-21 09:00:00,1748.7,1760.6,1743.3,1757.6,17.4870,17.6060,17.4330,17.5760,17.5760%,1050.880,Binance BTCDOM index raw value divided by 100 for percent-style display; not CMC/TradingView market-cap BTC.D.
1689984000000,2023-07-22 00:00:00,2023-07-22 09:00:00,1757.1,1791.8,1747.6,1785.5,17.5710,17.9180,17.4760,17.8550,17.8550%,1696.828,Binance BTCDOM index raw value divided by 100 for percent-style display; not CMC/TradingView market-cap BTC.D.
1690070400000,2023-07-23 00:00:00,2023-07-23 09:00:00,1785.5,1794.6,1771.8,1781.8,17.8550,17.9460,17.7180,17.8180,17.8180%,2120.655,Binance BTCDOM index raw value divided by 100 for percent-style display; not CMC/TradingView market-cap BTC.D.
1690156800000,2023-07-24 00:00:00,2023-07-24 09:00:00,1781.8,1786.5,1766.0,1773.7,17.8180,17.8650,17.6600,17.7370,17.7370%,1922.509,Binance BTCDOM index raw value divided by 100 for percent-style display; not CMC/TradingView market-cap BTC.D.
1690243200000,2023-07-25 00:00:00,2023-07-25 09:00:00,1773.9,1784.9,1766.5,1771.1,17.7390,17.8490,17.6650,17.7110,17.7110%,2831.445,Binance BTCDOM index raw value divided by 100 for percent-style display; not CMC/TradingView market-cap BTC.D.
1690329600000,2023-07-26 00:00:00,2023-07-26 09:00:00,1771.4,1783.3,1759.4,1759.7,17.7140,17.8330,17.5940,17.5970,17.5970%,1249.964,Binance BTCDOM index raw value divided by 100 for percent-style display; not CMC/TradingView market-cap BTC.D.
1690416000000,2023-07-27 00:00:00,2023-07-27 09:00:00,1759.8,1765.4,1750.2,1757.9,17.5980,17.6540,17.5020,17.5790,17.5790%,1084.368,Binance BTCDOM index raw value divided by 100 for percent-style display; not CMC/TradingView market-cap BTC.D.
1690502400000,2023-07-28 00:00:00,2023-07-28 09:00:00,1757.9,1761.3,1750.0,1756.1,17.5790,17.6130,17.5000,17.5610,17.5610%,1061.800,Binance BTCDOM index raw value divided by 100 for percent-style display; not CMC/TradingView market-cap BTC.D.
1690588800000,2023-07-29 00:00:00,2023-07-29 09:00:00,1756.0,1758.2,1744.2,1747.1,17.5600,17.5820,17.4420,17.4710,17.4710%,747.058,Binance BTCDOM index raw value divided by 100 for percent-style display; not CMC/TradingView market-cap BTC.D.
1690675200000,2023-07-30 00:00:00,2023-07-30 09:00:00,1747.1,1767.2,1740.6,1760.9,17.4710,17.6720,17.4060,17.6090,17.6090%,1451.149,Binance BTCDOM index raw value divided by 100 for percent-style display; not CMC/TradingView market-cap BTC.D.
1690761600000,2023-07-31 00:00:00,2023-07-31 09:00:00,1761.0,1775.4,1758.2,1769.9,17.6100,17.7540,17.5820,17.6990,17.6990%,1361.303,Binance BTCDOM index raw value divided by 100 for percent-style display; not CMC/TradingView market-cap BTC.D.
1690848000000,2023-08-01 00:00:00,2023-08-01 09:00:00,1769.8,1787.1,1761.6,1779.3,17.6980,17.8710,17.6160,17.7930,17.7930%,2289.919,Binance BTCDOM index raw value divided by 100 for percent-style display; not CMC/TradingView market-cap BTC.D.
1690934400000,2023-08-02 00:00:00,2023-08-02 09:00:00,1779.3,1797.0,1777.7,1793.5,17.7930,17.9700,17.7770,17.9350,17.9350%,1774.533,Binance BTCDOM index raw value divided by 100 for percent-style display; not CMC/TradingView market-cap BTC.D.
1691020800000,2023-08-03 00:00:00,2023-08-03 09:00:00,1793.5,1815.3,1790.2,1809.4,17.9350,18.1530,17.9020,18.0940,18.0940%,1774.473,Binance BTCDOM index raw value divided by 100 for percent-style display; not CMC/TradingView market-cap BTC.D.
1691107200000,2023-08-04 00:00:00,2023-08-04 09:00:00,1809.4,1815.6,1797.9,1815.6,18.0940,18.1560,17.9790,18.1560,18.1560%,1137.440,Binance BTCDOM index raw value divided by 100 for percent-style display; not CMC/TradingView market-cap BTC.D.
1691193600000,2023-08-05 00:00:00,2023-08-05 09:00:00,1815.5,1825.1,1805.3,1806.6,18.1550,18.2510,18.0530,18.0660,18.0660%,1083.935,Binance BTCDOM index raw value divided by 100 for percent-style display; not CMC/TradingView market-cap BTC.D.
1691280000000,2023-08-06 00:00:00,2023-08-06 09:00:00,1806.5,1816.5,1797.0,1812.8,18.0650,18.1650,17.9700,18.1280,18.1280%,1045.147,Binance BTCDOM index raw value divided by 100 for percent-style display; not CMC/TradingView market-cap BTC.D.
1691366400000,2023-08-07 00:00:00,2023-08-07 09:00:00,1812.9,1829.6,1803.1,1824.2,18.1290,18.2960,18.0310,18.2420,18.2420%,1899.672,Binance BTCDOM index raw value divided by 100 for percent-style display; not CMC/TradingView market-cap BTC.D.
1691452800000,2023-08-08 00:00:00,2023-08-08 09:00:00,1824.4,1836.5,1817.2,1828.2,18.2440,18.3650,18.1720,18.2820,18.2820%,1222.967,Binance BTCDOM index raw value divided by 100 for percent-style display; not CMC/TradingView market-cap BTC.D.
1691539200000,2023-08-09 00:00:00,2023-08-09 09:00:00,1828.2,1833.1,1803.8,1815.1,18.2820,18.3310,18.0380,18.1510,18.1510%,1029.122,Binance BTCDOM index raw value divided by 100 for percent-style display; not CMC/TradingView market-cap BTC.D.
1691625600000,2023-08-10 00:00:00,2023-08-10 09:00:00,1815.0,1823.0,1811.7,1816.9,18.1500,18.2300,18.1170,18.1690,18.1690%,772.325,Binance BTCDOM index raw value divided by 100 for percent-style display; not CMC/TradingView market-cap BTC.D.
1691712000000,2023-08-11 00:00:00,2023-08-11 09:00:00,1816.9,1821.5,1813.1,1819.8,18.1690,18.2150,18.1310,18.1980,18.1980%,659.714,Binance BTCDOM index raw value divided by 100 for percent-style display; not CMC/TradingView market-cap BTC.D.
1691798400000,2023-08-12 00:00:00,2023-08-12 09:00:00,1819.8,1820.9,1813.2,1819.0,18.1980,18.2090,18.1320,18.1900,18.1900%,502.819,Binance BTCDOM index raw value divided by 100 for percent-style display; not CMC/TradingView market-cap BTC.D.
1691884800000,2023-08-13 00:00:00,2023-08-13 09:00:00,1819.1,1825.3,1807.3,1821.3,18.1910,18.2530,18.0730,18.2130,18.2130%,984.296,Binance BTCDOM index raw value divided by 100 for percent-style display; not CMC/TradingView market-cap BTC.D.
1691971200000,2023-08-14 00:00:00,2023-08-14 09:00:00,1821.7,1828.0,1813.0,1821.7,18.2170,18.2800,18.1300,18.2170,18.2170%,1241.371,Binance BTCDOM index raw value divided by 100 for percent-style display; not CMC/TradingView market-cap BTC.D.
1692057600000,2023-08-15 00:00:00,2023-08-15 09:00:00,1821.6,1862.4,1817.4,1841.2,18.2160,18.6240,18.1740,18.4120,18.4120%,2520.167,Binance BTCDOM index raw value divided by 100 for percent-style display; not CMC/TradingView market-cap BTC.D.
1692144000000,2023-08-16 00:00:00,2023-08-16 09:00:00,1841.2,1879.5,1840.6,1851.4,18.4120,18.7950,18.4060,18.5140,18.5140%,3453.337,Binance BTCDOM index raw value divided by 100 for percent-style display; not CMC/TradingView market-cap BTC.D.
1692230400000,2023-08-17 00:00:00,2023-08-17 09:00:00,1851.5,1935.0,1830.3,1858.2,18.5150,19.3500,18.3030,18.5820,18.5820%,5417.122,Binance BTCDOM index raw value divided by 100 for percent-style display; not CMC/TradingView market-cap BTC.D.
1692316800000,2023-08-18 00:00:00,2023-08-18 09:00:00,1858.0,1866.2,1818.0,1828.5,18.5800,18.6620,18.1800,18.2850,18.2850%,3363.107,Binance BTCDOM index raw value divided by 100 for percent-style display; not CMC/TradingView market-cap BTC.D.
1692403200000,2023-08-19 00:00:00,2023-08-19 09:00:00,1828.5,1831.2,1800.1,1816.1,18.2850,18.3120,18.0010,18.1610,18.1610%,1656.417,Binance BTCDOM index raw value divided by 100 for percent-style display; not CMC/TradingView market-cap BTC.D.
1692489600000,2023-08-20 00:00:00,2023-08-20 09:00:00,1816.1,1821.8,1797.0,1804.6,18.1610,18.2180,17.9700,18.0460,18.0460%,1044.739,Binance BTCDOM index raw value divided by 100 for percent-style display; not CMC/TradingView market-cap BTC.D.
1692576000000,2023-08-21 00:00:00,2023-08-21 09:00:00,1804.6,1839.4,1800.3,1826.6,18.0460,18.3940,18.0030,18.2660,18.2660%,2143.465,Binance BTCDOM index raw value divided by 100 for percent-style display; not CMC/TradingView market-cap BTC.D.
1692662400000,2023-08-22 00:00:00,2023-08-22 09:00:00,1826.5,1865.7,1824.9,1851.9,18.2650,18.6570,18.2490,18.5190,18.5190%,2299.207,Binance BTCDOM index raw value divided by 100 for percent-style display; not CMC/TradingView market-cap BTC.D.
1692748800000,2023-08-23 00:00:00,2023-08-23 09:00:00,1851.9,1855.3,1822.2,1828.6,18.5190,18.5530,18.2220,18.2860,18.2860%,1583.860,Binance BTCDOM index raw value divided by 100 for percent-style display; not CMC/TradingView market-cap BTC.D.
1692835200000,2023-08-24 00:00:00,2023-08-24 09:00:00,1828.6,1841.9,1826.6,1832.6,18.2860,18.4190,18.2660,18.3260,18.3260%,789.661,Binance BTCDOM index raw value divided by 100 for percent-style display; not CMC/TradingView market-cap BTC.D.
1692921600000,2023-08-25 00:00:00,2023-08-25 09:00:00,1832.6,1845.1,1827.4,1829.2,18.3260,18.4510,18.2740,18.2920,18.2920%,1109.716,Binance BTCDOM index raw value divided by 100 for percent-style display; not CMC/TradingView market-cap BTC.D.
1693008000000,2023-08-26 00:00:00,2023-08-26 09:00:00,1829.2,1837.2,1828.7,1834.8,18.2920,18.3720,18.2870,18.3480,18.3480%,480.674,Binance BTCDOM index raw value divided by 100 for percent-style display; not CMC/TradingView market-cap BTC.D.
1693094400000,2023-08-27 00:00:00,2023-08-27 09:00:00,1834.7,1836.4,1824.1,1827.4,18.3470,18.3640,18.2410,18.2740,18.2740%,689.437,Binance BTCDOM index raw value divided by 100 for percent-style display; not CMC/TradingView market-cap BTC.D.
1693180800000,2023-08-28 00:00:00,2023-08-28 09:00:00,1827.5,1848.5,1826.7,1831.9,18.2750,18.4850,18.2670,18.3190,18.3190%,4425.668,Binance BTCDOM index raw value divided by 100 for percent-style display; not CMC/TradingView market-cap BTC.D.
1693267200000,2023-08-29 00:00:00,2023-08-29 09:00:00,1831.9,1876.7,1824.6,1861.4,18.3190,18.7670,18.2460,18.6140,18.6140%,3038.957,Binance BTCDOM index raw value divided by 100 for percent-style display; not CMC/TradingView market-cap BTC.D.
1693353600000,2023-08-30 00:00:00,2023-08-30 09:00:00,1861.4,1869.8,1855.1,1868.1,18.6140,18.6980,18.5510,18.6810,18.6810%,1287.806,Binance BTCDOM index raw value divided by 100 for percent-style display; not CMC/TradingView market-cap BTC.D.
1693440000000,2023-08-31 00:00:00,2023-08-31 09:00:00,1868.2,1871.1,1835.9,1837.5,18.6820,18.7110,18.3590,18.3750,18.3750%,1500.235,Binance BTCDOM index raw value divided by 100 for percent-style display; not CMC/TradingView market-cap BTC.D.
1693526400000,2023-09-01 00:00:00,2023-09-01 09:00:00,1837.6,1859.6,1836.0,1851.1,18.3760,18.5960,18.3600,18.5110,18.5110%,885.682,Binance BTCDOM index raw value divided by 100 for percent-style display; not CMC/TradingView market-cap BTC.D.
1693612800000,2023-09-02 00:00:00,2023-09-02 09:00:00,1851.2,1854.6,1843.6,1846.6,18.5120,18.5460,18.4360,18.4660,18.4660%,807.649,Binance BTCDOM index raw value divided by 100 for percent-style display; not CMC/TradingView market-cap BTC.D.
1693699200000,2023-09-03 00:00:00,2023-09-03 09:00:00,1846.7,1858.4,1846.5,1852.7,18.4670,18.5840,18.4650,18.5270,18.5270%,642.608,Binance BTCDOM index raw value divided by 100 for percent-style display; not CMC/TradingView market-cap BTC.D.
1693785600000,2023-09-04 00:00:00,2023-09-04 09:00:00,1852.6,1854.8,1842.0,1844.6,18.5260,18.5480,18.4200,18.4460,18.4460%,564.200,Binance BTCDOM index raw value divided by 100 for percent-style display; not CMC/TradingView market-cap BTC.D.
1693872000000,2023-09-05 00:00:00,2023-09-05 09:00:00,1844.6,1848.2,1830.6,1837.5,18.4460,18.4820,18.3060,18.3750,18.3750%,574.337,Binance BTCDOM index raw value divided by 100 for percent-style display; not CMC/TradingView market-cap BTC.D.
1693958400000,2023-09-06 00:00:00,2023-09-06 09:00:00,1837.3,1842.9,1825.5,1836.6,18.3730,18.4290,18.2550,18.3660,18.3660%,507.017,Binance BTCDOM index raw value divided by 100 for percent-style display; not CMC/TradingView market-cap BTC.D.
1694044800000,2023-09-07 00:00:00,2023-09-07 09:00:00,1836.5,1863.5,1832.2,1855.0,18.3650,18.6350,18.3220,18.5500,18.5500%,523.102,Binance BTCDOM index raw value divided by 100 for percent-style display; not CMC/TradingView market-cap BTC.D.
1694131200000,2023-09-08 00:00:00,2023-09-08 09:00:00,1855.0,1861.8,1844.7,1845.8,18.5500,18.6180,18.4470,18.4580,18.4580%,470.171,Binance BTCDOM index raw value divided by 100 for percent-style display; not CMC/TradingView market-cap BTC.D.
1694217600000,2023-09-09 00:00:00,2023-09-09 09:00:00,1845.8,1848.0,1842.9,1847.7,18.4580,18.4800,18.4290,18.4770,18.4770%,219.846,Binance BTCDOM index raw value divided by 100 for percent-style display; not CMC/TradingView market-cap BTC.D.
1694304000000,2023-09-10 00:00:00,2023-09-10 09:00:00,1847.6,1876.7,1847.2,1870.6,18.4760,18.7670,18.4720,18.7060,18.7060%,1947.235,Binance BTCDOM index raw value divided by 100 for percent-style display; not CMC/TradingView market-cap BTC.D.
1694390400000,2023-09-11 00:00:00,2023-09-11 09:00:00,1870.7,1910.0,1865.3,1890.5,18.7070,19.1000,18.6530,18.9050,18.9050%,3310.246,Binance BTCDOM index raw value divided by 100 for percent-style display; not CMC/TradingView market-cap BTC.D.
1694476800000,2023-09-12 00:00:00,2023-09-12 09:00:00,1890.5,1916.2,1887.6,1899.0,18.9050,19.1620,18.8760,18.9900,18.9900%,2580.540,Binance BTCDOM index raw value divided by 100 for percent-style display; not CMC/TradingView market-cap BTC.D.
1694563200000,2023-09-13 00:00:00,2023-09-13 09:00:00,1899.0,1927.0,1898.1,1909.7,18.9900,19.2700,18.9810,19.0970,19.0970%,1409.631,Binance BTCDOM index raw value divided by 100 for percent-style display; not CMC/TradingView market-cap BTC.D.
1694649600000,2023-09-14 00:00:00,2023-09-14 09:00:00,1909.7,1921.1,1893.1,1908.7,19.0970,19.2110,18.9310,19.0870,19.0870%,1214.806,Binance BTCDOM index raw value divided by 100 for percent-style display; not CMC/TradingView market-cap BTC.D.
1694736000000,2023-09-15 00:00:00,2023-09-15 09:00:00,1908.3,1910.6,1890.0,1892.3,19.0830,19.1060,18.9000,18.9230,18.9230%,904.817,Binance BTCDOM index raw value divided by 100 for percent-style display; not CMC/TradingView market-cap BTC.D.
1694822400000,2023-09-16 00:00:00,2023-09-16 09:00:00,1892.3,1898.9,1884.8,1896.3,18.9230,18.9890,18.8480,18.9630,18.9630%,767.273,Binance BTCDOM index raw value divided by 100 for percent-style display; not CMC/TradingView market-cap BTC.D.
1694908800000,2023-09-17 00:00:00,2023-09-17 09:00:00,1896.4,1912.6,1895.7,1908.0,18.9640,19.1260,18.9570,19.0800,19.0800%,1025.987,Binance BTCDOM index raw value divided by 100 for percent-style display; not CMC/TradingView market-cap BTC.D.
1694995200000,2023-09-18 00:00:00,2023-09-18 09:00:00,1908.2,1921.0,1901.3,1903.6,19.0820,19.2100,19.0130,19.0360,19.0360%,1178.891,Binance BTCDOM index raw value divided by 100 for percent-style display; not CMC/TradingView market-cap BTC.D.
1695081600000,2023-09-19 00:00:00,2023-09-19 09:00:00,1903.7,1927.4,1898,1920.7,19.0370,19.2740,18.9800,19.2070,19.2070%,1211.199,Binance BTCDOM index raw value divided by 100 for percent-style display; not CMC/TradingView market-cap BTC.D.
1695168000000,2023-09-20 00:00:00,2023-09-20 09:00:00,1920.7,1934.6,1915.6,1933.9,19.2070,19.3460,19.1560,19.3390,19.3390%,1367.903,Binance BTCDOM index raw value divided by 100 for percent-style display; not CMC/TradingView market-cap BTC.D.
1695254400000,2023-09-21 00:00:00,2023-09-21 09:00:00,1934.1,1944.8,1924.1,1937.8,19.3410,19.4480,19.2410,19.3780,19.3780%,1453.297,Binance BTCDOM index raw value divided by 100 for percent-style display; not CMC/TradingView market-cap BTC.D.
1695340800000,2023-09-22 00:00:00,2023-09-22 09:00:00,1938.2,1941.8,1927.5,1929.5,19.3820,19.4180,19.2750,19.2950,19.2950%,847.084,Binance BTCDOM index raw value divided by 100 for percent-style display; not CMC/TradingView market-cap BTC.D.
1695427200000,2023-09-23 00:00:00,2023-09-23 09:00:00,1929.5,1934.6,1925.7,1930.6,19.2950,19.3460,19.2570,19.3060,19.3060%,739.427,Binance BTCDOM index raw value divided by 100 for percent-style display; not CMC/TradingView market-cap BTC.D.
1695513600000,2023-09-24 00:00:00,2023-09-24 09:00:00,1930.6,1935.9,1923,1924,19.3060,19.3590,19.2300,19.2400,19.2400%,702.359,Binance BTCDOM index raw value divided by 100 for percent-style display; not CMC/TradingView market-cap BTC.D.
1695600000000,2023-09-25 00:00:00,2023-09-25 09:00:00,1924,1925.8,1908.2,1913.7,19.2400,19.2580,19.0820,19.1370,19.1370%,1031.885,Binance BTCDOM index raw value divided by 100 for percent-style display; not CMC/TradingView market-cap BTC.D.
1695686400000,2023-09-26 00:00:00,2023-09-26 09:00:00,1913.8,1914.5,1905.1,1906,19.1380,19.1450,19.0510,19.0600,19.0600%,621.122,Binance BTCDOM index raw value divided by 100 for percent-style display; not CMC/TradingView market-cap BTC.D.
1695772800000,2023-09-27 00:00:00,2023-09-27 09:00:00,1905.9,1913.7,1898.5,1913,19.0590,19.1370,18.9850,19.1300,19.1300%,1123.283,Binance BTCDOM index raw value divided by 100 for percent-style display; not CMC/TradingView market-cap BTC.D.
1695859200000,2023-09-28 00:00:00,2023-09-28 09:00:00,1912.9,1916.8,1890.1,1905.9,19.1290,19.1680,18.9010,19.0590,19.0590%,1015.921,Binance BTCDOM index raw value divided by 100 for percent-style display; not CMC/TradingView market-cap BTC.D.
1695945600000,2023-09-29 00:00:00,2023-09-29 09:00:00,1906,1909.5,1869.9,1879.6,19.0600,19.0950,18.6990,18.7960,18.7960%,1144.445,Binance BTCDOM index raw value divided by 100 for percent-style display; not CMC/TradingView market-cap BTC.D.
1696032000000,2023-09-30 00:00:00,2023-09-30 09:00:00,1879.4,1885.4,1870,1880,18.7940,18.8540,18.7000,18.8000,18.8000%,474.227,Binance BTCDOM index raw value divided by 100 for percent-style display; not CMC/TradingView market-cap BTC.D.
1696118400000,2023-10-01 00:00:00,2023-10-01 09:00:00,1880,1890,1871.4,1888.3,18.8000,18.9000,18.7140,18.8830,18.8830%,822.233,Binance BTCDOM index raw value divided by 100 for percent-style display; not CMC/TradingView market-cap BTC.D.
1696204800000,2023-10-02 00:00:00,2023-10-02 09:00:00,1888.3,1950.4,1886.9,1920.5,18.8830,19.5040,18.8690,19.2050,19.2050%,2767.767,Binance BTCDOM index raw value divided by 100 for percent-style display; not CMC/TradingView market-cap BTC.D.
1696291200000,2023-10-03 00:00:00,2023-10-03 09:00:00,1919.2,1933.3,1904.5,1911.6,19.1920,19.3330,19.0450,19.1160,19.1160%,1216.654,Binance BTCDOM index raw value divided by 100 for percent-style display; not CMC/TradingView market-cap BTC.D.
1696377600000,2023-10-04 00:00:00,2023-10-04 09:00:00,1911.5,1949.1,1911.3,1948.6,19.1150,19.4910,19.1130,19.4860,19.4860%,1247.012,Binance BTCDOM index raw value divided by 100 for percent-style display; not CMC/TradingView market-cap BTC.D.
1696464000000,2023-10-05 00:00:00,2023-10-05 09:00:00,1948.5,1968.7,1942.2,1958.1,19.4850,19.6870,19.4220,19.5810,19.5810%,1732.287,Binance BTCDOM index raw value divided by 100 for percent-style display; not CMC/TradingView market-cap BTC.D.
1696550400000,2023-10-06 00:00:00,2023-10-06 09:00:00,1957.7,1967.6,1944.8,1960.2,19.5770,19.6760,19.4480,19.6020,19.6020%,1155.361,Binance BTCDOM index raw value divided by 100 for percent-style display; not CMC/TradingView market-cap BTC.D.
1696636800000,2023-10-07 00:00:00,2023-10-07 09:00:00,1959.6,1974.8,1954,1973.8,19.5960,19.7480,19.5400,19.7380,19.7380%,923.980,Binance BTCDOM index raw value divided by 100 for percent-style display; not CMC/TradingView market-cap BTC.D.
1696723200000,2023-10-08 00:00:00,2023-10-08 09:00:00,1973.9,1983.5,1966.1,1975.8,19.7390,19.8350,19.6610,19.7580,19.7580%,1349.626,Binance BTCDOM index raw value divided by 100 for percent-style display; not CMC/TradingView market-cap BTC.D.
1696809600000,2023-10-09 00:00:00,2023-10-09 09:00:00,1975.8,2037.6,1971.4,2017.6,19.7580,20.3760,19.7140,20.1760,20.1760%,3257.629,Binance BTCDOM index raw value divided by 100 for percent-style display; not CMC/TradingView market-cap BTC.D.
1696896000000,2023-10-10 00:00:00,2023-10-10 09:00:00,2017.5,2027.7,2009,2014.9,20.1750,20.2770,20.0900,20.1490,20.1490%,1917.345,Binance BTCDOM index raw value divided by 100 for percent-style display; not CMC/TradingView market-cap BTC.D.
1696982400000,2023-10-11 00:00:00,2023-10-11 09:00:00,2015,2021.3,1977.4,1985.3,20.1500,20.2130,19.7740,19.8530,19.8530%,1575.039,Binance BTCDOM index raw value divided by 100 for percent-style display; not CMC/TradingView market-cap BTC.D.
1697068800000,2023-10-12 00:00:00,2023-10-12 09:00:00,1985.4,2030,1984.5,2006.9,19.8540,20.3000,19.8450,20.0690,20.0690%,1251.625,Binance BTCDOM index raw value divided by 100 for percent-style display; not CMC/TradingView market-cap BTC.D.
1697155200000,2023-10-13 00:00:00,2023-10-13 09:00:00,2007,2013.3,1989.1,1997.4,20.0700,20.1330,19.8910,19.9740,19.9740%,832.057,Binance BTCDOM index raw value divided by 100 for percent-style display; not CMC/TradingView market-cap BTC.D.
1697241600000,2023-10-14 00:00:00,2023-10-14 09:00:00,1997.4,2003.1,1988.4,1991.1,19.9740,20.0310,19.8840,19.9110,19.9110%,552.833,Binance BTCDOM index raw value divided by 100 for percent-style display; not CMC/TradingView market-cap BTC.D.
1697328000000,2023-10-15 00:00:00,2023-10-15 09:00:00,1991.1,2009.6,1989.4,2007.6,19.9110,20.0960,19.8940,20.0760,20.0760%,1016.765,Binance BTCDOM index raw value divided by 100 for percent-style display; not CMC/TradingView market-cap BTC.D.
1697414400000,2023-10-16 00:00:00,2023-10-16 09:00:00,2007.7,2130.9,2003.2,2053.9,20.0770,21.3090,20.0320,20.5390,20.5390%,5174.153,Binance BTCDOM index raw value divided by 100 for percent-style display; not CMC/TradingView market-cap BTC.D.
1697500800000,2023-10-17 00:00:00,2023-10-17 09:00:00,2053.8,2096.1,2039.7,2084.8,20.5380,20.9610,20.3970,20.8480,20.8480%,1826.149,Binance BTCDOM index raw value divided by 100 for percent-style display; not CMC/TradingView market-cap BTC.D.
1697587200000,2023-10-18 00:00:00,2023-10-18 09:00:00,2084.8,2107.5,2065.7,2087.1,20.8480,21.0750,20.6570,20.8710,20.8710%,1522.962,Binance BTCDOM index raw value divided by 100 for percent-style display; not CMC/TradingView market-cap BTC.D.
1697673600000,2023-10-19 00:00:00,2023-10-19 09:00:00,2087.1,2120.4,2085.9,2093.3,20.8710,21.2040,20.8590,20.9330,20.9330%,2190.801,Binance BTCDOM index raw value divided by 100 for percent-style display; not CMC/TradingView market-cap BTC.D.
1697760000000,2023-10-20 00:00:00,2023-10-20 09:00:00,2093.3,2126.7,2086,2121.3,20.9330,21.2670,20.8600,21.2130,21.2130%,2490.773,Binance BTCDOM index raw value divided by 100 for percent-style display; not CMC/TradingView market-cap BTC.D.
1697846400000,2023-10-21 00:00:00,2023-10-21 09:00:00,2121.2,2122.6,2092.1,2093.3,21.2120,21.2260,20.9210,20.9330,20.9330%,1092.616,Binance BTCDOM index raw value divided by 100 for percent-style display; not CMC/TradingView market-cap BTC.D.
1697932800000,2023-10-22 00:00:00,2023-10-22 09:00:00,2093.3,2104.8,2060.7,2064.8,20.9330,21.0480,20.6070,20.6480,20.6480%,1787.721,Binance BTCDOM index raw value divided by 100 for percent-style display; not CMC/TradingView market-cap BTC.D.
1698019200000,2023-10-23 00:00:00,2023-10-23 09:00:00,2064.7,2378.9,2057.6,2149.6,20.6470,23.7890,20.5760,21.4960,21.4960%,5406.344,Binance BTCDOM index raw value divided by 100 for percent-style display; not CMC/TradingView market-cap BTC.D.
1698105600000,2023-10-24 00:00:00,2023-10-24 09:00:00,2149.7,2232.3,2140.1,2196.3,21.4970,22.3230,21.4010,21.9630,21.9630%,5020.687,Binance BTCDOM index raw value divided by 100 for percent-style display; not CMC/TradingView market-cap BTC.D.
1698192000000,2023-10-25 00:00:00,2023-10-25 09:00:00,2196.6,2243.9,2187.8,2227.1,21.9660,22.4390,21.8780,22.2710,22.2710%,1807.584,Binance BTCDOM index raw value divided by 100 for percent-style display; not CMC/TradingView market-cap BTC.D.
1698278400000,2023-10-26 00:00:00,2023-10-26 09:00:00,2227.1,2239.9,2163.8,2192.4,22.2710,22.3990,21.6380,21.9240,21.9240%,2829.882,Binance BTCDOM index raw value divided by 100 for percent-style display; not CMC/TradingView market-cap BTC.D.
1698364800000,2023-10-27 00:00:00,2023-10-27 09:00:00,2192.3,2213.4,2190,2204.8,21.9230,22.1340,21.9000,22.0480,22.0480%,932.174,Binance BTCDOM index raw value divided by 100 for percent-style display; not CMC/TradingView market-cap BTC.D.
1698451200000,2023-10-28 00:00:00,2023-10-28 09:00:00,2204.3,2218.6,2194.7,2213,22.0430,22.1860,21.9470,22.1300,22.1300%,602.450,Binance BTCDOM index raw value divided by 100 for percent-style display; not CMC/TradingView market-cap BTC.D.
1698537600000,2023-10-29 00:00:00,2023-10-29 09:00:00,2213,2224.5,2202.1,2211,22.1300,22.2450,22.0210,22.1100,22.1100%,723.703,Binance BTCDOM index raw value divided by 100 for percent-style display; not CMC/TradingView market-cap BTC.D.
1698624000000,2023-10-30 00:00:00,2023-10-30 09:00:00,2211.1,2215.2,2175.6,2179.3,22.1110,22.1520,21.7560,21.7930,21.7930%,2176.032,Binance BTCDOM index raw value divided by 100 for percent-style display; not CMC/TradingView market-cap BTC.D.
1698710400000,2023-10-31 00:00:00,2023-10-31 09:00:00,2179.4,2196.9,2160.6,2177,21.7940,21.9690,21.6060,21.7700,21.7700%,899.599,Binance BTCDOM index raw value divided by 100 for percent-style display; not CMC/TradingView market-cap BTC.D.
1698796800000,2023-11-01 00:00:00,2023-11-01 09:00:00,2176.9,2196.7,2131.2,2180,21.7690,21.9670,21.3120,21.8000,21.8000%,1493.852,Binance BTCDOM index raw value divided by 100 for percent-style display; not CMC/TradingView market-cap BTC.D.
1698883200000,2023-11-02 00:00:00,2023-11-02 09:00:00,2179.8,2190.6,2160,2187.8,21.7980,21.9060,21.6000,21.8780,21.8780%,1092.112,Binance BTCDOM index raw value divided by 100 for percent-style display; not CMC/TradingView market-cap BTC.D.
1698969600000,2023-11-03 00:00:00,2023-11-03 09:00:00,2188.2,2198.4,2146,2152,21.8820,21.9840,21.4600,21.5200,21.5200%,1453.319,Binance BTCDOM index raw value divided by 100 for percent-style display; not CMC/TradingView market-cap BTC.D.
1699056000000,2023-11-04 00:00:00,2023-11-04 09:00:00,2152.1,2158.8,2133,2140.1,21.5210,21.5880,21.3300,21.4010,21.4010%,1105.211,Binance BTCDOM index raw value divided by 100 for percent-style display; not CMC/TradingView market-cap BTC.D.
1699142400000,2023-11-05 00:00:00,2023-11-05 09:00:00,2140.4,2144,2085.2,2088.7,21.4040,21.4400,20.8520,20.8870,20.8870%,1647.188,Binance BTCDOM index raw value divided by 100 for percent-style display; not CMC/TradingView market-cap BTC.D.
1699228800000,2023-11-06 00:00:00,2023-11-06 09:00:00,2088.6,2096.5,2043,2045.5,20.8860,20.9650,20.4300,20.4550,20.4550%,1711.353,Binance BTCDOM index raw value divided by 100 for percent-style display; not CMC/TradingView market-cap BTC.D.
1699315200000,2023-11-07 00:00:00,2023-11-07 09:00:00,2045.8,2105.1,2045.4,2097.6,20.4580,21.0510,20.4540,20.9760,20.9760%,1818.987,Binance BTCDOM index raw value divided by 100 for percent-style display; not CMC/TradingView market-cap BTC.D.
1699401600000,2023-11-08 00:00:00,2023-11-08 09:00:00,2096.6,2110.7,2069.8,2092.5,20.9660,21.1070,20.6980,20.9250,20.9250%,1157.913,Binance BTCDOM index raw value divided by 100 for percent-style display; not CMC/TradingView market-cap BTC.D.
1699488000000,2023-11-09 00:00:00,2023-11-09 09:00:00,2092.9,2168.6,2011.4,2015.2,20.9290,21.6860,20.1140,20.1520,20.1520%,4534.001,Binance BTCDOM index raw value divided by 100 for percent-style display; not CMC/TradingView market-cap BTC.D.
1699574400000,2023-11-10 00:00:00,2023-11-10 09:00:00,2014.6,2063.1,1994,2041.9,20.1460,20.6310,19.9400,20.4190,20.4190%,2159.958,Binance BTCDOM index raw value divided by 100 for percent-style display; not CMC/TradingView market-cap BTC.D.
1699660800000,2023-11-11 00:00:00,2023-11-11 09:00:00,2041.5,2074.2,2002.9,2040,20.4150,20.7420,20.0290,20.4000,20.4000%,1506.888,Binance BTCDOM index raw value divided by 100 for percent-style display; not CMC/TradingView market-cap BTC.D.
1699747200000,2023-11-12 00:00:00,2023-11-12 09:00:00,2040.1,2069.6,2024.6,2039.4,20.4010,20.6960,20.2460,20.3940,20.3940%,1425.635,Binance BTCDOM index raw value divided by 100 for percent-style display; not CMC/TradingView market-cap BTC.D.
1699833600000,2023-11-13 00:00:00,2023-11-13 09:00:00,2040.2,2050.7,1992,2031.5,20.4020,20.5070,19.9200,20.3150,20.3150%,2337.236,Binance BTCDOM index raw value divided by 100 for percent-style display; not CMC/TradingView market-cap BTC.D.
1699920000000,2023-11-14 00:00:00,2023-11-14 09:00:00,2031.5,2065,2009.5,2033.8,20.3150,20.6500,20.0950,20.3380,20.3380%,1641.583,Binance BTCDOM index raw value divided by 100 for percent-style display; not CMC/TradingView market-cap BTC.D.
1700006400000,2023-11-15 00:00:00,2023-11-15 09:00:00,2033.8,2080,2010.2,2072.2,20.3380,20.8000,20.1020,20.7220,20.7220%,1494.185,Binance BTCDOM index raw value divided by 100 for percent-style display; not CMC/TradingView market-cap BTC.D.
1700092800000,2023-11-16 00:00:00,2023-11-16 09:00:00,2072.2,2093.1,2025.4,2081.7,20.7220,20.9310,20.2540,20.8170,20.8170%,1615.062,Binance BTCDOM index raw value divided by 100 for percent-style display; not CMC/TradingView market-cap BTC.D.
1700179200000,2023-11-17 00:00:00,2023-11-17 09:00:00,2081.7,2151,2066,2104.9,20.8170,21.5100,20.6600,21.0490,21.0490%,3362.773,Binance BTCDOM index raw value divided by 100 for percent-style display; not CMC/TradingView market-cap BTC.D.
1700265600000,2023-11-18 00:00:00,2023-11-18 09:00:00,2104.9,2149.5,2100.9,2106.4,21.0490,21.4950,21.0090,21.0640,21.0640%,3415.562,Binance BTCDOM index raw value divided by 100 for percent-style display; not CMC/TradingView market-cap BTC.D.
1700352000000,2023-11-19 00:00:00,2023-11-19 09:00:00,2106.1,2125.6,2052.6,2099.4,21.0610,21.2560,20.5260,20.9940,20.9940%,2550.481,Binance BTCDOM index raw value divided by 100 for percent-style display; not CMC/TradingView market-cap BTC.D.
1700438400000,2023-11-20 00:00:00,2023-11-20 09:00:00,2099.3,2120.6,2008.1,2115,20.9930,21.2060,20.0810,21.1500,21.1500%,2100.967,Binance BTCDOM index raw value divided by 100 for percent-style display; not CMC/TradingView market-cap BTC.D.
1700524800000,2023-11-21 00:00:00,2023-11-21 09:00:00,2115,2189.5,2092.4,2147.1,21.1500,21.8950,20.9240,21.4710,21.4710%,3678.504,Binance BTCDOM index raw value divided by 100 for percent-style display; not CMC/TradingView market-cap BTC.D.
1700611200000,2023-11-22 00:00:00,2023-11-22 09:00:00,2147.1,2147.1,2083.7,2107.8,21.4710,21.4710,20.8370,21.0780,21.0780%,1462.312,Binance BTCDOM index raw value divided by 100 for percent-style display; not CMC/TradingView market-cap BTC.D.
1700697600000,2023-11-23 00:00:00,2023-11-23 09:00:00,2106.9,2113.7,2080,2098.5,21.0690,21.1370,20.8000,20.9850,20.9850%,884.105,Binance BTCDOM index raw value divided by 100 for percent-style display; not CMC/TradingView market-cap BTC.D.
1700784000000,2023-11-24 00:00:00,2023-11-24 09:00:00,2098.3,2117.9,2075.7,2105,20.9830,21.1790,20.7570,21.0500,21.0500%,1008.915,Binance BTCDOM index raw value divided by 100 for percent-style display; not CMC/TradingView market-cap BTC.D.
1700870400000,2023-11-25 00:00:00,2023-11-25 09:00:00,2105.1,2110.4,2093.1,2094.3,21.0510,21.1040,20.9310,20.9430,20.9430%,395.868,Binance BTCDOM index raw value divided by 100 for percent-style display; not CMC/TradingView market-cap BTC.D.
1700956800000,2023-11-26 00:00:00,2023-11-26 09:00:00,2094.2,2119.1,2080.8,2100.2,20.9420,21.1910,20.8080,21.0020,21.0020%,697.846,Binance BTCDOM index raw value divided by 100 for percent-style display; not CMC/TradingView market-cap BTC.D.
1701043200000,2023-11-27 00:00:00,2023-11-27 09:00:00,2100.2,2146.4,2094.3,2129.1,21.0020,21.4640,20.9430,21.2910,21.2910%,1186.200,Binance BTCDOM index raw value divided by 100 for percent-style display; not CMC/TradingView market-cap BTC.D.
1701129600000,2023-11-28 00:00:00,2023-11-28 09:00:00,2129.8,2149,2122,2134.3,21.2980,21.4900,21.2200,21.3430,21.3430%,1044.301,Binance BTCDOM index raw value divided by 100 for percent-style display; not CMC/TradingView market-cap BTC.D.
1701216000000,2023-11-29 00:00:00,2023-11-29 09:00:00,2134.2,2152,2131.5,2149,21.3420,21.5200,21.3150,21.4900,21.4900%,755.117,Binance BTCDOM index raw value divided by 100 for percent-style display; not CMC/TradingView market-cap BTC.D.
1701302400000,2023-11-30 00:00:00,2023-11-30 09:00:00,2149,2151.3,2125.2,2126.8,21.4900,21.5130,21.2520,21.2680,21.2680%,510.178,Binance BTCDOM index raw value divided by 100 for percent-style display; not CMC/TradingView market-cap BTC.D.
1701388800000,2023-12-01 00:00:00,2023-12-01 09:00:00,2126.7,2153.1,2107.6,2147.2,21.2670,21.5310,21.0760,21.4720,21.4720%,811.835,Binance BTCDOM index raw value divided by 100 for percent-style display; not CMC/TradingView market-cap BTC.D.
1701475200000,2023-12-02 00:00:00,2023-12-02 09:00:00,2147.2,2148.3,2103.3,2123.2,21.4720,21.4830,21.0330,21.2320,21.2320%,990.751,Binance BTCDOM index raw value divided by 100 for percent-style display; not CMC/TradingView market-cap BTC.D.
1701561600000,2023-12-03 00:00:00,2023-12-03 09:00:00,2123.4,2154.9,2114,2140.6,21.2340,21.5490,21.1400,21.4060,21.4060%,697.118,Binance BTCDOM index raw value divided by 100 for percent-style display; not CMC/TradingView market-cap BTC.D.
1701648000000,2023-12-04 00:00:00,2023-12-04 09:00:00,2140.6,2233,2137.1,2205.4,21.4060,22.3300,21.3710,22.0540,22.0540%,1948.730,Binance BTCDOM index raw value divided by 100 for percent-style display; not CMC/TradingView market-cap BTC.D.
1701734400000,2023-12-05 00:00:00,2023-12-05 09:00:00,2205.6,2312.3,2192,2283,22.0560,23.1230,21.9200,22.8300,22.8300%,1857.748,Binance BTCDOM index raw value divided by 100 for percent-style display; not CMC/TradingView market-cap BTC.D.
1701820800000,2023-12-06 00:00:00,2023-12-06 09:00:00,2283,2302,2250.4,2296.1,22.8300,23.0200,22.5040,22.9610,22.9610%,1303.974,Binance BTCDOM index raw value divided by 100 for percent-style display; not CMC/TradingView market-cap BTC.D.
1701907200000,2023-12-07 00:00:00,2023-12-07 09:00:00,2296.2,2297.5,2170.8,2177.4,22.9620,22.9750,21.7080,21.7740,21.7740%,2127.913,Binance BTCDOM index raw value divided by 100 for percent-style display; not CMC/TradingView market-cap BTC.D.
1701993600000,2023-12-08 00:00:00,2023-12-08 09:00:00,2177.3,2185.5,2151.2,2166.1,21.7730,21.8550,21.5120,21.6610,21.6610%,2019.189,Binance BTCDOM index raw value divided by 100 for percent-style display; not CMC/TradingView market-cap BTC.D.
1702080000000,2023-12-09 00:00:00,2023-12-09 09:00:00,2166,2167.7,2105.3,2157.1,21.6600,21.6770,21.0530,21.5710,21.5710%,2559.818,Binance BTCDOM index raw value divided by 100 for percent-style display; not CMC/TradingView market-cap BTC.D.
1702166400000,2023-12-10 00:00:00,2023-12-10 09:00:00,2157.5,2175.8,2123.3,2139.5,21.5750,21.7580,21.2330,21.3950,21.3950%,1032.327,Binance BTCDOM index raw value divided by 100 for percent-style display; not CMC/TradingView market-cap BTC.D.
1702252800000,2023-12-11 00:00:00,2023-12-11 09:00:00,2139.5,2321.9,2107.5,2130.4,21.3950,23.2190,21.0750,21.3040,21.3040%,3884.169,Binance BTCDOM index raw value divided by 100 for percent-style display; not CMC/TradingView market-cap BTC.D.
1702339200000,2023-12-12 00:00:00,2023-12-12 09:00:00,2129.8,2160,2123.6,2146.4,21.2980,21.6000,21.2360,21.4640,21.4640%,810.626,Binance BTCDOM index raw value divided by 100 for percent-style display; not CMC/TradingView market-cap BTC.D.
1702425600000,2023-12-13 00:00:00,2023-12-13 09:00:00,2146.6,2184.7,2139.5,2164.7,21.4660,21.8470,21.3950,21.6470,21.6470%,1291.240,Binance BTCDOM index raw value divided by 100 for percent-style display; not CMC/TradingView market-cap BTC.D.
1702512000000,2023-12-14 00:00:00,2023-12-14 09:00:00,2164.7,2174.5,2125.7,2130.8,21.6470,21.7450,21.2570,21.3080,21.3080%,1350.531,Binance BTCDOM index raw value divided by 100 for percent-style display; not CMC/TradingView market-cap BTC.D.
1702598400000,2023-12-15 00:00:00,2023-12-15 09:00:00,2130.7,2177.6,2120,2166,21.3070,21.7760,21.2000,21.6600,21.6600%,1096.113,Binance BTCDOM index raw value divided by 100 for percent-style display; not CMC/TradingView market-cap BTC.D.
1702684800000,2023-12-16 00:00:00,2023-12-16 09:00:00,2166,2171.4,2145.2,2161.5,21.6600,21.7140,21.4520,21.6150,21.6150%,843.906,Binance BTCDOM index raw value divided by 100 for percent-style display; not CMC/TradingView market-cap BTC.D.
1702771200000,2023-12-17 00:00:00,2023-12-17 09:00:00,2161.7,2172,2148.4,2160.2,21.6170,21.7200,21.4840,21.6020,21.6020%,602.131,Binance BTCDOM index raw value divided by 100 for percent-style display; not CMC/TradingView market-cap BTC.D.
1702857600000,2023-12-18 00:00:00,2023-12-18 09:00:00,2160.6,2214.8,2151.8,2197.9,21.6060,22.1480,21.5180,21.9790,21.9790%,1897.166,Binance BTCDOM index raw value divided by 100 for percent-style display; not CMC/TradingView market-cap BTC.D.
1702944000000,2023-12-19 00:00:00,2023-12-19 09:00:00,2197.9,2226.9,2187.8,2212.2,21.9790,22.2690,21.8780,22.1220,22.1220%,1097.289,Binance BTCDOM index raw value divided by 100 for percent-style display; not CMC/TradingView market-cap BTC.D.
1703030400000,2023-12-20 00:00:00,2023-12-20 09:00:00,2212.1,2259.3,2194.2,2237.7,22.1210,22.5930,21.9420,22.3770,22.3770%,1119.450,Binance BTCDOM index raw value divided by 100 for percent-style display; not CMC/TradingView market-cap BTC.D.
1703116800000,2023-12-21 00:00:00,2023-12-21 09:00:00,2237.7,2253.9,2169.1,2174.8,22.3770,22.5390,21.6910,21.7480,21.7480%,1034.516,Binance BTCDOM index raw value divided by 100 for percent-style display; not CMC/TradingView market-cap BTC.D.
1703203200000,2023-12-22 00:00:00,2023-12-22 09:00:00,2174.8,2177.9,2110.5,2126.2,21.7480,21.7790,21.1050,21.2620,21.2620%,1529.939,Binance BTCDOM index raw value divided by 100 for percent-style display; not CMC/TradingView market-cap BTC.D.
1703289600000,2023-12-23 00:00:00,2023-12-23 09:00:00,2126.8,2162.1,2104.4,2110.8,21.2680,21.6210,21.0440,21.1080,21.1080%,1136.143,Binance BTCDOM index raw value divided by 100 for percent-style display; not CMC/TradingView market-cap BTC.D.
1703376000000,2023-12-24 00:00:00,2023-12-24 09:00:00,2111.2,2124.3,2095.7,2104.2,21.1120,21.2430,20.9570,21.0420,21.0420%,1438.256,Binance BTCDOM index raw value divided by 100 for percent-style display; not CMC/TradingView market-cap BTC.D.
1703462400000,2023-12-25 00:00:00,2023-12-25 09:00:00,2104.2,2112.2,2084.9,2096.2,21.0420,21.1220,20.8490,20.9620,20.9620%,1074.186,Binance BTCDOM index raw value divided by 100 for percent-style display; not CMC/TradingView market-cap BTC.D.
1703548800000,2023-12-26 00:00:00,2023-12-26 09:00:00,2096.2,2109.0,2056.7,2066.0,20.9620,21.0900,20.5670,20.6600,20.6600%,2131.147,Binance BTCDOM index raw value divided by 100 for percent-style display; not CMC/TradingView market-cap BTC.D.
1703635200000,2023-12-27 00:00:00,2023-12-27 09:00:00,2065.6,2085.7,2004.4,2012.3,20.6560,20.8570,20.0440,20.1230,20.1230%,2093.704,Binance BTCDOM index raw value divided by 100 for percent-style display; not CMC/TradingView market-cap BTC.D.
1703721600000,2023-12-28 00:00:00,2023-12-28 09:00:00,2011.9,2013.5,1970.1,2002.1,20.1190,20.1350,19.7010,20.0210,20.0210%,3076.225,Binance BTCDOM index raw value divided by 100 for percent-style display; not CMC/TradingView market-cap BTC.D.
1703808000000,2023-12-29 00:00:00,2023-12-29 09:00:00,2002.2,2019.6,1983.5,2009.0,20.0220,20.1960,19.8350,20.0900,20.0900%,1715.585,Binance BTCDOM index raw value divided by 100 for percent-style display; not CMC/TradingView market-cap BTC.D.
1703894400000,2023-12-30 00:00:00,2023-12-30 09:00:00,2008.9,2028.2,1997.6,2019.4,20.0890,20.2820,19.9760,20.1940,20.1940%,731.375,Binance BTCDOM index raw value divided by 100 for percent-style display; not CMC/TradingView market-cap BTC.D.
1703980800000,2023-12-31 00:00:00,2023-12-31 09:00:00,2018.9,2052.9,2011.5,2034.3,20.1890,20.5290,20.1150,20.3430,20.3430%,994.267,Binance BTCDOM index raw value divided by 100 for percent-style display; not CMC/TradingView market-cap BTC.D.
1704067200000,2024-01-01 00:00:00,2024-01-01 09:00:00,2034.3,2060.2,2021.9,2057.3,20.3430,20.6020,20.2190,20.5730,20.5730%,1274.528,Binance BTCDOM index raw value divided by 100 for percent-style display; not CMC/TradingView market-cap BTC.D.
1704153600000,2024-01-02 00:00:00,2024-01-02 09:00:00,2057.5,2120.0,2056.4,2108.5,20.5750,21.2000,20.5640,21.0850,21.0850%,1759.289,Binance BTCDOM index raw value divided by 100 for percent-style display; not CMC/TradingView market-cap BTC.D.
1704240000000,2024-01-03 00:00:00,2024-01-03 09:00:00,2108.9,2228.0,2067.4,2141.7,21.0890,22.2800,20.6740,21.4170,21.4170%,4667.932,Binance BTCDOM index raw value divided by 100 for percent-style display; not CMC/TradingView market-cap BTC.D.
1704326400000,2024-01-04 00:00:00,2024-01-04 09:00:00,2142.0,2166.2,2116.6,2152.6,21.4200,21.6620,21.1660,21.5260,21.5260%,1975.901,Binance BTCDOM index raw value divided by 100 for percent-style display; not CMC/TradingView market-cap BTC.D.
1704412800000,2024-01-05 00:00:00,2024-01-05 09:00:00,2152.3,2201.0,2125.4,2185.3,21.5230,22.0100,21.2540,21.8530,21.8530%,2253.713,Binance BTCDOM index raw value divided by 100 for percent-style display; not CMC/TradingView market-cap BTC.D.
1704499200000,2024-01-06 00:00:00,2024-01-06 09:00:00,2184.8,2241.4,2184.3,2225.9,21.8480,22.4140,21.8430,22.2590,22.2590%,2326.116,Binance BTCDOM index raw value divided by 100 for percent-style display; not CMC/TradingView market-cap BTC.D.
1704585600000,2024-01-07 00:00:00,2024-01-07 09:00:00,2225.9,2279.2,2210.5,2265.7,22.2590,22.7920,22.1050,22.6570,22.6570%,2252.511,Binance BTCDOM index raw value divided by 100 for percent-style display; not CMC/TradingView market-cap BTC.D.
1704672000000,2024-01-08 00:00:00,2024-01-08 09:00:00,2265.8,2307.3,2246.2,2298.1,22.6580,23.0730,22.4620,22.9810,22.9810%,6124.530,Binance BTCDOM index raw value divided by 100 for percent-style display; not CMC/TradingView market-cap BTC.D.
1704758400000,2024-01-09 00:00:00,2024-01-09 09:00:00,2298.8,2380.0,2244.2,2272.9,22.9880,23.8000,22.4420,22.7290,22.7290%,7747.966,Binance BTCDOM index raw value divided by 100 for percent-style display; not CMC/TradingView market-cap BTC.D.
1704844800000,2024-01-10 00:00:00,2024-01-10 09:00:00,2272.9,2275.9,2124.0,2132.4,22.7290,22.7590,21.2400,21.3240,21.3240%,5731.861,Binance BTCDOM index raw value divided by 100 for percent-style display; not CMC/TradingView market-cap BTC.D.
1704931200000,2024-01-11 00:00:00,2024-01-11 09:00:00,2132.4,2168.7,2008.3,2097.8,21.3240,21.6870,20.0830,20.9780,20.9780%,8376.432,Binance BTCDOM index raw value divided by 100 for percent-style display; not CMC/TradingView market-cap BTC.D.
1705017600000,2024-01-12 00:00:00,2024-01-12 09:00:00,2097.8,2109.3,1968.0,2022.3,20.9780,21.0930,19.6800,20.2230,20.2230%,5135.610,Binance BTCDOM index raw value divided by 100 for percent-style display; not CMC/TradingView market-cap BTC.D.
1705104000000,2024-01-13 00:00:00,2024-01-13 09:00:00,2022.0,2042.3,1980.5,1983.5,20.2200,20.4230,19.8050,19.8350,19.8350%,2229.007,Binance BTCDOM index raw value divided by 100 for percent-style display; not CMC/TradingView market-cap BTC.D.
1705190400000,2024-01-14 00:00:00,2024-01-14 09:00:00,1983.2,2019.8,1983.1,1996.9,19.8320,20.1980,19.8310,19.9690,19.9690%,2040.359,Binance BTCDOM index raw value divided by 100 for percent-style display; not CMC/TradingView market-cap BTC.D.
1705276800000,2024-01-15 00:00:00,2024-01-15 09:00:00,1997.0,2010.0,1976.9,1999.9,19.9700,20.1000,19.7690,19.9990,19.9990%,1483.479,Binance BTCDOM index raw value divided by 100 for percent-style display; not CMC/TradingView market-cap BTC.D.
1705363200000,2024-01-16 00:00:00,2024-01-16 09:00:00,1999.9,2008.9,1984.8,1991.0,19.9990,20.0890,19.8480,19.9100,19.9100%,1210.817,Binance BTCDOM index raw value divided by 100 for percent-style display; not CMC/TradingView market-cap BTC.D.
1705449600000,2024-01-17 00:00:00,2024-01-17 09:00:00,1991.1,2003.7,1973.9,1999.7,19.9110,20.0370,19.7390,19.9970,19.9970%,1412.575,Binance BTCDOM index raw value divided by 100 for percent-style display; not CMC/TradingView market-cap BTC.D.
1705536000000,2024-01-18 00:00:00,2024-01-18 09:00:00,1999.7,2011.8,1983.4,1990.4,19.9970,20.1180,19.8340,19.9040,19.9040%,1577.568,Binance BTCDOM index raw value divided by 100 for percent-style display; not CMC/TradingView market-cap BTC.D.
1705622400000,2024-01-19 00:00:00,2024-01-19 09:00:00,1990.5,2014.2,1974.0,1993.2,19.9050,20.1420,19.7400,19.9320,19.9320%,1810.326,Binance BTCDOM index raw value divided by 100 for percent-style display; not CMC/TradingView market-cap BTC.D.
1705708800000,2024-01-20 00:00:00,2024-01-20 09:00:00,1993.7,2010.6,1988.0,1997.0,19.9370,20.1060,19.8800,19.9700,19.9700%,742.922,Binance BTCDOM index raw value divided by 100 for percent-style display; not CMC/TradingView market-cap BTC.D.
1705795200000,2024-01-21 00:00:00,2024-01-21 09:00:00,1996.9,2010.8,1990.3,2009.8,19.9690,20.1080,19.9030,20.0980,20.0980%,438.687,Binance BTCDOM index raw value divided by 100 for percent-style display; not CMC/TradingView market-cap BTC.D.
1705881600000,2024-01-22 00:00:00,2024-01-22 09:00:00,2009.8,2039.0,2000.9,2021.6,20.0980,20.3900,20.0090,20.2160,20.2160%,2423.477,Binance BTCDOM index raw value divided by 100 for percent-style display; not CMC/TradingView market-cap BTC.D.
1705968000000,2024-01-23 00:00:00,2024-01-23 09:00:00,2021.8,2103.3,2015.5,2086.5,20.2180,21.0330,20.1550,20.8650,20.8650%,3754.029,Binance BTCDOM index raw value divided by 100 for percent-style display; not CMC/TradingView market-cap BTC.D.
1706054400000,2024-01-24 00:00:00,2024-01-24 09:00:00,2086.5,2110.8,2086.2,2091.7,20.8650,21.1080,20.8620,20.9170,20.9170%,1618.120,Binance BTCDOM index raw value divided by 100 for percent-style display; not CMC/TradingView market-cap BTC.D.
1706140800000,2024-01-25 00:00:00,2024-01-25 09:00:00,2092.7,2119.0,2086.0,2100.8,20.9270,21.1900,20.8600,21.0080,21.0080%,1462.650,Binance BTCDOM index raw value divided by 100 for percent-style display; not CMC/TradingView market-cap BTC.D.
1706227200000,2024-01-26 00:00:00,2024-01-26 09:00:00,2100.8,2154.3,2092.3,2134.5,21.0080,21.5430,20.9230,21.3450,21.3450%,1239.242,Binance BTCDOM index raw value divided by 100 for percent-style display; not CMC/TradingView market-cap BTC.D.
1706313600000,2024-01-27 00:00:00,2024-01-27 09:00:00,2134.5,2144.5,2120.5,2140.1,21.3450,21.4450,21.2050,21.4010,21.4010%,649.950,Binance BTCDOM index raw value divided by 100 for percent-style display; not CMC/TradingView market-cap BTC.D.
1706400000000,2024-01-28 00:00:00,2024-01-28 09:00:00,2140.4,2149.7,2126.4,2142.2,21.4040,21.4970,21.2640,21.4220,21.4220%,763.679,Binance BTCDOM index raw value divided by 100 for percent-style display; not CMC/TradingView market-cap BTC.D.
1706486400000,2024-01-29 00:00:00,2024-01-29 09:00:00,2142.3,2159.9,2133.1,2143.0,21.4230,21.5990,21.3310,21.4300,21.4300%,851.978,Binance BTCDOM index raw value divided by 100 for percent-style display; not CMC/TradingView market-cap BTC.D.
1706572800000,2024-01-30 00:00:00,2024-01-30 09:00:00,2143.1,2161.5,2108.7,2126.5,21.4310,21.6150,21.0870,21.2650,21.2650%,1263.506,Binance BTCDOM index raw value divided by 100 for percent-style display; not CMC/TradingView market-cap BTC.D.
1706659200000,2024-01-31 00:00:00,2024-01-31 09:00:00,2126.2,2172.2,2124.4,2167.3,21.2620,21.7220,21.2440,21.6730,21.6730%,1520.671,Binance BTCDOM index raw value divided by 100 for percent-style display; not CMC/TradingView market-cap BTC.D.
1706745600000,2024-02-01 00:00:00,2024-02-01 09:00:00,2167.1,2175.2,2149.2,2167.1,21.6710,21.7520,21.4920,21.6710,21.6710%,1423.809,Binance BTCDOM index raw value divided by 100 for percent-style display; not CMC/TradingView market-cap BTC.D.
1706832000000,2024-02-02 00:00:00,2024-02-02 09:00:00,2167.2,2169.7,2143.6,2155.9,21.6720,21.6970,21.4360,21.5590,21.5590%,589.765,Binance BTCDOM index raw value divided by 100 for percent-style display; not CMC/TradingView market-cap BTC.D.
1706918400000,2024-02-03 00:00:00,2024-02-03 09:00:00,2156.0,2160.7,2144.5,2158.7,21.5600,21.6070,21.4450,21.5870,21.5870%,283.647,Binance BTCDOM index raw value divided by 100 for percent-style display; not CMC/TradingView market-cap BTC.D.
1707004800000,2024-02-04 00:00:00,2024-02-04 09:00:00,2158.7,2165.7,2145.5,2151.7,21.5870,21.6570,21.4550,21.5170,21.5170%,511.420,Binance BTCDOM index raw value divided by 100 for percent-style display; not CMC/TradingView market-cap BTC.D.
1707091200000,2024-02-05 00:00:00,2024-02-05 09:00:00,2151.8,2161.0,2136.2,2150.2,21.5180,21.6100,21.3620,21.5020,21.5020%,514.365,Binance BTCDOM index raw value divided by 100 for percent-style display; not CMC/TradingView market-cap BTC.D.
1707177600000,2024-02-06 00:00:00,2024-02-06 09:00:00,2150.2,2157.9,2123.3,2134.0,21.5020,21.5790,21.2330,21.3400,21.3400%,832.829,Binance BTCDOM index raw value divided by 100 for percent-style display; not CMC/TradingView market-cap BTC.D.
1707264000000,2024-02-07 00:00:00,2024-02-07 09:00:00,2134.0,2143.5,2111.1,2142.3,21.3400,21.4350,21.1110,21.4230,21.4230%,653.666,Binance BTCDOM index raw value divided by 100 for percent-style display; not CMC/TradingView market-cap BTC.D.
1707350400000,2024-02-08 00:00:00,2024-02-08 09:00:00,2142.2,2186.0,2141.4,2180.2,21.4220,21.8600,21.4140,21.8020,21.8020%,1162.647,Binance BTCDOM index raw value divided by 100 for percent-style display; not CMC/TradingView market-cap BTC.D.
1707436800000,2024-02-09 00:00:00,2024-02-09 09:00:00,2180.0,2243.1,2175.3,2211.7,21.8000,22.4310,21.7530,22.1170,22.1170%,1947.883,Binance BTCDOM index raw value divided by 100 for percent-style display; not CMC/TradingView market-cap BTC.D.
1707523200000,2024-02-10 00:00:00,2024-02-10 09:00:00,2211.7,2238.0,2198.7,2226.6,22.1170,22.3800,21.9870,22.2660,22.2660%,835.463,Binance BTCDOM index raw value divided by 100 for percent-style display; not CMC/TradingView market-cap BTC.D.
1707609600000,2024-02-11 00:00:00,2024-02-11 09:00:00,2226.5,2250.8,2216.2,2250.1,22.2650,22.5080,22.1620,22.5010,22.5010%,627.903,Binance BTCDOM index raw value divided by 100 for percent-style display; not CMC/TradingView market-cap BTC.D.
1707696000000,2024-02-12 00:00:00,2024-02-12 09:00:00,2250.3,2292.8,2222.9,2227.4,22.5030,22.9280,22.2290,22.2740,22.2740%,2643.650,Binance BTCDOM index raw value divided by 100 for percent-style display; not CMC/TradingView market-cap BTC.D.
1707782400000,2024-02-13 00:00:00,2024-02-13 09:00:00,2227.1,2239.9,2202.1,2238.0,22.2710,22.3990,22.0210,22.3800,22.3800%,2232.438,Binance BTCDOM index raw value divided by 100 for percent-style display; not CMC/TradingView market-cap BTC.D.
1707868800000,2024-02-14 00:00:00,2024-02-14 09:00:00,2238.1,2258.7,2218.5,2231.9,22.3810,22.5870,22.1850,22.3190,22.3190%,1542.856,Binance BTCDOM index raw value divided by 100 for percent-style display; not CMC/TradingView market-cap BTC.D.
1707955200000,2024-02-15 00:00:00,2024-02-15 09:00:00,2232.0,2243.8,2177.3,2195.7,22.3200,22.4380,21.7730,21.9570,21.9570%,1571.453,Binance BTCDOM index raw value divided by 100 for percent-style display; not CMC/TradingView market-cap BTC.D.
1708041600000,2024-02-16 00:00:00,2024-02-16 09:00:00,2195.5,2236.2,2180.6,2219.5,21.9550,22.3620,21.8060,22.1950,22.1950%,1156.384,Binance BTCDOM index raw value divided by 100 for percent-style display; not CMC/TradingView market-cap BTC.D.
1708128000000,2024-02-17 00:00:00,2024-02-17 09:00:00,2219.5,2230.0,2208.5,2211.8,22.1950,22.3000,22.0850,22.1180,22.1180%,675.674,Binance BTCDOM index raw value divided by 100 for percent-style display; not CMC/TradingView market-cap BTC.D.
1708214400000,2024-02-18 00:00:00,2024-02-18 09:00:00,2211.9,2217.2,2173.2,2178.8,22.1190,22.1720,21.7320,21.7880,21.7880%,861.902,Binance BTCDOM index raw value divided by 100 for percent-style display; not CMC/TradingView market-cap BTC.D.
1708300800000,2024-02-19 00:00:00,2024-02-19 09:00:00,2179.2,2184.9,2116.8,2128.2,21.7920,21.8490,21.1680,21.2820,21.2820%,1764.567,Binance BTCDOM index raw value divided by 100 for percent-style display; not CMC/TradingView market-cap BTC.D.
1708387200000,2024-02-20 00:00:00,2024-02-20 09:00:00,2128.2,2171.9,2118.8,2130.3,21.2820,21.7190,21.1880,21.3030,21.3030%,1888.127,Binance BTCDOM index raw value divided by 100 for percent-style display; not CMC/TradingView market-cap BTC.D.
1708473600000,2024-02-21 00:00:00,2024-02-21 09:00:00,2130.0,2166.8,2127.5,2141.8,21.3000,21.6680,21.2750,21.4180,21.4180%,1354.015,Binance BTCDOM index raw value divided by 100 for percent-style display; not CMC/TradingView market-cap BTC.D.
1708560000000,2024-02-22 00:00:00,2024-02-22 09:00:00,2141.7,2159.6,2110.2,2120.8,21.4170,21.5960,21.1020,21.2080,21.2080%,1591.869,Binance BTCDOM index raw value divided by 100 for percent-style display; not CMC/TradingView market-cap BTC.D.
1708646400000,2024-02-23 00:00:00,2024-02-23 09:00:00,2121.1,2145.7,2113.2,2127.1,21.2110,21.4570,21.1320,21.2710,21.2710%,1256.015,Binance BTCDOM index raw value divided by 100 for percent-style display; not CMC/TradingView market-cap BTC.D.
1708732800000,2024-02-24 00:00:00,2024-02-24 09:00:00,2127.1,2138.0,2102.7,2110.5,21.2710,21.3800,21.0270,21.1050,21.1050%,942.911,Binance BTCDOM index raw value divided by 100 for percent-style display; not CMC/TradingView market-cap BTC.D.
1708819200000,2024-02-25 00:00:00,2024-02-25 09:00:00,2110.8,2115.7,2057.5,2064.8,21.1080,21.1570,20.5750,20.6480,20.6480%,1209.842,Binance BTCDOM index raw value divided by 100 for percent-style display; not CMC/TradingView market-cap BTC.D.
1708905600000,2024-02-26 00:00:00,2024-02-26 09:00:00,2064.5,2132.0,2052.5,2117.9,20.6450,21.3200,20.5250,21.1790,21.1790%,1832.169,Binance BTCDOM index raw value divided by 100 for percent-style display; not CMC/TradingView market-cap BTC.D.
1708992000000,2024-02-27 00:00:00,2024-02-27 09:00:00,2118.1,2196.1,2115.7,2183.2,21.1810,21.9610,21.1570,21.8320,21.8320%,2183.121,Binance BTCDOM index raw value divided by 100 for percent-style display; not CMC/TradingView market-cap BTC.D.
1709078400000,2024-02-28 00:00:00,2024-02-28 09:00:00,2183.1,2350.0,2173.8,2292.9,21.8310,23.5000,21.7380,22.9290,22.9290%,4856.917,Binance BTCDOM index raw value divided by 100 for percent-style display; not CMC/TradingView market-cap BTC.D.
1709164800000,2024-02-29 00:00:00,2024-02-29 09:00:00,2292.9,2299.0,2207.9,2259.4,22.9290,22.9900,22.0790,22.5940,22.5940%,2900.147,Binance BTCDOM index raw value divided by 100 for percent-style display; not CMC/TradingView market-cap BTC.D.
1709251200000,2024-03-01 00:00:00,2024-03-01 09:00:00,2259.4,2262.2,2215.1,2229.0,22.5940,22.6220,22.1510,22.2900,22.2900%,1432.360,Binance BTCDOM index raw value divided by 100 for percent-style display; not CMC/TradingView market-cap BTC.D.
1709337600000,2024-03-02 00:00:00,2024-03-02 09:00:00,2229.0,2232.1,2182.2,2182.4,22.2900,22.3210,21.8220,21.8240,21.8240%,1508.384,Binance BTCDOM index raw value divided by 100 for percent-style display; not CMC/TradingView market-cap BTC.D.
1709424000000,2024-03-03 00:00:00,2024-03-03 09:00:00,2182.1,2234.6,2173.4,2198.0,21.8210,22.3460,21.7340,21.9800,21.9800%,2222.947,Binance BTCDOM index raw value divided by 100 for percent-style display; not CMC/TradingView market-cap BTC.D.
1709510400000,2024-03-04 00:00:00,2024-03-04 09:00:00,2197.7,2306.6,2190.9,2297.0,21.9770,23.0660,21.9090,22.9700,22.9700%,3336.638,Binance BTCDOM index raw value divided by 100 for percent-style display; not CMC/TradingView market-cap BTC.D.
1709596800000,2024-03-05 00:00:00,2024-03-05 09:00:00,2297.0,2307.1,2173.9,2232.5,22.9700,23.0710,21.7390,22.3250,22.3250%,6835.770,Binance BTCDOM index raw value divided by 100 for percent-style display; not CMC/TradingView market-cap BTC.D.
1709683200000,2024-03-06 00:00:00,2024-03-06 09:00:00,2232.8,2248.5,2160.7,2164.2,22.3280,22.4850,21.6070,21.6420,21.6420%,3115.801,Binance BTCDOM index raw value divided by 100 for percent-style display; not CMC/TradingView market-cap BTC.D.
1709769600000,2024-03-07 00:00:00,2024-03-07 09:00:00,2164.2,2195.7,2130.0,2133.9,21.6420,21.9570,21.3000,21.3390,21.3390%,2052.632,Binance BTCDOM index raw value divided by 100 for percent-style display; not CMC/TradingView market-cap BTC.D.
1709856000000,2024-03-08 00:00:00,2024-03-08 09:00:00,2133.9,2179.6,2106.9,2165.3,21.3390,21.7960,21.0690,21.6530,21.6530%,3259.327,Binance BTCDOM index raw value divided by 100 for percent-style display; not CMC/TradingView market-cap BTC.D.
1709942400000,2024-03-09 00:00:00,2024-03-09 09:00:00,2165.8,2168.0,2138.6,2156.4,21.6580,21.6800,21.3860,21.5640,21.5640%,1275.662,Binance BTCDOM index raw value divided by 100 for percent-style display; not CMC/TradingView market-cap BTC.D.
1710028800000,2024-03-10 00:00:00,2024-03-10 09:00:00,2156.4,2205.1,2149.7,2181.7,21.5640,22.0510,21.4970,21.8170,21.8170%,1770.613,Binance BTCDOM index raw value divided by 100 for percent-style display; not CMC/TradingView market-cap BTC.D.
1710115200000,2024-03-11 00:00:00,2024-03-11 09:00:00,2181.8,2221.6,2170.4,2172.5,21.8180,22.2160,21.7040,21.7250,21.7250%,2536.445,Binance BTCDOM index raw value divided by 100 for percent-style display; not CMC/TradingView market-cap BTC.D.
1710201600000,2024-03-12 00:00:00,2024-03-12 09:00:00,2172.5,2217.4,2163.2,2196.1,21.7250,22.1740,21.6320,21.9610,21.9610%,2468.144,Binance BTCDOM index raw value divided by 100 for percent-style display; not CMC/TradingView market-cap BTC.D.
1710288000000,2024-03-13 00:00:00,2024-03-13 09:00:00,2196.1,2223.1,2188.0,2193.6,21.9610,22.2310,21.8800,21.9360,21.9360%,1324.724,Binance BTCDOM index raw value divided by 100 for percent-style display; not CMC/TradingView market-cap BTC.D.
1710374400000,2024-03-14 00:00:00,2024-03-14 09:00:00,2193.0,2220.5,2180.2,2181.5,21.9300,22.2050,21.8020,21.8150,21.8150%,1992.317,Binance BTCDOM index raw value divided by 100 for percent-style display; not CMC/TradingView market-cap BTC.D.
1710460800000,2024-03-15 00:00:00,2024-03-15 09:00:00,2181.1,2209.3,2159.7,2180.6,21.8110,22.0930,21.5970,21.8060,21.8060%,3391.062,Binance BTCDOM index raw value divided by 100 for percent-style display; not CMC/TradingView market-cap BTC.D.
1710547200000,2024-03-16 00:00:00,2024-03-16 09:00:00,2180.6,2219.2,2156.7,2187.5,21.8060,22.1920,21.5670,21.8750,21.8750%,2688.816,Binance BTCDOM index raw value divided by 100 for percent-style display; not CMC/TradingView market-cap BTC.D.
1710633600000,2024-03-17 00:00:00,2024-03-17 09:00:00,2187.5,2242.0,2184.3,2212.5,21.8750,22.4200,21.8430,22.1250,22.1250%,3026.736,Binance BTCDOM index raw value divided by 100 for percent-style display; not CMC/TradingView market-cap BTC.D.
1710720000000,2024-03-18 00:00:00,2024-03-18 09:00:00,2212.5,2270.0,2207.1,2250.2,22.1250,22.7000,22.0710,22.5020,22.5020%,2270.858,Binance BTCDOM index raw value divided by 100 for percent-style display; not CMC/TradingView market-cap BTC.D.
1710806400000,2024-03-19 00:00:00,2024-03-19 09:00:00,2251.0,2314.2,2250.7,2300.2,22.5100,23.1420,22.5070,23.0020,23.0020%,5324.935,Binance BTCDOM index raw value divided by 100 for percent-style display; not CMC/TradingView market-cap BTC.D.
1710892800000,2024-03-20 00:00:00,2024-03-20 09:00:00,2300.2,2328.5,2241.1,2273.1,23.0020,23.2850,22.4110,22.7310,22.7310%,4486.479,Binance BTCDOM index raw value divided by 100 for percent-style display; not CMC/TradingView market-cap BTC.D.
1710979200000,2024-03-21 00:00:00,2024-03-21 09:00:00,2272.5,2281.0,2206.7,2213.9,22.7250,22.8100,22.0670,22.1390,22.1390%,2954.342,Binance BTCDOM index raw value divided by 100 for percent-style display; not CMC/TradingView market-cap BTC.D.
1711065600000,2024-03-22 00:00:00,2024-03-22 09:00:00,2213.9,2246.6,2208.0,2229.3,22.1390,22.4660,22.0800,22.2930,22.2930%,2517.738,Binance BTCDOM index raw value divided by 100 for percent-style display; not CMC/TradingView market-cap BTC.D.
1711152000000,2024-03-23 00:00:00,2024-03-23 09:00:00,2229.3,2248.8,2220.7,2235.0,22.2930,22.4880,22.2070,22.3500,22.3500%,1499.007,Binance BTCDOM index raw value divided by 100 for percent-style display; not CMC/TradingView market-cap BTC.D.
1711238400000,2024-03-24 00:00:00,2024-03-24 09:00:00,2235.0,2260.9,2228.0,2256.9,22.3500,22.6090,22.2800,22.5690,22.5690%,1199.343,Binance BTCDOM index raw value divided by 100 for percent-style display; not CMC/TradingView market-cap BTC.D.
1711324800000,2024-03-25 00:00:00,2024-03-25 09:00:00,2256.9,2276.0,2230.2,2268.3,22.5690,22.7600,22.3020,22.6830,22.6830%,1509.431,Binance BTCDOM index raw value divided by 100 for percent-style display; not CMC/TradingView market-cap BTC.D.
1711411200000,2024-03-26 00:00:00,2024-03-26 09:00:00,2268.3,2285.0,2248.5,2271.5,22.6830,22.8500,22.4850,22.7150,22.7150%,1613.773,Binance BTCDOM index raw value divided by 100 for percent-style display; not CMC/TradingView market-cap BTC.D.
1711497600000,2024-03-27 00:00:00,2024-03-27 09:00:00,2271.5,2301.0,2269.2,2296.7,22.7150,23.0100,22.6920,22.9670,22.9670%,1446.510,Binance BTCDOM index raw value divided by 100 for percent-style display; not CMC/TradingView market-cap BTC.D.
1711584000000,2024-03-28 00:00:00,2024-03-28 09:00:00,2297.0,2311.6,2285.0,2295.8,22.9700,23.1160,22.8500,22.9580,22.9580%,1434.130,Binance BTCDOM index raw value divided by 100 for percent-style display; not CMC/TradingView market-cap BTC.D.
1711670400000,2024-03-29 00:00:00,2024-03-29 09:00:00,2295.7,2305.2,2257.5,2264.7,22.9570,23.0520,22.5750,22.6470,22.6470%,1241.307,Binance BTCDOM index raw value divided by 100 for percent-style display; not CMC/TradingView market-cap BTC.D.
1711756800000,2024-03-30 00:00:00,2024-03-30 09:00:00,2263.9,2282.4,2255.2,2273.7,22.6390,22.8240,22.5520,22.7370,22.7370%,1094.761,Binance BTCDOM index raw value divided by 100 for percent-style display; not CMC/TradingView market-cap BTC.D.
1711843200000,2024-03-31 00:00:00,2024-03-31 09:00:00,2273.8,2275.9,2234.5,2246.2,22.7380,22.7590,22.3450,22.4620,22.4620%,1285.689,Binance BTCDOM index raw value divided by 100 for percent-style display; not CMC/TradingView market-cap BTC.D.
1711929600000,2024-04-01 00:00:00,2024-04-01 09:00:00,2245.9,2302.4,2239.3,2292.5,22.4590,23.0240,22.3930,22.9250,22.9250%,2158.398,Binance BTCDOM index raw value divided by 100 for percent-style display; not CMC/TradingView market-cap BTC.D.
1712016000000,2024-04-02 00:00:00,2024-04-02 09:00:00,2292.4,2305.4,2274.5,2287.5,22.9240,23.0540,22.7450,22.8750,22.8750%,3104.289,Binance BTCDOM index raw value divided by 100 for percent-style display; not CMC/TradingView market-cap BTC.D.
1712102400000,2024-04-03 00:00:00,2024-04-03 09:00:00,2287.6,2318.7,2273.0,2298.8,22.8760,23.1870,22.7300,22.9880,22.9880%,2259.787,Binance BTCDOM index raw value divided by 100 for percent-style display; not CMC/TradingView market-cap BTC.D.
1712188800000,2024-04-04 00:00:00,2024-04-04 09:00:00,2299.0,2359.1,2274.4,2355.5,22.9900,23.5910,22.7440,23.5550,23.5550%,2300.716,Binance BTCDOM index raw value divided by 100 for percent-style display; not CMC/TradingView market-cap BTC.D.
1712275200000,2024-04-05 00:00:00,2024-04-05 09:00:00,2355.6,2380.0,2337.6,2363.5,23.5560,23.8000,23.3760,23.6350,23.6350%,3668.375,Binance BTCDOM index raw value divided by 100 for percent-style display; not CMC/TradingView market-cap BTC.D.
1712361600000,2024-04-06 00:00:00,2024-04-06 09:00:00,2363.5,2367.7,2336.2,2362.8,23.6350,23.6770,23.3620,23.6280,23.6280%,1116.412,Binance BTCDOM index raw value divided by 100 for percent-style display; not CMC/TradingView market-cap BTC.D.
1712448000000,2024-04-07 00:00:00,2024-04-07 09:00:00,2362.9,2375.0,2332.1,2332.4,23.6290,23.7500,23.3210,23.3240,23.3240%,1343.517,Binance BTCDOM index raw value divided by 100 for percent-style display; not CMC/TradingView market-cap BTC.D.
1712534400000,2024-04-08 00:00:00,2024-04-08 09:00:00,2332.2,2366.8,2304.8,2309.6,23.3220,23.6680,23.0480,23.0960,23.0960%,1853.129,Binance BTCDOM index raw value divided by 100 for percent-style display; not CMC/TradingView market-cap BTC.D.
1712620800000,2024-04-09 00:00:00,2024-04-09 09:00:00,2309.6,2338.6,2299.3,2326.8,23.0960,23.3860,22.9930,23.2680,23.2680%,1856.537,Binance BTCDOM index raw value divided by 100 for percent-style display; not CMC/TradingView market-cap BTC.D.
1712707200000,2024-04-10 00:00:00,2024-04-10 09:00:00,2326.8,2357.5,2320.1,2350.0,23.2680,23.5750,23.2010,23.5000,23.5000%,2069.138,Binance BTCDOM index raw value divided by 100 for percent-style display; not CMC/TradingView market-cap BTC.D.
1712793600000,2024-04-11 00:00:00,2024-04-11 09:00:00,2350.1,2369.5,2335.5,2357.9,23.5010,23.6950,23.3550,23.5790,23.5790%,2050.446,Binance BTCDOM index raw value divided by 100 for percent-style display; not CMC/TradingView market-cap BTC.D.
1712880000000,2024-04-12 00:00:00,2024-04-12 09:00:00,2357.9,2847.3,2349.3,2467.4,23.5790,28.4730,23.4930,24.6740,24.6740%,10481.346,Binance BTCDOM index raw value divided by 100 for percent-style display; not CMC/TradingView market-cap BTC.D.
1712966400000,2024-04-13 00:00:00,2024-04-13 09:00:00,2467.0,2970.0,2458.5,2571.9,24.6700,29.7000,24.5850,25.7190,25.7190%,17477.159,Binance BTCDOM index raw value divided by 100 for percent-style display; not CMC/TradingView market-cap BTC.D.
1713052800000,2024-04-14 00:00:00,2024-04-14 09:00:00,2571.9,2611.4,2479.3,2499.0,25.7190,26.1140,24.7930,24.9900,24.9900%,9639.074,Binance BTCDOM index raw value divided by 100 for percent-style display; not CMC/TradingView market-cap BTC.D.
1713139200000,2024-04-15 00:00:00,2024-04-15 09:00:00,2499.0,2535.1,2445.4,2483.1,24.9900,25.3510,24.4540,24.8310,24.8310%,5545.139,Binance BTCDOM index raw value divided by 100 for percent-style display; not CMC/TradingView market-cap BTC.D.
1713225600000,2024-04-16 00:00:00,2024-04-16 09:00:00,2482.7,2529.6,2477.7,2518.7,24.8270,25.2960,24.7770,25.1870,25.1870%,4408.478,Binance BTCDOM index raw value divided by 100 for percent-style display; not CMC/TradingView market-cap BTC.D.
1713312000000,2024-04-17 00:00:00,2024-04-17 09:00:00,2518.4,2536.3,2460.8,2491.0,25.1840,25.3630,24.6080,24.9100,24.9100%,2920.855,Binance BTCDOM index raw value divided by 100 for percent-style display; not CMC/TradingView market-cap BTC.D.
1713398400000,2024-04-18 00:00:00,2024-04-18 09:00:00,2491.1,2525.8,2471.2,2502.4,24.9110,25.2580,24.7120,25.0240,25.0240%,2235.149,Binance BTCDOM index raw value divided by 100 for percent-style display; not CMC/TradingView market-cap BTC.D.
1713484800000,2024-04-19 00:00:00,2024-04-19 09:00:00,2502.8,2545.7,2496.5,2512.2,25.0280,25.4570,24.9650,25.1220,25.1220%,2668.477,Binance BTCDOM index raw value divided by 100 for percent-style display; not CMC/TradingView market-cap BTC.D.
1713571200000,2024-04-20 00:00:00,2024-04-20 09:00:00,2512.2,2521.1,2436.2,2454.1,25.1220,25.2110,24.3620,24.5410,24.5410%,1793.665,Binance BTCDOM index raw value divided by 100 for percent-style display; not CMC/TradingView market-cap BTC.D.
1713657600000,2024-04-21 00:00:00,2024-04-21 09:00:00,2454.0,2473.4,2440.2,2468.3,24.5400,24.7340,24.4020,24.6830,24.6830%,1657.722,Binance BTCDOM index raw value divided by 100 for percent-style display; not CMC/TradingView market-cap BTC.D.
1713744000000,2024-04-22 00:00:00,2024-04-22 09:00:00,2468.2,2476.3,2441.1,2470.7,24.6820,24.7630,24.4110,24.7070,24.7070%,1422.331,Binance BTCDOM index raw value divided by 100 for percent-style display; not CMC/TradingView market-cap BTC.D.
1713830400000,2024-04-23 00:00:00,2024-04-23 09:00:00,2470.7,2485.4,2446.5,2458.4,24.7070,24.8540,24.4650,24.5840,24.5840%,898.124,Binance BTCDOM index raw value divided by 100 for percent-style display; not CMC/TradingView market-cap BTC.D.
1713916800000,2024-04-24 00:00:00,2024-04-24 09:00:00,2458.4,2469.0,2420.4,2445.2,24.5840,24.6900,24.2040,24.4520,24.4520%,1095.459,Binance BTCDOM index raw value divided by 100 for percent-style display; not CMC/TradingView market-cap BTC.D.
1714003200000,2024-04-25 00:00:00,2024-04-25 09:00:00,2445.8,2460.1,2415.0,2444.9,24.4580,24.6010,24.1500,24.4490,24.4490%,1704.298,Binance BTCDOM index raw value divided by 100 for percent-style display; not CMC/TradingView market-cap BTC.D.
1714089600000,2024-04-26 00:00:00,2024-04-26 09:00:00,2445.5,2463.1,2436.0,2454.7,24.4550,24.6310,24.3600,24.5470,24.5470%,866.297,Binance BTCDOM index raw value divided by 100 for percent-style display; not CMC/TradingView market-cap BTC.D.
1714176000000,2024-04-27 00:00:00,2024-04-27 09:00:00,2454.7,2467.5,2372.0,2385.2,24.5470,24.6750,23.7200,23.8520,23.8520%,1551.206,Binance BTCDOM index raw value divided by 100 for percent-style display; not CMC/TradingView market-cap BTC.D.
1714262400000,2024-04-28 00:00:00,2024-04-28 09:00:00,2385.2,2390.7,2350.3,2378.2,23.8520,23.9070,23.5030,23.7820,23.7820%,1261.959,Binance BTCDOM index raw value divided by 100 for percent-style display; not CMC/TradingView market-cap BTC.D.
1714348800000,2024-04-29 00:00:00,2024-04-29 09:00:00,2378.5,2435.0,2373.1,2432.9,23.7850,24.3500,23.7310,24.3290,24.3290%,2048.413,Binance BTCDOM index raw value divided by 100 for percent-style display; not CMC/TradingView market-cap BTC.D.
1714435200000,2024-04-30 00:00:00,2024-04-30 09:00:00,2432.9,2500.0,2430.8,2454.3,24.3290,25.0000,24.3080,24.5430,24.5430%,4144.426,Binance BTCDOM index raw value divided by 100 for percent-style display; not CMC/TradingView market-cap BTC.D.
1714521600000,2024-05-01 00:00:00,2024-05-01 09:00:00,2454.2,2460.0,2342.5,2361.4,24.5420,24.6000,23.4250,23.6140,23.6140%,2762.697,Binance BTCDOM index raw value divided by 100 for percent-style display; not CMC/TradingView market-cap BTC.D.
1714608000000,2024-05-02 00:00:00,2024-05-02 09:00:00,2361.8,2383.1,2337.3,2376.2,23.6180,23.8310,23.3730,23.7620,23.7620%,1195.808,Binance BTCDOM index raw value divided by 100 for percent-style display; not CMC/TradingView market-cap BTC.D.
1714694400000,2024-05-03 00:00:00,2024-05-03 09:00:00,2375.6,2435.0,2366.8,2430.3,23.7560,24.3500,23.6680,24.3030,24.3030%,1024.291,Binance BTCDOM index raw value divided by 100 for percent-style display; not CMC/TradingView market-cap BTC.D.
1714780800000,2024-05-04 00:00:00,2024-05-04 09:00:00,2429.7,2463.8,2418.7,2460.3,24.2970,24.6380,24.1870,24.6030,24.6030%,749.486,Binance BTCDOM index raw value divided by 100 for percent-style display; not CMC/TradingView market-cap BTC.D.
1714867200000,2024-05-05 00:00:00,2024-05-05 09:00:00,2460.2,2469.8,2428.6,2447.8,24.6020,24.6980,24.2860,24.4780,24.4780%,768.612,Binance BTCDOM index raw value divided by 100 for percent-style display; not CMC/TradingView market-cap BTC.D.
1714953600000,2024-05-06 00:00:00,2024-05-06 09:00:00,2447.8,2450.0,2423.2,2442.7,24.4780,24.5000,24.2320,24.4270,24.4270%,752.696,Binance BTCDOM index raw value divided by 100 for percent-style display; not CMC/TradingView market-cap BTC.D.
1715040000000,2024-05-07 00:00:00,2024-05-07 09:00:00,2442.2,2470.0,2438.1,2463.1,24.4220,24.7000,24.3810,24.6310,24.6310%,861.044,Binance BTCDOM index raw value divided by 100 for percent-style display; not CMC/TradingView market-cap BTC.D.
1715126400000,2024-05-08 00:00:00,2024-05-08 09:00:00,2463.1,2479.9,2437.9,2440.3,24.6310,24.7990,24.3790,24.4030,24.4030%,1095.977,Binance BTCDOM index raw value divided by 100 for percent-style display; not CMC/TradingView market-cap BTC.D.
1715212800000,2024-05-09 00:00:00,2024-05-09 09:00:00,2440.2,2456.4,2425.0,2454.3,24.4020,24.5640,24.2500,24.5430,24.5430%,832.775,Binance BTCDOM index raw value divided by 100 for percent-style display; not CMC/TradingView market-cap BTC.D.
1715299200000,2024-05-10 00:00:00,2024-05-10 09:00:00,2454.4,2470.0,2443.1,2460.5,24.5440,24.7000,24.4310,24.6050,24.6050%,887.793,Binance BTCDOM index raw value divided by 100 for percent-style display; not CMC/TradingView market-cap BTC.D.
1715385600000,2024-05-11 00:00:00,2024-05-11 09:00:00,2460.3,2466.9,2449.5,2457.2,24.6030,24.6690,24.4950,24.5720,24.5720%,404.809,Binance BTCDOM index raw value divided by 100 for percent-style display; not CMC/TradingView market-cap BTC.D.
1715472000000,2024-05-12 00:00:00,2024-05-12 09:00:00,2458.0,2483.0,2452.9,2482.8,24.5800,24.8300,24.5290,24.8280,24.8280%,443.462,Binance BTCDOM index raw value divided by 100 for percent-style display; not CMC/TradingView market-cap BTC.D.
1715558400000,2024-05-13 00:00:00,2024-05-13 09:00:00,2483.0,2522.8,2475.8,2519.8,24.8300,25.2280,24.7580,25.1980,25.1980%,1393.414,Binance BTCDOM index raw value divided by 100 for percent-style display; not CMC/TradingView market-cap BTC.D.
1715644800000,2024-05-14 00:00:00,2024-05-14 09:00:00,2519.9,2540.3,2492.4,2533.1,25.1990,25.4030,24.9240,25.3310,25.3310%,1307.737,Binance BTCDOM index raw value divided by 100 for percent-style display; not CMC/TradingView market-cap BTC.D.
1715731200000,2024-05-15 00:00:00,2024-05-15 09:00:00,2533.1,2599.0,2526.5,2577.9,25.3310,25.9900,25.2650,25.7790,25.7790%,1977.288,Binance BTCDOM index raw value divided by 100 for percent-style display; not CMC/TradingView market-cap BTC.D.
1715817600000,2024-05-16 00:00:00,2024-05-16 09:00:00,2577.9,2629.4,2564.3,2593.6,25.7790,26.2940,25.6430,25.9360,25.9360%,1700.839,Binance BTCDOM index raw value divided by 100 for percent-style display; not CMC/TradingView market-cap BTC.D.
1715904000000,2024-05-17 00:00:00,2024-05-17 09:00:00,2593.8,2609.3,2533.9,2554.9,25.9380,26.0930,25.3390,25.5490,25.5490%,1519.262,Binance BTCDOM index raw value divided by 100 for percent-style display; not CMC/TradingView market-cap BTC.D.
1715990400000,2024-05-18 00:00:00,2024-05-18 09:00:00,2554.9,2556.9,2528.4,2535.9,25.5490,25.5690,25.2840,25.3590,25.3590%,610.556,Binance BTCDOM index raw value divided by 100 for percent-style display; not CMC/TradingView market-cap BTC.D.
1716076800000,2024-05-19 00:00:00,2024-05-19 09:00:00,2536.1,2578.4,2527.9,2552.1,25.3610,25.7840,25.2790,25.5210,25.5210%,1389.352,Binance BTCDOM index raw value divided by 100 for percent-style display; not CMC/TradingView market-cap BTC.D.
1716163200000,2024-05-20 00:00:00,2024-05-20 09:00:00,2552.6,2583.6,2373.0,2424.0,25.5260,25.8360,23.7300,24.2400,24.2400%,3799.295,Binance BTCDOM index raw value divided by 100 for percent-style display; not CMC/TradingView market-cap BTC.D.
1716249600000,2024-05-21 00:00:00,2024-05-21 09:00:00,2424.0,2436.3,2322.4,2340.7,24.2400,24.3630,23.2240,23.4070,23.4070%,4138.294,Binance BTCDOM index raw value divided by 100 for percent-style display; not CMC/TradingView market-cap BTC.D.
1716336000000,2024-05-22 00:00:00,2024-05-22 09:00:00,2340.1,2388.9,2329.6,2343.9,23.4010,23.8890,23.2960,23.4390,23.4390%,2638.396,Binance BTCDOM index raw value divided by 100 for percent-style display; not CMC/TradingView market-cap BTC.D.
1716422400000,2024-05-23 00:00:00,2024-05-23 09:00:00,2343.6,2380.0,2273.2,2304.4,23.4360,23.8000,22.7320,23.0440,23.0440%,7068.656,Binance BTCDOM index raw value divided by 100 for percent-style display; not CMC/TradingView market-cap BTC.D.
1716508800000,2024-05-24 00:00:00,2024-05-24 09:00:00,2304.9,2378.5,2284.3,2349.3,23.0490,23.7850,22.8430,23.4930,23.4930%,2580.487,Binance BTCDOM index raw value divided by 100 for percent-style display; not CMC/TradingView market-cap BTC.D.
1716595200000,2024-05-25 00:00:00,2024-05-25 09:00:00,2349.8,2369.9,2333.1,2356.4,23.4980,23.6990,23.3310,23.5640,23.5640%,758.586,Binance BTCDOM index raw value divided by 100 for percent-style display; not CMC/TradingView market-cap BTC.D.
1716681600000,2024-05-26 00:00:00,2024-05-26 09:00:00,2356.9,2360.4,2311.0,2319.6,23.5690,23.6040,23.1100,23.1960,23.1960%,867.413,Binance BTCDOM index raw value divided by 100 for percent-style display; not CMC/TradingView market-cap BTC.D.
1716768000000,2024-05-27 00:00:00,2024-05-27 09:00:00,2319.7,2322.2,2280.9,2307.7,23.1970,23.2220,22.8090,23.0770,23.0770%,1116.189,Binance BTCDOM index raw value divided by 100 for percent-style display; not CMC/TradingView market-cap BTC.D.
1716854400000,2024-05-28 00:00:00,2024-05-28 09:00:00,2307.9,2314.0,2274.1,2303.8,23.0790,23.1400,22.7410,23.0380,23.0380%,1257.313,Binance BTCDOM index raw value divided by 100 for percent-style display; not CMC/TradingView market-cap BTC.D.
1716940800000,2024-05-29 00:00:00,2024-05-29 09:00:00,2303.8,2314.4,2290.0,2311.8,23.0380,23.1440,22.9000,23.1180,23.1180%,1063.057,Binance BTCDOM index raw value divided by 100 for percent-style display; not CMC/TradingView market-cap BTC.D.
1717027200000,2024-05-30 00:00:00,2024-05-30 09:00:00,2311.4,2359.2,2309.6,2351.6,23.1140,23.5920,23.0960,23.5160,23.5160%,1116.186,Binance BTCDOM index raw value divided by 100 for percent-style display; not CMC/TradingView market-cap BTC.D.
1717113600000,2024-05-31 00:00:00,2024-05-31 09:00:00,2351.9,2361.0,2309.9,2322.3,23.5190,23.6100,23.0990,23.2230,23.2230%,1662.849,Binance BTCDOM index raw value divided by 100 for percent-style display; not CMC/TradingView market-cap BTC.D.
1717200000000,2024-06-01 00:00:00,2024-06-01 09:00:00,2322.3,2325.6,2298.2,2306.0,23.2230,23.2560,22.9820,23.0600,23.0600%,559.209,Binance BTCDOM index raw value divided by 100 for percent-style display; not CMC/TradingView market-cap BTC.D.
1717286400000,2024-06-02 00:00:00,2024-06-02 09:00:00,2306.1,2341.2,2296.2,2326.6,23.0610,23.4120,22.9620,23.2660,23.2660%,621.093,Binance BTCDOM index raw value divided by 100 for percent-style display; not CMC/TradingView market-cap BTC.D.
1717372800000,2024-06-03 00:00:00,2024-06-03 09:00:00,2326.4,2367.3,2325.7,2353.0,23.2640,23.6730,23.2570,23.5300,23.5300%,776.974,Binance BTCDOM index raw value divided by 100 for percent-style display; not CMC/TradingView market-cap BTC.D.
1717459200000,2024-06-04 00:00:00,2024-06-04 09:00:00,2352.5,2373.7,2347.0,2351.0,23.5250,23.7370,23.4700,23.5100,23.5100%,1096.238,Binance BTCDOM index raw value divided by 100 for percent-style display; not CMC/TradingView market-cap BTC.D.
1717545600000,2024-06-05 00:00:00,2024-06-05 09:00:00,2351.3,2375.0,2335.0,2339.2,23.5130,23.7500,23.3500,23.3920,23.3920%,924.681,Binance BTCDOM index raw value divided by 100 for percent-style display; not CMC/TradingView market-cap BTC.D.
1717632000000,2024-06-06 00:00:00,2024-06-06 09:00:00,2339.2,2365.4,2336.6,2355.2,23.3920,23.6540,23.3660,23.5520,23.5520%,666.437,Binance BTCDOM index raw value divided by 100 for percent-style display; not CMC/TradingView market-cap BTC.D.
1717718400000,2024-06-07 00:00:00,2024-06-07 09:00:00,2355.2,2469.9,2354.5,2400.7,23.5520,24.6990,23.5450,24.0070,24.0070%,2444.550,Binance BTCDOM index raw value divided by 100 for percent-style display; not CMC/TradingView market-cap BTC.D.
1717804800000,2024-06-08 00:00:00,2024-06-08 09:00:00,2400.6,2422.0,2390.0,2414.4,24.0060,24.2200,23.9000,24.1440,24.1440%,1803.960,Binance BTCDOM index raw value divided by 100 for percent-style display; not CMC/TradingView market-cap BTC.D.
1717891200000,2024-06-09 00:00:00,2024-06-09 09:00:00,2414.4,2566.2,2405.0,2409.8,24.1440,25.6620,24.0500,24.0980,24.0980%,1501.981,Binance BTCDOM index raw value divided by 100 for percent-style display; not CMC/TradingView market-cap BTC.D.
1717977600000,2024-06-10 00:00:00,2024-06-10 09:00:00,2409.9,2458.2,2407.7,2451.9,24.0990,24.5820,24.0770,24.5190,24.5190%,916.704,Binance BTCDOM index raw value divided by 100 for percent-style display; not CMC/TradingView market-cap BTC.D.
1718064000000,2024-06-11 00:00:00,2024-06-11 09:00:00,2451.3,2515.2,2437.9,2487.4,24.5130,25.1520,24.3790,24.8740,24.8740%,2535.764,Binance BTCDOM index raw value divided by 100 for percent-style display; not CMC/TradingView market-cap BTC.D.
1718150400000,2024-06-12 00:00:00,2024-06-12 09:00:00,2487.5,2507.6,2450.0,2457.5,24.8750,25.0760,24.5000,24.5750,24.5750%,2040.426,Binance BTCDOM index raw value divided by 100 for percent-style display; not CMC/TradingView market-cap BTC.D.
1718236800000,2024-06-13 00:00:00,2024-06-13 09:00:00,2457.5,2497.6,2454.0,2483.0,24.5750,24.9760,24.5400,24.8300,24.8300%,1463.443,Binance BTCDOM index raw value divided by 100 for percent-style display; not CMC/TradingView market-cap BTC.D.
1718323200000,2024-06-14 00:00:00,2024-06-14 09:00:00,2483.1,2510.0,2455.6,2463.8,24.8310,25.1000,24.5560,24.6380,24.6380%,1289.487,Binance BTCDOM index raw value divided by 100 for percent-style display; not CMC/TradingView market-cap BTC.D.
1718409600000,2024-06-15 00:00:00,2024-06-15 09:00:00,2463.8,2470.8,2418.1,2423.5,24.6380,24.7080,24.1810,24.2350,24.2350%,613.039,Binance BTCDOM index raw value divided by 100 for percent-style display; not CMC/TradingView market-cap BTC.D.
1718496000000,2024-06-16 00:00:00,2024-06-16 09:00:00,2422.5,2439.6,2393.3,2403.7,24.2250,24.3960,23.9330,24.0370,24.0370%,607.220,Binance BTCDOM index raw value divided by 100 for percent-style display; not CMC/TradingView market-cap BTC.D.
1718582400000,2024-06-17 00:00:00,2024-06-17 09:00:00,2403.5,2473.4,2398.8,2471.0,24.0350,24.7340,23.9880,24.7100,24.7100%,1023.575,Binance BTCDOM index raw value divided by 100 for percent-style display; not CMC/TradingView market-cap BTC.D.
1718668800000,2024-06-18 00:00:00,2024-06-18 09:00:00,2471.0,2615.0,2465.0,2478.0,24.7100,26.1500,24.6500,24.7800,24.7800%,4777.610,Binance BTCDOM index raw value divided by 100 for percent-style display; not CMC/TradingView market-cap BTC.D.
1718755200000,2024-06-19 00:00:00,2024-06-19 09:00:00,2477.8,2480.8,2419.0,2431.0,24.7780,24.8080,24.1900,24.3100,24.3100%,1485.387,Binance BTCDOM index raw value divided by 100 for percent-style display; not CMC/TradingView market-cap BTC.D.
1718841600000,2024-06-20 00:00:00,2024-06-20 09:00:00,2431.4,2463.8,2426.0,2456.7,24.3140,24.6380,24.2600,24.5670,24.5670%,979.465,Binance BTCDOM index raw value divided by 100 for percent-style display; not CMC/TradingView market-cap BTC.D.
1718928000000,2024-06-21 00:00:00,2024-06-21 09:00:00,2457.0,2467.2,2418.6,2430.8,24.5700,24.6720,24.1860,24.3080,24.3080%,748.580,Binance BTCDOM index raw value divided by 100 for percent-style display; not CMC/TradingView market-cap BTC.D.
1719014400000,2024-06-22 00:00:00,2024-06-22 09:00:00,2431.0,2462.1,2431.0,2443.6,24.3100,24.6210,24.3100,24.4360,24.4360%,491.018,Binance BTCDOM index raw value divided by 100 for percent-style display; not CMC/TradingView market-cap BTC.D.
1719100800000,2024-06-23 00:00:00,2024-06-23 09:00:00,2443.6,2478.0,2432.8,2459.5,24.4360,24.7800,24.3280,24.5950,24.5950%,556.916,Binance BTCDOM index raw value divided by 100 for percent-style display; not CMC/TradingView market-cap BTC.D.
1719187200000,2024-06-24 00:00:00,2024-06-24 09:00:00,2459.2,2499.0,2362.8,2376.2,24.5920,24.9900,23.6280,23.7620,23.7620%,2535.662,Binance BTCDOM index raw value divided by 100 for percent-style display; not CMC/TradingView market-cap BTC.D.
1719273600000,2024-06-25 00:00:00,2024-06-25 09:00:00,2376.1,2395.3,2365.7,2390.4,23.7610,23.9530,23.6570,23.9040,23.9040%,830.043,Binance BTCDOM index raw value divided by 100 for percent-style display; not CMC/TradingView market-cap BTC.D.
1719360000000,2024-06-26 00:00:00,2024-06-26 09:00:00,2390.2,2404.5,2355.1,2376.3,23.9020,24.0450,23.5510,23.7630,23.7630%,808.706,Binance BTCDOM index raw value divided by 100 for percent-style display; not CMC/TradingView market-cap BTC.D.
1719446400000,2024-06-27 00:00:00,2024-06-27 09:00:00,2376.1,2383.6,2333.4,2339.6,23.7610,23.8360,23.3340,23.3960,23.3960%,665.193,Binance BTCDOM index raw value divided by 100 for percent-style display; not CMC/TradingView market-cap BTC.D.
1719532800000,2024-06-28 00:00:00,2024-06-28 09:00:00,2339.7,2354.7,2328.9,2350.1,23.3970,23.5470,23.2890,23.5010,23.5010%,831.088,Binance BTCDOM index raw value divided by 100 for percent-style display; not CMC/TradingView market-cap BTC.D.
1719619200000,2024-06-29 00:00:00,2024-06-29 09:00:00,2350.2,2373.0,2347.0,2369.5,23.5020,23.7300,23.4700,23.6950,23.6950%,632.633,Binance BTCDOM index raw value divided by 100 for percent-style display; not CMC/TradingView market-cap BTC.D.
1719705600000,2024-06-30 00:00:00,2024-06-30 09:00:00,2369.5,2390.8,2365.1,2388.8,23.6950,23.9080,23.6510,23.8880,23.8880%,537.499,Binance BTCDOM index raw value divided by 100 for percent-style display; not CMC/TradingView market-cap BTC.D.
1719792000000,2024-07-01 00:00:00,2024-07-01 09:00:00,2389.3,2400.0,2368.7,2393.9,23.8930,24.0000,23.6870,23.9390,23.9390%,519.971,Binance BTCDOM index raw value divided by 100 for percent-style display; not CMC/TradingView market-cap BTC.D.
1719878400000,2024-07-02 00:00:00,2024-07-02 09:00:00,2393.7,2424.3,2352.4,2358.3,23.9370,24.2430,23.5240,23.5830,23.5830%,541.814,Binance BTCDOM index raw value divided by 100 for percent-style display; not CMC/TradingView market-cap BTC.D.
1719964800000,2024-07-03 00:00:00,2024-07-03 09:00:00,2358.4,2396.8,2345.5,2385.6,23.5840,23.9680,23.4550,23.8560,23.8560%,839.570,Binance BTCDOM index raw value divided by 100 for percent-style display; not CMC/TradingView market-cap BTC.D.
1720051200000,2024-07-04 00:00:00,2024-07-04 09:00:00,2385.1,2460.0,2373.8,2448.8,23.8510,24.6000,23.7380,24.4880,24.4880%,2596.139,Binance BTCDOM index raw value divided by 100 for percent-style display; not CMC/TradingView market-cap BTC.D.
1720137600000,2024-07-05 00:00:00,2024-07-05 09:00:00,2448.3,2552.0,2442.0,2470.8,24.4830,25.5200,24.4200,24.7080,24.7080%,7802.829,Binance BTCDOM index raw value divided by 100 for percent-style display; not CMC/TradingView market-cap BTC.D.
1720224000000,2024-07-06 00:00:00,2024-07-06 09:00:00,2470.9,2477.5,2426.7,2439.0,24.7090,24.7750,24.2670,24.3900,24.3900%,1091.217,Binance BTCDOM index raw value divided by 100 for percent-style display; not CMC/TradingView market-cap BTC.D.
1720310400000,2024-07-07 00:00:00,2024-07-07 09:00:00,2439.1,2507.9,2438.8,2475.5,24.3910,25.0790,24.3880,24.7550,24.7550%,1388.244,Binance BTCDOM index raw value divided by 100 for percent-style display; not CMC/TradingView market-cap BTC.D.
1720396800000,2024-07-08 00:00:00,2024-07-08 09:00:00,2475.3,2505.4,2416.1,2428.9,24.7530,25.0540,24.1610,24.2890,24.2890%,2359.194,Binance BTCDOM index raw value divided by 100 for percent-style display; not CMC/TradingView market-cap BTC.D.
1720483200000,2024-07-09 00:00:00,2024-07-09 09:00:00,2428.5,2451.7,2414.3,2451.5,24.2850,24.5170,24.1430,24.5150,24.5150%,755.945,Binance BTCDOM index raw value divided by 100 for percent-style display; not CMC/TradingView market-cap BTC.D.
1720569600000,2024-07-10 00:00:00,2024-07-10 09:00:00,2451.5,2470.2,2393.7,2411.9,24.5150,24.7020,23.9370,24.1190,24.1190%,851.051,Binance BTCDOM index raw value divided by 100 for percent-style display; not CMC/TradingView market-cap BTC.D.
1720656000000,2024-07-11 00:00:00,2024-07-11 09:00:00,2411.6,2425.7,2378.8,2405.1,24.1160,24.2570,23.7880,24.0510,24.0510%,776.149,Binance BTCDOM index raw value divided by 100 for percent-style display; not CMC/TradingView market-cap BTC.D.
1720742400000,2024-07-12 00:00:00,2024-07-12 09:00:00,2404.8,2414.3,2385.9,2387.5,24.0480,24.1430,23.8590,23.8750,23.8750%,506.642,Binance BTCDOM index raw value divided by 100 for percent-style display; not CMC/TradingView market-cap BTC.D.
1720828800000,2024-07-13 00:00:00,2024-07-13 09:00:00,2387.5,2402.2,2371.8,2396.1,23.8750,24.0220,23.7180,23.9610,23.9610%,438.223,Binance BTCDOM index raw value divided by 100 for percent-style display; not CMC/TradingView market-cap BTC.D.
1720915200000,2024-07-14 00:00:00,2024-07-14 09:00:00,2396.0,2423.9,2393.9,2409.0,23.9600,24.2390,23.9390,24.0900,24.0900%,359.083,Binance BTCDOM index raw value divided by 100 for percent-style display; not CMC/TradingView market-cap BTC.D.
1721001600000,2024-07-15 00:00:00,2024-07-15 09:00:00,2409.2,2433.0,2389.7,2401.7,24.0920,24.3300,23.8970,24.0170,24.0170%,882.623,Binance BTCDOM index raw value divided by 100 for percent-style display; not CMC/TradingView market-cap BTC.D.
1721088000000,2024-07-16 00:00:00,2024-07-16 09:00:00,2401.7,2433.4,2391.3,2429.6,24.0170,24.3340,23.9130,24.2960,24.2960%,1147.368,Binance BTCDOM index raw value divided by 100 for percent-style display; not CMC/TradingView market-cap BTC.D.
1721174400000,2024-07-17 00:00:00,2024-07-17 09:00:00,2429.3,2441.8,2406.5,2427.6,24.2930,24.4180,24.0650,24.2760,24.2760%,693.941,Binance BTCDOM index raw value divided by 100 for percent-style display; not CMC/TradingView market-cap BTC.D.
1721260800000,2024-07-18 00:00:00,2024-07-18 09:00:00,2427.4,2435.5,2408.0,2416.9,24.2740,24.3550,24.0800,24.1690,24.1690%,491.351,Binance BTCDOM index raw value divided by 100 for percent-style display; not CMC/TradingView market-cap BTC.D.
1721347200000,2024-07-19 00:00:00,2024-07-19 09:00:00,2416.5,2459.8,2411.5,2443.7,24.1650,24.5980,24.1150,24.4370,24.4370%,739.033,Binance BTCDOM index raw value divided by 100 for percent-style display; not CMC/TradingView market-cap BTC.D.
1721433600000,2024-07-20 00:00:00,2024-07-20 09:00:00,2444.0,2456.6,2437.0,2441.6,24.4400,24.5660,24.3700,24.4160,24.4160%,474.373,Binance BTCDOM index raw value divided by 100 for percent-style display; not CMC/TradingView market-cap BTC.D.
1721520000000,2024-07-21 00:00:00,2024-07-21 09:00:00,2441.7,2502.0,2439.0,2446.1,24.4170,25.0200,24.3900,24.4610,24.4610%,736.747,Binance BTCDOM index raw value divided by 100 for percent-style display; not CMC/TradingView market-cap BTC.D.
1721606400000,2024-07-22 00:00:00,2024-07-22 09:00:00,2446.0,2492.5,2441.6,2488.6,24.4600,24.9250,24.4160,24.8860,24.8860%,641.131,Binance BTCDOM index raw value divided by 100 for percent-style display; not CMC/TradingView market-cap BTC.D.
1721692800000,2024-07-23 00:00:00,2024-07-23 09:00:00,2488.7,2495.4,2424.6,2435.8,24.8870,24.9540,24.2460,24.3580,24.3580%,1261.645,Binance BTCDOM index raw value divided by 100 for percent-style display; not CMC/TradingView market-cap BTC.D.
1721779200000,2024-07-24 00:00:00,2024-07-24 09:00:00,2435.6,2492.7,2430.4,2474.5,24.3560,24.9270,24.3040,24.7450,24.7450%,668.815,Binance BTCDOM index raw value divided by 100 for percent-style display; not CMC/TradingView market-cap BTC.D.
1721865600000,2024-07-25 00:00:00,2024-07-25 09:00:00,2474.7,2609.8,2473.3,2581.4,24.7470,26.0980,24.7330,25.8140,25.8140%,4509.819,Binance BTCDOM index raw value divided by 100 for percent-style display; not CMC/TradingView market-cap BTC.D.
1721952000000,2024-07-26 00:00:00,2024-07-26 09:00:00,2581.5,2603.2,2554.6,2577.6,25.8150,26.0320,25.5460,25.7760,25.7760%,1772.664,Binance BTCDOM index raw value divided by 100 for percent-style display; not CMC/TradingView market-cap BTC.D.
1722038400000,2024-07-27 00:00:00,2024-07-27 09:00:00,2577.6,2621.8,2572.6,2590.2,25.7760,26.2180,25.7260,25.9020,25.9020%,1555.145,Binance BTCDOM index raw value divided by 100 for percent-style display; not CMC/TradingView market-cap BTC.D.
1722124800000,2024-07-28 00:00:00,2024-07-28 09:00:00,2590.1,2600.0,2572.7,2594.2,25.9010,26.0000,25.7270,25.9420,25.9420%,515.875,Binance BTCDOM index raw value divided by 100 for percent-style display; not CMC/TradingView market-cap BTC.D.
1722211200000,2024-07-29 00:00:00,2024-07-29 09:00:00,2593.4,2605.0,2520.7,2528.7,25.9340,26.0500,25.2070,25.2870,25.2870%,1500.325,Binance BTCDOM index raw value divided by 100 for percent-style display; not CMC/TradingView market-cap BTC.D.
1722297600000,2024-07-30 00:00:00,2024-07-30 09:00:00,2528.7,2533.2,2497.4,2519.4,25.2870,25.3320,24.9740,25.1940,25.1940%,854.824,Binance BTCDOM index raw value divided by 100 for percent-style display; not CMC/TradingView market-cap BTC.D.
1722384000000,2024-07-31 00:00:00,2024-07-31 09:00:00,2519.4,2525.5,2481.0,2509.8,25.1940,25.2550,24.8100,25.0980,25.0980%,912.767,Binance BTCDOM index raw value divided by 100 for percent-style display; not CMC/TradingView market-cap BTC.D.
1722470400000,2024-08-01 00:00:00,2024-08-01 09:00:00,2509.7,2579.7,2502.6,2567.7,25.0970,25.7970,25.0260,25.6770,25.6770%,1920.007,Binance BTCDOM index raw value divided by 100 for percent-style display; not CMC/TradingView market-cap BTC.D.
1722556800000,2024-08-02 00:00:00,2024-08-02 09:00:00,2567.7,2646.4,2552.7,2589.8,25.6770,26.4640,25.5270,25.8980,25.8980%,2382.404,Binance BTCDOM index raw value divided by 100 for percent-style display; not CMC/TradingView market-cap BTC.D.
1722643200000,2024-08-03 00:00:00,2024-08-03 09:00:00,2590.0,2650.6,2580.7,2636.9,25.9000,26.5060,25.8070,26.3690,26.3690%,2507.960,Binance BTCDOM index raw value divided by 100 for percent-style display; not CMC/TradingView market-cap BTC.D.
1722729600000,2024-08-04 00:00:00,2024-08-04 09:00:00,2636.9,2722.0,2620.4,2697.0,26.3690,27.2200,26.2040,26.9700,26.9700%,3999.392,Binance BTCDOM index raw value divided by 100 for percent-style display; not CMC/TradingView market-cap BTC.D.
1722816000000,2024-08-05 00:00:00,2024-08-05 09:00:00,2697.0,3005.8,2687.8,2741.6,26.9700,30.0580,26.8780,27.4160,27.4160%,14318.219,Binance BTCDOM index raw value divided by 100 for percent-style display; not CMC/TradingView market-cap BTC.D.
1722902400000,2024-08-06 00:00:00,2024-08-06 09:00:00,2742.6,2759.5,2690.3,2751.5,27.4260,27.5950,26.9030,27.5150,27.5150%,2990.984,Binance BTCDOM index raw value divided by 100 for percent-style display; not CMC/TradingView market-cap BTC.D.
1722988800000,2024-08-07 00:00:00,2024-08-07 09:00:00,2751.6,2814.8,2714.1,2775.2,27.5160,28.1480,27.1410,27.7520,27.7520%,2707.137,Binance BTCDOM index raw value divided by 100 for percent-style display; not CMC/TradingView market-cap BTC.D.
1723075200000,2024-08-08 00:00:00,2024-08-08 09:00:00,2775.5,2810.0,2752.2,2776.4,27.7550,28.1000,27.5220,27.7640,27.7640%,2596.422,Binance BTCDOM index raw value divided by 100 for percent-style display; not CMC/TradingView market-cap BTC.D.
1723161600000,2024-08-09 00:00:00,2024-08-09 09:00:00,2776.6,2835.3,2761.7,2825.7,27.7660,28.3530,27.6170,28.2570,28.2570%,1807.124,Binance BTCDOM index raw value divided by 100 for percent-style display; not CMC/TradingView market-cap BTC.D.
1723248000000,2024-08-10 00:00:00,2024-08-10 09:00:00,2825.2,2834.2,2793.0,2815.0,28.2520,28.3420,27.9300,28.1500,28.1500%,755.616,Binance BTCDOM index raw value divided by 100 for percent-style display; not CMC/TradingView market-cap BTC.D.
1723334400000,2024-08-11 00:00:00,2024-08-11 09:00:00,2814.9,2825.0,2760.1,2817.1,28.1490,28.2500,27.6010,28.1710,28.1710%,1429.923,Binance BTCDOM index raw value divided by 100 for percent-style display; not CMC/TradingView market-cap BTC.D.
1723420800000,2024-08-12 00:00:00,2024-08-12 09:00:00,2817.1,2830.3,2695.2,2715.3,28.1710,28.3030,26.9520,27.1530,27.1530%,2078.045,Binance BTCDOM index raw value divided by 100 for percent-style display; not CMC/TradingView market-cap BTC.D.
1723507200000,2024-08-13 00:00:00,2024-08-13 09:00:00,2715.2,2796.6,2713.7,2773.3,27.1520,27.9660,27.1370,27.7330,27.7330%,1281.894,Binance BTCDOM index raw value divided by 100 for percent-style display; not CMC/TradingView market-cap BTC.D.
1723593600000,2024-08-14 00:00:00,2024-08-14 09:00:00,2773.3,2795.0,2725.0,2725.5,27.7330,27.9500,27.2500,27.2550,27.2550%,1101.580,Binance BTCDOM index raw value divided by 100 for percent-style display; not CMC/TradingView market-cap BTC.D.
1723680000000,2024-08-15 00:00:00,2024-08-15 09:00:00,2725.5,2783.4,2710.7,2741.7,27.2550,27.8340,27.1070,27.4170,27.4170%,1189.624,Binance BTCDOM index raw value divided by 100 for percent-style display; not CMC/TradingView market-cap BTC.D.
1723766400000,2024-08-16 00:00:00,2024-08-16 09:00:00,2741.0,2807.3,2727.1,2792.4,27.4100,28.0730,27.2710,27.9240,27.9240%,997.509,Binance BTCDOM index raw value divided by 100 for percent-style display; not CMC/TradingView market-cap BTC.D.
1723852800000,2024-08-17 00:00:00,2024-08-17 09:00:00,2792.7,2806.0,2774.3,2780.6,27.9270,28.0600,27.7430,27.8060,27.8060%,519.193,Binance BTCDOM index raw value divided by 100 for percent-style display; not CMC/TradingView market-cap BTC.D.
1723939200000,2024-08-18 00:00:00,2024-08-18 09:00:00,2781.3,2801.4,2742.8,2745.1,27.8130,28.0140,27.4280,27.4510,27.4510%,617.150,Binance BTCDOM index raw value divided by 100 for percent-style display; not CMC/TradingView market-cap BTC.D.
1724025600000,2024-08-19 00:00:00,2024-08-19 09:00:00,2745.3,2755.7,2728.5,2735.4,27.4530,27.5570,27.2850,27.3540,27.3540%,595.813,Binance BTCDOM index raw value divided by 100 for percent-style display; not CMC/TradingView market-cap BTC.D.
1724112000000,2024-08-20 00:00:00,2024-08-20 09:00:00,2735.3,2776.1,2730.1,2741.7,27.3530,27.7610,27.3010,27.4170,27.4170%,729.669,Binance BTCDOM index raw value divided by 100 for percent-style display; not CMC/TradingView market-cap BTC.D.
1724198400000,2024-08-21 00:00:00,2024-08-21 09:00:00,2741.7,2794.2,2740.3,2787.9,27.4170,27.9420,27.4030,27.8790,27.8790%,761.062,Binance BTCDOM index raw value divided by 100 for percent-style display; not CMC/TradingView market-cap BTC.D.
1724284800000,2024-08-22 00:00:00,2024-08-22 09:00:00,2787.9,2794.4,2743.2,2746.5,27.8790,27.9440,27.4320,27.4650,27.4650%,517.682,Binance BTCDOM index raw value divided by 100 for percent-style display; not CMC/TradingView market-cap BTC.D.
1724371200000,2024-08-23 00:00:00,2024-08-23 09:00:00,2746.5,2809.3,2730.0,2782.1,27.4650,28.0930,27.3000,27.8210,27.8210%,1137.756,Binance BTCDOM index raw value divided by 100 for percent-style display; not CMC/TradingView market-cap BTC.D.
1724457600000,2024-08-24 00:00:00,2024-08-24 09:00:00,2781.4,2804.5,2746.1,2775.1,27.8140,28.0450,27.4610,27.7510,27.7510%,1045.867,Binance BTCDOM index raw value divided by 100 for percent-style display; not CMC/TradingView market-cap BTC.D.
1724544000000,2024-08-25 00:00:00,2024-08-25 09:00:00,2775.2,2828.6,2772.9,2808.4,27.7520,28.2860,27.7290,28.0840,28.0840%,1482.839,Binance BTCDOM index raw value divided by 100 for percent-style display; not CMC/TradingView market-cap BTC.D.
1724630400000,2024-08-26 00:00:00,2024-08-26 09:00:00,2808.4,2848.4,2798.3,2830.0,28.0840,28.4840,27.9830,28.3000,28.3000%,1305.232,Binance BTCDOM index raw value divided by 100 for percent-style display; not CMC/TradingView market-cap BTC.D.
1724716800000,2024-08-27 00:00:00,2024-08-27 09:00:00,2829.9,2903.5,2813.2,2860.0,28.2990,29.0350,28.1320,28.6000,28.6000%,2179.336,Binance BTCDOM index raw value divided by 100 for percent-style display; not CMC/TradingView market-cap BTC.D.
1724803200000,2024-08-28 00:00:00,2024-08-28 09:00:00,2859.9,2876.4,2800.3,2803.7,28.5990,28.7640,28.0030,28.0370,28.0370%,1782.998,Binance BTCDOM index raw value divided by 100 for percent-style display; not CMC/TradingView market-cap BTC.D.
1724889600000,2024-08-29 00:00:00,2024-08-29 09:00:00,2804.0,2847.3,2796.9,2831.8,28.0400,28.4730,27.9690,28.3180,28.3180%,829.249,Binance BTCDOM index raw value divided by 100 for percent-style display; not CMC/TradingView market-cap BTC.D.
1724976000000,2024-08-30 00:00:00,2024-08-30 09:00:00,2831.8,2867.7,2819.7,2822.2,28.3180,28.6770,28.1970,28.2220,28.2220%,1174.619,Binance BTCDOM index raw value divided by 100 for percent-style display; not CMC/TradingView market-cap BTC.D.
1725062400000,2024-08-31 00:00:00,2024-08-31 09:00:00,2822.2,2844.6,2819.0,2834.4,28.2220,28.4460,28.1900,28.3440,28.3440%,407.019,Binance BTCDOM index raw value divided by 100 for percent-style display; not CMC/TradingView market-cap BTC.D.
1725148800000,2024-09-01 00:00:00,2024-09-01 09:00:00,2834.4,2883.1,2830.0,2861.3,28.3440,28.8310,28.3000,28.6130,28.6130%,1140.973,Binance BTCDOM index raw value divided by 100 for percent-style display; not CMC/TradingView market-cap BTC.D.
1725235200000,2024-09-02 00:00:00,2024-09-02 09:00:00,2861.5,2879.0,2817.9,2839.2,28.6150,28.7900,28.1790,28.3920,28.3920%,1316.960,Binance BTCDOM index raw value divided by 100 for percent-style display; not CMC/TradingView market-cap BTC.D.
1725321600000,2024-09-03 00:00:00,2024-09-03 09:00:00,2839.6,2872.7,2836.5,2867.4,28.3960,28.7270,28.3650,28.6740,28.6740%,633.485,Binance BTCDOM index raw value divided by 100 for percent-style display; not CMC/TradingView market-cap BTC.D.
1725408000000,2024-09-04 00:00:00,2024-09-04 09:00:00,2867.6,2910.0,2828.6,2865.8,28.6760,29.1000,28.2860,28.6580,28.6580%,2942.421,Binance BTCDOM index raw value divided by 100 for percent-style display; not CMC/TradingView market-cap BTC.D.
1725494400000,2024-09-05 00:00:00,2024-09-05 09:00:00,2865.8,2867.7,2838.3,2850.1,28.6580,28.6770,28.3830,28.5010,28.5010%,553.803,Binance BTCDOM index raw value divided by 100 for percent-style display; not CMC/TradingView market-cap BTC.D.
1725580800000,2024-09-06 00:00:00,2024-09-06 09:00:00,2851.6,2887.4,2821.7,2868.8,28.5160,28.8740,28.2170,28.6880,28.6880%,948.955,Binance BTCDOM index raw value divided by 100 for percent-style display; not CMC/TradingView market-cap BTC.D.
1725667200000,2024-09-07 00:00:00,2024-09-07 09:00:00,2868.8,2873.1,2828.6,2833.1,28.6880,28.7310,28.2860,28.3310,28.3310%,514.357,Binance BTCDOM index raw value divided by 100 for percent-style display; not CMC/TradingView market-cap BTC.D.
1725753600000,2024-09-08 00:00:00,2024-09-08 09:00:00,2833.0,2836.5,2801.3,2828.2,28.3300,28.3650,28.0130,28.2820,28.2820%,700.406,Binance BTCDOM index raw value divided by 100 for percent-style display; not CMC/TradingView market-cap BTC.D.
1725840000000,2024-09-09 00:00:00,2024-09-09 09:00:00,2827.9,2881.0,2818.4,2857.9,28.2790,28.8100,28.1840,28.5790,28.5790%,822.354,Binance BTCDOM index raw value divided by 100 for percent-style display; not CMC/TradingView market-cap BTC.D.
1725926400000,2024-09-10 00:00:00,2024-09-10 09:00:00,2858.9,2880.0,2850.0,2867.3,28.5890,28.8000,28.5000,28.6730,28.6730%,420.606,Binance BTCDOM index raw value divided by 100 for percent-style display; not CMC/TradingView market-cap BTC.D.
1726012800000,2024-09-11 00:00:00,2024-09-11 09:00:00,2867.3,2897.2,2858.6,2879.3,28.6730,28.9720,28.5860,28.7930,28.7930%,865.890,Binance BTCDOM index raw value divided by 100 for percent-style display; not CMC/TradingView market-cap BTC.D.
1726099200000,2024-09-12 00:00:00,2024-09-12 09:00:00,2879.4,2897.7,2861.8,2876.8,28.7940,28.9770,28.6180,28.7680,28.7680%,741.822,Binance BTCDOM index raw value divided by 100 for percent-style display; not CMC/TradingView market-cap BTC.D.
1726185600000,2024-09-13 00:00:00,2024-09-13 09:00:00,2876.7,2933.3,2870.9,2913.9,28.7670,29.3330,28.7090,29.1390,29.1390%,787.786,Binance BTCDOM index raw value divided by 100 for percent-style display; not CMC/TradingView market-cap BTC.D.
1726272000000,2024-09-14 00:00:00,2024-09-14 09:00:00,2913.4,2924.4,2897.5,2909.4,29.1340,29.2440,28.9750,29.0940,29.0940%,444.537,Binance BTCDOM index raw value divided by 100 for percent-style display; not CMC/TradingView market-cap BTC.D.
1726358400000,2024-09-15 00:00:00,2024-09-15 09:00:00,2909.1,2966.3,2900.0,2962.3,29.0910,29.6630,29.0000,29.6230,29.6230%,822.672,Binance BTCDOM index raw value divided by 100 for percent-style display; not CMC/TradingView market-cap BTC.D.
1726444800000,2024-09-16 00:00:00,2024-09-16 09:00:00,2962.7,2987.5,2934.6,2950.5,29.6270,29.8750,29.3460,29.5050,29.5050%,1385.188,Binance BTCDOM index raw value divided by 100 for percent-style display; not CMC/TradingView market-cap BTC.D.
1726531200000,2024-09-17 00:00:00,2024-09-17 09:00:00,2950.1,3030.0,2944.0,3012.2,29.5010,30.3000,29.4400,30.1220,30.1220%,1638.080,Binance BTCDOM index raw value divided by 100 for percent-style display; not CMC/TradingView market-cap BTC.D.
1726617600000,2024-09-18 00:00:00,2024-09-18 09:00:00,3012.7,3049.1,3010.3,3031.8,30.1270,30.4910,30.1030,30.3180,30.3180%,1369.902,Binance BTCDOM index raw value divided by 100 for percent-style display; not CMC/TradingView market-cap BTC.D.
1726704000000,2024-09-19 00:00:00,2024-09-19 09:00:00,3031.7,3041.6,2988.5,2995.4,30.3170,30.4160,29.8850,29.9540,29.9540%,1343.109,Binance BTCDOM index raw value divided by 100 for percent-style display; not CMC/TradingView market-cap BTC.D.
1726790400000,2024-09-20 00:00:00,2024-09-20 09:00:00,2995.2,3016.6,2926.8,2940.6,29.9520,30.1660,29.2680,29.4060,29.4060%,1422.766,Binance BTCDOM index raw value divided by 100 for percent-style display; not CMC/TradingView market-cap BTC.D.
1726876800000,2024-09-21 00:00:00,2024-09-21 09:00:00,2940.5,2952.5,2881.3,2883.7,29.4050,29.5250,28.8130,28.8370,28.8370%,798.506,Binance BTCDOM index raw value divided by 100 for percent-style display; not CMC/TradingView market-cap BTC.D.
1726963200000,2024-09-22 00:00:00,2024-09-22 09:00:00,2884.0,2945.0,2875.2,2935.2,28.8400,29.4500,28.7520,29.3520,29.3520%,1007.842,Binance BTCDOM index raw value divided by 100 for percent-style display; not CMC/TradingView market-cap BTC.D.
1727049600000,2024-09-23 00:00:00,2024-09-23 09:00:00,2935.2,2938.7,2846.0,2866.4,29.3520,29.3870,28.4600,28.6640,28.6640%,1125.343,Binance BTCDOM index raw value divided by 100 for percent-style display; not CMC/TradingView market-cap BTC.D.
1727136000000,2024-09-24 00:00:00,2024-09-24 09:00:00,2866.9,2891.6,2861.4,2872.8,28.6690,28.9160,28.6140,28.7280,28.7280%,599.739,Binance BTCDOM index raw value divided by 100 for percent-style display; not CMC/TradingView market-cap BTC.D.
1727222400000,2024-09-25 00:00:00,2024-09-25 09:00:00,2872.4,2907.0,2870.1,2896.4,28.7240,29.0700,28.7010,28.9640,28.9640%,452.278,Binance BTCDOM index raw value divided by 100 for percent-style display; not CMC/TradingView market-cap BTC.D.
1727308800000,2024-09-26 00:00:00,2024-09-26 09:00:00,2896.5,2911.0,2868.4,2909.5,28.9650,29.1100,28.6840,29.0950,29.0950%,558.465,Binance BTCDOM index raw value divided by 100 for percent-style display; not CMC/TradingView market-cap BTC.D.
1727395200000,2024-09-27 00:00:00,2024-09-27 09:00:00,2909.5,2914.1,2872.5,2882.3,29.0950,29.1410,28.7250,28.8230,28.8230%,542.907,Binance BTCDOM index raw value divided by 100 for percent-style display; not CMC/TradingView market-cap BTC.D.
1727481600000,2024-09-28 00:00:00,2024-09-28 09:00:00,2882.1,2915.0,2874.0,2894.4,28.8210,29.1500,28.7400,28.9440,28.9440%,414.383,Binance BTCDOM index raw value divided by 100 for percent-style display; not CMC/TradingView market-cap BTC.D.
1727568000000,2024-09-29 00:00:00,2024-09-29 09:00:00,2895.2,2921.0,2882.6,2893.1,28.9520,29.2100,28.8260,28.9310,28.9310%,609.704,Binance BTCDOM index raw value divided by 100 for percent-style display; not CMC/TradingView market-cap BTC.D.
1727654400000,2024-09-30 00:00:00,2024-09-30 09:00:00,2893.1,2908.6,2852.2,2886.9,28.9310,29.0860,28.5220,28.8690,28.8690%,851.657,Binance BTCDOM index raw value divided by 100 for percent-style display; not CMC/TradingView market-cap BTC.D.
1727740800000,2024-10-01 00:00:00,2024-10-01 09:00:00,2886.9,2974.0,2851.0,2924.2,28.8690,29.7400,28.5100,29.2420,29.2420%,2132.531,Binance BTCDOM index raw value divided by 100 for percent-style display; not CMC/TradingView market-cap BTC.D.
1727827200000,2024-10-02 00:00:00,2024-10-02 09:00:00,2924.5,3020.0,2912.8,3010.2,29.2450,30.2000,29.1280,30.1020,30.1020%,2331.703,Binance BTCDOM index raw value divided by 100 for percent-style display; not CMC/TradingView market-cap BTC.D.
1727913600000,2024-10-03 00:00:00,2024-10-03 09:00:00,3010.3,3060.7,3000.0,3034.4,30.1030,30.6070,30.0000,30.3440,30.3440%,2540.604,Binance BTCDOM index raw value divided by 100 for percent-style display; not CMC/TradingView market-cap BTC.D.
1728000000000,2024-10-04 00:00:00,2024-10-04 09:00:00,3034.4,3039.3,2998.0,3017.2,30.3440,30.3930,29.9800,30.1720,30.1720%,911.032,Binance BTCDOM index raw value divided by 100 for percent-style display; not CMC/TradingView market-cap BTC.D.
1728086400000,2024-10-05 00:00:00,2024-10-05 09:00:00,3016.9,3031.3,3005.9,3017.8,30.1690,30.3130,30.0590,30.1780,30.1780%,469.470,Binance BTCDOM index raw value divided by 100 for percent-style display; not CMC/TradingView market-cap BTC.D.
1728172800000,2024-10-06 00:00:00,2024-10-06 09:00:00,3017.6,3023.3,3002.1,3013.0,30.1760,30.2330,30.0210,30.1300,30.1300%,485.708,Binance BTCDOM index raw value divided by 100 for percent-style display; not CMC/TradingView market-cap BTC.D.
1728259200000,2024-10-07 00:00:00,2024-10-07 09:00:00,3013.1,3035.9,2985.0,3014.9,30.1310,30.3590,29.8500,30.1490,30.1490%,1202.955,Binance BTCDOM index raw value divided by 100 for percent-style display; not CMC/TradingView market-cap BTC.D.
1728345600000,2024-10-08 00:00:00,2024-10-08 09:00:00,3014.4,3031.5,2988.3,2992.6,30.1440,30.3150,29.8830,29.9260,29.9260%,869.351,Binance BTCDOM index raw value divided by 100 for percent-style display; not CMC/TradingView market-cap BTC.D.
1728432000000,2024-10-09 00:00:00,2024-10-09 09:00:00,2992.5,3001.8,2965.6,2988.8,29.9250,30.0180,29.6560,29.8880,29.8880%,1062.416,Binance BTCDOM index raw value divided by 100 for percent-style display; not CMC/TradingView market-cap BTC.D.
1728518400000,2024-10-10 00:00:00,2024-10-10 09:00:00,2988.8,3002.3,2959.0,2969.4,29.8880,30.0230,29.5900,29.6940,29.6940%,1090.603,Binance BTCDOM index raw value divided by 100 for percent-style display; not CMC/TradingView market-cap BTC.D.
1728604800000,2024-10-11 00:00:00,2024-10-11 09:00:00,2969.3,3008.1,2949.9,2994.3,29.6930,30.0810,29.4990,29.9430,29.9430%,677.859,Binance BTCDOM index raw value divided by 100 for percent-style display; not CMC/TradingView market-cap BTC.D.
1728691200000,2024-10-12 00:00:00,2024-10-12 09:00:00,2994.4,3003.1,2981.4,2991.6,29.9440,30.0310,29.8140,29.9160,29.9160%,332.656,Binance BTCDOM index raw value divided by 100 for percent-style display; not CMC/TradingView market-cap BTC.D.
1728777600000,2024-10-13 00:00:00,2024-10-13 09:00:00,2991.0,3003.7,2978.1,2989.5,29.9100,30.0370,29.7810,29.8950,29.8950%,418.227,Binance BTCDOM index raw value divided by 100 for percent-style display; not CMC/TradingView market-cap BTC.D.
1728864000000,2024-10-14 00:00:00,2024-10-14 09:00:00,2989.5,3018.7,2974.8,2985.9,29.8950,30.1870,29.7480,29.8590,29.8590%,939.472,Binance BTCDOM index raw value divided by 100 for percent-style display; not CMC/TradingView market-cap BTC.D.
1728950400000,2024-10-15 00:00:00,2024-10-15 09:00:00,2985.8,3074.0,2967.8,3051.8,29.8580,30.7400,29.6780,30.5180,30.5180%,1735.598,Binance BTCDOM index raw value divided by 100 for percent-style display; not CMC/TradingView market-cap BTC.D.
1729036800000,2024-10-16 00:00:00,2024-10-16 09:00:00,3051.9,3088.3,3046.5,3069.6,30.5190,30.8830,30.4650,30.6960,30.6960%,966.175,Binance BTCDOM index raw value divided by 100 for percent-style display; not CMC/TradingView market-cap BTC.D.
1729123200000,2024-10-17 00:00:00,2024-10-17 09:00:00,3069.6,3093.6,3035.3,3081.9,30.6960,30.9360,30.3530,30.8190,30.8190%,943.381,Binance BTCDOM index raw value divided by 100 for percent-style display; not CMC/TradingView market-cap BTC.D.
1729209600000,2024-10-18 00:00:00,2024-10-18 09:00:00,3081.9,3087.0,3058.5,3077.2,30.8190,30.8700,30.5850,30.7720,30.7720%,661.489,Binance BTCDOM index raw value divided by 100 for percent-style display; not CMC/TradingView market-cap BTC.D.
1729296000000,2024-10-19 00:00:00,2024-10-19 09:00:00,3077.1,3078.5,3054.9,3060.0,30.7710,30.7850,30.5490,30.6000,30.6000%,345.211,Binance BTCDOM index raw value divided by 100 for percent-style display; not CMC/TradingView market-cap BTC.D.
1729382400000,2024-10-20 00:00:00,2024-10-20 09:00:00,3060.0,3073.9,3001.0,3003.4,30.6000,30.7390,30.0100,30.0340,30.0340%,900.557,Binance BTCDOM index raw value divided by 100 for percent-style display; not CMC/TradingView market-cap BTC.D.
1729468800000,2024-10-21 00:00:00,2024-10-21 09:00:00,3003.3,3008.0,2974.1,2993.9,30.0330,30.0800,29.7410,29.9390,29.9390%,1078.900,Binance BTCDOM index raw value divided by 100 for percent-style display; not CMC/TradingView market-cap BTC.D.
1729555200000,2024-10-22 00:00:00,2024-10-22 09:00:00,2993.8,3029.4,2984.6,3028.5,29.9380,30.2940,29.8460,30.2850,30.2850%,558.405,Binance BTCDOM index raw value divided by 100 for percent-style display; not CMC/TradingView market-cap BTC.D.
1729641600000,2024-10-23 00:00:00,2024-10-23 09:00:00,3028.4,3083.3,3022.9,3061.0,30.2840,30.8330,30.2290,30.6100,30.6100%,1275.921,Binance BTCDOM index raw value divided by 100 for percent-style display; not CMC/TradingView market-cap BTC.D.
1729728000000,2024-10-24 00:00:00,2024-10-24 09:00:00,3061.0,3102.2,3057.0,3095.3,30.6100,31.0220,30.5700,30.9530,30.9530%,1131.457,Binance BTCDOM index raw value divided by 100 for percent-style display; not CMC/TradingView market-cap BTC.D.
1729814400000,2024-10-25 00:00:00,2024-10-25 09:00:00,3095.2,3270.0,3090.6,3182.2,30.9520,32.7000,30.9060,31.8220,31.8220%,2982.128,Binance BTCDOM index raw value divided by 100 for percent-style display; not CMC/TradingView market-cap BTC.D.
1729900800000,2024-10-26 00:00:00,2024-10-26 09:00:00,3182.3,3200.0,3127.8,3139.4,31.8230,32.0000,31.2780,31.3940,31.3940%,1909.680,Binance BTCDOM index raw value divided by 100 for percent-style display; not CMC/TradingView market-cap BTC.D.
1729987200000,2024-10-27 00:00:00,2024-10-27 09:00:00,3139.4,3147.7,3129.6,3136.3,31.3940,31.4770,31.2960,31.3630,31.3630%,653.325,Binance BTCDOM index raw value divided by 100 for percent-style display; not CMC/TradingView market-cap BTC.D.
1730073600000,2024-10-28 00:00:00,2024-10-28 09:00:00,3136.7,3203.5,3132.4,3163.5,31.3670,32.0350,31.3240,31.6350,31.6350%,1559.408,Binance BTCDOM index raw value divided by 100 for percent-style display; not CMC/TradingView market-cap BTC.D.
1730160000000,2024-10-29 00:00:00,2024-10-29 09:00:00,3163.5,3223.0,3133.1,3201.3,31.6350,32.2300,31.3310,32.0130,32.0130%,1771.960,Binance BTCDOM index raw value divided by 100 for percent-style display; not CMC/TradingView market-cap BTC.D.
1730246400000,2024-10-30 00:00:00,2024-10-30 09:00:00,3201.7,3212.1,3148.9,3200.1,32.0170,32.1210,31.4890,32.0010,32.0010%,1395.148,Binance BTCDOM index raw value divided by 100 for percent-style display; not CMC/TradingView market-cap BTC.D.
1730332800000,2024-10-31 00:00:00,2024-10-31 09:00:00,3200.3,3270.0,3188.6,3254.4,32.0030,32.7000,31.8860,32.5440,32.5440%,2651.527,Binance BTCDOM index raw value divided by 100 for percent-style display; not CMC/TradingView market-cap BTC.D.
1730419200000,2024-11-01 00:00:00,2024-11-01 09:00:00,3254.5,3256.0,3215.5,3236.0,32.5450,32.5600,32.1550,32.3600,32.3600%,1879.769,Binance BTCDOM index raw value divided by 100 for percent-style display; not CMC/TradingView market-cap BTC.D.
1730505600000,2024-11-02 00:00:00,2024-11-02 09:00:00,3236.2,3278.5,3226.7,3248.7,32.3620,32.7850,32.2670,32.4870,32.4870%,1433.707,Binance BTCDOM index raw value divided by 100 for percent-style display; not CMC/TradingView market-cap BTC.D.
1730592000000,2024-11-03 00:00:00,2024-11-03 09:00:00,3248.6,3302.7,3243.0,3286.4,32.4860,33.0270,32.4300,32.8640,32.8640%,2790.673,Binance BTCDOM index raw value divided by 100 for percent-style display; not CMC/TradingView market-cap BTC.D.
1730678400000,2024-11-04 00:00:00,2024-11-04 09:00:00,3286.3,3316.9,3260.5,3299.9,32.8630,33.1690,32.6050,32.9990,32.9990%,1742.966,Binance BTCDOM index raw value divided by 100 for percent-style display; not CMC/TradingView market-cap BTC.D.
1730764800000,2024-11-05 00:00:00,2024-11-05 09:00:00,3300.0,3318.0,3281.3,3305.4,33.0000,33.1800,32.8130,33.0540,33.0540%,1502.091,Binance BTCDOM index raw value divided by 100 for percent-style display; not CMC/TradingView market-cap BTC.D.
1730851200000,2024-11-06 00:00:00,2024-11-06 09:00:00,3305.3,3320.5,3242.5,3259.2,33.0530,33.2050,32.4250,32.5920,32.5920%,3838.706,Binance BTCDOM index raw value divided by 100 for percent-style display; not CMC/TradingView market-cap BTC.D.
1730937600000,2024-11-07 00:00:00,2024-11-07 09:00:00,3258.5,3267.0,3120.4,3136.0,32.5850,32.6700,31.2040,31.3600,31.3600%,4485.417,Binance BTCDOM index raw value divided by 100 for percent-style display; not CMC/TradingView market-cap BTC.D.
1731024000000,2024-11-08 00:00:00,2024-11-08 09:00:00,3136.0,3149.1,3086.4,3100.6,31.3600,31.4910,30.8640,31.0060,31.0060%,2683.396,Binance BTCDOM index raw value divided by 100 for percent-style display; not CMC/TradingView market-cap BTC.D.
1731110400000,2024-11-09 00:00:00,2024-11-09 09:00:00,3100.6,3108.0,2967.8,2977.2,31.0060,31.0800,29.6780,29.7720,29.7720%,3250.929,Binance BTCDOM index raw value divided by 100 for percent-style display; not CMC/TradingView market-cap BTC.D.
1731196800000,2024-11-10 00:00:00,2024-11-10 09:00:00,2977.2,3064.1,2956.7,3015.9,29.7720,30.6410,29.5670,30.1590,30.1590%,6239.209,Binance BTCDOM index raw value divided by 100 for percent-style display; not CMC/TradingView market-cap BTC.D.
1731283200000,2024-11-11 00:00:00,2024-11-11 09:00:00,3016.0,3194.8,2994.5,3131.9,30.1600,31.9480,29.9450,31.3190,31.3190%,6190.306,Binance BTCDOM index raw value divided by 100 for percent-style display; not CMC/TradingView market-cap BTC.D.
1731369600000,2024-11-12 00:00:00,2024-11-12 09:00:00,3132.2,3223.9,3070.0,3195.7,31.3220,32.2390,30.7000,31.9570,31.9570%,6701.606,Binance BTCDOM index raw value divided by 100 for percent-style display; not CMC/TradingView market-cap BTC.D.
1731456000000,2024-11-13 00:00:00,2024-11-13 09:00:00,3195.2,3362.5,3184.1,3319.2,31.9520,33.6250,31.8410,33.1920,33.1920%,5723.156,Binance BTCDOM index raw value divided by 100 for percent-style display; not CMC/TradingView market-cap BTC.D.
1731542400000,2024-11-14 00:00:00,2024-11-14 09:00:00,3319.2,3349.1,3230.8,3291.3,33.1920,33.4910,32.3080,32.9130,32.9130%,3873.214,Binance BTCDOM index raw value divided by 100 for percent-style display; not CMC/TradingView market-cap BTC.D.
1731628800000,2024-11-15 00:00:00,2024-11-15 09:00:00,3291.3,3372.0,3280.2,3327.8,32.9130,33.7200,32.8020,33.2780,33.2780%,3451.144,Binance BTCDOM index raw value divided by 100 for percent-style display; not CMC/TradingView market-cap BTC.D.
1731715200000,2024-11-16 00:00:00,2024-11-16 09:00:00,3327.9,3344.4,3212.6,3243.4,33.2790,33.4440,32.1260,32.4340,32.4340%,3465.438,Binance BTCDOM index raw value divided by 100 for percent-style display; not CMC/TradingView market-cap BTC.D.
1731801600000,2024-11-17 00:00:00,2024-11-17 09:00:00,3244.4,3317.3,3189.6,3237.8,32.4440,33.1730,31.8960,32.3780,32.3780%,3004.386,Binance BTCDOM index raw value divided by 100 for percent-style display; not CMC/TradingView market-cap BTC.D.
1731888000000,2024-11-18 00:00:00,2024-11-18 09:00:00,3237.8,3252.9,3150.0,3159.2,32.3780,32.5290,31.5000,31.5920,31.5920%,2586.563,Binance BTCDOM index raw value divided by 100 for percent-style display; not CMC/TradingView market-cap BTC.D.
1731974400000,2024-11-19 00:00:00,2024-11-19 09:00:00,3159.3,3302.2,3150.7,3270.1,31.5930,33.0220,31.5070,32.7010,32.7010%,2314.648,Binance BTCDOM index raw value divided by 100 for percent-style display; not CMC/TradingView market-cap BTC.D.
1732060800000,2024-11-20 00:00:00,2024-11-20 09:00:00,3270.1,3413.1,3261.0,3384.1,32.7010,34.1310,32.6100,33.8410,33.8410%,4779.054,Binance BTCDOM index raw value divided by 100 for percent-style display; not CMC/TradingView market-cap BTC.D.
1732147200000,2024-11-21 00:00:00,2024-11-21 09:00:00,3383.9,3468.0,3265.2,3283.9,33.8390,34.6800,32.6520,32.8390,32.8390%,7877.794,Binance BTCDOM index raw value divided by 100 for percent-style display; not CMC/TradingView market-cap BTC.D.
1732233600000,2024-11-22 00:00:00,2024-11-22 09:00:00,3283.7,3302.5,3201.6,3207.6,32.8370,33.0250,32.0160,32.0760,32.0760%,4636.155,Binance BTCDOM index raw value divided by 100 for percent-style display; not CMC/TradingView market-cap BTC.D.
1732320000000,2024-11-23 00:00:00,2024-11-23 09:00:00,3207.5,3208.5,3014.2,3085.4,32.0750,32.0850,30.1420,30.8540,30.8540%,7625.566,Binance BTCDOM index raw value divided by 100 for percent-style display; not CMC/TradingView market-cap BTC.D.
1732406400000,2024-11-24 00:00:00,2024-11-24 09:00:00,3085.0,3200.4,3050.0,3114.7,30.8500,32.0040,30.5000,31.1470,31.1470%,6132.149,Binance BTCDOM index raw value divided by 100 for percent-style display; not CMC/TradingView market-cap BTC.D.
1732492800000,2024-11-25 00:00:00,2024-11-25 09:00:00,3114.5,3166.5,3006.1,3024.1,31.1450,31.6650,30.0610,30.2410,30.2410%,6077.541,Binance BTCDOM index raw value divided by 100 for percent-style display; not CMC/TradingView market-cap BTC.D.
1732579200000,2024-11-26 00:00:00,2024-11-26 09:00:00,3024.0,3149.8,3014.4,3056.0,30.2400,31.4980,30.1440,30.5600,30.5600%,5038.922,Binance BTCDOM index raw value divided by 100 for percent-style display; not CMC/TradingView market-cap BTC.D.
1732665600000,2024-11-27 00:00:00,2024-11-27 09:00:00,3056.1,3086.7,2957.7,2967.1,30.5610,30.8670,29.5770,29.6710,29.6710%,3417.222,Binance BTCDOM index raw value divided by 100 for percent-style display; not CMC/TradingView market-cap BTC.D.
1732752000000,2024-11-28 00:00:00,2024-11-28 09:00:00,2967.4,3027.0,2956.0,2980.0,29.6740,30.2700,29.5600,29.8000,29.8000%,2481.266,Binance BTCDOM index raw value divided by 100 for percent-style display; not CMC/TradingView market-cap BTC.D.
1732838400000,2024-11-29 00:00:00,2024-11-29 09:00:00,2980.0,3005.3,2950.8,2958.8,29.8000,30.0530,29.5080,29.5880,29.5880%,2033.676,Binance BTCDOM index raw value divided by 100 for percent-style display; not CMC/TradingView market-cap BTC.D.
1732924800000,2024-11-30 00:00:00,2024-11-30 09:00:00,2958.9,2973.2,2855.8,2873.6,29.5890,29.7320,28.5580,28.7360,28.7360%,4334.489,Binance BTCDOM index raw value divided by 100 for percent-style display; not CMC/TradingView market-cap BTC.D.
1733011200000,2024-12-01 00:00:00,2024-12-01 09:00:00,2873.4,2910.0,2842.6,2847.8,28.7340,29.1000,28.4260,28.4780,28.4780%,4303.367,Binance BTCDOM index raw value divided by 100 for percent-style display; not CMC/TradingView market-cap BTC.D.
1733097600000,2024-12-02 00:00:00,2024-12-02 09:00:00,2847.9,2907.8,2800.9,2803.9,28.4790,29.0780,28.0090,28.0390,28.0390%,5242.195,Binance BTCDOM index raw value divided by 100 for percent-style display; not CMC/TradingView market-cap BTC.D.
1733184000000,2024-12-03 00:00:00,2024-12-03 09:00:00,2803.8,2874.6,2742.1,2754.5,28.0380,28.7460,27.4210,27.5450,27.5450%,7536.427,Binance BTCDOM index raw value divided by 100 for percent-style display; not CMC/TradingView market-cap BTC.D.
1733270400000,2024-12-04 00:00:00,2024-12-04 09:00:00,2754.5,2797.1,2651.6,2761.3,27.5450,27.9710,26.5160,27.6130,27.6130%,8273.463,Binance BTCDOM index raw value divided by 100 for percent-style display; not CMC/TradingView market-cap BTC.D.
1733356800000,2024-12-05 00:00:00,2024-12-05 09:00:00,2761.4,2916.0,2685.0,2754.1,27.6140,29.1600,26.8500,27.5410,27.5410%,9079.029,Binance BTCDOM index raw value divided by 100 for percent-style display; not CMC/TradingView market-cap BTC.D.
1733443200000,2024-12-06 00:00:00,2024-12-06 09:00:00,2754.2,2778.9,2695.0,2713.1,27.5420,27.7890,26.9500,27.1310,27.1310%,4348.720,Binance BTCDOM index raw value divided by 100 for percent-style display; not CMC/TradingView market-cap BTC.D.
1733529600000,2024-12-07 00:00:00,2024-12-07 09:00:00,2712.9,2728.8,2670.0,2677.9,27.1290,27.2880,26.7000,26.7790,26.7790%,3119.699,Binance BTCDOM index raw value divided by 100 for percent-style display; not CMC/TradingView market-cap BTC.D.
1733616000000,2024-12-08 00:00:00,2024-12-08 09:00:00,2677.9,2720.8,2670.0,2707.7,26.7790,27.2080,26.7000,27.0770,27.0770%,3971.525,Binance BTCDOM index raw value divided by 100 for percent-style display; not CMC/TradingView market-cap BTC.D.
1733702400000,2024-12-09 00:00:00,2024-12-09 09:00:00,2707.7,3024.0,2701.5,2909.2,27.0770,30.2400,27.0150,29.0920,29.0920%,11593.302,Binance BTCDOM index raw value divided by 100 for percent-style display; not CMC/TradingView market-cap BTC.D.
1733788800000,2024-12-10 00:00:00,2024-12-10 09:00:00,2909.3,3050.0,2872.6,2916.4,29.0930,30.5000,28.7260,29.1640,29.1640%,11225.864,Binance BTCDOM index raw value divided by 100 for percent-style display; not CMC/TradingView market-cap BTC.D.
1733875200000,2024-12-11 00:00:00,2024-12-11 09:00:00,2915.5,2969.9,2870.0,2889.3,29.1550,29.6990,28.7000,28.8930,28.8930%,4241.505,Binance BTCDOM index raw value divided by 100 for percent-style display; not CMC/TradingView market-cap BTC.D.
1733961600000,2024-12-12 00:00:00,2024-12-12 09:00:00,2889.3,2894.6,2787.4,2837.1,28.8930,28.9460,27.8740,28.3710,28.3710%,5674.729,Binance BTCDOM index raw value divided by 100 for percent-style display; not CMC/TradingView market-cap BTC.D.
1734048000000,2024-12-13 00:00:00,2024-12-13 09:00:00,2837.0,2872.1,2796.6,2849.8,28.3700,28.7210,27.9660,28.4980,28.4980%,3638.988,Binance BTCDOM index raw value divided by 100 for percent-style display; not CMC/TradingView market-cap BTC.D.
1734134400000,2024-12-14 00:00:00,2024-12-14 09:00:00,2849.7,2923.7,2832.1,2901.2,28.4970,29.2370,28.3210,29.0120,29.0120%,3056.441,Binance BTCDOM index raw value divided by 100 for percent-style display; not CMC/TradingView market-cap BTC.D.
1734220800000,2024-12-15 00:00:00,2024-12-15 09:00:00,2901.3,2961.9,2895.3,2922.4,29.0130,29.6190,28.9530,29.2240,29.2240%,2989.193,Binance BTCDOM index raw value divided by 100 for percent-style display; not CMC/TradingView market-cap BTC.D.
1734307200000,2024-12-16 00:00:00,2024-12-16 09:00:00,2922.5,3021.1,2912.1,2978.2,29.2250,30.2110,29.1210,29.7820,29.7820%,4973.112,Binance BTCDOM index raw value divided by 100 for percent-style display; not CMC/TradingView market-cap BTC.D.
1734393600000,2024-12-17 00:00:00,2024-12-17 09:00:00,2978.4,3028.9,2942.4,3013.2,29.7840,30.2890,29.4240,30.1320,30.1320%,3924.754,Binance BTCDOM index raw value divided by 100 for percent-style display; not CMC/TradingView market-cap BTC.D.
1734480000000,2024-12-18 00:00:00,2024-12-18 09:00:00,3013.5,3114.0,2982.4,3072.4,30.1350,31.1400,29.8240,30.7240,30.7240%,6410.568,Binance BTCDOM index raw value divided by 100 for percent-style display; not CMC/TradingView market-cap BTC.D.
1734566400000,2024-12-19 00:00:00,2024-12-19 09:00:00,3072.6,3217.0,3055.4,3177.6,30.7260,32.1700,30.5540,31.7760,31.7760%,7435.093,Binance BTCDOM index raw value divided by 100 for percent-style display; not CMC/TradingView market-cap BTC.D.
1734652800000,2024-12-20 00:00:00,2024-12-20 09:00:00,3177.2,3386.1,3105.0,3132.0,31.7720,33.8610,31.0500,31.3200,31.3200%,10360.076,Binance BTCDOM index raw value divided by 100 for percent-style display; not CMC/TradingView market-cap BTC.D.
1734739200000,2024-12-21 00:00:00,2024-12-21 09:00:00,3132.1,3251.3,3067.0,3232.7,31.3210,32.5130,30.6700,32.3270,32.3270%,5070.537,Binance BTCDOM index raw value divided by 100 for percent-style display; not CMC/TradingView market-cap BTC.D.
1734825600000,2024-12-22 00:00:00,2024-12-22 09:00:00,3232.3,3251.4,3162.9,3210.7,32.3230,32.5140,31.6290,32.1070,32.1070%,3614.721,Binance BTCDOM index raw value divided by 100 for percent-style display; not CMC/TradingView market-cap BTC.D.
1734912000000,2024-12-23 00:00:00,2024-12-23 09:00:00,3211.0,3236.9,3007.1,3061.2,32.1100,32.3690,30.0710,30.6120,30.6120%,4907.994,Binance BTCDOM index raw value divided by 100 for percent-style display; not CMC/TradingView market-cap BTC.D.
1734998400000,2024-12-24 00:00:00,2024-12-24 09:00:00,3060.6,3125.3,3040.8,3104.6,30.6060,31.2530,30.4080,31.0460,31.0460%,3648.809,Binance BTCDOM index raw value divided by 100 for percent-style display; not CMC/TradingView market-cap BTC.D.
1735084800000,2024-12-25 00:00:00,2024-12-25 09:00:00,3105.0,3149.9,3084.1,3139.7,31.0500,31.4990,30.8410,31.3970,31.3970%,1774.007,Binance BTCDOM index raw value divided by 100 for percent-style display; not CMC/TradingView market-cap BTC.D.
1735171200000,2024-12-26 00:00:00,2024-12-26 09:00:00,3139.8,3199.8,3132.5,3180.1,31.3980,31.9980,31.3250,31.8010,31.8010%,2973.829,Binance BTCDOM index raw value divided by 100 for percent-style display; not CMC/TradingView market-cap BTC.D.
1735257600000,2024-12-27 00:00:00,2024-12-27 09:00:00,3179.5,3189.6,3110.1,3143.9,31.7950,31.8960,31.1010,31.4390,31.4390%,2941.035,Binance BTCDOM index raw value divided by 100 for percent-style display; not CMC/TradingView market-cap BTC.D.
1735344000000,2024-12-28 00:00:00,2024-12-28 09:00:00,3143.9,3153.1,3075.6,3092.3,31.4390,31.5310,30.7560,30.9230,30.9230%,1470.695,Binance BTCDOM index raw value divided by 100 for percent-style display; not CMC/TradingView market-cap BTC.D.
1735430400000,2024-12-29 00:00:00,2024-12-29 09:00:00,3092.0,3126.1,3082.5,3118.5,30.9200,31.2610,30.8250,31.1850,31.1850%,1437.842,Binance BTCDOM index raw value divided by 100 for percent-style display; not CMC/TradingView market-cap BTC.D.
1735516800000,2024-12-30 00:00:00,2024-12-30 09:00:00,3118.6,3139.5,3057.2,3092.1,31.1860,31.3950,30.5720,30.9210,30.9210%,2837.308,Binance BTCDOM index raw value divided by 100 for percent-style display; not CMC/TradingView market-cap BTC.D.
1735603200000,2024-12-31 00:00:00,2024-12-31 09:00:00,3092.0,3133.7,3088.2,3130.7,30.9200,31.3370,30.8820,31.3070,31.3070%,2110.921,Binance BTCDOM index raw value divided by 100 for percent-style display; not CMC/TradingView market-cap BTC.D.
1735689600000,2025-01-01 00:00:00,2025-01-01 09:00:00,3130.7,3135.5,3065.0,3065.5,31.3070,31.3550,30.6500,30.6550,30.6550%,1502.152,Binance BTCDOM index raw value divided by 100 for percent-style display; not CMC/TradingView market-cap BTC.D.
1735776000000,2025-01-02 00:00:00,2025-01-02 09:00:00,3065.3,3072.5,3020.6,3049.2,30.6530,30.7250,30.2060,30.4920,30.4920%,1853.834,Binance BTCDOM index raw value divided by 100 for percent-style display; not CMC/TradingView market-cap BTC.D.
1735862400000,2025-01-03 00:00:00,2025-01-03 09:00:00,3049.3,3053.4,2905.0,2950.1,30.4930,30.5340,29.0500,29.5010,29.5010%,2224.293,Binance BTCDOM index raw value divided by 100 for percent-style display; not CMC/TradingView market-cap BTC.D.
1735948800000,2025-01-04 00:00:00,2025-01-04 09:00:00,2950.0,2970.0,2901.0,2937.7,29.5000,29.7000,29.0100,29.3770,29.3770%,2318.196,Binance BTCDOM index raw value divided by 100 for percent-style display; not CMC/TradingView market-cap BTC.D.
1736035200000,2025-01-05 00:00:00,2025-01-05 09:00:00,2937.5,2975.0,2930.0,2960.5,29.3750,29.7500,29.3000,29.6050,29.6050%,1454.547,Binance BTCDOM index raw value divided by 100 for percent-style display; not CMC/TradingView market-cap BTC.D.
1736121600000,2025-01-06 00:00:00,2025-01-06 09:00:00,2960.6,3037.6,2946.9,3031.9,29.6060,30.3760,29.4690,30.3190,30.3190%,2790.400,Binance BTCDOM index raw value divided by 100 for percent-style display; not CMC/TradingView market-cap BTC.D.
1736208000000,2025-01-07 00:00:00,2025-01-07 09:00:00,3032.1,3116.3,3010.5,3114.3,30.3210,31.1630,30.1050,31.1430,31.1430%,5080.940,Binance BTCDOM index raw value divided by 100 for percent-style display; not CMC/TradingView market-cap BTC.D.
1736294400000,2025-01-08 00:00:00,2025-01-08 09:00:00,3114.8,3145.3,3068.9,3083.7,31.1480,31.4530,30.6890,30.8370,30.8370%,6955.396,Binance BTCDOM index raw value divided by 100 for percent-style display; not CMC/TradingView market-cap BTC.D.
1736380800000,2025-01-09 00:00:00,2025-01-09 09:00:00,3083.3,3129.3,3052.1,3118.0,30.8330,31.2930,30.5210,31.1800,31.1800%,3059.157,Binance BTCDOM index raw value divided by 100 for percent-style display; not CMC/TradingView market-cap BTC.D.
1736467200000,2025-01-10 00:00:00,2025-01-10 09:00:00,3116.9,3130.9,3093.0,3119.7,31.1690,31.3090,30.9300,31.1970,31.1970%,2454.669,Binance BTCDOM index raw value divided by 100 for percent-style display; not CMC/TradingView market-cap BTC.D.
1736553600000,2025-01-11 00:00:00,2025-01-11 09:00:00,3119.4,3136.4,3036.4,3061.1,31.1940,31.3640,30.3640,30.6110,30.6110%,1982.282,Binance BTCDOM index raw value divided by 100 for percent-style display; not CMC/TradingView market-cap BTC.D.
1736640000000,2025-01-12 00:00:00,2025-01-12 09:00:00,3061.1,3100.0,3056.2,3090.4,30.6110,31.0000,30.5620,30.9040,30.9040%,1785.796,Binance BTCDOM index raw value divided by 100 for percent-style display; not CMC/TradingView market-cap BTC.D.
1736726400000,2025-01-13 00:00:00,2025-01-13 09:00:00,3090.9,3220.5,3071.0,3169.1,30.9090,32.2050,30.7100,31.6910,31.6910%,7236.042,Binance BTCDOM index raw value divided by 100 for percent-style display; not CMC/TradingView market-cap BTC.D.
1736812800000,2025-01-14 00:00:00,2025-01-14 09:00:00,3169.6,3184.5,3130.0,3139.0,31.6960,31.8450,31.3000,31.3900,31.3900%,2270.680,Binance BTCDOM index raw value divided by 100 for percent-style display; not CMC/TradingView market-cap BTC.D.
1736899200000,2025-01-15 00:00:00,2025-01-15 09:00:00,3139.1,3167.0,3005.0,3023.0,31.3910,31.6700,30.0500,30.2300,30.2300%,3922.688,Binance BTCDOM index raw value divided by 100 for percent-style display; not CMC/TradingView market-cap BTC.D.
1736985600000,2025-01-16 00:00:00,2025-01-16 09:00:00,3022.7,3079.2,2961.1,3038.4,30.2270,30.7920,29.6110,30.3840,30.3840%,4914.256,Binance BTCDOM index raw value divided by 100 for percent-style display; not CMC/TradingView market-cap BTC.D.
1737072000000,2025-01-17 00:00:00,2025-01-17 09:00:00,3038.3,3122.0,2997.4,3037.6,30.3830,31.2200,29.9740,30.3760,30.3760%,3703.263,Binance BTCDOM index raw value divided by 100 for percent-style display; not CMC/TradingView market-cap BTC.D.
1737158400000,2025-01-18 00:00:00,2025-01-18 09:00:00,3036.8,3160.3,3033.8,3106.3,30.3680,31.6030,30.3380,31.0630,31.0630%,4873.250,Binance BTCDOM index raw value divided by 100 for percent-style display; not CMC/TradingView market-cap BTC.D.
1737244800000,2025-01-19 00:00:00,2025-01-19 09:00:00,3106.2,3261.7,3068.4,3179.0,31.0620,32.6170,30.6840,31.7900,31.7900%,9589.431,Binance BTCDOM index raw value divided by 100 for percent-style display; not CMC/TradingView market-cap BTC.D.
1737331200000,2025-01-20 00:00:00,2025-01-20 09:00:00,3178.4,3241.0,3132.5,3160.2,31.7840,32.4100,31.3250,31.6020,31.6020%,8312.693,Binance BTCDOM index raw value divided by 100 for percent-style display; not CMC/TradingView market-cap BTC.D.
1737417600000,2025-01-21 00:00:00,2025-01-21 09:00:00,3159.9,3231.0,3155.1,3212.8,31.5990,32.3100,31.5510,32.1280,32.1280%,3482.533,Binance BTCDOM index raw value divided by 100 for percent-style display; not CMC/TradingView market-cap BTC.D.
1737504000000,2025-01-22 00:00:00,2025-01-22 09:00:00,3213.0,3215.9,3154.2,3183.0,32.1300,32.1590,31.5420,31.8300,31.8300%,2485.852,Binance BTCDOM index raw value divided by 100 for percent-style display; not CMC/TradingView market-cap BTC.D.
1737590400000,2025-01-23 00:00:00,2025-01-23 09:00:00,3183.0,3287.7,3162.3,3177.6,31.8300,32.8770,31.6230,31.7760,31.7760%,5490.096,Binance BTCDOM index raw value divided by 100 for percent-style display; not CMC/TradingView market-cap BTC.D.
1737676800000,2025-01-24 00:00:00,2025-01-24 09:00:00,3177.1,3232.5,3148.2,3230.7,31.7710,32.3250,31.4820,32.3070,32.3070%,3615.584,Binance BTCDOM index raw value divided by 100 for percent-style display; not CMC/TradingView market-cap BTC.D.
1737763200000,2025-01-25 00:00:00,2025-01-25 09:00:00,3230.7,3246.1,3195.9,3215.0,32.3070,32.4610,31.9590,32.1500,32.1500%,2426.259,Binance BTCDOM index raw value divided by 100 for percent-style display; not CMC/TradingView market-cap BTC.D.
1737849600000,2025-01-26 00:00:00,2025-01-26 09:00:00,3214.2,3258.3,3190.1,3249.5,32.1420,32.5830,31.9010,32.4950,32.4950%,2093.970,Binance BTCDOM index raw value divided by 100 for percent-style display; not CMC/TradingView market-cap BTC.D.
1737936000000,2025-01-27 00:00:00,2025-01-27 09:00:00,3250.0,3358.2,3238.0,3261.2,32.5000,33.5820,32.3800,32.6120,32.6120%,8086.345,Binance BTCDOM index raw value divided by 100 for percent-style display; not CMC/TradingView market-cap BTC.D.
1738022400000,2025-01-28 00:00:00,2025-01-28 09:00:00,3260.8,3338.6,3241.0,3329.8,32.6080,33.3860,32.4100,33.2980,33.2980%,3570.402,Binance BTCDOM index raw value divided by 100 for percent-style display; not CMC/TradingView market-cap BTC.D.
1738108800000,2025-01-29 00:00:00,2025-01-29 09:00:00,3330.1,3378.8,3289.7,3370.8,33.3010,33.7880,32.8970,33.7080,33.7080%,3367.552,Binance BTCDOM index raw value divided by 100 for percent-style display; not CMC/TradingView market-cap BTC.D.
1738195200000,2025-01-30 00:00:00,2025-01-30 09:00:00,3370.7,3378.7,3278.0,3287.0,33.7070,33.7870,32.7800,32.8700,32.8700%,2328.865,Binance BTCDOM index raw value divided by 100 for percent-style display; not CMC/TradingView market-cap BTC.D.
1738281600000,2025-01-31 00:00:00,2025-01-31 09:00:00,3286.9,3310.9,3205.3,3231.8,32.8690,33.1090,32.0530,32.3180,32.3180%,2600.181,Binance BTCDOM index raw value divided by 100 for percent-style display; not CMC/TradingView market-cap BTC.D.
1738368000000,2025-02-01 00:00:00,2025-02-01 09:00:00,3231.7,3375.7,3212.2,3364.2,32.3170,33.7570,32.1220,33.6420,33.6420%,3041.495,Binance BTCDOM index raw value divided by 100 for percent-style display; not CMC/TradingView market-cap BTC.D.
1738454400000,2025-02-02 00:00:00,2025-02-02 09:00:00,3364.2,3750.0,3327.3,3573.8,33.6420,37.5000,33.2730,35.7380,35.7380%,13209.701,Binance BTCDOM index raw value divided by 100 for percent-style display; not CMC/TradingView market-cap BTC.D.
1738540800000,2025-02-03 00:00:00,2025-02-03 09:00:00,3573.7,4689.9,3570.6,3622.6,35.7370,46.8990,35.7060,36.2260,36.2260%,27672.611,Binance BTCDOM index raw value divided by 100 for percent-style display; not CMC/TradingView market-cap BTC.D.
1738627200000,2025-02-04 00:00:00,2025-02-04 09:00:00,3622.5,3816.8,3608.7,3714.1,36.2250,38.1680,36.0870,37.1410,37.1410%,8797.625,Binance BTCDOM index raw value divided by 100 for percent-style display; not CMC/TradingView market-cap BTC.D.
1738713600000,2025-02-05 00:00:00,2025-02-05 09:00:00,3713.7,3783.3,3656.9,3722.3,37.1370,37.8330,36.5690,37.2230,37.2230%,4027.354,Binance BTCDOM index raw value divided by 100 for percent-style display; not CMC/TradingView market-cap BTC.D.
1738800000000,2025-02-06 00:00:00,2025-02-06 09:00:00,3722.7,3859.6,3679.5,3826.7,37.2270,38.5960,36.7950,38.2670,38.2670%,5070.540,Binance BTCDOM index raw value divided by 100 for percent-style display; not CMC/TradingView market-cap BTC.D.
1738886400000,2025-02-07 00:00:00,2025-02-07 09:00:00,3827.5,3891.7,3742.3,3834.7,38.2750,38.9170,37.4230,38.3470,38.3470%,4131.598,Binance BTCDOM index raw value divided by 100 for percent-style display; not CMC/TradingView market-cap BTC.D.
1738972800000,2025-02-08 00:00:00,2025-02-08 09:00:00,3834.7,3860.0,3762.4,3779.7,38.3470,38.6000,37.6240,37.7970,37.7970%,2621.522,Binance BTCDOM index raw value divided by 100 for percent-style display; not CMC/TradingView market-cap BTC.D.
1739059200000,2025-02-09 00:00:00,2025-02-09 09:00:00,3779.9,3865.0,3714.5,3787.0,37.7990,38.6500,37.1450,37.8700,37.8700%,2849.025,Binance BTCDOM index raw value divided by 100 for percent-style display; not CMC/TradingView market-cap BTC.D.
1739145600000,2025-02-10 00:00:00,2025-02-10 09:00:00,3787.3,3844.9,3739.0,3763.9,37.8730,38.4490,37.3900,37.6390,37.6390%,2505.505,Binance BTCDOM index raw value divided by 100 for percent-style display; not CMC/TradingView market-cap BTC.D.
1739232000000,2025-02-11 00:00:00,2025-02-11 09:00:00,3764.4,3772.5,3658.2,3726.2,37.6440,37.7250,36.5820,37.2620,37.2620%,2675.152,Binance BTCDOM index raw value divided by 100 for percent-style display; not CMC/TradingView market-cap BTC.D.
1739318400000,2025-02-12 00:00:00,2025-02-12 09:00:00,3726.1,3778.3,3615.5,3662.0,37.2610,37.7830,36.1550,36.6200,36.6200%,3298.457,Binance BTCDOM index raw value divided by 100 for percent-style display; not CMC/TradingView market-cap BTC.D.
1739404800000,2025-02-13 00:00:00,2025-02-13 09:00:00,3661.8,3713.1,3627.5,3669.5,36.6180,37.1310,36.2750,36.6950,36.6950%,1741.743,Binance BTCDOM index raw value divided by 100 for percent-style display; not CMC/TradingView market-cap BTC.D.
1739491200000,2025-02-14 00:00:00,2025-02-14 09:00:00,3669.6,3680.4,3573.0,3618.1,36.6960,36.8040,35.7300,36.1810,36.1810%,2076.272,Binance BTCDOM index raw value divided by 100 for percent-style display; not CMC/TradingView market-cap BTC.D.
1739577600000,2025-02-15 00:00:00,2025-02-15 09:00:00,3618.1,3672.9,3593.5,3650.6,36.1810,36.7290,35.9350,36.5060,36.5060%,1542.018,Binance BTCDOM index raw value divided by 100 for percent-style display; not CMC/TradingView market-cap BTC.D.
1739664000000,2025-02-16 00:00:00,2025-02-16 09:00:00,3651.0,3672.8,3621.9,3637.7,36.5100,36.7280,36.2190,36.3770,36.3770%,1539.215,Binance BTCDOM index raw value divided by 100 for percent-style display; not CMC/TradingView market-cap BTC.D.
1739750400000,2025-02-17 00:00:00,2025-02-17 09:00:00,3637.4,3683.0,3535.8,3627.8,36.3740,36.8300,35.3580,36.2780,36.2780%,2692.248,Binance BTCDOM index raw value divided by 100 for percent-style display; not CMC/TradingView market-cap BTC.D.
1739836800000,2025-02-18 00:00:00,2025-02-18 09:00:00,3627.8,3806.4,3626.0,3742.8,36.2780,38.0640,36.2600,37.4280,37.4280%,3970.627,Binance BTCDOM index raw value divided by 100 for percent-style display; not CMC/TradingView market-cap BTC.D.
1739923200000,2025-02-19 00:00:00,2025-02-19 09:00:00,3742.8,3764.3,3687.8,3699.0,37.4280,37.6430,36.8780,36.9900,36.9900%,2645.267,Binance BTCDOM index raw value divided by 100 for percent-style display; not CMC/TradingView market-cap BTC.D.
1740009600000,2025-02-20 00:00:00,2025-02-20 09:00:00,3699.1,3747.1,3677.5,3724.7,36.9910,37.4710,36.7750,37.2470,37.2470%,2037.932,Binance BTCDOM index raw value divided by 100 for percent-style display; not CMC/TradingView market-cap BTC.D.
1740096000000,2025-02-21 00:00:00,2025-02-21 09:00:00,3725.0,3802.4,3673.8,3771.7,37.2500,38.0240,36.7380,37.7170,37.7170%,3810.650,Binance BTCDOM index raw value divided by 100 for percent-style display; not CMC/TradingView market-cap BTC.D.
1740182400000,2025-02-22 00:00:00,2025-02-22 09:00:00,3771.2,3781.2,3671.6,3699.1,37.7120,37.8120,36.7160,36.9910,36.9910%,2387.788,Binance BTCDOM index raw value divided by 100 for percent-style display; not CMC/TradingView market-cap BTC.D.
1740268800000,2025-02-23 00:00:00,2025-02-23 09:00:00,3699.2,3719.2,3641.7,3671.0,36.9920,37.1920,36.4170,36.7100,36.7100%,1795.068,Binance BTCDOM index raw value divided by 100 for percent-style display; not CMC/TradingView market-cap BTC.D.
1740355200000,2025-02-24 00:00:00,2025-02-24 09:00:00,3670.9,3997.1,3656.5,3927.9,36.7090,39.9710,36.5650,39.2790,39.2790%,5029.683,Binance BTCDOM index raw value divided by 100 for percent-style display; not CMC/TradingView market-cap BTC.D.
1740441600000,2025-02-25 00:00:00,2025-02-25 09:00:00,3927.9,4081.2,3759.1,3787.0,39.2790,40.8120,37.5910,37.8700,37.8700%,7922.068,Binance BTCDOM index raw value divided by 100 for percent-style display; not CMC/TradingView market-cap BTC.D.
1740528000000,2025-02-26 00:00:00,2025-02-26 09:00:00,3786.6,3879.0,3750.9,3777.3,37.8660,38.7900,37.5090,37.7730,37.7730%,3454.746,Binance BTCDOM index raw value divided by 100 for percent-style display; not CMC/TradingView market-cap BTC.D.
1740614400000,2025-02-27 00:00:00,2025-02-27 09:00:00,3777.3,3846.4,3770.1,3813.3,37.7730,38.4640,37.7010,38.1330,38.1330%,1890.685,Binance BTCDOM index raw value divided by 100 for percent-style display; not CMC/TradingView market-cap BTC.D.
1740700800000,2025-02-28 00:00:00,2025-02-28 09:00:00,3813.4,3916.3,3809.0,3856.5,38.1340,39.1630,38.0900,38.5650,38.5650%,3914.232,Binance BTCDOM index raw value divided by 100 for percent-style display; not CMC/TradingView market-cap BTC.D.
1740787200000,2025-03-01 00:00:00,2025-03-01 09:00:00,3854.9,3963.8,3827.6,3921.8,38.5490,39.6380,38.2760,39.2180,39.2180%,1909.327,Binance BTCDOM index raw value divided by 100 for percent-style display; not CMC/TradingView market-cap BTC.D.
1740873600000,2025-03-02 00:00:00,2025-03-02 09:00:00,3921.6,3930.0,3603.6,3674.8,39.2160,39.3000,36.0360,36.7480,36.7480%,5272.826,Binance BTCDOM index raw value divided by 100 for percent-style display; not CMC/TradingView market-cap BTC.D.
1740960000000,2025-03-03 00:00:00,2025-03-03 09:00:00,3674.8,4001.9,3660.0,3961.6,36.7480,40.0190,36.6000,39.6160,39.6160%,5258.705,Binance BTCDOM index raw value divided by 100 for percent-style display; not CMC/TradingView market-cap BTC.D.
1741046400000,2025-03-04 00:00:00,2025-03-04 09:00:00,3961.6,4068.5,3860.5,3954.4,39.6160,40.6850,38.6050,39.5440,39.5440%,5947.584,Binance BTCDOM index raw value divided by 100 for percent-style display; not CMC/TradingView market-cap BTC.D.
1741132800000,2025-03-05 00:00:00,2025-03-05 09:00:00,3954.4,4027.0,3896.1,3988.3,39.5440,40.2700,38.9610,39.8830,39.8830%,2247.054,Binance BTCDOM index raw value divided by 100 for percent-style display; not CMC/TradingView market-cap BTC.D.
1741219200000,2025-03-06 00:00:00,2025-03-06 09:00:00,3988.3,3998.5,3904.2,3976.7,39.8830,39.9850,39.0420,39.7670,39.7670%,1885.078,Binance BTCDOM index raw value divided by 100 for percent-style display; not CMC/TradingView market-cap BTC.D.
1741305600000,2025-03-07 00:00:00,2025-03-07 09:00:00,3976.8,4017.4,3905.2,3987.2,39.7680,40.1740,39.0520,39.8720,39.8720%,3388.008,Binance BTCDOM index raw value divided by 100 for percent-style display; not CMC/TradingView market-cap BTC.D.
1741392000000,2025-03-08 00:00:00,2025-03-08 09:00:00,3987.0,4006.1,3919.2,3962.6,39.8700,40.0610,39.1920,39.6260,39.6260%,1796.150,Binance BTCDOM index raw value divided by 100 for percent-style display; not CMC/TradingView market-cap BTC.D.
1741478400000,2025-03-09 00:00:00,2025-03-09 09:00:00,3962.8,4176.6,3950.2,4049.2,39.6280,41.7660,39.5020,40.4920,40.4920%,3809.225,Binance BTCDOM index raw value divided by 100 for percent-style display; not CMC/TradingView market-cap BTC.D.
1741564800000,2025-03-10 00:00:00,2025-03-10 09:00:00,4049.1,4243.6,3970.3,4218.9,40.4910,42.4360,39.7030,42.1890,42.1890%,4139.291,Binance BTCDOM index raw value divided by 100 for percent-style display; not CMC/TradingView market-cap BTC.D.
1741651200000,2025-03-11 00:00:00,2025-03-11 09:00:00,4218.8,4344.0,4163.3,4246.1,42.1880,43.4400,41.6330,42.4610,42.4610%,4003.927,Binance BTCDOM index raw value divided by 100 for percent-style display; not CMC/TradingView market-cap BTC.D.
1741737600000,2025-03-12 00:00:00,2025-03-12 09:00:00,4245.3,4298.0,4172.1,4234.2,42.4530,42.9800,41.7210,42.3420,42.3420%,2438.294,Binance BTCDOM index raw value divided by 100 for percent-style display; not CMC/TradingView market-cap BTC.D.
1741824000000,2025-03-13 00:00:00,2025-03-13 09:00:00,4234.2,4276.7,4123.4,4166.6,42.3420,42.7670,41.2340,41.6660,41.6660%,2119.461,Binance BTCDOM index raw value divided by 100 for percent-style display; not CMC/TradingView market-cap BTC.D.
1741910400000,2025-03-14 00:00:00,2025-03-14 09:00:00,4166.4,4211.0,4134.3,4165.6,41.6640,42.1100,41.3430,41.6560,41.6560%,1374.880,Binance BTCDOM index raw value divided by 100 for percent-style display; not CMC/TradingView market-cap BTC.D.
1741996800000,2025-03-15 00:00:00,2025-03-15 09:00:00,4165.0,4169.7,4067.6,4095.2,41.6500,41.6970,40.6760,40.9520,40.9520%,1438.696,Binance BTCDOM index raw value divided by 100 for percent-style display; not CMC/TradingView market-cap BTC.D.
1742083200000,2025-03-16 00:00:00,2025-03-16 09:00:00,4095.2,4207.1,4081.3,4163.0,40.9520,42.0710,40.8130,41.6300,41.6300%,1595.519,Binance BTCDOM index raw value divided by 100 for percent-style display; not CMC/TradingView market-cap BTC.D.
1742169600000,2025-03-17 00:00:00,2025-03-17 09:00:00,4163.3,4165.2,4096.4,4129.3,41.6330,41.6520,40.9640,41.2930,41.2930%,1307.336,Binance BTCDOM index raw value divided by 100 for percent-style display; not CMC/TradingView market-cap BTC.D.
1742256000000,2025-03-18 00:00:00,2025-03-18 09:00:00,4129.5,4163.8,4091.9,4099.1,41.2950,41.6380,40.9190,40.9910,40.9910%,1432.567,Binance BTCDOM index raw value divided by 100 for percent-style display; not CMC/TradingView market-cap BTC.D.
1742342400000,2025-03-19 00:00:00,2025-03-19 09:00:00,4099.1,4134.6,3961.7,4051.7,40.9910,41.3460,39.6170,40.5170,40.5170%,3613.017,Binance BTCDOM index raw value divided by 100 for percent-style display; not CMC/TradingView market-cap BTC.D.
1742428800000,2025-03-20 00:00:00,2025-03-20 09:00:00,4051.7,4112.3,4036.8,4055.5,40.5170,41.1230,40.3680,40.5550,40.5550%,1664.482,Binance BTCDOM index raw value divided by 100 for percent-style display; not CMC/TradingView market-cap BTC.D.
1742515200000,2025-03-21 00:00:00,2025-03-21 09:00:00,4055.5,4127.0,4051.9,4090.8,40.5550,41.2700,40.5190,40.9080,40.9080%,1789.722,Binance BTCDOM index raw value divided by 100 for percent-style display; not CMC/TradingView market-cap BTC.D.
1742601600000,2025-03-22 00:00:00,2025-03-22 09:00:00,4090.7,4110.0,4043.5,4076.1,40.9070,41.1000,40.4350,40.7610,40.7610%,1478.577,Binance BTCDOM index raw value divided by 100 for percent-style display; not CMC/TradingView market-cap BTC.D.
1742688000000,2025-03-23 00:00:00,2025-03-23 09:00:00,4076.1,4130.0,4043.6,4119.2,40.7610,41.3000,40.4360,41.1920,41.1920%,1444.296,Binance BTCDOM index raw value divided by 100 for percent-style display; not CMC/TradingView market-cap BTC.D.
1742774400000,2025-03-24 00:00:00,2025-03-24 09:00:00,4119.1,4143.1,4035.5,4066.2,41.1910,41.4310,40.3550,40.6620,40.6620%,2027.166,Binance BTCDOM index raw value divided by 100 for percent-style display; not CMC/TradingView market-cap BTC.D.
1742860800000,2025-03-25 00:00:00,2025-03-25 09:00:00,4067.4,4084.2,4038.9,4055.6,40.6740,40.8420,40.3890,40.5560,40.5560%,845.574,Binance BTCDOM index raw value divided by 100 for percent-style display; not CMC/TradingView market-cap BTC.D.
1742947200000,2025-03-26 00:00:00,2025-03-26 09:00:00,4055.7,4160.0,4046.0,4137.1,40.5570,41.6000,40.4600,41.3710,41.3710%,1370.339,Binance BTCDOM index raw value divided by 100 for percent-style display; not CMC/TradingView market-cap BTC.D.
1743033600000,2025-03-27 00:00:00,2025-03-27 09:00:00,4135.9,4143.9,4098.6,4135.0,41.3590,41.4390,40.9860,41.3500,41.3500%,831.279,Binance BTCDOM index raw value divided by 100 for percent-style display; not CMC/TradingView market-cap BTC.D.
1743120000000,2025-03-28 00:00:00,2025-03-28 09:00:00,4135.0,4259.8,4129.8,4219.9,41.3500,42.5980,41.2980,42.1990,42.1990%,2555.035,Binance BTCDOM index raw value divided by 100 for percent-style display; not CMC/TradingView market-cap BTC.D.
1743206400000,2025-03-29 00:00:00,2025-03-29 09:00:00,4220.4,4314.6,4202.7,4286.2,42.2040,43.1460,42.0270,42.8620,42.8620%,2217.776,Binance BTCDOM index raw value divided by 100 for percent-style display; not CMC/TradingView market-cap BTC.D.
1743292800000,2025-03-30 00:00:00,2025-03-30 09:00:00,4285.7,4324.9,4248.7,4293.4,42.8570,43.2490,42.4870,42.9340,42.9340%,1567.053,Binance BTCDOM index raw value divided by 100 for percent-style display; not CMC/TradingView market-cap BTC.D.
1743379200000,2025-03-31 00:00:00,2025-03-31 09:00:00,4293.2,4366.4,4260.0,4308.1,42.9320,43.6640,42.6000,43.0810,43.0810%,2025.851,Binance BTCDOM index raw value divided by 100 for percent-style display; not CMC/TradingView market-cap BTC.D.
1743465600000,2025-04-01 00:00:00,2025-04-01 09:00:00,4308.1,4323.3,4240.0,4314.2,43.0810,43.2330,42.4000,43.1420,43.1420%,1975.422,Binance BTCDOM index raw value divided by 100 for percent-style display; not CMC/TradingView market-cap BTC.D.
1743552000000,2025-04-02 00:00:00,2025-04-02 09:00:00,4314.2,4457.6,4314.2,4419.4,43.1420,44.5760,43.1420,44.1940,44.1940%,5752.150,Binance BTCDOM index raw value divided by 100 for percent-style display; not CMC/TradingView market-cap BTC.D.
1743638400000,2025-04-03 00:00:00,2025-04-03 09:00:00,4419.4,4500.0,4365.8,4416.4,44.1940,45.0000,43.6580,44.1640,44.1640%,5408.308,Binance BTCDOM index raw value divided by 100 for percent-style display; not CMC/TradingView market-cap BTC.D.
1743724800000,2025-04-04 00:00:00,2025-04-04 09:00:00,4416.3,4466.3,4370.0,4396.6,44.1630,44.6630,43.7000,43.9660,43.9660%,5910.288,Binance BTCDOM index raw value divided by 100 for percent-style display; not CMC/TradingView market-cap BTC.D.
1743811200000,2025-04-05 00:00:00,2025-04-05 09:00:00,4396.6,4431.6,4375.0,4406.5,43.9660,44.3160,43.7500,44.0650,44.0650%,1870.776,Binance BTCDOM index raw value divided by 100 for percent-style display; not CMC/TradingView market-cap BTC.D.
1743897600000,2025-04-06 00:00:00,2025-04-06 09:00:00,4406.6,4677.4,4328.5,4641.7,44.0660,46.7740,43.2850,46.4170,46.4170%,5326.783,Binance BTCDOM index raw value divided by 100 for percent-style display; not CMC/TradingView market-cap BTC.D.
1743984000000,2025-04-07 00:00:00,2025-04-07 09:00:00,4641.8,5000.0,4603.5,4686.9,46.4180,50.0000,46.0350,46.8690,46.8690%,13740.032,Binance BTCDOM index raw value divided by 100 for percent-style display; not CMC/TradingView market-cap BTC.D.
1744070400000,2025-04-08 00:00:00,2025-04-08 09:00:00,4686.9,4754.7,4561.0,4710.3,46.8690,47.5470,45.6100,47.1030,47.1030%,7158.284,Binance BTCDOM index raw value divided by 100 for percent-style display; not CMC/TradingView market-cap BTC.D.
1744156800000,2025-04-09 00:00:00,2025-04-09 09:00:00,4710.3,4820.4,4540.4,4555.5,47.1030,48.2040,45.4040,45.5550,45.5550%,8470.813,Binance BTCDOM index raw value divided by 100 for percent-style display; not CMC/TradingView market-cap BTC.D.
1744243200000,2025-04-10 00:00:00,2025-04-10 09:00:00,4555.5,4719.0,4555.2,4645.6,45.5550,47.1900,45.5520,46.4560,46.4560%,3309.542,Binance BTCDOM index raw value divided by 100 for percent-style display; not CMC/TradingView market-cap BTC.D.
1744329600000,2025-04-11 00:00:00,2025-04-11 09:00:00,4645.5,4726.6,4600.0,4713.4,46.4550,47.2660,46.0000,47.1340,47.1340%,2095.527,Binance BTCDOM index raw value divided by 100 for percent-style display; not CMC/TradingView market-cap BTC.D.
1744416000000,2025-04-12 00:00:00,2025-04-12 09:00:00,4713.5,4742.8,4530.9,4580.5,47.1350,47.4280,45.3090,45.8050,45.8050%,5061.429,Binance BTCDOM index raw value divided by 100 for percent-style display; not CMC/TradingView market-cap BTC.D.
1744502400000,2025-04-13 00:00:00,2025-04-13 09:00:00,4580.5,5650.0,4550.0,5191.1,45.8050,56.5000,45.5000,51.9110,51.9110%,21523.673,Binance BTCDOM index raw value divided by 100 for percent-style display; not CMC/TradingView market-cap BTC.D.
1744588800000,2025-04-14 00:00:00,2025-04-14 09:00:00,5191.1,5285.8,5046.6,5178.0,51.9110,52.8580,50.4660,51.7800,51.7800%,8346.508,Binance BTCDOM index raw value divided by 100 for percent-style display; not CMC/TradingView market-cap BTC.D.
1744675200000,2025-04-15 00:00:00,2025-04-15 09:00:00,5178.0,5333.0,5172.6,5248.7,51.7800,53.3300,51.7260,52.4870,52.4870%,3249.994,Binance BTCDOM index raw value divided by 100 for percent-style display; not CMC/TradingView market-cap BTC.D.
1744761600000,2025-04-16 00:00:00,2025-04-16 09:00:00,5248.9,5337.7,5218.5,5256.2,52.4890,53.3770,52.1850,52.5620,52.5620%,2908.893,Binance BTCDOM index raw value divided by 100 for percent-style display; not CMC/TradingView market-cap BTC.D.
1744848000000,2025-04-17 00:00:00,2025-04-17 09:00:00,5256.5,5275.9,5205.0,5268.7,52.5650,52.7590,52.0500,52.6870,52.6870%,2606.996,Binance BTCDOM index raw value divided by 100 for percent-style display; not CMC/TradingView market-cap BTC.D.
1744934400000,2025-04-18 00:00:00,2025-04-18 09:00:00,5268.8,5295.7,5214.9,5240.6,52.6880,52.9570,52.1490,52.4060,52.4060%,1497.733,Binance BTCDOM index raw value divided by 100 for percent-style display; not CMC/TradingView market-cap BTC.D.
1745020800000,2025-04-19 00:00:00,2025-04-19 09:00:00,5240.7,5253.7,5200.0,5204.0,52.4070,52.5370,52.0000,52.0400,52.0400%,1026.439,Binance BTCDOM index raw value divided by 100 for percent-style display; not CMC/TradingView market-cap BTC.D.
1745107200000,2025-04-20 00:00:00,2025-04-20 09:00:00,5204.1,5258.9,5150.0,5245.0,52.0410,52.5890,51.5000,52.4500,52.4500%,2327.179,Binance BTCDOM index raw value divided by 100 for percent-style display; not CMC/TradingView market-cap BTC.D.
1745193600000,2025-04-21 00:00:00,2025-04-21 09:00:00,5245.1,5391.9,5216.6,5381.4,52.4510,53.9190,52.1660,53.8140,53.8140%,3378.836,Binance BTCDOM index raw value divided by 100 for percent-style display; not CMC/TradingView market-cap BTC.D.
1745280000000,2025-04-22 00:00:00,2025-04-22 09:00:00,5381.4,5436.0,5291.0,5322.3,53.8140,54.3600,52.9100,53.2230,53.2230%,2807.219,Binance BTCDOM index raw value divided by 100 for percent-style display; not CMC/TradingView market-cap BTC.D.
1745366400000,2025-04-23 00:00:00,2025-04-23 09:00:00,5322.0,5334.6,5209.8,5293.9,53.2200,53.3460,52.0980,52.9390,52.9390%,2505.435,Binance BTCDOM index raw value divided by 100 for percent-style display; not CMC/TradingView market-cap BTC.D.
1745452800000,2025-04-24 00:00:00,2025-04-24 09:00:00,5293.9,5379.1,5261.2,5297.8,52.9390,53.7910,52.6120,52.9780,52.9780%,2193.924,Binance BTCDOM index raw value divided by 100 for percent-style display; not CMC/TradingView market-cap BTC.D.
1745539200000,2025-04-25 00:00:00,2025-04-25 09:00:00,5297.7,5355.0,5233.3,5349.4,52.9770,53.5500,52.3330,53.4940,53.4940%,2729.046,Binance BTCDOM index raw value divided by 100 for percent-style display; not CMC/TradingView market-cap BTC.D.
1745625600000,2025-04-26 00:00:00,2025-04-26 09:00:00,5349.3,5349.3,5238.4,5286.3,53.4930,53.4930,52.3840,52.8630,52.8630%,954.553,Binance BTCDOM index raw value divided by 100 for percent-style display; not CMC/TradingView market-cap BTC.D.
1745712000000,2025-04-27 00:00:00,2025-04-27 09:00:00,5286.3,5338.1,5256.0,5275.5,52.8630,53.3810,52.5600,52.7550,52.7550%,924.706,Binance BTCDOM index raw value divided by 100 for percent-style display; not CMC/TradingView market-cap BTC.D.
1745798400000,2025-04-28 00:00:00,2025-04-28 09:00:00,5275.4,5348.4,5220.5,5310.0,52.7540,53.4840,52.2050,53.1000,53.1000%,1791.871,Binance BTCDOM index raw value divided by 100 for percent-style display; not CMC/TradingView market-cap BTC.D.
1745884800000,2025-04-29 00:00:00,2025-04-29 09:00:00,5310.0,5344.9,5255.4,5325.9,53.1000,53.4490,52.5540,53.2590,53.2590%,1178.031,Binance BTCDOM index raw value divided by 100 for percent-style display; not CMC/TradingView market-cap BTC.D.
1745971200000,2025-04-30 00:00:00,2025-04-30 09:00:00,5326.4,5470.0,5314.5,5366.3,53.2640,54.7000,53.1450,53.6630,53.6630%,1830.060,Binance BTCDOM index raw value divided by 100 for percent-style display; not CMC/TradingView market-cap BTC.D.
1746057600000,2025-05-01 00:00:00,2025-05-01 09:00:00,5366.3,5396.0,5318.6,5390.0,53.6630,53.9600,53.1860,53.9000,53.9000%,1734.325,Binance BTCDOM index raw value divided by 100 for percent-style display; not CMC/TradingView market-cap BTC.D.
1746144000000,2025-05-02 00:00:00,2025-05-02 09:00:00,5390.0,5449.0,5385.6,5431.5,53.9000,54.4900,53.8560,54.3150,54.3150%,1030.629,Binance BTCDOM index raw value divided by 100 for percent-style display; not CMC/TradingView market-cap BTC.D.
1746230400000,2025-05-03 00:00:00,2025-05-03 09:00:00,5431.5,5462.8,5405.0,5420.6,54.3150,54.6280,54.0500,54.2060,54.2060%,840.091,Binance BTCDOM index raw value divided by 100 for percent-style display; not CMC/TradingView market-cap BTC.D.
1746316800000,2025-05-04 00:00:00,2025-05-04 09:00:00,5420.5,5464.1,5407.5,5433.6,54.2050,54.6410,54.0750,54.3360,54.3360%,889.518,Binance BTCDOM index raw value divided by 100 for percent-style display; not CMC/TradingView market-cap BTC.D.
1746403200000,2025-05-05 00:00:00,2025-05-05 09:00:00,5433.5,5451.4,5365.3,5441.4,54.3350,54.5140,53.6530,54.4140,54.4140%,1286.374,Binance BTCDOM index raw value divided by 100 for percent-style display; not CMC/TradingView market-cap BTC.D.
1746489600000,2025-05-06 00:00:00,2025-05-06 09:00:00,5442.4,5537.3,5431.2,5522.4,54.4240,55.3730,54.3120,55.2240,55.2240%,1940.397,Binance BTCDOM index raw value divided by 100 for percent-style display; not CMC/TradingView market-cap BTC.D.
1746576000000,2025-05-07 00:00:00,2025-05-07 09:00:00,5522.3,5596.3,5493.9,5556.6,55.2230,55.9630,54.9390,55.5660,55.5660%,1402.418,Binance BTCDOM index raw value divided by 100 for percent-style display; not CMC/TradingView market-cap BTC.D.
1746662400000,2025-05-08 00:00:00,2025-05-08 09:00:00,5556.7,5578.6,5194.2,5208.5,55.5670,55.7860,51.9420,52.0850,52.0850%,4948.998,Binance BTCDOM index raw value divided by 100 for percent-style display; not CMC/TradingView market-cap BTC.D.
1746748800000,2025-05-09 00:00:00,2025-05-09 09:00:00,5209.4,5236.4,4922.7,5005.6,52.0940,52.3640,49.2270,50.0560,50.0560%,6209.672,Binance BTCDOM index raw value divided by 100 for percent-style display; not CMC/TradingView market-cap BTC.D.
1746835200000,2025-05-10 00:00:00,2025-05-10 09:00:00,5005.3,5029.5,4755.9,4771.6,50.0530,50.2950,47.5590,47.7160,47.7160%,3502.359,Binance BTCDOM index raw value divided by 100 for percent-style display; not CMC/TradingView market-cap BTC.D.
1746921600000,2025-05-11 00:00:00,2025-05-11 09:00:00,4772.6,4992.0,4755.0,4904.6,47.7260,49.9200,47.5500,49.0460,49.0460%,3593.985,Binance BTCDOM index raw value divided by 100 for percent-style display; not CMC/TradingView market-cap BTC.D.
1747008000000,2025-05-12 00:00:00,2025-05-12 09:00:00,4903.8,4918.9,4663.6,4758.2,49.0380,49.1890,46.6360,47.5820,47.5820%,3803.274,Binance BTCDOM index raw value divided by 100 for percent-style display; not CMC/TradingView market-cap BTC.D.
1747094400000,2025-05-13 00:00:00,2025-05-13 09:00:00,4758.5,4900.9,4600.0,4650.3,47.5850,49.0090,46.0000,46.5030,46.5030%,3762.134,Binance BTCDOM index raw value divided by 100 for percent-style display; not CMC/TradingView market-cap BTC.D.
1747180800000,2025-05-14 00:00:00,2025-05-14 09:00:00,4651.0,4769.2,4610.0,4740.2,46.5100,47.6920,46.1000,47.4020,47.4020%,3110.662,Binance BTCDOM index raw value divided by 100 for percent-style display; not CMC/TradingView market-cap BTC.D.
1747267200000,2025-05-15 00:00:00,2025-05-15 09:00:00,4740.0,4961.0,4714.1,4913.3,47.4000,49.6100,47.1410,49.1330,49.1330%,5530.046,Binance BTCDOM index raw value divided by 100 for percent-style display; not CMC/TradingView market-cap BTC.D.
1747353600000,2025-05-16 00:00:00,2025-05-16 09:00:00,4912.6,4947.0,4792.1,4924.8,49.1260,49.4700,47.9210,49.2480,49.2480%,2951.801,Binance BTCDOM index raw value divided by 100 for percent-style display; not CMC/TradingView market-cap BTC.D.
1747440000000,2025-05-17 00:00:00,2025-05-17 09:00:00,4925.0,5060.4,4916.8,5007.6,49.2500,50.6040,49.1680,50.0760,50.0760%,4299.159,Binance BTCDOM index raw value divided by 100 for percent-style display; not CMC/TradingView market-cap BTC.D.
1747526400000,2025-05-18 00:00:00,2025-05-18 09:00:00,5007.7,5166.0,4891.1,5047.9,50.0770,51.6600,48.9110,50.4790,50.4790%,3508.384,Binance BTCDOM index raw value divided by 100 for percent-style display; not CMC/TradingView market-cap BTC.D.
1747612800000,2025-05-19 00:00:00,2025-05-19 09:00:00,5047.8,5148.9,5027.1,5048.3,50.4780,51.4890,50.2710,50.4830,50.4830%,3792.610,Binance BTCDOM index raw value divided by 100 for percent-style display; not CMC/TradingView market-cap BTC.D.
1747699200000,2025-05-20 00:00:00,2025-05-20 09:00:00,5047.3,5185.0,5005.4,5103.8,50.4730,51.8500,50.0540,51.0380,51.0380%,2792.194,Binance BTCDOM index raw value divided by 100 for percent-style display; not CMC/TradingView market-cap BTC.D.
1747785600000,2025-05-21 00:00:00,2025-05-21 09:00:00,5103.8,5162.0,5039.5,5139.0,51.0380,51.6200,50.3950,51.3900,51.3900%,4429.826,Binance BTCDOM index raw value divided by 100 for percent-style display; not CMC/TradingView market-cap BTC.D.
1747872000000,2025-05-22 00:00:00,2025-05-22 09:00:00,5138.7,5149.0,4986.1,5059.6,51.3870,51.4900,49.8610,50.5960,50.5960%,3968.633,Binance BTCDOM index raw value divided by 100 for percent-style display; not CMC/TradingView market-cap BTC.D.
1747958400000,2025-05-23 00:00:00,2025-05-23 09:00:00,5059.1,5152.0,4934.9,5137.4,50.5910,51.5200,49.3490,51.3740,51.3740%,4115.925,Binance BTCDOM index raw value divided by 100 for percent-style display; not CMC/TradingView market-cap BTC.D.
1748044800000,2025-05-24 00:00:00,2025-05-24 09:00:00,5137.7,5160.0,5099.2,5126.2,51.3770,51.6000,50.9920,51.2620,51.2620%,1869.649,Binance BTCDOM index raw value divided by 100 for percent-style display; not CMC/TradingView market-cap BTC.D.
1748131200000,2025-05-25 00:00:00,2025-05-25 09:00:00,5126.1,5232.8,5121.7,5159.2,51.2610,52.3280,51.2170,51.5920,51.5920%,2450.051,Binance BTCDOM index raw value divided by 100 for percent-style display; not CMC/TradingView market-cap BTC.D.
1748217600000,2025-05-26 00:00:00,2025-05-26 09:00:00,5159.3,5217.2,5132.4,5181.1,51.5930,52.1720,51.3240,51.8110,51.8110%,1535.700,Binance BTCDOM index raw value divided by 100 for percent-style display; not CMC/TradingView market-cap BTC.D.
1748304000000,2025-05-27 00:00:00,2025-05-27 09:00:00,5181.2,5212.9,5042.8,5054.5,51.8120,52.1290,50.4280,50.5450,50.5450%,2790.157,Binance BTCDOM index raw value divided by 100 for percent-style display; not CMC/TradingView market-cap BTC.D.
1748390400000,2025-05-28 00:00:00,2025-05-28 09:00:00,5054.5,5112.7,5024.1,5027.7,50.5450,51.1270,50.2410,50.2770,50.2770%,2543.671,Binance BTCDOM index raw value divided by 100 for percent-style display; not CMC/TradingView market-cap BTC.D.
1748476800000,2025-05-29 00:00:00,2025-05-29 09:00:00,5028.3,5082.8,4923.1,5027.8,50.2830,50.8280,49.2310,50.2780,50.2780%,3347.833,Binance BTCDOM index raw value divided by 100 for percent-style display; not CMC/TradingView market-cap BTC.D.
1748563200000,2025-05-30 00:00:00,2025-05-30 09:00:00,5028.5,5220.5,5024.0,5200.0,50.2850,52.2050,50.2400,52.0000,52.0000%,4050.176,Binance BTCDOM index raw value divided by 100 for percent-style display; not CMC/TradingView market-cap BTC.D.
1748649600000,2025-05-31 00:00:00,2025-05-31 09:00:00,5200.2,5288.0,5178.4,5213.4,52.0020,52.8800,51.7840,52.1340,52.1340%,3110.675,Binance BTCDOM index raw value divided by 100 for percent-style display; not CMC/TradingView market-cap BTC.D.
1748736000000,2025-06-01 00:00:00,2025-06-01 09:00:00,5213.8,5295.6,5204.0,5237.4,52.1380,52.9560,52.0400,52.3740,52.3740%,1368.502,Binance BTCDOM index raw value divided by 100 for percent-style display; not CMC/TradingView market-cap BTC.D.
1748822400000,2025-06-02 00:00:00,2025-06-02 09:00:00,5236.7,5300.0,5167.3,5178.3,52.3670,53.0000,51.6730,51.7830,51.7830%,1788.221,Binance BTCDOM index raw value divided by 100 for percent-style display; not CMC/TradingView market-cap BTC.D.
1748908800000,2025-06-03 00:00:00,2025-06-03 09:00:00,5178.3,5188.8,5106.9,5166.2,51.7830,51.8880,51.0690,51.6620,51.6620%,1956.673,Binance BTCDOM index raw value divided by 100 for percent-style display; not CMC/TradingView market-cap BTC.D.
1748995200000,2025-06-04 00:00:00,2025-06-04 09:00:00,5166.1,5183.9,5081.2,5169.4,51.6610,51.8390,50.8120,51.6940,51.6940%,2580.394,Binance BTCDOM index raw value divided by 100 for percent-style display; not CMC/TradingView market-cap BTC.D.
1749081600000,2025-06-05 00:00:00,2025-06-05 09:00:00,5169.4,5346.9,5147.2,5328.7,51.6940,53.4690,51.4720,53.2870,53.2870%,4398.048,Binance BTCDOM index raw value divided by 100 for percent-style display; not CMC/TradingView market-cap BTC.D.
1749168000000,2025-06-06 00:00:00,2025-06-06 09:00:00,5328.2,5348.0,5265.6,5333.2,53.2820,53.4800,52.6560,53.3320,53.3320%,2300.609,Binance BTCDOM index raw value divided by 100 for percent-style display; not CMC/TradingView market-cap BTC.D.
1749254400000,2025-06-07 00:00:00,2025-06-07 09:00:00,5332.7,5345.3,5286.2,5300.5,53.3270,53.4530,52.8620,53.0050,53.0050%,1282.978,Binance BTCDOM index raw value divided by 100 for percent-style display; not CMC/TradingView market-cap BTC.D.
1749340800000,2025-06-08 00:00:00,2025-06-08 09:00:00,5299.9,5331.8,5255.6,5280.5,52.9990,53.3180,52.5560,52.8050,52.8050%,1074.756,Binance BTCDOM index raw value divided by 100 for percent-style display; not CMC/TradingView market-cap BTC.D.
1749427200000,2025-06-09 00:00:00,2025-06-09 09:00:00,5280.6,5351.6,5217.1,5245.4,52.8060,53.5160,52.1710,52.4540,52.4540%,2355.940,Binance BTCDOM index raw value divided by 100 for percent-style display; not CMC/TradingView market-cap BTC.D.
1749513600000,2025-06-10 00:00:00,2025-06-10 09:00:00,5245.4,5264.2,5077.0,5100.1,52.4540,52.6420,50.7700,51.0010,51.0010%,4518.368,Binance BTCDOM index raw value divided by 100 for percent-style display; not CMC/TradingView market-cap BTC.D.
1749600000000,2025-06-11 00:00:00,2025-06-11 09:00:00,5100.2,5141.2,5000.0,5124.6,51.0020,51.4120,50.0000,51.2460,51.2460%,2453.988,Binance BTCDOM index raw value divided by 100 for percent-style display; not CMC/TradingView market-cap BTC.D.
1749686400000,2025-06-12 00:00:00,2025-06-12 09:00:00,5125.0,5243.0,5097.3,5206.6,51.2500,52.4300,50.9730,52.0660,52.0660%,3176.166,Binance BTCDOM index raw value divided by 100 for percent-style display; not CMC/TradingView market-cap BTC.D.
1749772800000,2025-06-13 00:00:00,2025-06-13 09:00:00,5206.5,5410.6,5203.1,5324.8,52.0650,54.1060,52.0310,53.2480,53.2480%,5936.717,Binance BTCDOM index raw value divided by 100 for percent-style display; not CMC/TradingView market-cap BTC.D.
1749859200000,2025-06-14 00:00:00,2025-06-14 09:00:00,5324.8,5407.0,5315.2,5382.7,53.2480,54.0700,53.1520,53.8270,53.8270%,1759.899,Binance BTCDOM index raw value divided by 100 for percent-style display; not CMC/TradingView market-cap BTC.D.
1749945600000,2025-06-15 00:00:00,2025-06-15 09:00:00,5383.0,5389.2,5311.1,5329.3,53.8300,53.8920,53.1110,53.2930,53.2930%,1384.589,Binance BTCDOM index raw value divided by 100 for percent-style display; not CMC/TradingView market-cap BTC.D.
1750032000000,2025-06-16 00:00:00,2025-06-16 09:00:00,5329.4,5380.6,5220.7,5371.0,53.2940,53.8060,52.2070,53.7100,53.7100%,2771.749,Binance BTCDOM index raw value divided by 100 for percent-style display; not CMC/TradingView market-cap BTC.D.
1750118400000,2025-06-17 00:00:00,2025-06-17 09:00:00,5371.0,5396.5,5292.7,5359.1,53.7100,53.9650,52.9270,53.5910,53.5910%,3167.947,Binance BTCDOM index raw value divided by 100 for percent-style display; not CMC/TradingView market-cap BTC.D.
1750204800000,2025-06-18 00:00:00,2025-06-18 09:00:00,5359.1,5427.4,5339.0,5366.3,53.5910,54.2740,53.3900,53.6630,53.6630%,3398.937,Binance BTCDOM index raw value divided by 100 for percent-style display; not CMC/TradingView market-cap BTC.D.
1750291200000,2025-06-19 00:00:00,2025-06-19 09:00:00,5366.4,5393.4,5343.9,5355.8,53.6640,53.9340,53.4390,53.5580,53.5580%,1279.470,Binance BTCDOM index raw value divided by 100 for percent-style display; not CMC/TradingView market-cap BTC.D.
1750377600000,2025-06-20 00:00:00,2025-06-20 09:00:00,5355.9,5500.0,5345.9,5470.8,53.5590,55.0000,53.4590,54.7080,54.7080%,2357.961,Binance BTCDOM index raw value divided by 100 for percent-style display; not CMC/TradingView market-cap BTC.D.
1750464000000,2025-06-21 00:00:00,2025-06-21 09:00:00,5470.8,5640.0,5439.1,5623.3,54.7080,56.4000,54.3910,56.2330,56.2330%,3831.978,Binance BTCDOM index raw value divided by 100 for percent-style display; not CMC/TradingView market-cap BTC.D.
1750550400000,2025-06-22 00:00:00,2025-06-22 09:00:00,5623.4,5815.2,5612.5,5709.5,56.2340,58.1520,56.1250,57.0950,57.0950%,5827.835,Binance BTCDOM index raw value divided by 100 for percent-style display; not CMC/TradingView market-cap BTC.D.
1750636800000,2025-06-23 00:00:00,2025-06-23 09:00:00,5709.5,5722.9,5508.6,5533.9,57.0950,57.2290,55.0860,55.3390,55.3390%,3513.893,Binance BTCDOM index raw value divided by 100 for percent-style display; not CMC/TradingView market-cap BTC.D.
1750723200000,2025-06-24 00:00:00,2025-06-24 09:00:00,5533.9,5562.1,5458.3,5502.9,55.3390,55.6210,54.5830,55.0290,55.0290%,3414.022,Binance BTCDOM index raw value divided by 100 for percent-style display; not CMC/TradingView market-cap BTC.D.
1750809600000,2025-06-25 00:00:00,2025-06-25 09:00:00,5502.9,5649.5,5498.9,5632.8,55.0290,56.4950,54.9890,56.3280,56.3280%,2007.538,Binance BTCDOM index raw value divided by 100 for percent-style display; not CMC/TradingView market-cap BTC.D.
1750896000000,2025-06-26 00:00:00,2025-06-26 09:00:00,5632.8,5700.0,5527.2,5689.3,56.3280,57.0000,55.2720,56.8930,56.8930%,2469.278,Binance BTCDOM index raw value divided by 100 for percent-style display; not CMC/TradingView market-cap BTC.D.
1750982400000,2025-06-27 00:00:00,2025-06-27 09:00:00,5689.3,5713.3,5624.0,5636.1,56.8930,57.1330,56.2400,56.3610,56.3610%,1620.552,Binance BTCDOM index raw value divided by 100 for percent-style display; not CMC/TradingView market-cap BTC.D.
1751068800000,2025-06-28 00:00:00,2025-06-28 09:00:00,5636.2,5648.3,5550.0,5569.1,56.3620,56.4830,55.5000,55.6910,55.6910%,836.928,Binance BTCDOM index raw value divided by 100 for percent-style display; not CMC/TradingView market-cap BTC.D.
1751155200000,2025-06-29 00:00:00,2025-06-29 09:00:00,5569.0,5599.9,5473.0,5514.5,55.6900,55.9990,54.7300,55.1450,55.1450%,1071.668,Binance BTCDOM index raw value divided by 100 for percent-style display; not CMC/TradingView market-cap BTC.D.
1751241600000,2025-06-30 00:00:00,2025-06-30 09:00:00,5514.5,5573.7,5378.6,5457.7,55.1450,55.7370,53.7860,54.5770,54.5770%,2675.721,Binance BTCDOM index raw value divided by 100 for percent-style display; not CMC/TradingView market-cap BTC.D.
1751328000000,2025-07-01 00:00:00,2025-07-01 09:00:00,5457.7,5581.7,5446.3,5560.9,54.5770,55.8170,54.4630,55.6090,55.6090%,2385.228,Binance BTCDOM index raw value divided by 100 for percent-style display; not CMC/TradingView market-cap BTC.D.
1751414400000,2025-07-02 00:00:00,2025-07-02 09:00:00,5561.1,5595.2,5411.9,5461.9,55.6110,55.9520,54.1190,54.6190,54.6190%,2455.481,Binance BTCDOM index raw value divided by 100 for percent-style display; not CMC/TradingView market-cap BTC.D.
1751500800000,2025-07-03 00:00:00,2025-07-03 09:00:00,5461.9,5481.7,5390.0,5453.6,54.6190,54.8170,53.9000,54.5360,54.5360%,2235.833,Binance BTCDOM index raw value divided by 100 for percent-style display; not CMC/TradingView market-cap BTC.D.
1751587200000,2025-07-04 00:00:00,2025-07-04 09:00:00,5453.3,5568.6,5436.1,5526.4,54.5330,55.6860,54.3610,55.2640,55.2640%,2013.109,Binance BTCDOM index raw value divided by 100 for percent-style display; not CMC/TradingView market-cap BTC.D.
1751673600000,2025-07-05 00:00:00,2025-07-05 09:00:00,5526.5,5562.3,5506.6,5521.7,55.2650,55.6230,55.0660,55.2170,55.2170%,721.281,Binance BTCDOM index raw value divided by 100 for percent-style display; not CMC/TradingView market-cap BTC.D.
1751760000000,2025-07-06 00:00:00,2025-07-06 09:00:00,5521.7,5533.2,5411.3,5460.8,55.2170,55.3320,54.1130,54.6080,54.6080%,1561.542,Binance BTCDOM index raw value divided by 100 for percent-style display; not CMC/TradingView market-cap BTC.D.
1751846400000,2025-07-07 00:00:00,2025-07-07 09:00:00,5460.9,5479.7,5345.0,5461.5,54.6090,54.7970,53.4500,54.6150,54.6150%,2282.597,Binance BTCDOM index raw value divided by 100 for percent-style display; not CMC/TradingView market-cap BTC.D.
1751932800000,2025-07-08 00:00:00,2025-07-08 09:00:00,5461.3,5476.8,5372.2,5386.8,54.6130,54.7680,53.7220,53.8680,53.8680%,1471.216,Binance BTCDOM index raw value divided by 100 for percent-style display; not CMC/TradingView market-cap BTC.D.
1752019200000,2025-07-09 00:00:00,2025-07-09 09:00:00,5386.9,5401.3,5250.1,5270.0,53.8690,54.0130,52.5010,52.7000,52.7000%,2559.765,Binance BTCDOM index raw value divided by 100 for percent-style display; not CMC/TradingView market-cap BTC.D.
1752105600000,2025-07-10 00:00:00,2025-07-10 09:00:00,5270.0,5317.5,5184.2,5204.7,52.7000,53.1750,51.8420,52.0470,52.0470%,2458.274,Binance BTCDOM index raw value divided by 100 for percent-style display; not CMC/TradingView market-cap BTC.D.
1752192000000,2025-07-11 00:00:00,2025-07-11 09:00:00,5205.2,5246.6,5057.4,5180.7,52.0520,52.4660,50.5740,51.8070,51.8070%,3677.911,Binance BTCDOM index raw value divided by 100 for percent-style display; not CMC/TradingView market-cap BTC.D.
1752278400000,2025-07-12 00:00:00,2025-07-12 09:00:00,5180.8,5268.2,5115.0,5201.5,51.8080,52.6820,51.1500,52.0150,52.0150%,1966.301,Binance BTCDOM index raw value divided by 100 for percent-style display; not CMC/TradingView market-cap BTC.D.
1752364800000,2025-07-13 00:00:00,2025-07-13 09:00:00,5201.4,5212.0,5115.0,5183.0,52.0140,52.1200,51.1500,51.8300,51.8300%,1679.714,Binance BTCDOM index raw value divided by 100 for percent-style display; not CMC/TradingView market-cap BTC.D.
1752451200000,2025-07-14 00:00:00,2025-07-14 09:00:00,5183.0,5219.1,5098.4,5141.3,51.8300,52.1910,50.9840,51.4130,51.4130%,3144.103,Binance BTCDOM index raw value divided by 100 for percent-style display; not CMC/TradingView market-cap BTC.D.
1752537600000,2025-07-15 00:00:00,2025-07-15 09:00:00,5141.8,5186.0,4955.7,4962.9,51.4180,51.8600,49.5570,49.6290,49.6290%,3479.582,Binance BTCDOM index raw value divided by 100 for percent-style display; not CMC/TradingView market-cap BTC.D.
1752624000000,2025-07-16 00:00:00,2025-07-16 09:00:00,4963.6,4997.7,4737.3,4757.2,49.6360,49.9770,47.3730,47.5720,47.5720%,4166.403,Binance BTCDOM index raw value divided by 100 for percent-style display; not CMC/TradingView market-cap BTC.D.
1752710400000,2025-07-17 00:00:00,2025-07-17 09:00:00,4757.9,4805.4,4518.0,4556.7,47.5790,48.0540,45.1800,45.5670,45.5670%,6824.785,Binance BTCDOM index raw value divided by 100 for percent-style display; not CMC/TradingView market-cap BTC.D.
1752796800000,2025-07-18 00:00:00,2025-07-18 09:00:00,4556.3,4575.1,4355.0,4474.6,45.5630,45.7510,43.5500,44.7460,44.7460%,8541.452,Binance BTCDOM index raw value divided by 100 for percent-style display; not CMC/TradingView market-cap BTC.D.
1752883200000,2025-07-19 00:00:00,2025-07-19 09:00:00,4474.6,4516.3,4423.2,4431.4,44.7460,45.1630,44.2320,44.3140,44.3140%,2969.155,Binance BTCDOM index raw value divided by 100 for percent-style display; not CMC/TradingView market-cap BTC.D.
1752969600000,2025-07-20 00:00:00,2025-07-20 09:00:00,4431.5,4445.6,4256.9,4266.6,44.3150,44.4560,42.5690,42.6660,42.6660%,4584.766,Binance BTCDOM index raw value divided by 100 for percent-style display; not CMC/TradingView market-cap BTC.D.
1753056000000,2025-07-21 00:00:00,2025-07-21 09:00:00,4266.9,4313.5,4164.8,4204.2,42.6690,43.1350,41.6480,42.0420,42.0420%,5338.453,Binance BTCDOM index raw value divided by 100 for percent-style display; not CMC/TradingView market-cap BTC.D.
1753142400000,2025-07-22 00:00:00,2025-07-22 09:00:00,4204.1,4371.2,4173.7,4268.5,42.0410,43.7120,41.7370,42.6850,42.6850%,8244.207,Binance BTCDOM index raw value divided by 100 for percent-style display; not CMC/TradingView market-cap BTC.D.
1753228800000,2025-07-23 00:00:00,2025-07-23 09:00:00,4269.0,4572.8,4242.8,4480.9,42.6900,45.7280,42.4280,44.8090,44.8090%,8620.623,Binance BTCDOM index raw value divided by 100 for percent-style display; not CMC/TradingView market-cap BTC.D.
1753315200000,2025-07-24 00:00:00,2025-07-24 09:00:00,4479.9,4635.9,4404.0,4463.1,44.7990,46.3590,44.0400,44.6310,44.6310%,9666.063,Binance BTCDOM index raw value divided by 100 for percent-style display; not CMC/TradingView market-cap BTC.D.
1753401600000,2025-07-25 00:00:00,2025-07-25 09:00:00,4463.1,4519.2,4293.0,4388.6,44.6310,45.1920,42.9300,43.8860,43.8860%,5129.326,Binance BTCDOM index raw value divided by 100 for percent-style display; not CMC/TradingView market-cap BTC.D.
1753488000000,2025-07-26 00:00:00,2025-07-26 09:00:00,4388.0,4414.2,4334.3,4375.9,43.8800,44.1420,43.3430,43.7590,43.7590%,2249.483,Binance BTCDOM index raw value divided by 100 for percent-style display; not CMC/TradingView market-cap BTC.D.
1753574400000,2025-07-27 00:00:00,2025-07-27 09:00:00,4376.2,4391.1,4301.6,4304.0,43.7620,43.9110,43.0160,43.0400,43.0400%,2674.659,Binance BTCDOM index raw value divided by 100 for percent-style display; not CMC/TradingView market-cap BTC.D.
1753660800000,2025-07-28 00:00:00,2025-07-28 09:00:00,4304.5,4398.8,4221.0,4382.3,43.0450,43.9880,42.2100,43.8230,43.8230%,4857.806,Binance BTCDOM index raw value divided by 100 for percent-style display; not CMC/TradingView market-cap BTC.D.
1753747200000,2025-07-29 00:00:00,2025-07-29 09:00:00,4382.5,4445.8,4200.0,4390.0,43.8250,44.4580,42.0000,43.9000,43.9000%,5545.340,Binance BTCDOM index raw value divided by 100 for percent-style display; not CMC/TradingView market-cap BTC.D.
1753833600000,2025-07-30 00:00:00,2025-07-30 09:00:00,4389.4,4496.7,4359.1,4417.6,43.8940,44.9670,43.5910,44.1760,44.1760%,3700.780,Binance BTCDOM index raw value divided by 100 for percent-style display; not CMC/TradingView market-cap BTC.D.
1753920000000,2025-07-31 00:00:00,2025-07-31 09:00:00,4417.6,4475.0,4360.9,4463.8,44.1760,44.7500,43.6090,44.6380,44.6380%,2409.324,Binance BTCDOM index raw value divided by 100 for percent-style display; not CMC/TradingView market-cap BTC.D.
1754006400000,2025-08-01 00:00:00,2025-08-01 09:00:00,4463.9,4631.4,4451.5,4565.7,44.6390,46.3140,44.5150,45.6570,45.6570%,5772.054,Binance BTCDOM index raw value divided by 100 for percent-style display; not CMC/TradingView market-cap BTC.D.
1754092800000,2025-08-02 00:00:00,2025-08-02 09:00:00,4565.2,4719.7,4527.7,4696.0,45.6520,47.1970,45.2770,46.9600,46.9600%,4693.535,Binance BTCDOM index raw value divided by 100 for percent-style display; not CMC/TradingView market-cap BTC.D.
1754179200000,2025-08-03 00:00:00,2025-08-03 09:00:00,4695.9,4734.1,4583.5,4599.0,46.9590,47.3410,45.8350,45.9900,45.9900%,2341.907,Binance BTCDOM index raw value divided by 100 for percent-style display; not CMC/TradingView market-cap BTC.D.
1754265600000,2025-08-04 00:00:00,2025-08-04 09:00:00,4598.9,4606.9,4407.9,4411.6,45.9890,46.0690,44.0790,44.1160,44.1160%,3107.543,Binance BTCDOM index raw value divided by 100 for percent-style display; not CMC/TradingView market-cap BTC.D.
1754352000000,2025-08-05 00:00:00,2025-08-05 09:00:00,4411.5,4564.1,4407.0,4517.7,44.1150,45.6410,44.0700,45.1770,45.1770%,2793.627,Binance BTCDOM index raw value divided by 100 for percent-style display; not CMC/TradingView market-cap BTC.D.
1754438400000,2025-08-06 00:00:00,2025-08-06 09:00:00,4518.4,4554.9,4466.0,4471.4,45.1840,45.5490,44.6600,44.7140,44.7140%,2344.735,Binance BTCDOM index raw value divided by 100 for percent-style display; not CMC/TradingView market-cap BTC.D.
1754524800000,2025-08-07 00:00:00,2025-08-07 09:00:00,4471.5,4485.9,4289.0,4293.0,44.7150,44.8590,42.8900,42.9300,42.9300%,4680.191,Binance BTCDOM index raw value divided by 100 for percent-style display; not CMC/TradingView market-cap BTC.D.
1754611200000,2025-08-08 00:00:00,2025-08-08 09:00:00,4293.1,4312.3,4149.5,4208.0,42.9310,43.1230,41.4950,42.0800,42.0800%,5695.789,Binance BTCDOM index raw value divided by 100 for percent-style display; not CMC/TradingView market-cap BTC.D.
1754697600000,2025-08-09 00:00:00,2025-08-09 09:00:00,4208.1,4208.3,4046.9,4085.4,42.0810,42.0830,40.4690,40.8540,40.8540%,6146.873,Binance BTCDOM index raw value divided by 100 for percent-style display; not CMC/TradingView market-cap BTC.D.
1754784000000,2025-08-10 00:00:00,2025-08-10 09:00:00,4085.7,4233.0,4043.1,4189.2,40.8570,42.3300,40.4310,41.8920,41.8920%,4641.015,Binance BTCDOM index raw value divided by 100 for percent-style display; not CMC/TradingView market-cap BTC.D.
1754870400000,2025-08-11 00:00:00,2025-08-11 09:00:00,4189.1,4286.6,4146.8,4235.9,41.8910,42.8660,41.4680,42.3590,42.3590%,5824.904,Binance BTCDOM index raw value divided by 100 for percent-style display; not CMC/TradingView market-cap BTC.D.
1754956800000,2025-08-12 00:00:00,2025-08-12 09:00:00,4235.8,4237.7,3976.4,4006.9,42.3580,42.3770,39.7640,40.0690,40.0690%,4966.372,Binance BTCDOM index raw value divided by 100 for percent-style display; not CMC/TradingView market-cap BTC.D.
1755043200000,2025-08-13 00:00:00,2025-08-13 09:00:00,4007.3,4023.8,3900.0,4007.3,40.0730,40.2380,39.0000,40.0730,40.0730%,6793.784,Binance BTCDOM index raw value divided by 100 for percent-style display; not CMC/TradingView market-cap BTC.D.
1755129600000,2025-08-14 00:00:00,2025-08-14 09:00:00,4007.4,4068.7,3912.2,4018.7,40.0740,40.6870,39.1220,40.1870,40.1870%,8370.532,Binance BTCDOM index raw value divided by 100 for percent-style display; not CMC/TradingView market-cap BTC.D.
1755216000000,2025-08-15 00:00:00,2025-08-15 09:00:00,4018.7,4108.2,3955.4,4049.0,40.1870,41.0820,39.5540,40.4900,40.4900%,5342.855,Binance BTCDOM index raw value divided by 100 for percent-style display; not CMC/TradingView market-cap BTC.D.
1755302400000,2025-08-16 00:00:00,2025-08-16 09:00:00,4049.0,4087.7,4019.6,4038.3,40.4900,40.8770,40.1960,40.3830,40.3830%,2180.069,Binance BTCDOM index raw value divided by 100 for percent-style display; not CMC/TradingView market-cap BTC.D.
1755388800000,2025-08-17 00:00:00,2025-08-17 09:00:00,4038.3,4056.3,3947.2,3993.6,40.3830,40.5630,39.4720,39.9360,39.9360%,3093.272,Binance BTCDOM index raw value divided by 100 for percent-style display; not CMC/TradingView market-cap BTC.D.
1755475200000,2025-08-18 00:00:00,2025-08-18 09:00:00,3993.9,4150.0,3990.7,4072.1,39.9390,41.5000,39.9070,40.7210,40.7210%,4519.161,Binance BTCDOM index raw value divided by 100 for percent-style display; not CMC/TradingView market-cap BTC.D.
1755561600000,2025-08-19 00:00:00,2025-08-19 09:00:00,4072.1,4174.8,4052.4,4171.7,40.7210,41.7480,40.5240,41.7170,41.7170%,3171.288,Binance BTCDOM index raw value divided by 100 for percent-style display; not CMC/TradingView market-cap BTC.D.
1755648000000,2025-08-20 00:00:00,2025-08-20 09:00:00,4171.3,4173.0,3980.8,4007.1,41.7130,41.7300,39.8080,40.0710,40.0710%,3995.927,Binance BTCDOM index raw value divided by 100 for percent-style display; not CMC/TradingView market-cap BTC.D.
1755734400000,2025-08-21 00:00:00,2025-08-21 09:00:00,4007.1,4065.7,4002.1,4060.6,40.0710,40.6570,40.0210,40.6060,40.6060%,3365.654,Binance BTCDOM index raw value divided by 100 for percent-style display; not CMC/TradingView market-cap BTC.D.
1755820800000,2025-08-22 00:00:00,2025-08-22 09:00:00,4060.6,4081.8,3768.6,3796.8,40.6060,40.8180,37.6860,37.9680,37.9680%,8913.408,Binance BTCDOM index raw value divided by 100 for percent-style display; not CMC/TradingView market-cap BTC.D.
1755907200000,2025-08-23 00:00:00,2025-08-23 09:00:00,3796.9,3876.1,3766.2,3782.5,37.9690,38.7610,37.6620,37.8250,37.8250%,3419.943,Binance BTCDOM index raw value divided by 100 for percent-style display; not CMC/TradingView market-cap BTC.D.
1755993600000,2025-08-24 00:00:00,2025-08-24 09:00:00,3782.5,3830.0,3647.3,3734.0,37.8250,38.3000,36.4730,37.3400,37.3400%,6321.689,Binance BTCDOM index raw value divided by 100 for percent-style display; not CMC/TradingView market-cap BTC.D.
1756080000000,2025-08-25 00:00:00,2025-08-25 09:00:00,3734.0,3936.1,3713.9,3919.1,37.3400,39.3610,37.1390,39.1910,39.1910%,6218.942,Binance BTCDOM index raw value divided by 100 for percent-style display; not CMC/TradingView market-cap BTC.D.
1756166400000,2025-08-26 00:00:00,2025-08-26 09:00:00,3919.1,3924.7,3766.4,3807.6,39.1910,39.2470,37.6640,38.0760,38.0760%,3747.579,Binance BTCDOM index raw value divided by 100 for percent-style display; not CMC/TradingView market-cap BTC.D.
1756252800000,2025-08-27 00:00:00,2025-08-27 09:00:00,3807.4,3837.8,3755.4,3832.3,38.0740,38.3780,37.5540,38.3230,38.3230%,4111.346,Binance BTCDOM index raw value divided by 100 for percent-style display; not CMC/TradingView market-cap BTC.D.
1756339200000,2025-08-28 00:00:00,2025-08-28 09:00:00,3831.8,3877.2,3722.0,3834.7,38.3180,38.7720,37.2200,38.3470,38.3470%,2616.367,Binance BTCDOM index raw value divided by 100 for percent-style display; not CMC/TradingView market-cap BTC.D.
1756425600000,2025-08-29 00:00:00,2025-08-29 09:00:00,3836.2,3896.9,3816.7,3832.8,38.3620,38.9690,38.1670,38.3280,38.3280%,4226.319,Binance BTCDOM index raw value divided by 100 for percent-style display; not CMC/TradingView market-cap BTC.D.
1756512000000,2025-08-30 00:00:00,2025-08-30 09:00:00,3832.8,3880.5,3804.4,3845.0,38.3280,38.8050,38.0440,38.4500,38.4500%,2300.258,Binance BTCDOM index raw value divided by 100 for percent-style display; not CMC/TradingView market-cap BTC.D.
1756598400000,2025-08-31 00:00:00,2025-08-31 09:00:00,3845.0,3848.9,3770.8,3841.6,38.4500,38.4890,37.7080,38.4160,38.4160%,2452.826,Binance BTCDOM index raw value divided by 100 for percent-style display; not CMC/TradingView market-cap BTC.D.
1756684800000,2025-09-01 00:00:00,2025-09-01 09:00:00,3841.9,3966.1,3814.9,3935.7,38.4190,39.6610,38.1490,39.3570,39.3570%,4614.533,Binance BTCDOM index raw value divided by 100 for percent-style display; not CMC/TradingView market-cap BTC.D.
1756771200000,2025-09-02 00:00:00,2025-09-02 09:00:00,3935.7,3988.9,3886.1,3927.4,39.3570,39.8890,38.8610,39.2740,39.2740%,3417.409,Binance BTCDOM index raw value divided by 100 for percent-style display; not CMC/TradingView market-cap BTC.D.
1756857600000,2025-09-03 00:00:00,2025-09-03 09:00:00,3927.4,3960.5,3872.4,3888.1,39.2740,39.6050,38.7240,38.8810,38.8810%,2447.981,Binance BTCDOM index raw value divided by 100 for percent-style display; not CMC/TradingView market-cap BTC.D.
1756944000000,2025-09-04 00:00:00,2025-09-04 09:00:00,3888.0,3971.8,3881.1,3971.1,38.8800,39.7180,38.8110,39.7110,39.7110%,2091.985,Binance BTCDOM index raw value divided by 100 for percent-style display; not CMC/TradingView market-cap BTC.D.
1757030400000,2025-09-05 00:00:00,2025-09-05 09:00:00,3971.1,3992.1,3919.0,3946.0,39.7110,39.9210,39.1900,39.4600,39.4600%,3234.493,Binance BTCDOM index raw value divided by 100 for percent-style display; not CMC/TradingView market-cap BTC.D.
1757116800000,2025-09-06 00:00:00,2025-09-06 09:00:00,3946.0,3969.7,3934.9,3955.2,39.4600,39.6970,39.3490,39.5520,39.5520%,1380.661,Binance BTCDOM index raw value divided by 100 for percent-style display; not CMC/TradingView market-cap BTC.D.
1757203200000,2025-09-07 00:00:00,2025-09-07 09:00:00,3955.2,3963.8,3910.7,3920.8,39.5520,39.6380,39.1070,39.2080,39.2080%,1636.055,Binance BTCDOM index raw value divided by 100 for percent-style display; not CMC/TradingView market-cap BTC.D.
1757289600000,2025-09-08 00:00:00,2025-09-08 09:00:00,3920.2,3933.4,3881.0,3906.2,39.2020,39.3340,38.8100,39.0620,39.0620%,2699.276,Binance BTCDOM index raw value divided by 100 for percent-style display; not CMC/TradingView market-cap BTC.D.
1757376000000,2025-09-09 00:00:00,2025-09-09 09:00:00,3906.8,3914.5,3866.8,3883.7,39.0680,39.1450,38.6680,38.8370,38.8370%,3356.886,Binance BTCDOM index raw value divided by 100 for percent-style display; not CMC/TradingView market-cap BTC.D.
1757462400000,2025-09-10 00:00:00,2025-09-10 09:00:00,3883.7,3934.1,3855.8,3909.5,38.8370,39.3410,38.5580,39.0950,39.0950%,2862.536,Binance BTCDOM index raw value divided by 100 for percent-style display; not CMC/TradingView market-cap BTC.D.
1757548800000,2025-09-11 00:00:00,2025-09-11 09:00:00,3909.5,3916.0,3828.0,3878.5,39.0950,39.1600,38.2800,38.7850,38.7850%,3214.786,Binance BTCDOM index raw value divided by 100 for percent-style display; not CMC/TradingView market-cap BTC.D.
1757635200000,2025-09-12 00:00:00,2025-09-12 09:00:00,3878.5,3888.4,3728.3,3738.8,38.7850,38.8840,37.2830,37.3880,37.3880%,3895.717,Binance BTCDOM index raw value divided by 100 for percent-style display; not CMC/TradingView market-cap BTC.D.
1757721600000,2025-09-13 00:00:00,2025-09-13 09:00:00,3738.7,3764.9,3675.5,3733.7,37.3870,37.6490,36.7550,37.3370,37.3370%,2549.810,Binance BTCDOM index raw value divided by 100 for percent-style display; not CMC/TradingView market-cap BTC.D.
1757808000000,2025-09-14 00:00:00,2025-09-14 09:00:00,3733.7,3798.8,3707.7,3784.0,37.3370,37.9880,37.0770,37.8400,37.8400%,3005.215,Binance BTCDOM index raw value divided by 100 for percent-style display; not CMC/TradingView market-cap BTC.D.
1757894400000,2025-09-15 00:00:00,2025-09-15 09:00:00,3784.1,3874.4,3752.6,3850.7,37.8410,38.7440,37.5260,38.5070,38.5070%,3171.703,Binance BTCDOM index raw value divided by 100 for percent-style display; not CMC/TradingView market-cap BTC.D.
1757980800000,2025-09-16 00:00:00,2025-09-16 09:00:00,3850.8,3909.4,3826.0,3874.6,38.5080,39.0940,38.2600,38.7460,38.7460%,2396.370,Binance BTCDOM index raw value divided by 100 for percent-style display; not CMC/TradingView market-cap BTC.D.
1758067200000,2025-09-17 00:00:00,2025-09-17 09:00:00,3874.5,4000.0,3758.8,3771.2,38.7450,40.0000,37.5880,37.7120,37.7120%,3823.042,Binance BTCDOM index raw value divided by 100 for percent-style display; not CMC/TradingView market-cap BTC.D.
1758153600000,2025-09-18 00:00:00,2025-09-18 09:00:00,3771.5,3815.7,3750.0,3782.0,37.7150,38.1570,37.5000,37.8200,37.8200%,2812.201,Binance BTCDOM index raw value divided by 100 for percent-style display; not CMC/TradingView market-cap BTC.D.
1758240000000,2025-09-19 00:00:00,2025-09-19 09:00:00,3782.1,3861.6,3768.4,3839.7,37.8210,38.6160,37.6840,38.3970,38.3970%,2368.356,Binance BTCDOM index raw value divided by 100 for percent-style display; not CMC/TradingView market-cap BTC.D.
1758326400000,2025-09-20 00:00:00,2025-09-20 09:00:00,3839.7,3877.6,3806.3,3812.0,38.3970,38.7760,38.0630,38.1200,38.1200%,1555.189,Binance BTCDOM index raw value divided by 100 for percent-style display; not CMC/TradingView market-cap BTC.D.
1758412800000,2025-09-21 00:00:00,2025-09-21 09:00:00,3812.1,3831.2,3783.5,3827.4,38.1210,38.3120,37.8350,38.2740,38.2740%,1577.072,Binance BTCDOM index raw value divided by 100 for percent-style display; not CMC/TradingView market-cap BTC.D.
1758499200000,2025-09-22 00:00:00,2025-09-22 09:00:00,3826.9,4185.7,3824.7,3954.2,38.2690,41.8570,38.2470,39.5420,39.5420%,5930.629,Binance BTCDOM index raw value divided by 100 for percent-style display; not CMC/TradingView market-cap BTC.D.
1758585600000,2025-09-23 00:00:00,2025-09-23 09:00:00,3954.1,4006.6,3928.4,3967.7,39.5410,40.0660,39.2840,39.6770,39.6770%,1803.550,Binance BTCDOM index raw value divided by 100 for percent-style display; not CMC/TradingView market-cap BTC.D.
1758672000000,2025-09-24 00:00:00,2025-09-24 09:00:00,3967.2,4023.0,3948.0,3995.6,39.6720,40.2300,39.4800,39.9560,39.9560%,1797.184,Binance BTCDOM index raw value divided by 100 for percent-style display; not CMC/TradingView market-cap BTC.D.
1758758400000,2025-09-25 00:00:00,2025-09-25 09:00:00,3997.0,4250.0,3992.0,4124.6,39.9700,42.5000,39.9200,41.2460,41.2460%,5462.565,Binance BTCDOM index raw value divided by 100 for percent-style display; not CMC/TradingView market-cap BTC.D.
1758844800000,2025-09-26 00:00:00,2025-09-26 09:00:00,4124.3,4251.0,4005.1,4009.0,41.2430,42.5100,40.0510,40.0900,40.0900%,3097.960,Binance BTCDOM index raw value divided by 100 for percent-style display; not CMC/TradingView market-cap BTC.D.
1758931200000,2025-09-27 00:00:00,2025-09-27 09:00:00,4007.9,4043.9,3997.5,4016.5,40.0790,40.4390,39.9750,40.1650,40.1650%,1378.752,Binance BTCDOM index raw value divided by 100 for percent-style display; not CMC/TradingView market-cap BTC.D.
1759017600000,2025-09-28 00:00:00,2025-09-28 09:00:00,4015.6,4061.8,3997.3,3998.4,40.1560,40.6180,39.9730,39.9840,39.9840%,1731.970,Binance BTCDOM index raw value divided by 100 for percent-style display; not CMC/TradingView market-cap BTC.D.
1759104000000,2025-09-29 00:00:00,2025-09-29 09:00:00,3999.5,4067.1,3990.9,4017.8,39.9950,40.6710,39.9090,40.1780,40.1780%,2206.401,Binance BTCDOM index raw value divided by 100 for percent-style display; not CMC/TradingView market-cap BTC.D.
1759190400000,2025-09-30 00:00:00,2025-09-30 09:00:00,4016.8,4100.5,4012.1,4073.8,40.1680,41.0050,40.1210,40.7380,40.7380%,1870.623,Binance BTCDOM index raw value divided by 100 for percent-style display; not CMC/TradingView market-cap BTC.D.
1759276800000,2025-10-01 00:00:00,2025-10-01 09:00:00,4073.6,4107.4,4005.9,4050.4,40.7360,41.0740,40.0590,40.5040,40.5040%,2287.995,Binance BTCDOM index raw value divided by 100 for percent-style display; not CMC/TradingView market-cap BTC.D.
1759363200000,2025-10-02 00:00:00,2025-10-02 09:00:00,4050.4,4062.7,3960.0,3971.6,40.5040,40.6270,39.6000,39.7160,39.7160%,2932.439,Binance BTCDOM index raw value divided by 100 for percent-style display; not CMC/TradingView market-cap BTC.D.
1759449600000,2025-10-03 00:00:00,2025-10-03 09:00:00,3972.0,4035.5,3930.6,3988.3,39.7200,40.3550,39.3060,39.8830,39.8830%,2475.087,Binance BTCDOM index raw value divided by 100 for percent-style display; not CMC/TradingView market-cap BTC.D.
1759536000000,2025-10-04 00:00:00,2025-10-04 09:00:00,3988.1,4127.0,3982.3,4058.3,39.8810,41.2700,39.8230,40.5830,40.5830%,1614.501,Binance BTCDOM index raw value divided by 100 for percent-style display; not CMC/TradingView market-cap BTC.D.
1759622400000,2025-10-05 00:00:00,2025-10-05 09:00:00,4058.3,4080.5,4006.4,4077.1,40.5830,40.8050,40.0640,40.7710,40.7710%,1715.245,Binance BTCDOM index raw value divided by 100 for percent-style display; not CMC/TradingView market-cap BTC.D.
1759708800000,2025-10-06 00:00:00,2025-10-06 09:00:00,4077.2,4090.2,3973.0,3990.0,40.7720,40.9020,39.7300,39.9000,39.9000%,2411.571,Binance BTCDOM index raw value divided by 100 for percent-style display; not CMC/TradingView market-cap BTC.D.
1759795200000,2025-10-07 00:00:00,2025-10-07 09:00:00,3990.7,4056.0,3945.8,4049.6,39.9070,40.5600,39.4580,40.4960,40.4960%,2784.551,Binance BTCDOM index raw value divided by 100 for percent-style display; not CMC/TradingView market-cap BTC.D.
1759881600000,2025-10-08 00:00:00,2025-10-08 09:00:00,4049.5,4100.0,4028.5,4040.9,40.4950,41.0000,40.2850,40.4090,40.4090%,2139.842,Binance BTCDOM index raw value divided by 100 for percent-style display; not CMC/TradingView market-cap BTC.D.
1759968000000,2025-10-09 00:00:00,2025-10-09 09:00:00,4041.0,4170.4,4035.7,4123.9,40.4100,41.7040,40.3570,41.2390,41.2390%,2586.170,Binance BTCDOM index raw value divided by 100 for percent-style display; not CMC/TradingView market-cap BTC.D.
1760054400000,2025-10-10 00:00:00,2025-10-10 09:00:00,4123.5,5380.0,4085.4,4464.5,41.2350,53.8000,40.8540,44.6450,44.6450%,12179.967,Binance BTCDOM index raw value divided by 100 for percent-style display; not CMC/TradingView market-cap BTC.D.
1760140800000,2025-10-11 00:00:00,2025-10-11 09:00:00,4465.1,4519.9,4323.6,4439.6,44.6510,45.1990,43.2360,44.3960,44.3960%,5687.464,Binance BTCDOM index raw value divided by 100 for percent-style display; not CMC/TradingView market-cap BTC.D.
1760227200000,2025-10-12 00:00:00,2025-10-12 09:00:00,4439.7,4495.9,4130.3,4174.4,44.3970,44.9590,41.3030,41.7440,41.7440%,6176.066,Binance BTCDOM index raw value divided by 100 for percent-style display; not CMC/TradingView market-cap BTC.D.
1760313600000,2025-10-13 00:00:00,2025-10-13 09:00:00,4175.0,4212.6,4067.8,4083.4,41.7500,42.1260,40.6780,40.8340,40.8340%,4507.146,Binance BTCDOM index raw value divided by 100 for percent-style display; not CMC/TradingView market-cap BTC.D.
1760400000000,2025-10-14 00:00:00,2025-10-14 09:00:00,4082.8,4271.3,4058.5,4161.0,40.8280,42.7130,40.5850,41.6100,41.6100%,5708.300,Binance BTCDOM index raw value divided by 100 for percent-style display; not CMC/TradingView market-cap BTC.D.
1760486400000,2025-10-15 00:00:00,2025-10-15 09:00:00,4161.0,4272.4,4100.0,4229.5,41.6100,42.7240,41.0000,42.2950,42.2950%,2999.034,Binance BTCDOM index raw value divided by 100 for percent-style display; not CMC/TradingView market-cap BTC.D.
1760572800000,2025-10-16 00:00:00,2025-10-16 09:00:00,4230.3,4284.5,4173.2,4254.0,42.3030,42.8450,41.7320,42.5400,42.5400%,2911.232,Binance BTCDOM index raw value divided by 100 for percent-style display; not CMC/TradingView market-cap BTC.D.
1760659200000,2025-10-17 00:00:00,2025-10-17 09:00:00,4254.7,4383.8,4224.3,4294.7,42.5470,43.8380,42.2430,42.9470,42.9470%,4010.260,Binance BTCDOM index raw value divided by 100 for percent-style display; not CMC/TradingView market-cap BTC.D.
1760745600000,2025-10-18 00:00:00,2025-10-18 09:00:00,4294.8,4297.5,4196.5,4238.8,42.9480,42.9750,41.9650,42.3880,42.3880%,1579.092,Binance BTCDOM index raw value divided by 100 for percent-style display; not CMC/TradingView market-cap BTC.D.
1760832000000,2025-10-19 00:00:00,2025-10-19 09:00:00,4238.9,4264.5,4162.8,4215.1,42.3890,42.6450,41.6280,42.1510,42.1510%,1989.581,Binance BTCDOM index raw value divided by 100 for percent-style display; not CMC/TradingView market-cap BTC.D.
1760918400000,2025-10-20 00:00:00,2025-10-20 09:00:00,4215.9,4310.5,4197.3,4256.0,42.1590,43.1050,41.9730,42.5600,42.5600%,1901.070,Binance BTCDOM index raw value divided by 100 for percent-style display; not CMC/TradingView market-cap BTC.D.
1761004800000,2025-10-21 00:00:00,2025-10-21 09:00:00,4255.9,4320.8,4248.7,4290.7,42.5590,43.2080,42.4870,42.9070,42.9070%,2518.229,Binance BTCDOM index raw value divided by 100 for percent-style display; not CMC/TradingView market-cap BTC.D.
1761091200000,2025-10-22 00:00:00,2025-10-22 09:00:00,4290.7,4380.0,4276.9,4331.9,42.9070,43.8000,42.7690,43.3190,43.3190%,2526.034,Binance BTCDOM index raw value divided by 100 for percent-style display; not CMC/TradingView market-cap BTC.D.
1761177600000,2025-10-23 00:00:00,2025-10-23 09:00:00,4331.2,4350.8,4282.6,4327.1,43.3120,43.5080,42.8260,43.2710,43.2710%,2040.082,Binance BTCDOM index raw value divided by 100 for percent-style display; not CMC/TradingView market-cap BTC.D.
1761264000000,2025-10-24 00:00:00,2025-10-24 09:00:00,4327.2,4338.1,4253.7,4294.7,43.2720,43.3810,42.5370,42.9470,42.9470%,2055.816,Binance BTCDOM index raw value divided by 100 for percent-style display; not CMC/TradingView market-cap BTC.D.
1761350400000,2025-10-25 00:00:00,2025-10-25 09:00:00,4294.6,4316.9,4265.7,4283.2,42.9460,43.1690,42.6570,42.8320,42.8320%,895.552,Binance BTCDOM index raw value divided by 100 for percent-style display; not CMC/TradingView market-cap BTC.D.
1761436800000,2025-10-26 00:00:00,2025-10-26 09:00:00,4283.7,4294.9,4212.2,4230.8,42.8370,42.9490,42.1220,42.3080,42.3080%,1867.416,Binance BTCDOM index raw value divided by 100 for percent-style display; not CMC/TradingView market-cap BTC.D.
1761523200000,2025-10-27 00:00:00,2025-10-27 09:00:00,4230.8,4270.0,4179.0,4248.9,42.3080,42.7000,41.7900,42.4890,42.4890%,2092.931,Binance BTCDOM index raw value divided by 100 for percent-style display; not CMC/TradingView market-cap BTC.D.
1761609600000,2025-10-28 00:00:00,2025-10-28 09:00:00,4249.1,4354.8,4230.7,4322.2,42.4910,43.5480,42.3070,43.2220,43.2220%,1867.881,Binance BTCDOM index raw value divided by 100 for percent-style display; not CMC/TradingView market-cap BTC.D.
1761696000000,2025-10-29 00:00:00,2025-10-29 09:00:00,4322.5,4333.9,4180.0,4251.4,43.2250,43.3390,41.8000,42.5140,42.5140%,2960.298,Binance BTCDOM index raw value divided by 100 for percent-style display; not CMC/TradingView market-cap BTC.D.
1761782400000,2025-10-30 00:00:00,2025-10-30 09:00:00,4251.7,4430.0,4226.2,4338.6,42.5170,44.3000,42.2620,43.3860,43.3860%,3066.637,Binance BTCDOM index raw value divided by 100 for percent-style display; not CMC/TradingView market-cap BTC.D.
1761868800000,2025-10-31 00:00:00,2025-10-31 09:00:00,4338.3,4356.8,4282.6,4317.2,43.3830,43.5680,42.8260,43.1720,43.1720%,1717.893,Binance BTCDOM index raw value divided by 100 for percent-style display; not CMC/TradingView market-cap BTC.D.
1761955200000,2025-11-01 00:00:00,2025-11-01 09:00:00,4317.3,4338.6,4311.5,4316.4,43.1730,43.3860,43.1150,43.1640,43.1640%,955.711,Binance BTCDOM index raw value divided by 100 for percent-style display; not CMC/TradingView market-cap BTC.D.
1762041600000,2025-11-02 00:00:00,2025-11-02 09:00:00,4316.8,4373.4,4314.1,4320.1,43.1680,43.7340,43.1410,43.2010,43.2010%,1387.411,Binance BTCDOM index raw value divided by 100 for percent-style display; not CMC/TradingView market-cap BTC.D.
1762128000000,2025-11-03 00:00:00,2025-11-03 09:00:00,4320.6,4603.6,4316.9,4560.5,43.2060,46.0360,43.1690,45.6050,45.6050%,4760.956,Binance BTCDOM index raw value divided by 100 for percent-style display; not CMC/TradingView market-cap BTC.D.
1762214400000,2025-11-04 00:00:00,2025-11-04 09:00:00,4560.6,4829.9,4504.5,4650.2,45.6060,48.2990,45.0450,46.5020,46.5020%,7635.420,Binance BTCDOM index raw value divided by 100 for percent-style display; not CMC/TradingView market-cap BTC.D.
1762300800000,2025-11-05 00:00:00,2025-11-05 09:00:00,4649.6,4747.0,4536.7,4567.9,46.4960,47.4700,45.3670,45.6790,45.6790%,3651.264,Binance BTCDOM index raw value divided by 100 for percent-style display; not CMC/TradingView market-cap BTC.D.
1762387200000,2025-11-06 00:00:00,2025-11-06 09:00:00,4567.2,4669.4,4534.4,4602.3,45.6720,46.6940,45.3440,46.0230,46.0230%,2287.299,Binance BTCDOM index raw value divided by 100 for percent-style display; not CMC/TradingView market-cap BTC.D.
1762473600000,2025-11-07 00:00:00,2025-11-07 09:00:00,4602.6,4653.7,4443.3,4485.9,46.0260,46.5370,44.4330,44.8590,44.8590%,3362.341,Binance BTCDOM index raw value divided by 100 for percent-style display; not CMC/TradingView market-cap BTC.D.
1762560000000,2025-11-08 00:00:00,2025-11-08 09:00:00,4485.7,4522.4,4408.2,4488.5,44.8570,45.2240,44.0820,44.8850,44.8850%,2209.464,Binance BTCDOM index raw value divided by 100 for percent-style display; not CMC/TradingView market-cap BTC.D.
1762646400000,2025-11-09 00:00:00,2025-11-09 09:00:00,4488.5,4531.4,4424.6,4435.6,44.8850,45.3140,44.2460,44.3560,44.3560%,1601.446,Binance BTCDOM index raw value divided by 100 for percent-style display; not CMC/TradingView market-cap BTC.D.
1762732800000,2025-11-10 00:00:00,2025-11-10 09:00:00,4435.0,4456.7,4384.6,4438.0,44.3500,44.5670,43.8460,44.3800,44.3800%,2089.601,Binance BTCDOM index raw value divided by 100 for percent-style display; not CMC/TradingView market-cap BTC.D.
1762819200000,2025-11-11 00:00:00,2025-11-11 09:00:00,4438.8,4534.5,4391.8,4531.8,44.3880,45.3450,43.9180,45.3180,45.3180%,2288.752,Binance BTCDOM index raw value divided by 100 for percent-style display; not CMC/TradingView market-cap BTC.D.
1762905600000,2025-11-12 00:00:00,2025-11-12 09:00:00,4531.7,4537.8,4444.6,4482.0,45.3170,45.3780,44.4460,44.8200,44.8200%,2738.135,Binance BTCDOM index raw value divided by 100 for percent-style display; not CMC/TradingView market-cap BTC.D.
1762992000000,2025-11-13 00:00:00,2025-11-13 09:00:00,4481.7,4632.0,4396.4,4587.3,44.8170,46.3200,43.9640,45.8730,45.8730%,3342.880,Binance BTCDOM index raw value divided by 100 for percent-style display; not CMC/TradingView market-cap BTC.D.
1763078400000,2025-11-14 00:00:00,2025-11-14 09:00:00,4586.4,4619.1,4425.4,4499.8,45.8640,46.1910,44.2540,44.9980,44.9980%,3445.750,Binance BTCDOM index raw value divided by 100 for percent-style display; not CMC/TradingView market-cap BTC.D.
1763164800000,2025-11-15 00:00:00,2025-11-15 09:00:00,4500.1,4513.3,4447.9,4484.7,45.0010,45.1330,44.4790,44.8470,44.8470%,1005.725,Binance BTCDOM index raw value divided by 100 for percent-style display; not CMC/TradingView market-cap BTC.D.
1763251200000,2025-11-16 00:00:00,2025-11-16 09:00:00,4484.7,4587.5,4430.0,4508.9,44.8470,45.8750,44.3000,45.0890,45.0890%,2726.429,Binance BTCDOM index raw value divided by 100 for percent-style display; not CMC/TradingView market-cap BTC.D.
1763337600000,2025-11-17 00:00:00,2025-11-17 09:00:00,4509.8,4570.6,4438.1,4516.8,45.0980,45.7060,44.3810,45.1680,45.1680%,3414.679,Binance BTCDOM index raw value divided by 100 for percent-style display; not CMC/TradingView market-cap BTC.D.
1763424000000,2025-11-18 00:00:00,2025-11-18 09:00:00,4514.7,4536.0,4378.0,4407.8,45.1470,45.3600,43.7800,44.0780,44.0780%,3218.395,Binance BTCDOM index raw value divided by 100 for percent-style display; not CMC/TradingView market-cap BTC.D.
1763510400000,2025-11-19 00:00:00,2025-11-19 09:00:00,4407.9,4559.2,4388.7,4496.9,44.0790,45.5920,43.8870,44.9690,44.9690%,2730.487,Binance BTCDOM index raw value divided by 100 for percent-style display; not CMC/TradingView market-cap BTC.D.
1763596800000,2025-11-20 00:00:00,2025-11-20 09:00:00,4497.0,4527.1,4451.4,4481.4,44.9700,45.2710,44.5140,44.8140,44.8140%,2503.586,Binance BTCDOM index raw value divided by 100 for percent-style display; not CMC/TradingView market-cap BTC.D.
1763683200000,2025-11-21 00:00:00,2025-11-21 09:00:00,4481.4,4596.3,4451.1,4551.2,44.8140,45.9630,44.5110,45.5120,45.5120%,4052.586,Binance BTCDOM index raw value divided by 100 for percent-style display; not CMC/TradingView market-cap BTC.D.
1763769600000,2025-11-22 00:00:00,2025-11-22 09:00:00,4551.9,4590.0,4520.0,4536.6,45.5190,45.9000,45.2000,45.3660,45.3660%,1243.648,Binance BTCDOM index raw value divided by 100 for percent-style display; not CMC/TradingView market-cap BTC.D.
1763856000000,2025-11-23 00:00:00,2025-11-23 09:00:00,4536.7,4562.5,4494.7,4553.9,45.3670,45.6250,44.9470,45.5390,45.5390%,892.786,Binance BTCDOM index raw value divided by 100 for percent-style display; not CMC/TradingView market-cap BTC.D.
1763942400000,2025-11-24 00:00:00,2025-11-24 09:00:00,4555.1,4574.0,4381.0,4417.3,45.5510,45.7400,43.8100,44.1730,44.1730%,2454.917,Binance BTCDOM index raw value divided by 100 for percent-style display; not CMC/TradingView market-cap BTC.D.
1764028800000,2025-11-25 00:00:00,2025-11-25 09:00:00,4417.2,4458.5,4366.0,4375.5,44.1720,44.5850,43.6600,43.7550,43.7550%,1198.288,Binance BTCDOM index raw value divided by 100 for percent-style display; not CMC/TradingView market-cap BTC.D.
1764115200000,2025-11-26 00:00:00,2025-11-26 09:00:00,4375.6,4437.0,4371.3,4432.1,43.7560,44.3700,43.7130,44.3210,44.3210%,980.731,Binance BTCDOM index raw value divided by 100 for percent-style display; not CMC/TradingView market-cap BTC.D.
1764201600000,2025-11-27 00:00:00,2025-11-27 09:00:00,4432.2,4520.0,4417.0,4498.7,44.3220,45.2000,44.1700,44.9870,44.9870%,1305.079,Binance BTCDOM index raw value divided by 100 for percent-style display; not CMC/TradingView market-cap BTC.D.
1764288000000,2025-11-28 00:00:00,2025-11-28 09:00:00,4498.7,4525.0,4457.2,4500.4,44.9870,45.2500,44.5720,45.0040,45.0040%,1029.505,Binance BTCDOM index raw value divided by 100 for percent-style display; not CMC/TradingView market-cap BTC.D.
1764374400000,2025-11-29 00:00:00,2025-11-29 09:00:00,4500.3,4542.5,4488.9,4541.5,45.0030,45.4250,44.8890,45.4150,45.4150%,534.965,Binance BTCDOM index raw value divided by 100 for percent-style display; not CMC/TradingView market-cap BTC.D.
1764460800000,2025-11-30 00:00:00,2025-11-30 09:00:00,4541.5,4557.5,4493.8,4546.6,45.4150,45.5750,44.9380,45.4660,45.4660%,962.655,Binance BTCDOM index raw value divided by 100 for percent-style display; not CMC/TradingView market-cap BTC.D.
1764547200000,2025-12-01 00:00:00,2025-12-01 09:00:00,4546.2,4650.0,4526.2,4623.1,45.4620,46.5000,45.2620,46.2310,46.2310%,2397.520,Binance BTCDOM index raw value divided by 100 for percent-style display; not CMC/TradingView market-cap BTC.D.
1764633600000,2025-12-02 00:00:00,2025-12-02 09:00:00,4623.2,4665.9,4518.0,4568.7,46.2320,46.6590,45.1800,45.6870,45.6870%,2235.802,Binance BTCDOM index raw value divided by 100 for percent-style display; not CMC/TradingView market-cap BTC.D.
1764720000000,2025-12-03 00:00:00,2025-12-03 09:00:00,4568.8,4598.4,4461.5,4464.7,45.6880,45.9840,44.6150,44.6470,44.6470%,1941.114,Binance BTCDOM index raw value divided by 100 for percent-style display; not CMC/TradingView market-cap BTC.D.
1764806400000,2025-12-04 00:00:00,2025-12-04 09:00:00,4464.0,4527.2,4423.0,4508.1,44.6400,45.2720,44.2300,45.0810,45.0810%,1925.672,Binance BTCDOM index raw value divided by 100 for percent-style display; not CMC/TradingView market-cap BTC.D.
1764892800000,2025-12-05 00:00:00,2025-12-05 09:00:00,4508.1,4546.9,4461.7,4523.3,45.0810,45.4690,44.6170,45.2330,45.2330%,2429.762,Binance BTCDOM index raw value divided by 100 for percent-style display; not CMC/TradingView market-cap BTC.D.
1764979200000,2025-12-06 00:00:00,2025-12-06 09:00:00,4522.8,4541.9,4493.4,4499.2,45.2280,45.4190,44.9340,44.9920,44.9920%,962.450,Binance BTCDOM index raw value divided by 100 for percent-style display; not CMC/TradingView market-cap BTC.D.
1765065600000,2025-12-07 00:00:00,2025-12-07 09:00:00,4499.2,4574.6,4481.8,4543.4,44.9920,45.7460,44.8180,45.4340,45.4340%,1329.271,Binance BTCDOM index raw value divided by 100 for percent-style display; not CMC/TradingView market-cap BTC.D.
1765152000000,2025-12-08 00:00:00,2025-12-08 09:00:00,4543.4,4549.1,4439.3,4484.1,45.4340,45.4910,44.3930,44.8410,44.8410%,1127.963,Binance BTCDOM index raw value divided by 100 for percent-style display; not CMC/TradingView market-cap BTC.D.
1765238400000,2025-12-09 00:00:00,2025-12-09 09:00:00,4483.8,4500.0,4371.0,4412.0,44.8380,45.0000,43.7100,44.1200,44.1200%,1639.257,Binance BTCDOM index raw value divided by 100 for percent-style display; not CMC/TradingView market-cap BTC.D.
1765324800000,2025-12-10 00:00:00,2025-12-10 09:00:00,4412.1,4440.6,4368.8,4425.1,44.1210,44.4060,43.6880,44.2510,44.2510%,1303.268,Binance BTCDOM index raw value divided by 100 for percent-style display; not CMC/TradingView market-cap BTC.D.
1765411200000,2025-12-11 00:00:00,2025-12-11 09:00:00,4426.1,4532.6,4421.7,4518.5,44.2610,45.3260,44.2170,45.1850,45.1850%,1730.183,Binance BTCDOM index raw value divided by 100 for percent-style display; not CMC/TradingView market-cap BTC.D.
1765497600000,2025-12-12 00:00:00,2025-12-12 09:00:00,4518.4,4583.5,4487.2,4554.5,45.1840,45.8350,44.8720,45.5450,45.5450%,1710.110,Binance BTCDOM index raw value divided by 100 for percent-style display; not CMC/TradingView market-cap BTC.D.
1765584000000,2025-12-13 00:00:00,2025-12-13 09:00:00,4554.2,4557.4,4494.2,4514.5,45.5420,45.5740,44.9420,45.1450,45.1450%,762.226,Binance BTCDOM index raw value divided by 100 for percent-style display; not CMC/TradingView market-cap BTC.D.
1765670400000,2025-12-14 00:00:00,2025-12-14 09:00:00,4514.3,4527.5,4483.6,4505.0,45.1430,45.2750,44.8360,45.0500,45.0500%,748.810,Binance BTCDOM index raw value divided by 100 for percent-style display; not CMC/TradingView market-cap BTC.D.
1765756800000,2025-12-15 00:00:00,2025-12-15 09:00:00,4504.4,4580.8,4469.5,4543.4,45.0440,45.8080,44.6950,45.4340,45.4340%,1517.643,Binance BTCDOM index raw value divided by 100 for percent-style display; not CMC/TradingView market-cap BTC.D.
1765843200000,2025-12-16 00:00:00,2025-12-16 09:00:00,4543.4,4609.8,4532.5,4588.0,45.4340,46.0980,45.3250,45.8800,45.8800%,1647.534,Binance BTCDOM index raw value divided by 100 for percent-style display; not CMC/TradingView market-cap BTC.D.
1765929600000,2025-12-17 00:00:00,2025-12-17 09:00:00,4588.8,4712.5,4563.1,4692.5,45.8880,47.1250,45.6310,46.9250,46.9250%,2614.959,Binance BTCDOM index raw value divided by 100 for percent-style display; not CMC/TradingView market-cap BTC.D.
1766016000000,2025-12-18 00:00:00,2025-12-18 09:00:00,4693.2,4752.9,4657.1,4713.4,46.9320,47.5290,46.5710,47.1340,47.1340%,2437.975,Binance BTCDOM index raw value divided by 100 for percent-style display; not CMC/TradingView market-cap BTC.D.
1766102400000,2025-12-19 00:00:00,2025-12-19 09:00:00,4713.4,4741.6,4593.5,4618.0,47.1340,47.4160,45.9350,46.1800,46.1800%,1590.523,Binance BTCDOM index raw value divided by 100 for percent-style display; not CMC/TradingView market-cap BTC.D.
1766188800000,2025-12-20 00:00:00,2025-12-20 09:00:00,4618.4,4640.3,4604.2,4628.1,46.1840,46.4030,46.0420,46.2810,46.2810%,502.926,Binance BTCDOM index raw value divided by 100 for percent-style display; not CMC/TradingView market-cap BTC.D.
1766275200000,2025-12-21 00:00:00,2025-12-21 09:00:00,4628.5,4661.4,4620.2,4632.9,46.2850,46.6140,46.2020,46.3290,46.3290%,673.610,Binance BTCDOM index raw value divided by 100 for percent-style display; not CMC/TradingView market-cap BTC.D.
1766361600000,2025-12-22 00:00:00,2025-12-22 09:00:00,4633.0,4661.9,4606.5,4629.9,46.3300,46.6190,46.0650,46.2990,46.2990%,801.229,Binance BTCDOM index raw value divided by 100 for percent-style display; not CMC/TradingView market-cap BTC.D.
1766448000000,2025-12-23 00:00:00,2025-12-23 09:00:00,4630.5,4689.2,4618.1,4646.1,46.3050,46.8920,46.1810,46.4610,46.4610%,794.489,Binance BTCDOM index raw value divided by 100 for percent-style display; not CMC/TradingView market-cap BTC.D.
1766534400000,2025-12-24 00:00:00,2025-12-24 09:00:00,4645.8,4690.0,4641.1,4681.2,46.4580,46.9000,46.4110,46.8120,46.8120%,573.604,Binance BTCDOM index raw value divided by 100 for percent-style display; not CMC/TradingView market-cap BTC.D.
1766620800000,2025-12-25 00:00:00,2025-12-25 09:00:00,4681.1,4734.0,4672.1,4731.5,46.8110,47.3400,46.7210,47.3150,47.3150%,742.461,Binance BTCDOM index raw value divided by 100 for percent-style display; not CMC/TradingView market-cap BTC.D.
1766707200000,2025-12-26 00:00:00,2025-12-26 09:00:00,4731.5,4738.2,4695.3,4700.2,47.3150,47.3820,46.9530,47.0020,47.0020%,671.413,Binance BTCDOM index raw value divided by 100 for percent-style display; not CMC/TradingView market-cap BTC.D.
1766793600000,2025-12-27 00:00:00,2025-12-27 09:00:00,4700.2,4703.5,4646.7,4654.2,47.0020,47.0350,46.4670,46.5420,46.5420%,452.542,Binance BTCDOM index raw value divided by 100 for percent-style display; not CMC/TradingView market-cap BTC.D.
1766880000000,2025-12-28 00:00:00,2025-12-28 09:00:00,4654.4,4666.3,4631.0,4646.3,46.5440,46.6630,46.3100,46.4630,46.4630%,537.238,Binance BTCDOM index raw value divided by 100 for percent-style display; not CMC/TradingView market-cap BTC.D.
1766966400000,2025-12-29 00:00:00,2025-12-29 09:00:00,4646.7,4673.2,4615.0,4647.6,46.4670,46.7320,46.1500,46.4760,46.4760%,888.748,Binance BTCDOM index raw value divided by 100 for percent-style display; not CMC/TradingView market-cap BTC.D.
1767052800000,2025-12-30 00:00:00,2025-12-30 09:00:00,4647.5,4688.9,4617.0,4664.0,46.4750,46.8890,46.1700,46.6400,46.6400%,686.474,Binance BTCDOM index raw value divided by 100 for percent-style display; not CMC/TradingView market-cap BTC.D.
1767139200000,2025-12-31 00:00:00,2025-12-31 09:00:00,4664.0,4674.0,4639.0,4652.9,46.6400,46.7400,46.3900,46.5290,46.5290%,520.823,Binance BTCDOM index raw value divided by 100 for percent-style display; not CMC/TradingView market-cap BTC.D.
1767225600000,2026-01-01 00:00:00,2026-01-01 09:00:00,4653.4,4656.6,4631.1,4644.1,46.5340,46.5660,46.3110,46.4410,46.4410%,363.444,Binance BTCDOM index raw value divided by 100 for percent-style display; not CMC/TradingView market-cap BTC.D.
1767312000000,2026-01-02 00:00:00,2026-01-02 09:00:00,4644.1,4648.0,4507.0,4515.9,46.4410,46.4800,45.0700,45.1590,45.1590%,1365.666,Binance BTCDOM index raw value divided by 100 for percent-style display; not CMC/TradingView market-cap BTC.D.
1767398400000,2026-01-03 00:00:00,2026-01-03 09:00:00,4516.0,4543.8,4496.2,4530.1,45.1600,45.4380,44.9620,45.3010,45.3010%,504.139,Binance BTCDOM index raw value divided by 100 for percent-style display; not CMC/TradingView market-cap BTC.D.
1767484800000,2026-01-04 00:00:00,2026-01-04 09:00:00,4530.1,4543.7,4494.3,4514.4,45.3010,45.4370,44.9430,45.1440,45.1440%,650.685,Binance BTCDOM index raw value divided by 100 for percent-style display; not CMC/TradingView market-cap BTC.D.
1767571200000,2026-01-05 00:00:00,2026-01-05 09:00:00,4514.0,4575.5,4460.0,4467.7,45.1400,45.7550,44.6000,44.6770,44.6770%,1105.778,Binance BTCDOM index raw value divided by 100 for percent-style display; not CMC/TradingView market-cap BTC.D.
1767657600000,2026-01-06 00:00:00,2026-01-06 09:00:00,4467.7,4485.4,4395.6,4415.4,44.6770,44.8540,43.9560,44.1540,44.1540%,1191.478,Binance BTCDOM index raw value divided by 100 for percent-style display; not CMC/TradingView market-cap BTC.D.
1767744000000,2026-01-07 00:00:00,2026-01-07 09:00:00,4414.5,4477.9,4400.2,4464.7,44.1450,44.7790,44.0020,44.6470,44.6470%,997.678,Binance BTCDOM index raw value divided by 100 for percent-style display; not CMC/TradingView market-cap BTC.D.
1767830400000,2026-01-08 00:00:00,2026-01-08 09:00:00,4465.4,4527.7,4443.8,4517.7,44.6540,45.2770,44.4380,45.1770,45.1770%,832.441,Binance BTCDOM index raw value divided by 100 for percent-style display; not CMC/TradingView market-cap BTC.D.
1767916800000,2026-01-09 00:00:00,2026-01-09 09:00:00,4517.6,4542.2,4486.5,4522.2,45.1760,45.4220,44.8650,45.2220,45.2220%,773.558,Binance BTCDOM index raw value divided by 100 for percent-style display; not CMC/TradingView market-cap BTC.D.
1768003200000,2026-01-10 00:00:00,2026-01-10 09:00:00,4522.1,4533.1,4507.1,4518.2,45.2210,45.3310,45.0710,45.1820,45.1820%,379.850,Binance BTCDOM index raw value divided by 100 for percent-style display; not CMC/TradingView market-cap BTC.D.
1768089600000,2026-01-11 00:00:00,2026-01-11 09:00:00,4518.2,4527.4,4485.0,4515.7,45.1820,45.2740,44.8500,45.1570,45.1570%,391.470,Binance BTCDOM index raw value divided by 100 for percent-style display; not CMC/TradingView market-cap BTC.D.
1768176000000,2026-01-12 00:00:00,2026-01-12 09:00:00,4515.4,4570.0,4512.9,4566.7,45.1540,45.7000,45.1290,45.6670,45.6670%,745.445,Binance BTCDOM index raw value divided by 100 for percent-style display; not CMC/TradingView market-cap BTC.D.
1768262400000,2026-01-13 00:00:00,2026-01-13 09:00:00,4566.8,4572.9,4483.9,4500.0,45.6680,45.7290,44.8390,45.0000,45.0000%,948.802,Binance BTCDOM index raw value divided by 100 for percent-style display; not CMC/TradingView market-cap BTC.D.
1768348800000,2026-01-14 00:00:00,2026-01-14 09:00:00,4500.0,4583.1,4470.0,4563.0,45.0000,45.8310,44.7000,45.6300,45.6300%,956.743,Binance BTCDOM index raw value divided by 100 for percent-style display; not CMC/TradingView market-cap BTC.D.
1768435200000,2026-01-15 00:00:00,2026-01-15 09:00:00,4563.1,4641.6,4551.7,4589.7,45.6310,46.4160,45.5170,45.8970,45.8970%,1115.990,Binance BTCDOM index raw value divided by 100 for percent-style display; not CMC/TradingView market-cap BTC.D.
1768521600000,2026-01-16 00:00:00,2026-01-16 09:00:00,4590.2,4615.0,4580.9,4588.0,45.9020,46.1500,45.8090,45.8800,45.8800%,486.782,Binance BTCDOM index raw value divided by 100 for percent-style display; not CMC/TradingView market-cap BTC.D.
1768608000000,2026-01-17 00:00:00,2026-01-17 09:00:00,4587.9,4596.8,4545.0,4555.4,45.8790,45.9680,45.4500,45.5540,45.5540%,311.545,Binance BTCDOM index raw value divided by 100 for percent-style display; not CMC/TradingView market-cap BTC.D.
1768694400000,2026-01-18 00:00:00,2026-01-18 09:00:00,4556.0,4586.9,4535.6,4582.8,45.5600,45.8690,45.3560,45.8280,45.8280%,566.906,Binance BTCDOM index raw value divided by 100 for percent-style display; not CMC/TradingView market-cap BTC.D.
1768780800000,2026-01-19 00:00:00,2026-01-19 09:00:00,4582.9,4680.0,4582.8,4633.2,45.8290,46.8000,45.8280,46.3320,46.3320%,1511.013,Binance BTCDOM index raw value divided by 100 for percent-style display; not CMC/TradingView market-cap BTC.D.
1768867200000,2026-01-20 00:00:00,2026-01-20 09:00:00,4633.1,4743.5,4607.0,4712.3,46.3310,47.4350,46.0700,47.1230,47.1230%,1162.480,Binance BTCDOM index raw value divided by 100 for percent-style display; not CMC/TradingView market-cap BTC.D.
1768953600000,2026-01-21 00:00:00,2026-01-21 09:00:00,4712.2,4749.0,4645.0,4683.5,47.1220,47.4900,46.4500,46.8350,46.8350%,952.515,Binance BTCDOM index raw value divided by 100 for percent-style display; not CMC/TradingView market-cap BTC.D.
1769040000000,2026-01-22 00:00:00,2026-01-22 09:00:00,4683.5,4737.7,4663.7,4721.0,46.8350,47.3770,46.6370,47.2100,47.2100%,508.913,Binance BTCDOM index raw value divided by 100 for percent-style display; not CMC/TradingView market-cap BTC.D.
1769126400000,2026-01-23 00:00:00,2026-01-23 09:00:00,4721.0,4760.3,4705.7,4727.7,47.2100,47.6030,47.0570,47.2770,47.2770%,656.065,Binance BTCDOM index raw value divided by 100 for percent-style display; not CMC/TradingView market-cap BTC.D.
1769212800000,2026-01-24 00:00:00,2026-01-24 09:00:00,4727.7,4734.9,4711.0,4719.3,47.2770,47.3490,47.1100,47.1930,47.1930%,422.598,Binance BTCDOM index raw value divided by 100 for percent-style display; not CMC/TradingView market-cap BTC.D.
1769299200000,2026-01-25 00:00:00,2026-01-25 09:00:00,4719.3,4820.0,4698.7,4789.7,47.1930,48.2000,46.9870,47.8970,47.8970%,1102.230,Binance BTCDOM index raw value divided by 100 for percent-style display; not CMC/TradingView market-cap BTC.D.
1769385600000,2026-01-26 00:00:00,2026-01-26 09:00:00,4789.9,4795.7,4686.7,4716.1,47.8990,47.9570,46.8670,47.1610,47.1610%,945.047,Binance BTCDOM index raw value divided by 100 for percent-style display; not CMC/TradingView market-cap BTC.D.
1769472000000,2026-01-27 00:00:00,2026-01-27 09:00:00,4716.1,4731.0,4650.0,4658.9,47.1610,47.3100,46.5000,46.5890,46.5890%,842.379,Binance BTCDOM index raw value divided by 100 for percent-style display; not CMC/TradingView market-cap BTC.D.
1769558400000,2026-01-28 00:00:00,2026-01-28 09:00:00,4658.8,4715.3,4651.0,4680.5,46.5880,47.1530,46.5100,46.8050,46.8050%,361.680,Binance BTCDOM index raw value divided by 100 for percent-style display; not CMC/TradingView market-cap BTC.D.
1769644800000,2026-01-29 00:00:00,2026-01-29 09:00:00,4679.8,4767.6,4671.8,4696.9,46.7980,47.6760,46.7180,46.9690,46.9690%,833.349,Binance BTCDOM index raw value divided by 100 for percent-style display; not CMC/TradingView market-cap BTC.D.
1769731200000,2026-01-30 00:00:00,2026-01-30 09:00:00,4696.1,4838.0,4660.0,4817.1,46.9610,48.3800,46.6000,48.1710,48.1710%,1606.180,Binance BTCDOM index raw value divided by 100 for percent-style display; not CMC/TradingView market-cap BTC.D.
1769817600000,2026-01-31 00:00:00,2026-01-31 09:00:00,4817.1,5138.0,4802.2,4924.3,48.1710,51.3800,48.0220,49.2430,49.2430%,5361.121,Binance BTCDOM index raw value divided by 100 for percent-style display; not CMC/TradingView market-cap BTC.D.
1769904000000,2026-02-01 00:00:00,2026-02-01 09:00:00,4924.8,5095.0,4897.4,5070.1,49.2480,50.9500,48.9740,50.7010,50.7010%,1987.327,Binance BTCDOM index raw value divided by 100 for percent-style display; not CMC/TradingView market-cap BTC.D.
1769990400000,2026-02-02 00:00:00,2026-02-02 09:00:00,5070.1,5155.8,4987.3,5042.9,50.7010,51.5580,49.8730,50.4290,50.4290%,2531.265,Binance BTCDOM index raw value divided by 100 for percent-style display; not CMC/TradingView market-cap BTC.D.
1770076800000,2026-02-03 00:00:00,2026-02-03 09:00:00,5042.9,5112.1,4902.3,5044.3,50.4290,51.1210,49.0230,50.4430,50.4430%,2187.431,Binance BTCDOM index raw value divided by 100 for percent-style display; not CMC/TradingView market-cap BTC.D.
1770163200000,2026-02-04 00:00:00,2026-02-04 09:00:00,5044.3,5155.8,5000.1,5095.1,50.4430,51.5580,50.0010,50.9510,50.9510%,1780.522,Binance BTCDOM index raw value divided by 100 for percent-style display; not CMC/TradingView market-cap BTC.D.
1770249600000,2026-02-05 00:00:00,2026-02-05 09:00:00,5094.1,5219.3,5012.7,5150.4,50.9410,52.1930,50.1270,51.5040,51.5040%,3934.532,Binance BTCDOM index raw value divided by 100 for percent-style display; not CMC/TradingView market-cap BTC.D.
1770336000000,2026-02-06 00:00:00,2026-02-06 09:00:00,5149.7,5275.0,5063.1,5127.2,51.4970,52.7500,50.6310,51.2720,51.2720%,3752.941,Binance BTCDOM index raw value divided by 100 for percent-style display; not CMC/TradingView market-cap BTC.D.
1770422400000,2026-02-07 00:00:00,2026-02-07 09:00:00,5127.1,5149.8,5016.9,5045.7,51.2710,51.4980,50.1690,50.4570,50.4570%,1805.014,Binance BTCDOM index raw value divided by 100 for percent-style display; not CMC/TradingView market-cap BTC.D.
1770508800000,2026-02-08 00:00:00,2026-02-08 09:00:00,5045.6,5188.4,5032.0,5138.5,50.4560,51.8840,50.3200,51.3850,51.3850%,547.388,Binance BTCDOM index raw value divided by 100 for percent-style display; not CMC/TradingView market-cap BTC.D.
1770595200000,2026-02-09 00:00:00,2026-02-09 09:00:00,5138.6,5215.0,5085.5,5111.5,51.3860,52.1500,50.8550,51.1150,51.1150%,962.857,Binance BTCDOM index raw value divided by 100 for percent-style display; not CMC/TradingView market-cap BTC.D.
1770681600000,2026-02-10 00:00:00,2026-02-10 09:00:00,5111.5,5220.0,5097.7,5181.9,51.1150,52.2000,50.9770,51.8190,51.8190%,678.520,Binance BTCDOM index raw value divided by 100 for percent-style display; not CMC/TradingView market-cap BTC.D.
1770768000000,2026-02-11 00:00:00,2026-02-11 09:00:00,5182.0,5229.6,5148.6,5207.0,51.8200,52.2960,51.4860,52.0700,52.0700%,786.776,Binance BTCDOM index raw value divided by 100 for percent-style display; not CMC/TradingView market-cap BTC.D.
1770854400000,2026-02-12 00:00:00,2026-02-12 09:00:00,5207.9,5209.5,5112.1,5121.7,52.0790,52.0950,51.1210,51.2170,51.2170%,578.463,Binance BTCDOM index raw value divided by 100 for percent-style display; not CMC/TradingView market-cap BTC.D.
1770940800000,2026-02-13 00:00:00,2026-02-13 09:00:00,5121.8,5187.2,5092.0,5109.6,51.2180,51.8720,50.9200,51.0960,51.0960%,668.639,Binance BTCDOM index raw value divided by 100 for percent-style display; not CMC/TradingView market-cap BTC.D.
1771027200000,2026-02-14 00:00:00,2026-02-14 09:00:00,5109.6,5112.9,5000.7,5002.8,51.0960,51.1290,50.0070,50.0280,50.0280%,856.773,Binance BTCDOM index raw value divided by 100 for percent-style display; not CMC/TradingView market-cap BTC.D.
1771113600000,2026-02-15 00:00:00,2026-02-15 09:00:00,5003.3,5169.6,4974.0,5138.2,50.0330,51.6960,49.7400,51.3820,51.3820%,1791.093,Binance BTCDOM index raw value divided by 100 for percent-style display; not CMC/TradingView market-cap BTC.D.
1771200000000,2026-02-16 00:00:00,2026-02-16 09:00:00,5137.4,5152.5,5056.7,5074.5,51.3740,51.5250,50.5670,50.7450,50.7450%,597.548,Binance BTCDOM index raw value divided by 100 for percent-style display; not CMC/TradingView market-cap BTC.D.
1771286400000,2026-02-17 00:00:00,2026-02-17 09:00:00,5074.5,5095.6,5006.8,5017.8,50.7450,50.9560,50.0680,50.1780,50.1780%,376.836,Binance BTCDOM index raw value divided by 100 for percent-style display; not CMC/TradingView market-cap BTC.D.
1771372800000,2026-02-18 00:00:00,2026-02-18 09:00:00,5017.8,5076.1,5005.1,5060.4,50.1780,50.7610,50.0510,50.6040,50.6040%,391.923,Binance BTCDOM index raw value divided by 100 for percent-style display; not CMC/TradingView market-cap BTC.D.
1771459200000,2026-02-19 00:00:00,2026-02-19 09:00:00,5060.4,5135.0,5052.4,5103.6,50.6040,51.3500,50.5240,51.0360,51.0360%,532.656,Binance BTCDOM index raw value divided by 100 for percent-style display; not CMC/TradingView market-cap BTC.D.
1771545600000,2026-02-20 00:00:00,2026-02-20 09:00:00,5103.6,5148.4,5067.3,5097.2,51.0360,51.4840,50.6730,50.9720,50.9720%,617.487,Binance BTCDOM index raw value divided by 100 for percent-style display; not CMC/TradingView market-cap BTC.D.
1771632000000,2026-02-21 00:00:00,2026-02-21 09:00:00,5097.9,5104.9,5064.5,5092.0,50.9790,51.0490,50.6450,50.9200,50.9200%,325.343,Binance BTCDOM index raw value divided by 100 for percent-style display; not CMC/TradingView market-cap BTC.D.
1771718400000,2026-02-22 00:00:00,2026-02-22 09:00:00,5091.7,5163.6,5089.1,5142.6,50.9170,51.6360,50.8910,51.4260,51.4260%,376.817,Binance BTCDOM index raw value divided by 100 for percent-style display; not CMC/TradingView market-cap BTC.D.
1771804800000,2026-02-23 00:00:00,2026-02-23 09:00:00,5143.2,5183.1,5087.0,5147.4,51.4320,51.8310,50.8700,51.4740,51.4740%,944.661,Binance BTCDOM index raw value divided by 100 for percent-style display; not CMC/TradingView market-cap BTC.D.
1771891200000,2026-02-24 00:00:00,2026-02-24 09:00:00,5147.2,5151.5,5086.9,5123.1,51.4720,51.5150,50.8690,51.2310,51.2310%,727.669,Binance BTCDOM index raw value divided by 100 for percent-style display; not CMC/TradingView market-cap BTC.D.
1771977600000,2026-02-25 00:00:00,2026-02-25 09:00:00,5122.8,5133.8,4927.8,4983.0,51.2280,51.3380,49.2780,49.8300,49.8300%,1850.530,Binance BTCDOM index raw value divided by 100 for percent-style display; not CMC/TradingView market-cap BTC.D.
1772064000000,2026-02-26 00:00:00,2026-02-26 09:00:00,4983.0,5064.2,4969.0,5025.1,49.8300,50.6420,49.6900,50.2510,50.2510%,1032.637,Binance BTCDOM index raw value divided by 100 for percent-style display; not CMC/TradingView market-cap BTC.D.
1772150400000,2026-02-27 00:00:00,2026-02-27 09:00:00,5025.0,5120.0,4984.1,5096.8,50.2500,51.2000,49.8410,50.9680,50.9680%,951.309,Binance BTCDOM index raw value divided by 100 for percent-style display; not CMC/TradingView market-cap BTC.D.
1772236800000,2026-02-28 00:00:00,2026-02-28 09:00:00,5096.9,5155.1,5083.6,5106.6,50.9690,51.5510,50.8360,51.0660,51.0660%,1197.348,Binance BTCDOM index raw value divided by 100 for percent-style display; not CMC/TradingView market-cap BTC.D.
1772323200000,2026-03-01 00:00:00,2026-03-01 09:00:00,5106.2,5115.1,4997.1,5082.4,51.0620,51.1510,49.9710,50.8240,50.8240%,1121.566,Binance BTCDOM index raw value divided by 100 for percent-style display; not CMC/TradingView market-cap BTC.D.
1772409600000,2026-03-02 00:00:00,2026-03-02 09:00:00,5082.4,5164.1,5060.0,5142.7,50.8240,51.6410,50.6000,51.4270,51.4270%,1131.794,Binance BTCDOM index raw value divided by 100 for percent-style display; not CMC/TradingView market-cap BTC.D.
1772496000000,2026-03-03 00:00:00,2026-03-03 09:00:00,5142.8,5219.9,5132.5,5188.5,51.4280,52.1990,51.3250,51.8850,51.8850%,1071.265,Binance BTCDOM index raw value divided by 100 for percent-style display; not CMC/TradingView market-cap BTC.D.
1772582400000,2026-03-04 00:00:00,2026-03-04 09:00:00,5188.4,5262.2,5170.4,5217.0,51.8840,52.6220,51.7040,52.1700,52.1700%,1271.624,Binance BTCDOM index raw value divided by 100 for percent-style display; not CMC/TradingView market-cap BTC.D.
1772668800000,2026-03-05 00:00:00,2026-03-05 09:00:00,5216.1,5252.4,5187.7,5199.4,52.1610,52.5240,51.8770,51.9940,51.9940%,450.687,Binance BTCDOM index raw value divided by 100 for percent-style display; not CMC/TradingView market-cap BTC.D.
1772755200000,2026-03-06 00:00:00,2026-03-06 09:00:00,5199.3,5242.5,5180.0,5198.4,51.9930,52.4250,51.8000,51.9840,51.9840%,491.678,Binance BTCDOM index raw value divided by 100 for percent-style display; not CMC/TradingView market-cap BTC.D.
1772841600000,2026-03-07 00:00:00,2026-03-07 09:00:00,5197.5,5211.8,5170.6,5172.0,51.9750,52.1180,51.7060,51.7200,51.7200%,562.216,Binance BTCDOM index raw value divided by 100 for percent-style display; not CMC/TradingView market-cap BTC.D.
1772928000000,2026-03-08 00:00:00,2026-03-08 09:00:00,5172.4,5229.5,5139.6,5143.9,51.7240,52.2950,51.3960,51.4390,51.4390%,517.051,Binance BTCDOM index raw value divided by 100 for percent-style display; not CMC/TradingView market-cap BTC.D.
1773014400000,2026-03-09 00:00:00,2026-03-09 09:00:00,5143.9,5210.0,5125.2,5192.6,51.4390,52.1000,51.2520,51.9260,51.9260%,524.748,Binance BTCDOM index raw value divided by 100 for percent-style display; not CMC/TradingView market-cap BTC.D.
1773100800000,2026-03-10 00:00:00,2026-03-10 09:00:00,5192.7,5239.0,5187.2,5213.2,51.9270,52.3900,51.8720,52.1320,52.1320%,619.761,Binance BTCDOM index raw value divided by 100 for percent-style display; not CMC/TradingView market-cap BTC.D.
1773187200000,2026-03-11 00:00:00,2026-03-11 09:00:00,5213.2,5241.8,5174.5,5194.1,52.1320,52.4180,51.7450,51.9410,51.9410%,464.785,Binance BTCDOM index raw value divided by 100 for percent-style display; not CMC/TradingView market-cap BTC.D.
1773273600000,2026-03-12 00:00:00,2026-03-12 09:00:00,5194.2,5207.6,5158.3,5186.9,51.9420,52.0760,51.5830,51.8690,51.8690%,387.275,Binance BTCDOM index raw value divided by 100 for percent-style display; not CMC/TradingView market-cap BTC.D.
1773360000000,2026-03-13 00:00:00,2026-03-13 09:00:00,5186.9,5196.6,5130.0,5172.5,51.8690,51.9660,51.3000,51.7250,51.7250%,540.469,Binance BTCDOM index raw value divided by 100 for percent-style display; not CMC/TradingView market-cap BTC.D.
1773446400000,2026-03-14 00:00:00,2026-03-14 09:00:00,5172.6,5238.0,5157.4,5179.7,51.7260,52.3800,51.5740,51.7970,51.7970%,301.170,Binance BTCDOM index raw value divided by 100 for percent-style display; not CMC/TradingView market-cap BTC.D.
1773532800000,2026-03-15 00:00:00,2026-03-15 09:00:00,5179.8,5195.8,5098.4,5122.4,51.7980,51.9580,50.9840,51.2240,51.2240%,590.195,Binance BTCDOM index raw value divided by 100 for percent-style display; not CMC/TradingView market-cap BTC.D.
1773619200000,2026-03-16 00:00:00,2026-03-16 09:00:00,5123.3,5130.0,4957.7,4999.5,51.2330,51.3000,49.5770,49.9950,49.9950%,1267.355,Binance BTCDOM index raw value divided by 100 for percent-style display; not CMC/TradingView market-cap BTC.D.
1773705600000,2026-03-17 00:00:00,2026-03-17 09:00:00,4999.0,5039.9,4989.7,5004.3,49.9900,50.3990,49.8970,50.0430,50.0430%,670.938,Binance BTCDOM index raw value divided by 100 for percent-style display; not CMC/TradingView market-cap BTC.D.
1773792000000,2026-03-18 00:00:00,2026-03-18 09:00:00,5004.7,5094.4,4993.5,5027.0,50.0470,50.9440,49.9350,50.2700,50.2700%,806.191,Binance BTCDOM index raw value divided by 100 for percent-style display; not CMC/TradingView market-cap BTC.D.
1773878400000,2026-03-19 00:00:00,2026-03-19 09:00:00,5026.7,5074.9,4993.9,5042.6,50.2670,50.7490,49.9390,50.4260,50.4260%,427.457,Binance BTCDOM index raw value divided by 100 for percent-style display; not CMC/TradingView market-cap BTC.D.
1773964800000,2026-03-20 00:00:00,2026-03-20 09:00:00,5042.1,5085.0,5031.0,5053.8,50.4210,50.8500,50.3100,50.5380,50.5380%,678.039,Binance BTCDOM index raw value divided by 100 for percent-style display; not CMC/TradingView market-cap BTC.D.
1774051200000,2026-03-21 00:00:00,2026-03-21 09:00:00,5053.8,5082.4,5039.2,5073.2,50.5380,50.8240,50.3920,50.7320,50.7320%,228.302,Binance BTCDOM index raw value divided by 100 for percent-style display; not CMC/TradingView market-cap BTC.D.
1774137600000,2026-03-22 00:00:00,2026-03-22 09:00:00,5073.8,5095.4,5042.2,5061.9,50.7380,50.9540,50.4220,50.6190,50.6190%,402.031,Binance BTCDOM index raw value divided by 100 for percent-style display; not CMC/TradingView market-cap BTC.D.
1774224000000,2026-03-23 00:00:00,2026-03-23 09:00:00,5060.3,5133.5,5041.5,5081.1,50.6030,51.3350,50.4150,50.8110,50.8110%,1412.737,Binance BTCDOM index raw value divided by 100 for percent-style display; not CMC/TradingView market-cap BTC.D.
1774310400000,2026-03-24 00:00:00,2026-03-24 09:00:00,5081.1,5107.8,5042.5,5056.2,50.8110,51.0780,50.4250,50.5620,50.5620%,506.732,Binance BTCDOM index raw value divided by 100 for percent-style display; not CMC/TradingView market-cap BTC.D.
1774396800000,2026-03-25 00:00:00,2026-03-25 09:00:00,5056.3,5150.0,5043.0,5073.1,50.5630,51.5000,50.4300,50.7310,50.7310%,1345.475,Binance BTCDOM index raw value divided by 100 for percent-style display; not CMC/TradingView market-cap BTC.D.
1774483200000,2026-03-26 00:00:00,2026-03-26 09:00:00,5073.2,5148.6,5059.8,5114.0,50.7320,51.4860,50.5980,51.1400,51.1400%,671.359,Binance BTCDOM index raw value divided by 100 for percent-style display; not CMC/TradingView market-cap BTC.D.
1774569600000,2026-03-27 00:00:00,2026-03-27 09:00:00,5114.0,5198.0,5050.6,5086.5,51.1400,51.9800,50.5060,50.8650,50.8650%,981.623,Binance BTCDOM index raw value divided by 100 for percent-style display; not CMC/TradingView market-cap BTC.D.
1774656000000,2026-03-28 00:00:00,2026-03-28 09:00:00,5086.5,5093.6,5046.1,5084.2,50.8650,50.9360,50.4610,50.8420,50.8420%,353.467,Binance BTCDOM index raw value divided by 100 for percent-style display; not CMC/TradingView market-cap BTC.D.
1774742400000,2026-03-29 00:00:00,2026-03-29 09:00:00,5084.3,5118.5,5075.7,5084.3,50.8430,51.1850,50.7570,50.8430,50.8430%,373.023,Binance BTCDOM index raw value divided by 100 for percent-style display; not CMC/TradingView market-cap BTC.D.
1774828800000,2026-03-30 00:00:00,2026-03-30 09:00:00,5084.3,5084.6,5045.0,5084.5,50.8430,50.8460,50.4500,50.8450,50.8450%,443.098,Binance BTCDOM index raw value divided by 100 for percent-style display; not CMC/TradingView market-cap BTC.D.
1774915200000,2026-03-31 00:00:00,2026-03-31 09:00:00,5084.6,5098.0,5050.8,5080.1,50.8460,50.9800,50.5080,50.8010,50.8010%,529.096,Binance BTCDOM index raw value divided by 100 for percent-style display; not CMC/TradingView market-cap BTC.D.
1775001600000,2026-04-01 00:00:00,2026-04-01 09:00:00,5080.1,5080.1,5016.0,5042.9,50.8010,50.8010,50.1600,50.4290,50.4290%,775.052,Binance BTCDOM index raw value divided by 100 for percent-style display; not CMC/TradingView market-cap BTC.D.
1775088000000,2026-04-02 00:00:00,2026-04-02 09:00:00,5042.4,5158.5,5032.5,5119.4,50.4240,51.5850,50.3250,51.1940,51.1940%,886.450,Binance BTCDOM index raw value divided by 100 for percent-style display; not CMC/TradingView market-cap BTC.D.
1775174400000,2026-04-03 00:00:00,2026-04-03 09:00:00,5119.1,5126.6,5080.5,5111.6,51.1910,51.2660,50.8050,51.1160,51.1160%,440.045,Binance BTCDOM index raw value divided by 100 for percent-style display; not CMC/TradingView market-cap BTC.D.
1775260800000,2026-04-04 00:00:00,2026-04-04 09:00:00,5111.7,5138.1,5096.4,5111.5,51.1170,51.3810,50.9640,51.1150,51.1150%,215.405,Binance BTCDOM index raw value divided by 100 for percent-style display; not CMC/TradingView market-cap BTC.D.
1775347200000,2026-04-05 00:00:00,2026-04-05 09:00:00,5111.1,5176.5,5108.6,5166.6,51.1110,51.7650,51.0860,51.6660,51.6660%,343.126,Binance BTCDOM index raw value divided by 100 for percent-style display; not CMC/TradingView market-cap BTC.D.
1775433600000,2026-04-06 00:00:00,2026-04-06 09:00:00,5166.7,5190.0,5111.5,5185.5,51.6670,51.9000,51.1150,51.8550,51.8550%,645.597,Binance BTCDOM index raw value divided by 100 for percent-style display; not CMC/TradingView market-cap BTC.D.
1775520000000,2026-04-07 00:00:00,2026-04-07 09:00:00,5185.4,5229.4,5111.0,5142.1,51.8540,52.2940,51.1100,51.4210,51.4210%,1426.838,Binance BTCDOM index raw value divided by 100 for percent-style display; not CMC/TradingView market-cap BTC.D.
1775606400000,2026-04-08 00:00:00,2026-04-08 09:00:00,5142.0,5220.0,5067.3,5215.2,51.4200,52.2000,50.6730,52.1520,52.1520%,1253.072,Binance BTCDOM index raw value divided by 100 for percent-style display; not CMC/TradingView market-cap BTC.D.
1775692800000,2026-04-09 00:00:00,2026-04-09 09:00:00,5214.8,5250.5,5206.3,5244.7,52.1480,52.5050,52.0630,52.4470,52.4470%,931.968,Binance BTCDOM index raw value divided by 100 for percent-style display; not CMC/TradingView market-cap BTC.D.
1775779200000,2026-04-10 00:00:00,2026-04-10 09:00:00,5244.7,5271.6,5233.3,5251.8,52.4470,52.7160,52.3330,52.5180,52.5180%,805.019,Binance BTCDOM index raw value divided by 100 for percent-style display; not CMC/TradingView market-cap BTC.D.
1775865600000,2026-04-11 00:00:00,2026-04-11 09:00:00,5251.8,5276.8,5191.2,5223.8,52.5180,52.7680,51.9120,52.2380,52.2380%,958.877,Binance BTCDOM index raw value divided by 100 for percent-style display; not CMC/TradingView market-cap BTC.D.
1775952000000,2026-04-12 00:00:00,2026-04-12 09:00:00,5224.1,5263.5,5216.7,5230.2,52.2410,52.6350,52.1670,52.3020,52.3020%,645.987,Binance BTCDOM index raw value divided by 100 for percent-style display; not CMC/TradingView market-cap BTC.D.
1776038400000,2026-04-13 00:00:00,2026-04-13 09:00:00,5230.2,5293.7,5194.4,5202.6,52.3020,52.9370,51.9440,52.0260,52.0260%,1066.670,Binance BTCDOM index raw value divided by 100 for percent-style display; not CMC/TradingView market-cap BTC.D.
1776124800000,2026-04-14 00:00:00,2026-04-14 09:00:00,5200.8,5286.6,5195.5,5265.6,52.0080,52.8660,51.9550,52.6560,52.6560%,750.182,Binance BTCDOM index raw value divided by 100 for percent-style display; not CMC/TradingView market-cap BTC.D.
1776211200000,2026-04-15 00:00:00,2026-04-15 09:00:00,5265.0,5283.1,5190.0,5223.4,52.6500,52.8310,51.9000,52.2340,52.2340%,586.749,Binance BTCDOM index raw value divided by 100 for percent-style display; not CMC/TradingView market-cap BTC.D.
1776297600000,2026-04-16 00:00:00,2026-04-16 09:00:00,5224.0,5236.4,5160.5,5173.1,52.2400,52.3640,51.6050,51.7310,51.7310%,572.953,Binance BTCDOM index raw value divided by 100 for percent-style display; not CMC/TradingView market-cap BTC.D.
1776384000000,2026-04-17 00:00:00,2026-04-17 09:00:00,5173.0,5228.7,5167.1,5208.8,51.7300,52.2870,51.6710,52.0880,52.0880%,701.119,Binance BTCDOM index raw value divided by 100 for percent-style display; not CMC/TradingView market-cap BTC.D.
1776470400000,2026-04-18 00:00:00,2026-04-18 09:00:00,5208.3,5270.9,5206.0,5259.4,52.0830,52.7090,52.0600,52.5940,52.5940%,662.936,Binance BTCDOM index raw value divided by 100 for percent-style display; not CMC/TradingView market-cap BTC.D.
1776556800000,2026-04-19 00:00:00,2026-04-19 09:00:00,5259.1,5298.0,5255.6,5280.1,52.5910,52.9800,52.5560,52.8010,52.8010%,813.695,Binance BTCDOM index raw value divided by 100 for percent-style display; not CMC/TradingView market-cap BTC.D.
1776643200000,2026-04-20 00:00:00,2026-04-20 09:00:00,5279.3,5321.6,5260.4,5319.9,52.7930,53.2160,52.6040,53.1990,53.1990%,962.813,Binance BTCDOM index raw value divided by 100 for percent-style display; not CMC/TradingView market-cap BTC.D.
1776729600000,2026-04-21 00:00:00,2026-04-21 09:00:00,5319.9,5332.3,5278.2,5312.4,53.1990,53.3230,52.7820,53.1240,53.1240%,900.151,Binance BTCDOM index raw value divided by 100 for percent-style display; not CMC/TradingView market-cap BTC.D.
1776816000000,2026-04-22 00:00:00,2026-04-22 09:00:00,5312.7,5393.4,5289.3,5392.5,53.1270,53.9340,52.8930,53.9250,53.9250%,1656.226,Binance BTCDOM index raw value divided by 100 for percent-style display; not CMC/TradingView market-cap BTC.D.
1776902400000,2026-04-23 00:00:00,2026-04-23 09:00:00,5392.5,5448.9,5326.0,5421.5,53.9250,54.4890,53.2600,54.2150,54.2150%,1118.632,Binance BTCDOM index raw value divided by 100 for percent-style display; not CMC/TradingView market-cap BTC.D.
1776988800000,2026-04-24 00:00:00,2026-04-24 09:00:00,5421.4,5445.4,5372.4,5391.1,54.2140,54.4540,53.7240,53.9110,53.9110%,706.814,Binance BTCDOM index raw value divided by 100 for percent-style display; not CMC/TradingView market-cap BTC.D.
1777075200000,2026-04-25 00:00:00,2026-04-25 09:00:00,5391.1,5421.3,5380.5,5410.6,53.9110,54.2130,53.8050,54.1060,54.1060%,484.272,Binance BTCDOM index raw value divided by 100 for percent-style display; not CMC/TradingView market-cap BTC.D.
1777161600000,2026-04-26 00:00:00,2026-04-26 09:00:00,5410.6,5434.7,5377.9,5414.6,54.1060,54.3470,53.7790,54.1460,54.1460%,519.860,Binance BTCDOM index raw value divided by 100 for percent-style display; not CMC/TradingView market-cap BTC.D.
1777248000000,2026-04-27 00:00:00,2026-04-27 09:00:00,5415.0,5467.0,5395.0,5432.9,54.1500,54.6700,53.9500,54.3290,54.3290%,695.536,Binance BTCDOM index raw value divided by 100 for percent-style display; not CMC/TradingView market-cap BTC.D.
1777334400000,2026-04-28 00:00:00,2026-04-28 09:00:00,5433.3,5453.5,5382.7,5407.4,54.3330,54.5350,53.8270,54.0740,54.0740%,582.456,Binance BTCDOM index raw value divided by 100 for percent-style display; not CMC/TradingView market-cap BTC.D.
1777420800000,2026-04-29 00:00:00,2026-04-29 09:00:00,5406.9,5472.2,5397.5,5433.9,54.0690,54.7220,53.9750,54.3390,54.3390%,1163.002,Binance BTCDOM index raw value divided by 100 for percent-style display; not CMC/TradingView market-cap BTC.D.
1777507200000,2026-04-30 00:00:00,2026-04-30 09:00:00,5434.9,5473.4,5410.7,5464.6,54.3490,54.7340,54.1070,54.6460,54.6460%,800.212,Binance BTCDOM index raw value divided by 100 for percent-style display; not CMC/TradingView market-cap BTC.D.
1777593600000,2026-05-01 00:00:00,2026-05-01 09:00:00,5464.6,5532.5,5450.5,5529.6,54.6460,55.3250,54.5050,55.2960,55.2960%,1444.099,Binance BTCDOM index raw value divided by 100 for percent-style display; not CMC/TradingView market-cap BTC.D.
1777680000000,2026-05-02 00:00:00,2026-05-02 09:00:00,5529.5,5540.3,5499.3,5518.8,55.2950,55.4030,54.9930,55.1880,55.1880%,769.187,Binance BTCDOM index raw value divided by 100 for percent-style display; not CMC/TradingView market-cap BTC.D.
1777766400000,2026-05-03 00:00:00,2026-05-03 09:00:00,5518.8,5536.6,5487.9,5509.9,55.1880,55.3660,54.8790,55.0990,55.0990%,625.097,Binance BTCDOM index raw value divided by 100 for percent-style display; not CMC/TradingView market-cap BTC.D.
1777852800000,2026-05-04 00:00:00,2026-05-04 09:00:00,5509.8,5568.6,5482.3,5556.9,55.0980,55.6860,54.8230,55.5690,55.5690%,1066.288,Binance BTCDOM index raw value divided by 100 for percent-style display; not CMC/TradingView market-cap BTC.D.
1777939200000,2026-05-05 00:00:00,2026-05-05 09:00:00,5557.4,5594.4,5500.9,5539.7,55.5740,55.9440,55.0090,55.3970,55.3970%,1235.069,Binance BTCDOM index raw value divided by 100 for percent-style display; not CMC/TradingView market-cap BTC.D.
1778025600000,2026-05-06 00:00:00,2026-05-06 09:00:00,5539.6,5559.2,5489.2,5541.9,55.3960,55.5920,54.8920,55.4190,55.4190%,596.374,Binance BTCDOM index raw value divided by 100 for percent-style display; not CMC/TradingView market-cap BTC.D.
1778112000000,2026-05-07 00:00:00,2026-05-07 09:00:00,5542.1,5577.0,5516.9,5554.0,55.4210,55.7700,55.1690,55.5400,55.5400%,545.686,Binance BTCDOM index raw value divided by 100 for percent-style display; not CMC/TradingView market-cap BTC.D.
1778198400000,2026-05-08 00:00:00,2026-05-08 09:00:00,5554.0,5562.4,5452.8,5474.4,55.5400,55.6240,54.5280,54.7440,54.7440%,573.912,Binance BTCDOM index raw value divided by 100 for percent-style display; not CMC/TradingView market-cap BTC.D.
1778284800000,2026-05-09 00:00:00,2026-05-09 09:00:00,5474.4,5500.0,5438.1,5482.4,54.7440,55.0000,54.3810,54.8240,54.8240%,580.614,Binance BTCDOM index raw value divided by 100 for percent-style display; not CMC/TradingView market-cap BTC.D.
1778371200000,2026-05-10 00:00:00,2026-05-10 09:00:00,5482.5,5503.6,5390.0,5453.0,54.8250,55.0360,53.9000,54.5300,54.5300%,475.351,Binance BTCDOM index raw value divided by 100 for percent-style display; not CMC/TradingView market-cap BTC.D.
1778457600000,2026-05-11 00:00:00,2026-05-11 09:00:00,5452.6,5478.0,5433.2,5450.4,54.5260,54.7800,54.3320,54.5040,54.5040%,330.282,Binance BTCDOM index raw value divided by 100 for percent-style display; not CMC/TradingView market-cap BTC.D.
1778544000000,2026-05-12 00:00:00,2026-05-12 09:00:00,5450.4,5541.2,5438.0,5497.4,54.5040,55.4120,54.3800,54.9740,54.9740%,631.145,Binance BTCDOM index raw value divided by 100 for percent-style display; not CMC/TradingView market-cap BTC.D.
1778630400000,2026-05-13 00:00:00,2026-05-13 09:00:00,5497.4,5525.2,5433.7,5459.6,54.9740,55.2520,54.3370,54.5960,54.5960%,699.150,Binance BTCDOM index raw value divided by 100 for percent-style display; not CMC/TradingView market-cap BTC.D.
1778716800000,2026-05-14 00:00:00,2026-05-14 09:00:00,5460.3,5495.7,5438.2,5486.4,54.6030,54.9570,54.3820,54.8640,54.8640%,358.888,Binance BTCDOM index raw value divided by 100 for percent-style display; not CMC/TradingView market-cap BTC.D.
1778803200000,2026-05-15 00:00:00,2026-05-15 09:00:00,5486.2,5535.1,5476.6,5489.1,54.8620,55.3510,54.7660,54.8910,54.8910%,529.246,Binance BTCDOM index raw value divided by 100 for percent-style display; not CMC/TradingView market-cap BTC.D.
1778889600000,2026-05-16 00:00:00,2026-05-16 09:00:00,5489.9,5572.6,5483.4,5538.2,54.8990,55.7260,54.8340,55.3820,55.3820%,670.426,Binance BTCDOM index raw value divided by 100 for percent-style display; not CMC/TradingView market-cap BTC.D.
1778976000000,2026-05-17 00:00:00,2026-05-17 09:00:00,5538.7,5595.0,5517.0,5571.0,55.3870,55.9500,55.1700,55.7100,55.7100%,648.627,Binance BTCDOM index raw value divided by 100 for percent-style display; not CMC/TradingView market-cap BTC.D.
1779062400000,2026-05-18 00:00:00,2026-05-18 09:00:00,5570.6,5619.3,5545.7,5559.1,55.7060,56.1930,55.4570,55.5910,55.5910%,1242.755,Binance BTCDOM index raw value divided by 100 for percent-style display; not CMC/TradingView market-cap BTC.D.
1779148800000,2026-05-19 00:00:00,2026-05-19 09:00:00,5559.1,5620.0,5547.0,5609.7,55.5910,56.2000,55.4700,56.0970,56.0970%,807.119,Binance BTCDOM index raw value divided by 100 for percent-style display; not CMC/TradingView market-cap BTC.D.
1779235200000,2026-05-20 00:00:00,2026-05-20 09:00:00,5609.0,5622.6,5565.4,5595.0,56.0900,56.2260,55.6540,55.9500,55.9500%,567.133,Binance BTCDOM index raw value divided by 100 for percent-style display; not CMC/TradingView market-cap BTC.D.
1779321600000,2026-05-21 00:00:00,2026-05-21 09:00:00,5595.1,5596.5,5533.7,5550.9,55.9510,55.9650,55.3370,55.5090,55.5090%,363.654,Binance BTCDOM index raw value divided by 100 for percent-style display; not CMC/TradingView market-cap BTC.D.
1779408000000,2026-05-22 00:00:00,2026-05-22 09:00:00,5550.3,5584.0,5521.5,5567.7,55.5030,55.8400,55.2150,55.6770,55.6770%,411.215,Binance BTCDOM index raw value divided by 100 for percent-style display; not CMC/TradingView market-cap BTC.D.
1779494400000,2026-05-23 00:00:00,2026-05-23 09:00:00,5568.0,5622.6,5509.0,5544.4,55.6800,56.2260,55.0900,55.4440,55.4440%,859.517,Binance BTCDOM index raw value divided by 100 for percent-style display; not CMC/TradingView market-cap BTC.D.
1779580800000,2026-05-24 00:00:00,2026-05-24 09:00:00,5544.3,5610.2,5535.5,5603.4,55.4430,56.1020,55.3550,56.0340,56.0340%,354.456,Binance BTCDOM index raw value divided by 100 for percent-style display; not CMC/TradingView market-cap BTC.D.
1779667200000,2026-05-25 00:00:00,2026-05-25 09:00:00,5604.5,5629.6,5560.3,5589.6,56.0450,56.2960,55.6030,55.8960,55.8960%,462.885,Binance BTCDOM index raw value divided by 100 for percent-style display; not CMC/TradingView market-cap BTC.D.
1779753600000,2026-05-26 00:00:00,2026-05-26 09:00:00,5588.5,5608.5,5547.6,5577.2,55.8850,56.0850,55.4760,55.7720,55.7720%,307.199,Binance BTCDOM index raw value divided by 100 for percent-style display; not CMC/TradingView market-cap BTC.D.
1779840000000,2026-05-27 00:00:00,2026-05-27 09:00:00,5577.2,5596.1,5562.6,5572.7,55.7720,55.9610,55.6260,55.7270,55.7270%,119.095,Binance BTCDOM index raw value divided by 100 for percent-style display; not CMC/TradingView market-cap BTC.D.
