timestamp,open,high,low,close,volume,close_time,quote_asset_volume,number_of_trades,taker_buy_base_asset_volume,taker_buy_quote_asset_volume,ignore,datetime
1685275200000,1612.2,1619.5,1612.1,1618.7,551.122,1685289599999,890685.9324,3225,240.243,388269.8406,0,2023-05-28 12:00:00
1685289600000,1618.7,1638.0,1616.8,1627.8,513.304,1685303999999,834943.6605,4659,289.378,470791.4919,0,2023-05-28 16:00:00
1685304000000,1627.9,1639.2,1615.8,1618.2,930.237,1685318399999,1509866.2244,6713,425.625,690718.7910,0,2023-05-28 20:00:00
1685318400000,1618.0,1629.1,1616.9,1617.7,455.489,1685332799999,738823.1681,3546,223.906,363235.2383,0,2023-05-29 00:00:00
1685332800000,1617.4,1621.1,1615.5,1616.5,204.484,1685347199999,330948.5016,2088,98.132,158825.5941,0,2023-05-29 04:00:00
1685347200000,1616.6,1617.8,1611.7,1612.8,153.759,1685361599999,248316.1025,2016,61.777,99771.9268,0,2023-05-29 08:00:00
1685361600000,1612.7,1615.5,1607.7,1608.2,260.050,1685375999999,419263.9699,2725,129.229,208374.4058,0,2023-05-29 12:00:00
1685376000000,1608.3,1612.7,1604.9,1607.5,300.635,1685390399999,483782.0056,2920,147.389,237204.6950,0,2023-05-29 16:00:00
1685390400000,1607.5,1611.9,1605.5,1611.9,204.732,1685404799999,329262.4837,2057,113.770,182941.2093,0,2023-05-29 20:00:00
1685404800000,1611.8,1612.6,1609.0,1609.9,187.032,1685419199999,301296.7190,1726,74.914,120663.6844,0,2023-05-30 00:00:00
1685419200000,1609.9,1610.1,1605.1,1606.2,132.982,1685433599999,213765.8442,1706,65.006,104489.0354,0,2023-05-30 04:00:00
1685433600000,1606.1,1610.0,1604.6,1609.2,157.074,1685447999999,252384.1303,1700,86.522,139030.8476,0,2023-05-30 08:00:00
1685448000000,1609.5,1610.3,1602.1,1602.6,201.819,1685462399999,324282.6437,2050,100.406,161371.2842,0,2023-05-30 12:00:00
1685462400000,1602.5,1603.1,1595.2,1601.9,281.248,1685476799999,449517.9753,2796,127.678,204065.7209,0,2023-05-30 16:00:00
1685476800000,1602.0,1602.2,1595.4,1597.8,166.611,1685491199999,266379.9158,1838,83.144,132931.3523,0,2023-05-30 20:00:00
1685491200000,1597.7,1604.0,1597.2,1597.8,186.917,1685505599999,299201.0149,2032,107.488,172061.7851,0,2023-05-31 00:00:00
1685505600000,1597.8,1600.6,1590.5,1595.1,478.458,1685519999999,763206.9033,4187,242.100,386229.4143,0,2023-05-31 04:00:00
1685520000000,1595.2,1596.7,1591.1,1592.9,178.131,1685534399999,283836.0935,1904,63.219,100738.1485,0,2023-05-31 08:00:00
1685534400000,1592.9,1594.4,1589.0,1590.0,193.334,1685548799999,307773.3705,2110,95.716,152382.9683,0,2023-05-31 12:00:00
1685548800000,1590.1,1595.7,1589.6,1589.8,209.884,1685563199999,334023.3133,1923,94.404,150279.5006,0,2023-05-31 16:00:00
1685563200000,1589.8,1598.4,1589.8,1594.4,255.295,1685577599999,407271.0952,2595,119.156,190112.5747,0,2023-05-31 20:00:00
1685577600000,1594.4,1595.7,1583.3,1584.8,400.008,1685591999999,635873.6370,3662,165.273,262718.7747,0,2023-06-01 00:00:00
1685592000000,1585.0,1591.5,1584.8,1587.0,165.132,1685606399999,262156.2468,1911,77.675,123309.3643,0,2023-06-01 04:00:00
1685606400000,1587.1,1592.3,1585.9,1588.1,155.127,1685620799999,246472.7205,1697,74.863,118948.3560,0,2023-06-01 08:00:00
1685620800000,1588.1,1589.7,1585.1,1585.5,117.361,1685635199999,186351.6942,1716,53.620,85143.0143,0,2023-06-01 12:00:00
1685635200000,1585.4,1590.3,1577.9,1580.3,263.479,1685649599999,417384.0651,2769,117.618,186368.7534,0,2023-06-01 16:00:00
1685649600000,1580.2,1583.3,1578.8,1582.7,185.512,1685663999999,293361.2921,2225,92.657,146538.2710,0,2023-06-01 20:00:00
1685664000000,1582.7,1585.1,1576.3,1578.7,250.037,1685678399999,394891.0503,2685,127.243,201040.9389,0,2023-06-02 00:00:00
1685678400000,1578.6,1579.3,1573.5,1577.2,232.168,1685692799999,366062.8395,2054,102.752,162009.4467,0,2023-06-02 04:00:00
1685692800000,1577.1,1579.5,1573.8,1575.6,161.256,1685707199999,254132.3005,1842,75.602,119148.8444,0,2023-06-02 08:00:00
1685707200000,1575.5,1578.7,1572.4,1576.4,263.286,1685721599999,414730.7185,2634,120.778,190265.5153,0,2023-06-02 12:00:00
1685721600000,1576.2,1576.4,1567.9,1571.8,286.742,1685735999999,450845.8364,2620,117.885,185331.4605,0,2023-06-02 16:00:00
1685736000000,1571.7,1573.6,1568.4,1570.4,146.370,1685750399999,229964.3077,1642,67.450,105984.3034,0,2023-06-02 20:00:00
1685750400000,1570.4,1572.7,1566.6,1571.6,166.825,1685764799999,262035.8236,1622,86.827,136386.7721,0,2023-06-03 00:00:00
1685764800000,1571.5,1574.0,1567.5,1570.0,202.283,1685779199999,317694.6738,1771,93.339,146631.1835,0,2023-06-03 04:00:00
1685779200000,1570.1,1570.7,1565.1,1566.2,142.355,1685793599999,223189.0671,1454,54.938,86132.4972,0,2023-06-03 08:00:00
1685793600000,1566.2,1576.9,1565.5,1575.2,240.172,1685807999999,377156.6643,1920,144.782,227399.7079,0,2023-06-03 12:00:00
1685808000000,1575.5,1578.4,1572.2,1575.4,194.188,1685822399999,305872.5609,1974,92.390,145527.1507,0,2023-06-03 16:00:00
1685822400000,1575.3,1576.0,1568.1,1568.6,188.095,1685836799999,295391.6820,2010,75.362,118352.4577,0,2023-06-03 20:00:00
1685836800000,1568.7,1569.9,1566.6,1568.1,167.690,1685851199999,262984.8098,1993,82.307,129087.5763,0,2023-06-04 00:00:00
1685851200000,1568.1,1571.7,1566.9,1567.1,114.796,1685865599999,180089.0233,1145,61.585,96624.4322,0,2023-06-04 04:00:00
1685865600000,1567.0,1569.1,1566.2,1567.8,116.517,1685879999999,182680.3037,1431,58.356,91490.2920,0,2023-06-04 08:00:00
1685880000000,1567.9,1569.9,1566.1,1566.9,106.376,1685894399999,166751.8161,1325,53.726,84218.7557,0,2023-06-04 12:00:00
1685894400000,1566.9,1570.0,1562.2,1565.0,147.887,1685908799999,231714.3961,1749,53.691,84137.7717,0,2023-06-04 16:00:00
1685908800000,1565.0,1573.9,1564.8,1570.5,294.498,1685923199999,462286.6070,2673,167.513,262958.7034,0,2023-06-04 20:00:00
1685923200000,1570.4,1577.6,1570.0,1574.6,327.176,1685937599999,514697.4451,2794,159.699,251228.4095,0,2023-06-05 00:00:00
1685937600000,1574.3,1577.0,1568.0,1568.5,216.792,1685951999999,340710.5241,2268,85.629,134623.6245,0,2023-06-05 04:00:00
1685952000000,1568.6,1570.9,1566.2,1568.8,147.882,1685966399999,232016.7992,1698,62.624,98256.1329,0,2023-06-05 08:00:00
1685966400000,1568.8,1587.3,1566.4,1586.8,558.047,1685980799999,880210.1729,5117,278.892,440051.2601,0,2023-06-05 12:00:00
1685980800000,1585.7,1599.6,1567.1,1574.1,1422.367,1685995199999,2252172.6670,12054,674.113,1068084.8838,0,2023-06-05 16:00:00
1685995200000,1574.4,1583.8,1574.4,1577.8,445.471,1686009599999,703648.9026,4539,208.655,329615.3694,0,2023-06-05 20:00:00
1686009600000,1577.9,1581.5,1572.1,1577.6,330.145,1686023999999,520600.3901,3274,165.677,261219.1475,0,2023-06-06 00:00:00
1686024000000,1577.6,1579.9,1574.3,1576.7,200.334,1686038399999,315916.7111,2135,96.289,151830.9396,0,2023-06-06 04:00:00
1686038400000,1576.7,1577.7,1571.2,1572.9,315.008,1686052799999,495577.4688,2895,154.928,243751.2180,0,2023-06-06 08:00:00
1686052800000,1573.0,1580.7,1562.3,1578.4,594.540,1686067199999,935908.7854,4414,275.995,434683.6631,0,2023-06-06 12:00:00
1686067200000,1578.3,1600.5,1577.9,1598.1,683.982,1686081599999,1087508.5693,4707,382.566,608407.3404,0,2023-06-06 16:00:00
1686081600000,1598.1,1616.6,1597.6,1614.9,742.094,1686095999999,1192368.7615,5430,489.820,786981.2812,0,2023-06-06 20:00:00
1686096000000,1614.8,1619.6,1601.9,1606.7,493.356,1686110399999,795659.6737,3976,235.543,380004.4372,0,2023-06-07 00:00:00
1686110400000,1606.8,1608.6,1601.8,1605.0,181.148,1686124799999,290846.9492,1799,105.288,169076.3058,0,2023-06-07 04:00:00
1686124800000,1605.1,1614.7,1602.9,1614.6,364.329,1686139199999,585988.4306,2536,190.880,307127.0079,0,2023-06-07 08:00:00
1686139200000,1614.6,1630.0,1613.6,1622.9,564.436,1686153599999,915939.3921,5661,290.259,471131.6915,0,2023-06-07 12:00:00
1686153600000,1622.9,1629.6,1622.1,1624.2,294.870,1686167999999,479300.4536,3520,152.777,248337.0661,0,2023-06-07 16:00:00
1686168000000,1624.4,1630.9,1619.1,1627.2,310.361,1686182399999,504396.5234,3342,148.252,241053.4861,0,2023-06-07 20:00:00
1686182400000,1627.1,1628.9,1621.7,1628.1,400.714,1686196799999,651500.7448,2903,199.598,324628.2533,0,2023-06-08 00:00:00
1686196800000,1628.0,1628.9,1624.6,1626.0,326.325,1686211199999,530937.5048,3180,180.417,293571.5033,0,2023-06-08 04:00:00
1686211200000,1626.0,1628.3,1618.5,1620.1,501.955,1686225599999,815245.0029,3440,221.179,359414.9504,0,2023-06-08 08:00:00
1686225600000,1620.2,1630.6,1616.3,1629.8,415.788,1686239999999,674235.8089,3393,236.434,383482.0004,0,2023-06-08 12:00:00
1686240000000,1629.8,1630.5,1623.9,1624.2,158.014,1686254399999,257100.9238,1823,78.736,128121.1788,0,2023-06-08 16:00:00
1686254400000,1624.2,1626.0,1623.1,1625.5,98.659,1686268799999,160281.1361,1353,56.800,92277.0718,0,2023-06-08 20:00:00
1686268800000,1625.5,1633.7,1623.3,1630.8,198.911,1686283199999,324130.7560,1993,102.916,167678.5492,0,2023-06-09 00:00:00
1686283200000,1631.0,1638.2,1627.7,1635.4,211.793,1686297599999,346046.1981,2071,113.356,185216.5181,0,2023-06-09 04:00:00
1686297600000,1635.4,1638.9,1632.1,1632.7,208.394,1686311999999,340995.2671,1822,105.618,172848.1489,0,2023-06-09 08:00:00
1686312000000,1632.7,1633.3,1625.1,1628.4,321.055,1686326399999,522787.8682,2551,151.079,246015.4888,0,2023-06-09 12:00:00
1686326400000,1628.2,1640.2,1625.4,1639.5,292.849,1686340799999,478062.2457,2492,162.282,265090.7742,0,2023-06-09 16:00:00
1686340800000,1639.5,1640.1,1633.5,1636.8,245.661,1686355199999,402199.6497,2234,119.314,195345.9593,0,2023-06-09 20:00:00
1686355200000,1636.9,1660.4,1636.3,1659.5,996.487,1686369599999,1643528.6178,6848,522.066,861394.2558,0,2023-06-10 00:00:00
1686369600000,1659.5,1751.4,1657.4,1731.0,9988.491,1686383999999,17095340.9085,64431,5369.521,9190107.6060,0,2023-06-10 04:00:00
1686384000000,1730.9,1737.8,1715.3,1715.6,3494.323,1686398399999,6024866.8652,20128,1942.079,3348610.9473,0,2023-06-10 08:00:00
1686398400000,1715.7,1729.1,1715.0,1720.8,2256.461,1686412799999,3881837.7092,13379,1183.894,2036893.4712,0,2023-06-10 12:00:00
1686412800000,1720.8,1725.9,1701.9,1708.0,2956.565,1686427199999,5072773.0607,15678,1366.952,2345710.4086,0,2023-06-10 16:00:00
1686427200000,1708.1,1719.0,1702.4,1705.3,982.220,1686441599999,1678019.4469,6808,491.916,840535.5562,0,2023-06-10 20:00:00
1686441600000,1705.3,1715.5,1702.7,1706.0,1099.871,1686455999999,1879232.7577,7823,529.068,904141.0971,0,2023-06-11 00:00:00
1686456000000,1706.1,1713.5,1703.0,1706.7,722.121,1686470399999,1232589.1579,5314,376.815,643209.7026,0,2023-06-11 04:00:00
1686470400000,1706.6,1711.8,1702.5,1706.7,586.711,1686484799999,1001567.2649,5383,297.091,507198.6233,0,2023-06-11 08:00:00
1686484800000,1706.9,1715.0,1704.8,1715.0,766.333,1686499199999,1310494.0629,5830,393.789,673515.7887,0,2023-06-11 12:00:00
1686499200000,1715.0,1715.8,1702.9,1705.1,751.345,1686513599999,1283759.3454,5207,370.387,632858.6049,0,2023-06-11 16:00:00
1686513600000,1705.1,1711.3,1700.0,1708.8,494.041,1686527999999,842664.1467,4875,247.795,422703.3909,0,2023-06-11 20:00:00
1686528000000,1708.9,1732.8,1708.9,1725.8,1098.692,1686542399999,1893380.2465,6969,631.254,1088315.8629,0,2023-06-12 00:00:00
1686542400000,1725.8,1728.7,1718.3,1727.8,738.995,1686556799999,1273341.1121,3761,310.167,534591.3998,0,2023-06-12 04:00:00
1686556800000,1728.0,1731.8,1706.8,1717.9,843.441,1686571199999,1448129.6516,5215,419.083,719502.6395,0,2023-06-12 08:00:00
1686571200000,1717.8,1720.2,1711.4,1720.1,301.323,1686585599999,517179.5822,2422,161.023,276421.7622,0,2023-06-12 12:00:00
1686585600000,1720.2,1726.0,1715.2,1721.5,532.436,1686599999999,916030.9278,3682,272.439,468749.3850,0,2023-06-12 16:00:00
1686600000000,1721.4,1722.6,1711.8,1715.1,275.216,1686614399999,472380.3971,2475,127.355,218632.0703,0,2023-06-12 20:00:00
1686614400000,1715.1,1724.9,1714.1,1716.7,493.018,1686628799999,847651.2545,3851,235.585,405035.0828,0,2023-06-13 00:00:00
1686628800000,1716.8,1721.4,1713.9,1715.4,587.769,1686643199999,1009206.5718,3820,268.566,461227.1810,0,2023-06-13 04:00:00
1686643200000,1715.4,1718.7,1694.5,1700.3,928.984,1686657599999,1588350.0502,5594,405.368,693318.4786,0,2023-06-13 08:00:00
1686657600000,1700.2,1722.4,1699.6,1716.6,863.781,1686671999999,1477053.0236,6822,467.606,799684.1101,0,2023-06-13 12:00:00
1686672000000,1716.6,1717.9,1705.6,1708.9,470.857,1686686399999,805516.5127,3784,256.894,439466.2070,0,2023-06-13 16:00:00
1686686400000,1709.1,1710.6,1701.6,1707.4,591.433,1686700799999,1008531.9754,4389,307.882,525051.0718,0,2023-06-13 20:00:00
1686700800000,1707.3,1709.0,1701.0,1701.3,459.984,1686715199999,784303.2784,3645,188.732,321811.6368,0,2023-06-14 00:00:00
1686715200000,1701.3,1708.4,1700.6,1706.3,386.789,1686729599999,659318.1195,2971,193.938,330640.7673,0,2023-06-14 04:00:00
1686729600000,1706.2,1707.4,1701.9,1704.8,201.282,1686743999999,343096.2328,2388,107.417,183108.0107,0,2023-06-14 08:00:00
1686744000000,1704.7,1713.9,1702.7,1710.5,298.230,1686758399999,509755.5615,2875,151.712,259310.3944,0,2023-06-14 12:00:00
1686758400000,1710.5,1716.6,1705.3,1712.7,461.659,1686772799999,789736.7173,4158,241.420,413016.1488,0,2023-06-14 16:00:00
1686772800000,1713.3,1747.4,1712.5,1732.9,1898.329,1686787199999,3291466.2550,11389,1133.500,1965218.4186,0,2023-06-14 20:00:00
1686787200000,1732.8,1733.1,1723.3,1724.1,433.109,1686801599999,749029.3211,3786,204.899,354361.9253,0,2023-06-15 00:00:00
1686801600000,1724.0,1738.0,1723.2,1734.9,427.536,1686815999999,739675.9165,3898,234.856,406329.9302,0,2023-06-15 04:00:00
1686816000000,1734.9,1742.0,1732.0,1735.1,729.786,1686830399999,1267567.2702,5679,400.767,696164.0738,0,2023-06-15 08:00:00
1686830400000,1735.1,1738.6,1730.2,1737.6,507.834,1686844799999,880996.4941,4546,266.156,461723.2483,0,2023-06-15 12:00:00
1686844800000,1737.5,1750.0,1735.6,1743.5,1082.367,1686859199999,1887147.4378,8353,607.477,1059259.2727,0,2023-06-15 16:00:00
1686859200000,1743.5,1759.2,1742.3,1754.2,860.523,1686873599999,1507834.8389,6076,494.872,867107.5269,0,2023-06-15 20:00:00
1686873600000,1754.2,1755.5,1747.2,1751.5,551.296,1686887999999,966006.7962,3707,254.531,446025.5484,0,2023-06-16 00:00:00
1686888000000,1751.1,1751.5,1742.6,1746.4,425.361,1686902399999,743108.6798,3506,201.409,351897.9555,0,2023-06-16 04:00:00
1686902400000,1746.3,1765.5,1745.4,1759.6,595.030,1686916799999,1044089.8593,4494,312.608,548795.8348,0,2023-06-16 08:00:00
1686916800000,1759.6,1770.6,1753.3,1766.1,560.854,1686931199999,987684.8240,4286,315.424,555591.4058,0,2023-06-16 12:00:00
1686931200000,1766.4,1783.0,1763.2,1767.6,1188.536,1686945599999,2104489.9503,8045,607.429,1075950.3390,0,2023-06-16 16:00:00
1686945600000,1767.6,1773.5,1762.6,1769.8,350.846,1686959999999,620546.1385,2997,155.778,275540.4241,0,2023-06-16 20:00:00
1686960000000,1769.9,1777.2,1761.8,1764.9,472.208,1686974399999,835075.4611,3911,239.193,423019.5387,0,2023-06-17 00:00:00
1686974400000,1764.9,1766.2,1748.0,1755.1,893.762,1686988799999,1570060.7811,6173,400.860,704153.7871,0,2023-06-17 04:00:00
1686988800000,1755.0,1759.7,1754.4,1757.1,393.071,1687003199999,690495.6890,3362,176.629,310300.0844,0,2023-06-17 08:00:00
1687003200000,1757.1,1762.0,1753.1,1758.0,460.077,1687017599999,808570.1943,3567,232.232,408205.5471,0,2023-06-17 12:00:00
1687017600000,1758.0,1764.0,1757.2,1761.5,227.559,1687031999999,400535.6801,2955,113.867,200460.5354,0,2023-06-17 16:00:00
1687032000000,1761.6,1765.7,1761.2,1764.2,129.518,1687046399999,228422.7676,2654,62.174,109661.6704,0,2023-06-17 20:00:00
1687046400000,1764.2,1769.4,1762.6,1767.1,381.710,1687060799999,673824.2236,2998,196.713,347254.7348,0,2023-06-18 00:00:00
1687060800000,1767.1,1768.5,1763.2,1767.0,218.727,1687075199999,386288.4603,1947,118.314,208968.1213,0,2023-06-18 04:00:00
1687075200000,1766.9,1767.2,1753.4,1756.4,488.327,1687089599999,859061.8247,5238,233.009,409941.4927,0,2023-06-18 08:00:00
1687089600000,1756.3,1758.7,1751.2,1753.3,291.169,1687103999999,510714.9348,2026,129.355,226910.5734,0,2023-06-18 12:00:00
1687104000000,1753.3,1759.0,1752.0,1757.0,147.622,1687118399999,259074.7233,1597,79.737,139958.6400,0,2023-06-18 16:00:00
1687118400000,1756.8,1764.4,1756.4,1760.0,332.696,1687132799999,585954.9789,2872,182.492,321398.8005,0,2023-06-18 20:00:00
1687132800000,1759.9,1765.5,1758.2,1762.8,207.627,1687147199999,365875.1759,1977,108.567,191306.6769,0,2023-06-19 00:00:00
1687147200000,1762.8,1764.5,1760.4,1762.4,178.864,1687161599999,315225.4583,1740,84.260,148513.2538,0,2023-06-19 04:00:00
1687161600000,1762.3,1765.9,1762.2,1764.4,262.960,1687175999999,463974.9188,2456,126.606,223397.5044,0,2023-06-19 08:00:00
1687176000000,1764.4,1770.7,1762.5,1769.7,510.931,1687190399999,903177.4948,3569,284.075,502230.4158,0,2023-06-19 12:00:00
1687190400000,1769.7,1781.9,1769.4,1779.5,1143.194,1687204799999,2031126.5571,7275,655.024,1163740.4148,0,2023-06-19 16:00:00
1687204800000,1779.4,1782.4,1773.7,1779.2,351.494,1687219199999,624907.2065,3087,176.386,313569.0136,0,2023-06-19 20:00:00
1687219200000,1779.3,1789.0,1778.7,1788.5,875.383,1687233599999,1562528.0518,5171,455.004,812352.4432,0,2023-06-20 00:00:00
1687233600000,1788.5,1796.5,1785.1,1787.4,619.975,1687247999999,1109662.2474,4740,355.244,635927.0804,0,2023-06-20 04:00:00
1687248000000,1787.5,1793.0,1784.7,1791.2,314.765,1687262399999,563046.5570,2617,152.301,272476.2872,0,2023-06-20 08:00:00
1687262400000,1791.1,1808.6,1790.5,1807.2,1092.310,1687276799999,1964814.9011,6729,626.394,1126980.6882,0,2023-06-20 12:00:00
1687276800000,1807.2,1826.0,1804.4,1817.1,2385.729,1687291199999,4331511.1149,12948,1310.945,2380892.2375,0,2023-06-20 16:00:00
1687291200000,1817.2,1835.0,1816.6,1828.5,1502.361,1687305599999,2743682.8180,8719,784.089,1432324.8198,0,2023-06-20 20:00:00
1687305600000,1828.3,1846.3,1824.7,1829.3,1408.903,1687319999999,2586217.5166,8190,707.580,1298752.0941,0,2023-06-21 00:00:00
1687320000000,1829.3,1839.6,1829.1,1837.3,861.674,1687334399999,1580574.0133,5028,435.155,798195.9869,0,2023-06-21 04:00:00
1687334400000,1836.9,1857.1,1834.9,1835.4,1682.572,1687348799999,3103243.2839,8294,897.373,1655211.7913,0,2023-06-21 08:00:00
1687348800000,1835.5,1880.0,1830.4,1873.8,2817.617,1687363199999,5240289.6781,12496,1556.605,2896011.5197,0,2023-06-21 12:00:00
1687363200000,1873.5,1894.9,1865.2,1867.2,2683.482,1687377599999,5038261.9689,11470,1221.374,2293676.7441,0,2023-06-21 16:00:00
1687377600000,1867.5,1868.8,1852.0,1854.2,928.303,1687391999999,1727162.1477,4547,394.092,733139.6004,0,2023-06-21 20:00:00
1687392000000,1854.6,1855.6,1830.0,1834.4,1253.786,1687406399999,2305632.6436,7707,607.871,1117890.1887,0,2023-06-22 00:00:00
1687406400000,1834.3,1846.9,1830.5,1831.0,749.849,1687420799999,1379452.1556,5324,365.932,673207.7626,0,2023-06-22 04:00:00
1687420800000,1831.0,1860.6,1830.7,1854.7,881.850,1687435199999,1626891.6942,5745,499.501,921320.9889,0,2023-06-22 08:00:00
1687435200000,1854.6,1864.7,1850.2,1859.9,1138.470,1687449599999,2114753.9167,6408,623.636,1158692.3268,0,2023-06-22 12:00:00
1687449600000,1860.0,1868.7,1859.4,1868.6,450.823,1687463999999,840332.5859,3177,230.818,430302.6963,0,2023-06-22 16:00:00
1687464000000,1868.5,1874.1,1862.9,1869.0,495.805,1687478399999,926512.9869,3488,248.204,463876.5948,0,2023-06-22 20:00:00
1687478400000,1869.0,1869.5,1861.2,1861.7,462.311,1687492799999,862421.9628,3516,259.823,484673.9840,0,2023-06-23 00:00:00
1687492800000,1861.4,1866.0,1856.7,1856.7,347.242,1687507199999,646489.2321,3163,178.552,332477.9012,0,2023-06-23 04:00:00
1687507200000,1857.0,1869.8,1855.6,1869.7,467.117,1687521599999,870234.1079,3125,293.355,546369.4365,0,2023-06-23 08:00:00
1687521600000,1869.8,1912.2,1869.3,1900.5,1602.763,1687535999999,3027236.8438,8459,925.938,1749280.8324,0,2023-06-23 12:00:00
1687536000000,1900.5,1901.0,1880.0,1885.1,1650.484,1687550399999,3116104.1177,7919,893.753,1687632.7358,0,2023-06-23 16:00:00
1687550400000,1885.1,1886.4,1877.0,1884.0,662.532,1687564799999,1246293.6025,3908,369.111,694350.9492,0,2023-06-23 20:00:00
1687564800000,1883.8,1887.9,1878.2,1881.8,668.997,1687579199999,1259272.9937,3963,319.656,601780.8431,0,2023-06-24 00:00:00
1687579200000,1881.7,1887.0,1876.1,1885.2,345.121,1687593599999,649584.5485,2490,193.774,364681.3439,0,2023-06-24 04:00:00
1687593600000,1885.2,1888.5,1880.0,1886.2,396.671,1687607999999,747119.7802,2678,209.690,395031.8072,0,2023-06-24 08:00:00
1687608000000,1886.1,1905.4,1876.4,1899.1,1220.646,1687622399999,2307195.0245,6603,661.931,1251350.4549,0,2023-06-24 12:00:00
1687622400000,1899.2,1903.5,1895.5,1897.1,543.456,1687636799999,1032818.9108,3684,292.563,556067.9788,0,2023-06-24 16:00:00
1687636800000,1897.0,1906.1,1895.9,1897.4,427.167,1687651199999,811493.5396,3019,270.558,513996.4137,0,2023-06-24 20:00:00
1687651200000,1897.4,1902.5,1888.4,1889.9,495.394,1687665599999,938858.8007,3246,220.305,417632.0285,0,2023-06-25 00:00:00
1687665600000,1889.9,1893.3,1871.8,1873.1,603.137,1687679999999,1134913.2143,4281,297.849,560527.8001,0,2023-06-25 04:00:00
1687680000000,1873.1,1876.1,1859.9,1869.0,661.028,1687694399999,1235285.1249,4781,313.823,586571.4192,0,2023-06-25 08:00:00
1687694400000,1868.7,1889.4,1868.1,1887.3,693.729,1687708799999,1303511.5596,5222,354.800,666786.1457,0,2023-06-25 12:00:00
1687708800000,1887.5,1888.3,1869.4,1872.9,441.465,1687723199999,829392.1214,3524,220.349,413945.3143,0,2023-06-25 16:00:00
1687723200000,1873.0,1876.3,1866.3,1871.0,432.090,1687737599999,808623.6662,3347,198.875,372235.4295,0,2023-06-25 20:00:00
1687737600000,1870.9,1887.6,1869.8,1880.8,743.879,1687751999999,1398624.9017,4860,356.559,670390.9696,0,2023-06-26 00:00:00
1687752000000,1880.9,1884.0,1873.1,1876.9,568.900,1687766399999,1068691.8281,3174,299.121,561908.6176,0,2023-06-26 04:00:00
1687766400000,1877.0,1881.2,1872.8,1879.4,373.913,1687780799999,701661.9177,2810,181.726,341032.7938,0,2023-06-26 08:00:00
1687780800000,1879.5,1883.2,1872.2,1874.7,575.474,1687795199999,1080673.0822,4264,297.214,558168.1433,0,2023-06-26 12:00:00
1687795200000,1874.6,1898.9,1873.5,1897.4,839.637,1687809599999,1587871.2152,6071,442.081,835973.4280,0,2023-06-26 16:00:00
1687809600000,1896.8,1903.1,1892.3,1898.7,548.642,1687823999999,1041164.1076,3785,314.506,596933.1165,0,2023-06-26 20:00:00
1687824000000,1898.7,1905.0,1889.4,1889.7,508.721,1687838399999,965549.6410,3500,259.153,491947.0362,0,2023-06-27 00:00:00
1687838400000,1889.7,1893.3,1885.2,1887.0,323.982,1687852799999,612030.5923,2351,174.028,328763.6051,0,2023-06-27 04:00:00
1687852800000,1886.9,1902.0,1881.9,1900.4,449.690,1687867199999,850564.7365,3165,238.013,450176.7057,0,2023-06-27 08:00:00
1687867200000,1900.4,1905.0,1893.9,1899.7,576.931,1687881599999,1096374.4241,4386,285.154,541940.8330,0,2023-06-27 12:00:00
1687881600000,1899.8,1900.5,1880.0,1887.8,413.393,1687895999999,780498.8925,3496,193.690,365750.6820,0,2023-06-27 16:00:00
1687896000000,1887.7,1894.4,1885.0,1894.2,251.414,1687910399999,475031.1697,2318,139.093,262839.8910,0,2023-06-27 20:00:00
1687910400000,1894.1,1907.4,1894.0,1899.0,637.248,1687924799999,1212157.0248,4189,355.800,676881.8787,0,2023-06-28 00:00:00
1687924800000,1899.1,1910.0,1897.0,1905.3,492.596,1687939199999,937122.2780,3900,286.694,545467.9183,0,2023-06-28 04:00:00
1687939200000,1905.1,1907.5,1901.8,1904.6,329.749,1687953599999,627925.2602,3008,180.260,343277.3421,0,2023-06-28 08:00:00
1687953600000,1904.4,1908.6,1899.2,1907.4,579.201,1687967999999,1102445.3668,4064,238.067,453188.3102,0,2023-06-28 12:00:00
1687968000000,1907.1,1946.0,1902.8,1929.0,1739.325,1687982399999,3340183.0000,10773,1017.450,1953950.0206,0,2023-06-28 16:00:00
1687982400000,1929.4,1931.8,1921.7,1926.8,931.610,1687996799999,1795093.8591,7975,495.802,955468.3837,0,2023-06-28 20:00:00
1687996800000,1926.8,1926.8,1919.3,1920.9,747.200,1688011199999,1436387.0571,4970,383.643,737490.5743,0,2023-06-29 00:00:00
1688011200000,1920.9,1927.5,1916.4,1920.3,742.427,1688025599999,1427357.7695,4964,297.291,571543.0948,0,2023-06-29 04:00:00
1688025600000,1920.2,1925.0,1913.2,1916.7,669.953,1688039999999,1285724.2649,4576,308.606,592405.8085,0,2023-06-29 08:00:00
1688040000000,1916.8,1925.3,1912.7,1922.8,538.875,1688054399999,1034384.8209,4457,283.656,544507.7526,0,2023-06-29 12:00:00
1688054400000,1922.3,1929.8,1918.7,1920.0,468.115,1688068799999,900710.3980,3642,223.481,430051.0905,0,2023-06-29 16:00:00
1688068800000,1920.1,1922.3,1913.7,1918.5,298.307,1688083199999,572035.7590,2482,174.477,334643.1092,0,2023-06-29 20:00:00
1688083200000,1918.6,1923.3,1898.4,1899.5,1141.420,1688097599999,2182830.9047,7193,529.408,1012283.9990,0,2023-06-30 00:00:00
1688097600000,1899.5,1907.9,1889.9,1890.8,1119.287,1688111999999,2122891.6147,7755,582.203,1104113.2908,0,2023-06-30 04:00:00
1688112000000,1890.8,1892.5,1876.8,1885.7,895.292,1688126399999,1688350.3046,6739,406.283,766177.9079,0,2023-06-30 08:00:00
1688126400000,1885.6,1891.8,1860.0,1882.9,1711.149,1688140799999,3220138.8888,12063,925.839,1743241.9650,0,2023-06-30 12:00:00
1688140800000,1883.0,1883.0,1829.8,1834.3,2286.670,1688155199999,4224560.8396,17217,1049.117,1937561.4714,0,2023-06-30 16:00:00
1688155200000,1834.1,1842.5,1829.6,1834.5,855.081,1688169599999,1569254.0776,6608,502.454,922291.2943,0,2023-06-30 20:00:00
1688169600000,1834.6,1842.8,1825.5,1839.6,803.829,1688183999999,1475684.5422,6204,438.907,805705.0189,0,2023-07-01 00:00:00
1688184000000,1839.6,1847.8,1838.8,1841.9,628.803,1688198399999,1159002.9293,4526,342.183,630615.2820,0,2023-07-01 04:00:00
1688198400000,1841.9,1844.8,1835.8,1843.1,393.590,1688212799999,724583.2112,3190,205.462,378242.3832,0,2023-07-01 08:00:00
1688212800000,1843.2,1845.0,1836.9,1839.2,458.897,1688227199999,844841.9641,3957,230.127,423729.7773,0,2023-07-01 12:00:00
1688227200000,1839.3,1849.1,1837.8,1843.4,622.942,1688241599999,1147997.6985,4576,369.154,680202.9342,0,2023-07-01 16:00:00
1688241600000,1843.2,1843.6,1836.7,1838.7,190.611,1688255999999,350634.7546,2116,78.062,143595.2827,0,2023-07-01 20:00:00
1688256000000,1838.4,1847.6,1837.0,1843.4,315.878,1688270399999,582072.1090,3367,169.095,311642.4740,0,2023-07-02 00:00:00
1688270400000,1843.4,1845.8,1838.5,1838.9,219.687,1688284799999,404623.1026,2436,101.887,187671.4179,0,2023-07-02 04:00:00
1688284800000,1838.8,1844.6,1837.3,1837.6,224.924,1688299199999,413997.5674,1978,117.149,215649.3775,0,2023-07-02 08:00:00
1688299200000,1837.5,1841.8,1831.4,1834.8,447.672,1688313599999,822854.9246,3483,224.333,412397.4164,0,2023-07-02 12:00:00
1688313600000,1834.7,1843.9,1834.7,1840.5,220.766,1688327999999,406433.6693,1926,89.913,165525.7927,0,2023-07-02 16:00:00
1688328000000,1840.5,1842.2,1817.1,1824.6,649.737,1688342399999,1186747.1161,4458,273.249,499085.5979,0,2023-07-02 20:00:00
1688342400000,1824.7,1831.7,1819.0,1821.1,552.363,1688356799999,1007813.9430,3985,255.005,465396.8554,0,2023-07-03 00:00:00
1688356800000,1821.2,1825.3,1806.5,1807.9,618.885,1688371199999,1124321.5551,4464,296.411,538630.3609,0,2023-07-03 04:00:00
1688371200000,1807.8,1813.1,1802.2,1809.0,407.782,1688385599999,737546.3499,4088,191.448,346321.9423,0,2023-07-03 08:00:00
1688385600000,1809.1,1832.9,1807.8,1829.9,564.331,1688399999999,1026570.5789,5212,280.105,509536.7511,0,2023-07-03 12:00:00
1688400000000,1830.4,1844.2,1827.0,1840.9,373.816,1688414399999,685970.1503,3893,202.469,371643.0058,0,2023-07-03 16:00:00
1688414400000,1840.4,1847.0,1836.8,1843.8,341.107,1688428799999,628170.4280,3362,176.309,324695.6106,0,2023-07-03 20:00:00
1688428800000,1843.9,1858.1,1838.0,1841.3,751.336,1688443199999,1389112.4773,4925,363.445,671928.3293,0,2023-07-04 00:00:00
1688443200000,1841.7,1844.3,1835.7,1837.9,371.980,1688457599999,684583.7005,3369,159.113,292837.0501,0,2023-07-04 04:00:00
1688457600000,1837.9,1843.3,1835.2,1837.7,233.164,1688471999999,428811.6092,2875,109.399,201202.9550,0,2023-07-04 08:00:00
1688472000000,1837.5,1842.1,1833.2,1838.6,278.225,1688486399999,511241.5264,2892,156.149,286960.3221,0,2023-07-04 12:00:00
1688486400000,1838.5,1845.9,1834.4,1840.3,271.881,1688500799999,500197.3913,3386,136.806,251747.1857,0,2023-07-04 16:00:00
1688500800000,1839.9,1842.3,1835.9,1841.5,191.274,1688515199999,351769.7462,2335,86.344,158802.6205,0,2023-07-04 20:00:00
1688515200000,1841.3,1843.9,1838.8,1841.0,227.206,1688529599999,418346.5268,2075,110.763,203981.1405,0,2023-07-05 00:00:00
1688529600000,1840.8,1845.8,1836.4,1838.6,446.817,1688543999999,823172.7973,2914,210.934,388749.8103,0,2023-07-05 04:00:00
1688544000000,1838.5,1865.7,1838.2,1851.7,759.112,1688558399999,1406588.7676,6199,410.015,759692.0793,0,2023-07-05 08:00:00
1688558400000,1851.6,1860.0,1848.0,1856.3,573.452,1688572799999,1063097.3131,5234,259.791,481664.1552,0,2023-07-05 12:00:00
1688572800000,1856.4,1858.8,1852.8,1857.1,326.475,1688587199999,605885.2524,3580,167.044,310029.0938,0,2023-07-05 16:00:00
1688587200000,1857.2,1858.5,1849.5,1855.2,213.873,1688601599999,396324.3642,2671,97.881,181406.8054,0,2023-07-05 20:00:00
1688601600000,1855.2,1856.3,1849.8,1850.1,279.918,1688615999999,518613.1342,3012,123.404,228625.7248,0,2023-07-06 00:00:00
1688616000000,1849.9,1855.8,1844.8,1854.5,430.119,1688630399999,795726.6994,3394,154.117,285159.9229,0,2023-07-06 04:00:00
1688630400000,1854.5,1869.9,1852.5,1864.7,583.978,1688644799999,1087590.1247,5305,319.358,594700.5424,0,2023-07-06 08:00:00
1688644800000,1864.5,1870.9,1859.2,1867.3,730.847,1688659199999,1363046.0657,6227,396.074,738719.2431,0,2023-07-06 12:00:00
1688659200000,1867.4,1869.8,1854.4,1862.4,346.532,1688673599999,645015.3710,3580,172.170,320461.2368,0,2023-07-06 16:00:00
1688673600000,1862.4,1876.6,1860.5,1875.5,434.814,1688687999999,813017.9537,4045,230.352,430795.0042,0,2023-07-06 20:00:00
1688688000000,1875.5,1883.9,1871.9,1873.4,703.889,1688702399999,1321718.4947,5892,391.828,735828.2213,0,2023-07-07 00:00:00
1688702400000,1873.1,1879.9,1871.3,1873.0,228.987,1688716799999,429649.1299,2975,111.482,209180.5438,0,2023-07-07 04:00:00
1688716800000,1873.1,1876.8,1870.0,1874.8,342.100,1688731199999,640868.4537,3155,185.168,346876.4976,0,2023-07-07 08:00:00
1688731200000,1874.8,1877.3,1870.9,1875.8,355.987,1688745599999,667135.2633,3150,178.758,335028.8383,0,2023-07-07 12:00:00
1688745600000,1875.5,1876.5,1869.2,1872.2,245.631,1688759999999,459918.2425,2664,115.854,216954.6199,0,2023-07-07 16:00:00
1688760000000,1872.5,1875.8,1872.3,1874.6,150.244,1688774399999,281584.7618,1929,90.814,170198.0684,0,2023-07-07 20:00:00
1688774400000,1874.6,1875.8,1866.2,1875.0,199.433,1688788799999,373225.1410,2427,86.749,162371.3126,0,2023-07-08 00:00:00
1688788800000,1874.9,1876.8,1868.9,1870.6,215.377,1688803199999,403426.5728,2232,104.607,195952.7268,0,2023-07-08 04:00:00
1688803200000,1870.8,1873.5,1867.3,1872.0,209.136,1688817599999,391004.7083,2210,88.691,165839.8096,0,2023-07-08 08:00:00
1688817600000,1871.8,1874.1,1869.2,1871.2,156.530,1688831999999,292987.4480,1951,76.286,142812.2270,0,2023-07-08 12:00:00
1688832000000,1871.4,1877.3,1869.3,1876.8,134.931,1688846399999,252678.4749,1689,71.210,133353.9215,0,2023-07-08 16:00:00
1688846400000,1876.7,1880.0,1868.8,1870.3,181.584,1688860799999,340410.5922,2171,93.644,175558.2548,0,2023-07-08 20:00:00
1688860800000,1870.3,1872.7,1867.0,1868.1,195.596,1688875199999,365655.3510,1914,91.335,170745.8053,0,2023-07-09 00:00:00
1688875200000,1868.2,1874.7,1866.6,1872.5,233.959,1688889599999,437410.1885,2001,132.764,248231.6210,0,2023-07-09 04:00:00
1688889600000,1872.5,1875.6,1865.8,1870.4,486.869,1688903999999,911199.7818,2727,243.264,455353.8399,0,2023-07-09 08:00:00
1688904000000,1870.5,1878.8,1865.4,1878.5,284.071,1688918399999,531930.8243,2515,131.839,246879.5579,0,2023-07-09 12:00:00
1688918400000,1878.5,1879.4,1872.4,1872.4,158.434,1688932799999,297084.8577,1782,75.573,141720.0871,0,2023-07-09 16:00:00
1688932800000,1872.4,1874.5,1866.4,1872.8,252.699,1688947199999,472578.5565,2373,140.868,263411.9020,0,2023-07-09 20:00:00
1688947200000,1872.8,1881.9,1872.6,1877.4,359.340,1688961599999,674962.6519,3858,181.133,340230.7546,0,2023-07-10 00:00:00
1688961600000,1877.0,1880.8,1873.1,1880.1,224.765,1688975999999,422080.2784,2629,116.530,218856.7265,0,2023-07-10 04:00:00
1688976000000,1879.9,1884.8,1868.0,1870.9,588.218,1688990399999,1102786.0880,4456,283.738,531968.7842,0,2023-07-10 08:00:00
1688990400000,1870.7,1871.9,1862.0,1863.5,348.239,1689004799999,650198.0093,3158,161.001,300678.1315,0,2023-07-10 12:00:00
1689004800000,1863.5,1869.9,1857.7,1868.8,316.594,1689019199999,589959.2985,3160,159.737,297693.4342,0,2023-07-10 16:00:00
1689019200000,1868.9,1878.1,1850.4,1861.8,532.866,1689033599999,993018.1215,4922,282.707,526986.6017,0,2023-07-10 20:00:00
1689033600000,1861.8,1869.6,1860.3,1864.8,217.440,1689047999999,405381.5846,2884,110.377,205808.8394,0,2023-07-11 00:00:00
1689048000000,1864.7,1868.0,1860.6,1864.0,191.694,1689062399999,357326.3783,2260,92.634,172691.1113,0,2023-07-11 04:00:00
1689062400000,1863.9,1869.8,1861.2,1867.0,162.943,1689076799999,303990.7298,2332,85.673,159834.0118,0,2023-07-11 08:00:00
1689076800000,1867.0,1879.8,1864.8,1876.5,283.670,1689091199999,530620.7854,2490,127.649,238826.2284,0,2023-07-11 12:00:00
1689091200000,1876.5,1880.0,1869.2,1874.7,211.504,1689105599999,396756.1865,2146,99.089,185886.2872,0,2023-07-11 16:00:00
1689105600000,1874.8,1875.0,1865.7,1870.9,190.745,1689119999999,356753.4837,2203,89.372,167179.4314,0,2023-07-11 20:00:00
1689120000000,1871.0,1873.1,1860.1,1866.8,260.589,1689134399999,486238.7490,2274,120.855,225549.5857,0,2023-07-12 00:00:00
1689134400000,1866.8,1871.5,1865.6,1867.9,161.004,1689148799999,300846.3052,1684,86.600,161822.1356,0,2023-07-12 04:00:00
1689148800000,1867.8,1872.6,1867.4,1871.8,171.430,1689163199999,320583.4412,2211,94.929,177547.6015,0,2023-07-12 08:00:00
1689163200000,1871.9,1877.6,1862.1,1866.5,319.202,1689177599999,596460.3983,3125,152.084,284166.4773,0,2023-07-12 12:00:00
1689177600000,1866.5,1868.6,1859.0,1866.1,211.324,1689191999999,393836.6942,2374,109.048,203206.3837,0,2023-07-12 16:00:00
1689192000000,1866.1,1870.2,1864.3,1866.6,176.890,1689206399999,330303.6222,1828,76.468,142783.3729,0,2023-07-12 20:00:00
1689206400000,1866.9,1868.3,1862.7,1865.6,173.506,1689220799999,323714.5995,1589,87.872,163928.2902,0,2023-07-13 00:00:00
1689220800000,1865.8,1867.7,1861.4,1864.2,244.763,1689235199999,456328.3817,2014,110.394,205851.0196,0,2023-07-13 04:00:00
1689235200000,1863.5,1866.6,1858.5,1859.7,189.499,1689249599999,352937.5940,1913,104.045,193751.0466,0,2023-07-13 08:00:00
1689249600000,1859.6,1865.5,1804.6,1808.1,1556.763,1689263999999,2838480.3390,8847,829.438,1510432.5853,0,2023-07-13 12:00:00
1689264000000,1808.2,1808.8,1731.2,1763.1,4927.004,1689278399999,8705377.7140,28117,2351.421,4155693.4454,0,2023-07-13 16:00:00
1689278400000,1763.1,1765.8,1742.9,1745.4,730.185,1689292799999,1282349.7705,7510,326.705,573903.3998,0,2023-07-13 20:00:00
1689292800000,1745.1,1763.6,1723.6,1739.5,1747.466,1689307199999,3037941.0895,10519,794.162,1381464.1563,0,2023-07-14 00:00:00
1689307200000,1739.5,1740.9,1731.0,1735.9,627.352,1689321599999,1088752.0569,6710,302.412,524910.7345,0,2023-07-14 04:00:00
1689321600000,1736.2,1744.6,1732.2,1738.6,571.974,1689335999999,994614.1133,6633,251.036,436596.9169,0,2023-07-14 08:00:00
1689336000000,1738.6,1748.2,1736.8,1737.1,1264.081,1689350399999,2203400.4022,10447,588.848,1026493.9191,0,2023-07-14 12:00:00
1689350400000,1737.0,1772.7,1735.7,1763.6,1659.057,1689364799999,2913518.9336,12128,972.998,1708218.6110,0,2023-07-14 16:00:00
1689364800000,1763.5,1769.8,1748.6,1748.9,605.689,1689379199999,1065700.0500,5961,273.710,481572.9966,0,2023-07-14 20:00:00
1689379200000,1748.7,1758.1,1747.1,1753.6,520.655,1689393599999,912986.4379,5083,242.303,424956.4884,0,2023-07-15 00:00:00
1689393600000,1753.5,1753.6,1737.7,1738.8,488.991,1689407999999,854232.7610,4938,229.511,401032.0993,0,2023-07-15 04:00:00
1689408000000,1739.0,1741.9,1733.2,1739.6,317.213,1689422399999,551349.4362,3273,140.362,244001.7212,0,2023-07-15 08:00:00
1689422400000,1739.8,1750.1,1739.2,1743.8,323.814,1689436799999,564934.8911,3573,138.802,242152.9075,0,2023-07-15 12:00:00
1689436800000,1743.8,1751.7,1742.8,1746.4,286.310,1689451199999,500410.6475,3490,131.656,230076.4479,0,2023-07-15 16:00:00
1689451200000,1746.3,1754.0,1746.1,1748.3,248.694,1689465599999,435318.4556,2585,119.136,208561.5134,0,2023-07-15 20:00:00
1689465600000,1748.3,1756.7,1743.1,1753.8,275.560,1689479999999,481884.2058,3331,145.148,253875.2302,0,2023-07-16 00:00:00
1689480000000,1754.1,1757.4,1750.3,1755.5,167.446,1689494399999,293569.0080,2400,81.956,143704.6740,0,2023-07-16 04:00:00
1689494400000,1755.8,1755.8,1744.2,1746.7,263.835,1689508799999,461819.1196,2805,108.465,189821.9432,0,2023-07-16 08:00:00
1689508800000,1746.7,1751.7,1743.8,1747.2,313.053,1689523199999,546953.0208,2699,155.443,271586.2475,0,2023-07-16 12:00:00
1689523200000,1746.9,1759.3,1746.6,1758.7,235.491,1689537599999,412458.0134,2489,126.871,222218.0221,0,2023-07-16 16:00:00
1689537600000,1758.7,1763.9,1753.3,1762.7,310.654,1689551999999,546380.8932,3385,148.679,261516.4458,0,2023-07-16 20:00:00
1689552000000,1762.3,1765.8,1754.7,1755.4,287.861,1689566399999,506735.1046,3663,142.467,250804.9945,0,2023-07-17 00:00:00
1689566400000,1755.3,1757.9,1751.6,1756.3,193.348,1689580799999,339342.3367,2575,90.407,158688.2723,0,2023-07-17 04:00:00
1689580800000,1756.3,1780.0,1754.6,1769.5,715.715,1689595199999,1265141.7038,6927,359.538,635652.2447,0,2023-07-17 08:00:00
1689595200000,1769.6,1773.9,1764.6,1768.4,410.984,1689609599999,727326.9764,4313,188.891,334306.7804,0,2023-07-17 12:00:00
1689609600000,1768.4,1779.7,1761.0,1769.3,1291.446,1689623999999,2285768.9453,10282,670.544,1186695.8765,0,2023-07-17 16:00:00
1689624000000,1768.9,1772.3,1760.6,1763.8,314.965,1689638399999,556079.2258,3204,160.858,284009.4123,0,2023-07-17 20:00:00
1689638400000,1763.9,1764.9,1756.6,1762.2,306.136,1689652799999,539221.8676,3048,137.134,241536.4290,0,2023-07-18 00:00:00
1689652800000,1762.1,1771.3,1759.4,1766.7,233.319,1689667199999,411939.6497,3041,111.470,196815.5427,0,2023-07-18 04:00:00
1689667200000,1766.8,1771.0,1762.3,1769.9,326.988,1689681599999,577776.3431,3299,139.408,246332.8240,0,2023-07-18 08:00:00
1689681600000,1770.1,1772.9,1763.3,1766.2,260.713,1689695999999,460680.4462,2976,130.753,231070.2482,0,2023-07-18 12:00:00
1689696000000,1766.2,1769.7,1759.6,1760.6,297.240,1689710399999,524698.2159,2950,146.954,259413.1900,0,2023-07-18 16:00:00
1689710400000,1760.6,1764.3,1754.9,1759.9,234.803,1689724799999,413067.1562,2618,107.178,188573.4053,0,2023-07-18 20:00:00
1689724800000,1759.9,1762.8,1745.0,1750.9,440.545,1689739199999,772403.6788,4028,172.637,302669.7505,0,2023-07-19 00:00:00
1689739200000,1750.8,1756.2,1749.0,1755.1,250.060,1689753599999,438541.1941,2420,114.490,200761.5121,0,2023-07-19 04:00:00
1689753600000,1755.1,1758.3,1752.8,1753.5,190.268,1689767999999,334056.3670,2016,104.517,183529.0551,0,2023-07-19 08:00:00
1689768000000,1753.6,1755.4,1748.2,1752.6,226.440,1689782399999,396783.2828,2380,111.979,196213.9392,0,2023-07-19 12:00:00
1689782400000,1752.4,1754.7,1744.6,1747.3,229.635,1689796799999,401824.3864,2470,82.384,144094.4410,0,2023-07-19 16:00:00
1689796800000,1747.3,1760.8,1747.1,1757.6,233.334,1689811199999,409632.5193,2734,128.265,225190.7567,0,2023-07-19 20:00:00
1689811200000,1757.5,1761.2,1748.5,1751.9,347.579,1689825599999,609643.7949,2671,158.333,277745.6739,0,2023-07-20 00:00:00
1689825600000,1752.0,1756.3,1744.3,1750.7,432.928,1689839999999,757869.5953,2874,217.139,380213.4346,0,2023-07-20 04:00:00
1689840000000,1750.9,1755.0,1742.2,1747.3,269.873,1689854399999,471937.7514,3316,121.877,213180.6763,0,2023-07-20 08:00:00
1689854400000,1747.2,1754.4,1744.9,1754.2,313.526,1689868799999,548356.3557,3519,151.493,264950.4191,0,2023-07-20 12:00:00
1689868800000,1754.3,1755.7,1747.6,1750.4,166.889,1689883199999,292319.3754,2019,72.887,127655.8246,0,2023-07-20 16:00:00
1689883200000,1750.4,1759.0,1744.1,1748.6,164.283,1689897599999,287478.3617,2461,81.484,142584.0012,0,2023-07-20 20:00:00
1689897600000,1748.7,1752.7,1743.3,1746.4,163.213,1689911999999,285211.3379,2551,73.031,127616.4973,0,2023-07-21 00:00:00
1689912000000,1746.4,1754.3,1744.9,1752.9,118.664,1689926399999,207581.9778,1949,63.299,110736.6070,0,2023-07-21 04:00:00
1689926400000,1753.0,1760.6,1750.9,1752.8,226.682,1689940799999,398063.4052,2254,99.988,175593.9004,0,2023-07-21 08:00:00
1689940800000,1752.9,1755.1,1749.0,1754.0,223.780,1689955199999,392053.7168,2145,98.454,172511.6841,0,2023-07-21 12:00:00
1689955200000,1754.1,1755.1,1747.0,1748.9,146.135,1689969599999,255783.9053,2080,80.838,141491.3060,0,2023-07-21 16:00:00
1689969600000,1748.9,1757.9,1748.9,1757.6,172.406,1689983999999,302521.4495,1957,85.589,150178.7876,0,2023-07-21 20:00:00
1689984000000,1757.1,1759.9,1747.6,1751.0,213.018,1689998399999,373879.4335,2158,85.197,149529.6511,0,2023-07-22 00:00:00
1689998400000,1751.3,1756.5,1751.3,1755.2,114.581,1690012799999,200944.4772,1593,52.455,91971.6362,0,2023-07-22 04:00:00
1690012800000,1754.9,1769.7,1751.7,1758.7,291.148,1690027199999,512672.8005,2431,150.230,264514.5137,0,2023-07-22 08:00:00
1690027200000,1758.8,1763.0,1757.5,1759.3,93.935,1690041599999,165283.1524,1426,42.361,74541.9599,0,2023-07-22 12:00:00
1690041600000,1759.2,1771.3,1757.6,1764.4,277.117,1690055999999,489126.2934,2409,133.799,236183.2662,0,2023-07-22 16:00:00
1690056000000,1764.8,1791.8,1760.8,1785.5,707.029,1690070399999,1259338.8261,4847,405.307,722016.0407,0,2023-07-22 20:00:00
1690070400000,1785.5,1794.6,1778.9,1780.3,774.493,1690084799999,1383687.2305,5868,385.762,689372.7390,0,2023-07-23 00:00:00
1690084800000,1780.3,1781.2,1776.4,1779.0,419.139,1690099199999,745768.0421,3864,219.911,391262.4478,0,2023-07-23 04:00:00
1690099200000,1779.0,1780.7,1775.7,1778.0,224.912,1690113599999,399984.3453,2433,103.523,184107.5728,0,2023-07-23 08:00:00
1690113600000,1778.0,1783.5,1777.1,1778.2,220.546,1690127999999,392601.4975,2298,103.888,184971.8815,0,2023-07-23 12:00:00
1690128000000,1778.2,1782.8,1771.8,1781.1,339.339,1690142399999,602556.7594,2980,182.802,324674.3419,0,2023-07-23 16:00:00
1690142400000,1781.1,1783.5,1779.0,1781.8,142.226,1690156799999,253359.4010,1898,75.275,134108.0508,0,2023-07-23 20:00:00
1690156800000,1781.8,1784.6,1777.1,1780.6,216.728,1690171199999,385984.4133,2322,100.612,179179.4730,0,2023-07-24 00:00:00
1690171200000,1780.6,1786.5,1777.8,1779.7,223.787,1690185599999,399044.9920,2351,123.787,220747.8982,0,2023-07-24 04:00:00
1690185600000,1779.7,1786.5,1766.0,1779.0,697.409,1690199999999,1242141.0203,5896,346.893,617780.9080,0,2023-07-24 08:00:00
1690200000000,1779.3,1783.0,1772.5,1778.8,297.158,1690214399999,528291.6301,3035,144.010,256013.5166,0,2023-07-24 12:00:00
1690214400000,1778.7,1779.5,1767.4,1772.8,314.344,1690228799999,557337.8404,3051,156.596,277615.6465,0,2023-07-24 16:00:00
1690228800000,1772.8,1778.9,1772.0,1773.7,173.083,1690243199999,307224.5399,2055,80.674,143193.3252,0,2023-07-24 20:00:00
1690243200000,1773.9,1775.6,1767.3,1771.4,272.982,1690257599999,483776.3112,2467,124.758,221106.9425,0,2023-07-25 00:00:00
1690257600000,1771.4,1784.9,1771.3,1780.8,333.271,1690271999999,592253.5849,2719,173.424,308189.9805,0,2023-07-25 04:00:00
1690272000000,1780.8,1783.9,1773.9,1776.7,169.047,1690286399999,300647.0714,2164,80.124,142537.7717,0,2023-07-25 08:00:00
1690286400000,1776.8,1780.0,1770.9,1773.3,1781.529,1690300799999,3160784.7136,11139,878.343,1558313.6480,0,2023-07-25 12:00:00
1690300800000,1773.4,1779.0,1770.8,1773.3,154.700,1690315199999,274432.3054,2295,78.771,139738.0616,0,2023-07-25 16:00:00
1690315200000,1773.4,1775.6,1766.5,1771.1,119.916,1690329599999,212177.0208,1771,52.671,93212.7980,0,2023-07-25 20:00:00
1690329600000,1771.4,1774.6,1769.2,1770.5,123.290,1690343999999,218419.2971,1855,56.819,100657.6709,0,2023-07-26 00:00:00
1690344000000,1770.6,1778.9,1770.2,1775.6,91.595,1690358399999,162554.3019,1493,41.383,73434.6399,0,2023-07-26 04:00:00
1690358400000,1775.6,1783.3,1773.9,1776.9,209.279,1690372799999,372049.2611,2503,99.503,176927.3389,0,2023-07-26 08:00:00
1690372800000,1776.9,1777.9,1768.0,1772.5,191.467,1690387199999,339494.7453,2412,84.141,149209.7500,0,2023-07-26 12:00:00
1690387200000,1772.4,1777.5,1760.3,1763.1,366.329,1690401599999,647682.7438,4043,172.433,304899.3889,0,2023-07-26 16:00:00
1690401600000,1763.1,1768.9,1759.4,1759.7,268.004,1690415999999,472671.1416,3182,141.930,250323.2095,0,2023-07-26 20:00:00
1690416000000,1759.8,1765.4,1755.3,1757.5,200.377,1690430399999,352628.9007,2345,92.060,162010.0720,0,2023-07-27 00:00:00
1690430400000,1757.1,1762.2,1753.3,1760.1,150.609,1690444799999,264712.4530,2068,83.251,146338.5560,0,2023-07-27 04:00:00
1690444800000,1760.0,1762.3,1753.4,1758.4,263.137,1690459199999,462476.1399,3021,126.339,222053.7341,0,2023-07-27 08:00:00
1690459200000,1758.5,1761.5,1751.3,1754.2,146.171,1690473599999,256899.6422,2070,74.148,130338.3963,0,2023-07-27 12:00:00
1690473600000,1754.2,1757.1,1750.2,1755.3,171.461,1690487999999,300604.5401,2574,87.247,152975.5646,0,2023-07-27 16:00:00
1690488000000,1754.9,1758.7,1753.7,1757.9,152.613,1690502399999,268029.9414,2099,83.703,147007.8989,0,2023-07-27 20:00:00
1690502400000,1757.9,1758.6,1752.5,1756.1,183.310,1690516799999,321867.7835,1945,61.315,107647.1699,0,2023-07-28 00:00:00
1690516800000,1756.1,1761.3,1753.2,1756.9,161.442,1690531199999,283685.0934,2607,83.659,147038.0224,0,2023-07-28 04:00:00
1690531200000,1756.8,1758.8,1751.5,1753.1,144.290,1690545599999,253121.6284,1959,65.482,114884.5278,0,2023-07-28 08:00:00
1690545600000,1752.8,1759.6,1751.7,1755.2,237.131,1690559999999,416410.9756,2780,124.081,217934.3867,0,2023-07-28 12:00:00
1690560000000,1755.2,1758.1,1750.0,1751.7,175.568,1690574399999,307792.6260,2358,86.593,151842.3728,0,2023-07-28 16:00:00
1690574400000,1751.8,1756.4,1750.0,1756.1,160.059,1690588799999,280541.1015,1984,98.442,172552.2695,0,2023-07-28 20:00:00
1690588800000,1756.0,1758.2,1753.0,1757.4,94.786,1690603199999,166439.8936,1607,40.202,70595.8242,0,2023-07-29 00:00:00
1690603200000,1757.4,1757.9,1752.3,1753.1,101.883,1690617599999,178801.7748,1967,39.678,69647.5027,0,2023-07-29 04:00:00
1690617600000,1752.9,1756.9,1752.0,1755.1,147.796,1690631999999,259276.4354,2419,72.256,126762.9515,0,2023-07-29 08:00:00
1690632000000,1755.2,1755.7,1752.8,1752.8,66.876,1690646399999,117307.4529,1348,30.481,53474.4805,0,2023-07-29 12:00:00
1690646400000,1752.8,1754.7,1745.6,1747.6,198.631,1690660799999,347632.0539,2604,79.928,139927.6502,0,2023-07-29 16:00:00
1690660800000,1747.6,1749.4,1744.2,1747.1,137.086,1690675199999,239560.2832,1942,66.814,116775.5875,0,2023-07-29 20:00:00
1690675200000,1747.1,1750.4,1745.6,1747.2,136.637,1690689599999,238811.0206,1462,54.922,96009.5176,0,2023-07-30 00:00:00
1690689600000,1747.3,1749.6,1743.9,1749.1,135.759,1690703999999,237159.4112,1839,53.736,93910.5472,0,2023-07-30 04:00:00
1690704000000,1749.0,1750.0,1740.6,1748.1,202.266,1690718399999,353328.2218,2151,106.881,186705.2395,0,2023-07-30 08:00:00
1690718400000,1748.2,1751.0,1745.9,1749.5,169.627,1690732799999,296521.2338,1666,103.324,180620.3501,0,2023-07-30 12:00:00
1690732800000,1749.2,1760.3,1749.2,1760.0,185.397,1690747199999,325115.5433,2047,100.031,175427.7329,0,2023-07-30 16:00:00
1690747200000,1760.1,1767.2,1757.9,1760.9,621.463,1690761599999,1095177.7733,5464,301.119,530703.3373,0,2023-07-30 20:00:00
1690761600000,1761.0,1764.1,1758.2,1763.1,221.830,1690775999999,390777.3548,2037,116.372,205012.9265,0,2023-07-31 00:00:00
1690776000000,1762.9,1768.8,1761.8,1763.9,177.864,1690790399999,314034.9024,2061,75.650,133580.2181,0,2023-07-31 04:00:00
1690790400000,1763.9,1765.5,1760.4,1765.5,302.865,1690804799999,534162.9813,1859,97.505,171956.4030,0,2023-07-31 08:00:00
1690804800000,1765.5,1770.5,1764.3,1769.1,185.408,1690819199999,327747.4479,2317,102.912,181927.8987,0,2023-07-31 12:00:00
1690819200000,1769.2,1770.4,1759.1,1762.9,199.472,1690833599999,351952.0637,2673,92.501,163183.1968,0,2023-07-31 16:00:00
1690833600000,1762.5,1775.4,1761.9,1769.9,273.864,1690847999999,484739.4720,3001,150.496,266383.7824,0,2023-07-31 20:00:00
1690848000000,1769.8,1787.1,1765.6,1775.3,769.511,1690862399999,1369492.3271,6048,436.382,776795.6237,0,2023-08-01 00:00:00
1690862400000,1775.1,1780.7,1768.5,1770.0,482.614,1690876799999,856742.3151,3056,172.449,306177.6228,0,2023-08-01 04:00:00
1690876800000,1770.1,1772.5,1766.1,1768.6,260.769,1690891199999,461304.6937,2301,115.713,204747.0746,0,2023-08-01 08:00:00
1690891200000,1768.6,1770.0,1761.6,1768.5,260.884,1690905599999,460846.3365,2461,131.571,232452.3700,0,2023-08-01 12:00:00
1690905600000,1768.1,1771.4,1763.6,1770.6,300.678,1690919999999,531525.1349,2718,114.738,202895.3099,0,2023-08-01 16:00:00
1690920000000,1770.5,1779.8,1766.4,1779.3,215.463,1690934399999,381838.1819,2448,105.357,186663.0292,0,2023-08-01 20:00:00
1690934400000,1779.3,1796.0,1777.7,1785.1,641.952,1690948799999,1148147.5678,4817,394.348,705424.0654,0,2023-08-02 00:00:00
1690948800000,1785.2,1793.6,1783.2,1792.0,234.071,1690963199999,418736.0918,2893,125.949,225344.7523,0,2023-08-02 04:00:00
1690963200000,1792.1,1792.7,1783.7,1787.1,173.174,1690977599999,309419.2357,2688,80.926,144591.9566,0,2023-08-02 08:00:00
1690977600000,1787.4,1797.0,1785.7,1791.8,228.099,1690991999999,408531.9032,3628,110.675,198213.6154,0,2023-08-02 12:00:00
1690992000000,1791.9,1797.0,1785.7,1786.8,329.304,1691006399999,590124.5603,4368,163.821,293581.1434,0,2023-08-02 16:00:00
1691006400000,1786.9,1793.6,1784.6,1793.5,167.933,1691020799999,300426.9143,2656,100.359,179542.4299,0,2023-08-02 20:00:00
1691020800000,1793.5,1795.6,1790.2,1793.5,172.110,1691035199999,308645.0538,2397,77.353,138725.3374,0,2023-08-03 00:00:00
1691035200000,1793.5,1798.9,1791.7,1796.1,165.433,1691049599999,297033.5643,2379,81.155,145718.6682,0,2023-08-03 04:00:00
1691049600000,1796.1,1805.8,1796.1,1801.2,567.861,1691063999999,1023909.6694,5119,315.544,568990.1972,0,2023-08-03 08:00:00
1691064000000,1801.0,1807.8,1800.6,1803.5,242.769,1691078399999,437839.5015,2580,110.332,199008.3043,0,2023-08-03 12:00:00
1691078400000,1803.6,1804.0,1795.4,1800.6,229.966,1691092799999,413713.3261,2193,81.820,147154.6592,0,2023-08-03 16:00:00
1691092800000,1800.4,1815.3,1796.9,1809.4,396.334,1691107199999,716793.2278,4010,220.686,399239.9208,0,2023-08-03 20:00:00
1691107200000,1809.4,1811.2,1805.9,1806.9,173.308,1691121599999,313479.0548,2293,79.790,144326.1066,0,2023-08-04 00:00:00
1691121600000,1807.0,1812.0,1806.0,1808.3,126.321,1691135999999,228530.4246,1742,62.257,112638.6531,0,2023-08-04 04:00:00
1691136000000,1808.4,1810.1,1806.2,1809.0,151.301,1691150399999,273600.3624,1846,61.380,110997.4714,0,2023-08-04 08:00:00
1691150400000,1809.1,1809.8,1798.4,1801.2,194.408,1691164799999,350523.0277,2491,78.619,141766.3267,0,2023-08-04 12:00:00
1691164800000,1801.1,1807.3,1797.9,1804.9,172.309,1691179199999,310579.7717,2230,90.719,163513.7444,0,2023-08-04 16:00:00
1691179200000,1804.8,1815.6,1803.6,1815.6,319.793,1691193599999,579400.6338,3494,176.108,319105.9659,0,2023-08-04 20:00:00
1691193600000,1815.5,1825.1,1814.4,1816.6,321.956,1691207999999,585627.2984,3643,158.979,289201.7836,0,2023-08-05 00:00:00
1691208000000,1816.4,1819.6,1812.8,1814.5,192.138,1691222399999,349008.3606,2187,92.013,167174.1276,0,2023-08-05 04:00:00
1691222400000,1814.6,1816.5,1808.9,1812.5,158.995,1691236799999,288181.0011,2281,85.369,154738.2172,0,2023-08-05 08:00:00
1691236800000,1812.4,1814.3,1808.3,1811.0,161.576,1691251199999,292654.6636,2426,77.812,140942.7154,0,2023-08-05 12:00:00
1691251200000,1811.0,1814.6,1805.4,1808.2,133.508,1691265599999,241620.3963,2122,57.796,104614.9688,0,2023-08-05 16:00:00
1691265600000,1808.4,1810.2,1805.3,1806.6,115.762,1691279999999,209216.5924,1913,53.390,96499.9299,0,2023-08-05 20:00:00
1691280000000,1806.5,1808.7,1797.0,1801.3,302.306,1691294399999,544905.9204,3533,140.274,252863.4771,0,2023-08-06 00:00:00
1691294400000,1801.3,1807.3,1799.8,1807.2,185.371,1691308799999,334235.5840,2537,104.858,189087.8087,0,2023-08-06 04:00:00
1691308800000,1806.9,1809.4,1802.5,1805.8,165.123,1691323199999,298224.3935,2261,62.655,113168.9097,0,2023-08-06 08:00:00
1691323200000,1805.8,1811.7,1805.4,1810.9,137.405,1691337599999,248543.5044,2124,77.071,139422.2469,0,2023-08-06 12:00:00
1691337600000,1810.5,1813.2,1806.4,1812.5,119.352,1691351999999,216056.8642,2349,56.045,101477.6080,0,2023-08-06 16:00:00
1691352000000,1812.5,1816.5,1811.2,1812.8,135.590,1691366399999,245866.6893,2542,56.835,103062.2742,0,2023-08-06 20:00:00
1691366400000,1812.9,1815.0,1803.1,1808.5,206.277,1691380799999,372983.4104,2746,90.833,164259.3475,0,2023-08-07 00:00:00
1691380800000,1808.5,1815.1,1806.1,1812.2,311.543,1691395199999,564276.5748,2774,161.575,292667.2185,0,2023-08-07 04:00:00
1691395200000,1812.3,1814.2,1809.4,1811.9,170.426,1691409599999,308878.5629,2623,86.213,156264.4469,0,2023-08-07 08:00:00
1691409600000,1812.0,1820.8,1810.1,1813.8,395.963,1691423999999,718941.4469,4214,193.047,350576.0701,0,2023-08-07 12:00:00
1691424000000,1814.2,1829.6,1813.5,1824.5,592.996,1691438399999,1081903.8450,6230,356.317,650142.0749,0,2023-08-07 16:00:00
1691438400000,1824.6,1828.4,1821.4,1824.2,222.467,1691452799999,405942.9534,3331,113.605,207289.3762,0,2023-08-07 20:00:00
1691452800000,1824.4,1825.5,1818.9,1822.4,165.258,1691467199999,301245.9811,2557,83.635,152457.5438,0,2023-08-08 00:00:00
1691467200000,1822.4,1823.7,1817.2,1822.3,126.530,1691481599999,230296.5422,2031,71.608,130348.3889,0,2023-08-08 04:00:00
1691481600000,1822.4,1828.6,1819.8,1827.6,182.716,1691495999999,333348.8372,2650,87.082,158900.0395,0,2023-08-08 08:00:00
1691496000000,1827.8,1834.2,1825.1,1825.7,283.420,1691510399999,518488.7729,3567,141.403,258804.8919,0,2023-08-08 12:00:00
1691510400000,1825.8,1831.3,1821.8,1830.2,245.953,1691524799999,449483.1738,3998,132.842,242784.6615,0,2023-08-08 16:00:00
1691524800000,1830.4,1836.5,1822.3,1828.2,219.090,1691539199999,400765.2954,3747,120.282,220059.4176,0,2023-08-08 20:00:00
1691539200000,1828.2,1830.3,1824.3,1827.3,245.558,1691553599999,448640.7422,3129,125.120,228598.6277,0,2023-08-09 00:00:00
1691553600000,1827.2,1828.6,1822.2,1824.9,71.692,1691567999999,130794.0172,2273,35.921,65534.0457,0,2023-08-09 04:00:00
1691568000000,1824.8,1828.1,1821.8,1828.0,94.293,1691582399999,172049.0267,2148,46.458,84781.6832,0,2023-08-09 08:00:00
1691582400000,1827.6,1833.1,1821.5,1822.6,188.732,1691596799999,344592.2539,2910,90.456,165202.7731,0,2023-08-09 12:00:00
1691596800000,1822.7,1824.2,1806.1,1806.2,273.861,1691611199999,496900.2311,3141,131.435,238458.6459,0,2023-08-09 16:00:00
1691611200000,1806.4,1819.7,1803.8,1815.1,154.986,1691625599999,280907.4726,2887,81.920,148484.5431,0,2023-08-09 20:00:00
1691625600000,1815.0,1818.9,1813.7,1818.3,88.409,1691639999999,160568.2000,2013,36.042,65463.9482,0,2023-08-10 00:00:00
1691640000000,1817.8,1823.0,1815.5,1820.1,146.884,1691654399999,267333.8249,2875,68.286,124281.4286,0,2023-08-10 04:00:00
1691654400000,1820.1,1822.6,1819.2,1820.5,132.291,1691668799999,240890.7899,2824,73.829,134445.9449,0,2023-08-10 08:00:00
1691668800000,1820.9,1821.3,1814.1,1815.2,166.278,1691683199999,302132.8202,2930,73.822,134165.6896,0,2023-08-10 12:00:00
1691683200000,1815.2,1817.0,1811.7,1815.4,126.601,1691697599999,229673.9701,2168,70.034,127045.9564,0,2023-08-10 16:00:00
1691697600000,1815.4,1817.6,1813.4,1816.9,111.862,1691711999999,203123.8194,1981,63.639,115560.4229,0,2023-08-10 20:00:00
1691712000000,1816.9,1817.8,1813.1,1816.2,122.794,1691726399999,222940.3144,2049,47.772,86728.0557,0,2023-08-11 00:00:00
1691726400000,1816.2,1817.5,1814.0,1815.0,74.549,1691740799999,135373.5072,1575,33.811,61400.4279,0,2023-08-11 04:00:00
1691740800000,1814.8,1820.8,1814.3,1816.8,118.795,1691755199999,215993.9582,1933,60.637,110272.5257,0,2023-08-11 08:00:00
1691755200000,1816.8,1820.1,1816.1,1819.4,85.917,1691769599999,156220.3149,1833,37.906,68925.3414,0,2023-08-11 12:00:00
1691769600000,1819.4,1820.9,1816.8,1820.4,140.508,1691783999999,255527.1034,2219,85.266,155059.6578,0,2023-08-11 16:00:00
1691784000000,1820.6,1821.5,1817.0,1819.8,117.151,1691798399999,213185.9247,2171,62.236,113245.6192,0,2023-08-11 20:00:00
1691798400000,1819.8,1820.1,1815.7,1818.4,102.190,1691812799999,185795.2773,1882,37.677,68490.2836,0,2023-08-12 00:00:00
1691812800000,1818.4,1820.9,1815.9,1815.9,102.484,1691827199999,186402.4064,2206,41.275,75076.9663,0,2023-08-12 04:00:00
1691827200000,1816.0,1817.1,1815.0,1816.9,56.714,1691841599999,103000.6647,1445,26.596,48304.5065,0,2023-08-12 08:00:00
1691841600000,1816.8,1817.5,1813.2,1817.0,86.659,1691855999999,157337.8146,1503,29.049,52751.2687,0,2023-08-12 12:00:00
1691856000000,1817.0,1820.4,1815.8,1819.3,69.840,1691870399999,126931.5530,1645,41.887,76134.2303,0,2023-08-12 16:00:00
1691870400000,1819.3,1819.8,1815.2,1819.0,84.932,1691884799999,154416.9548,2062,46.586,84697.0831,0,2023-08-12 20:00:00
1691884800000,1819.1,1820.4,1816.2,1817.2,120.995,1691899199999,220017.8616,2066,50.191,91277.2181,0,2023-08-13 00:00:00
1691899200000,1817.3,1819.2,1815.6,1815.6,80.718,1691913599999,146721.9899,1542,28.480,51764.3799,0,2023-08-13 04:00:00
1691913600000,1815.6,1817.7,1814.3,1816.1,145.069,1691927999999,263398.2850,2427,74.673,135588.6730,0,2023-08-13 08:00:00
1691928000000,1816.1,1818.0,1812.4,1817.9,213.144,1691942399999,386953.5230,2422,109.241,198335.0738,0,2023-08-13 12:00:00
1691942400000,1818.0,1818.3,1808.8,1809.2,120.761,1691956799999,219142.6837,2153,50.895,92353.9807,0,2023-08-13 16:00:00
1691956800000,1808.8,1825.3,1807.3,1821.3,303.609,1691971199999,552048.0934,3486,157.902,287126.8921,0,2023-08-13 20:00:00
1691971200000,1821.7,1821.9,1813.0,1819.6,346.006,1691985599999,628841.8904,3199,131.513,239071.5694,0,2023-08-14 00:00:00
1691985600000,1819.6,1820.7,1816.1,1819.9,197.277,1691999999999,358705.0812,2490,93.860,170671.6502,0,2023-08-14 04:00:00
1692000000000,1819.9,1824.7,1818.1,1820.7,288.419,1692014399999,525222.0320,2932,171.060,311581.8860,0,2023-08-14 08:00:00
1692014400000,1820.7,1826.7,1818.2,1824.1,161.129,1692028799999,293588.5447,2669,79.845,145491.0483,0,2023-08-14 12:00:00
1692028800000,1824.1,1828.0,1818.4,1820.4,115.908,1692043199999,211472.0956,1931,62.056,113221.0306,0,2023-08-14 16:00:00
1692043200000,1820.5,1821.9,1817.3,1821.7,132.632,1692057599999,241332.8714,2265,68.869,125315.7879,0,2023-08-14 20:00:00
1692057600000,1821.6,1822.8,1817.4,1822.1,473.364,1692071999999,861923.2521,2640,167.418,304667.6003,0,2023-08-15 00:00:00
1692072000000,1822.2,1825.1,1821.1,1824.7,68.734,1692086399999,125270.7731,1740,39.527,72042.4248,0,2023-08-15 04:00:00
1692086400000,1824.7,1828.5,1823.9,1827.6,164.081,1692100799999,299649.3476,2339,80.613,147225.7918,0,2023-08-15 08:00:00
1692100800000,1827.8,1829.5,1824.0,1824.4,159.964,1692115199999,292151.1249,2454,66.851,122102.9310,0,2023-08-15 12:00:00
1692115200000,1824.4,1862.4,1822.5,1844.3,1268.429,1692129599999,2342019.3188,10692,721.517,1332067.9196,0,2023-08-15 16:00:00
1692129600000,1844.5,1847.6,1839.2,1841.2,385.595,1692143999999,710818.3636,5842,194.384,358364.3569,0,2023-08-15 20:00:00
1692144000000,1841.2,1846.8,1840.6,1846.5,269.994,1692158399999,497715.1297,4083,141.534,260927.5313,0,2023-08-16 00:00:00
1692158400000,1846.6,1851.7,1842.3,1849.6,379.337,1692172799999,701094.5255,5155,182.091,336586.0043,0,2023-08-16 04:00:00
1692172800000,1849.6,1855.3,1849.0,1851.5,424.296,1692187199999,785865.2226,5442,235.636,436441.8239,0,2023-08-16 08:00:00
1692187200000,1851.5,1862.7,1851.2,1859.1,1046.611,1692201599999,1943754.9448,10226,557.409,1035318.8674,0,2023-08-16 12:00:00
1692201600000,1859.0,1860.7,1851.5,1859.0,648.233,1692215999999,1203041.3939,7233,344.764,639861.1810,0,2023-08-16 16:00:00
1692216000000,1859.0,1879.5,1849.2,1851.4,961.165,1692230399999,1794833.3472,9631,507.257,947445.9150,0,2023-08-16 20:00:00
1692230400000,1851.5,1856.7,1843.7,1849.3,588.717,1692244799999,1088909.8096,5897,266.299,492602.4848,0,2023-08-17 00:00:00
1692244800000,1849.2,1850.9,1845.4,1847.4,282.583,1692259199999,522371.8443,3265,135.585,250641.6256,0,2023-08-17 04:00:00
1692259200000,1847.5,1855.4,1846.8,1854.6,228.013,1692273599999,422250.5159,3333,119.963,222173.5006,0,2023-08-17 08:00:00
1692273600000,1854.5,1874.3,1844.3,1857.7,699.143,1692287999999,1298696.2155,5939,355.851,661126.9701,0,2023-08-17 12:00:00
1692288000000,1858.3,1863.3,1851.3,1851.5,376.989,1692302399999,699839.2077,4384,188.097,349222.3526,0,2023-08-17 16:00:00
1692302400000,1851.5,1935.0,1830.3,1858.2,3241.677,1692316799999,6107278.7602,21814,1660.477,3130622.8218,0,2023-08-17 20:00:00
1692316800000,1858.0,1866.2,1847.7,1852.9,761.427,1692331199999,1413049.5074,7714,364.624,676717.7502,0,2023-08-18 00:00:00
1692331200000,1852.9,1856.4,1830.6,1831.1,895.455,1692345599999,1649413.9410,6587,546.245,1006036.1942,0,2023-08-18 04:00:00
1692345600000,1830.9,1843.0,1830.7,1837.5,359.601,1692359999999,660990.9489,3329,169.180,311005.3327,0,2023-08-18 08:00:00
1692360000000,1837.5,1839.5,1823.6,1827.9,581.120,1692374399999,1064522.4320,5117,277.187,507814.3891,0,2023-08-18 12:00:00
1692374400000,1828.0,1835.9,1818.0,1835.6,472.225,1692388799999,862662.0436,5229,225.989,412841.0246,0,2023-08-18 16:00:00
1692388800000,1835.6,1838.1,1826.5,1828.5,293.279,1692403199999,537143.9569,3170,118.636,217269.8024,0,2023-08-18 20:00:00
1692403200000,1828.5,1831.2,1823.8,1824.3,208.904,1692417599999,381761.4831,2384,91.297,166880.5706,0,2023-08-19 00:00:00
1692417600000,1824.3,1825.3,1815.8,1816.7,464.841,1692431999999,845978.9156,2864,349.933,636844.8477,0,2023-08-19 04:00:00
1692432000000,1816.6,1820.3,1816.3,1819.5,149.026,1692446399999,270994.1556,2207,66.272,120503.8404,0,2023-08-19 08:00:00
1692446400000,1819.5,1823.2,1810.0,1813.8,248.244,1692460799999,451307.0505,2377,102.074,185632.2533,0,2023-08-19 12:00:00
1692460800000,1814.0,1814.4,1800.1,1813.9,373.456,1692475199999,674826.9991,3206,179.402,324282.6177,0,2023-08-19 16:00:00
1692475200000,1813.8,1820.4,1813.8,1816.1,211.946,1692489599999,385176.3206,2394,96.750,175831.0037,0,2023-08-19 20:00:00
1692489600000,1816.1,1820.9,1815.4,1818.4,169.482,1692503999999,308065.6262,2472,81.521,148179.6125,0,2023-08-20 00:00:00
1692504000000,1818.4,1821.8,1817.2,1817.8,155.332,1692518399999,282729.9132,1697,97.441,177373.4799,0,2023-08-20 04:00:00
1692518400000,1818.2,1818.5,1803.8,1807.6,188.732,1692532799999,341858.4620,2801,85.925,155622.5083,0,2023-08-20 08:00:00
1692532800000,1807.6,1812.4,1803.9,1809.1,121.530,1692547199999,219735.4909,2075,64.097,115897.8967,0,2023-08-20 12:00:00
1692547200000,1809.1,1810.9,1802.0,1802.6,168.335,1692561599999,303964.9911,2302,85.685,154701.2030,0,2023-08-20 16:00:00
1692561600000,1802.8,1806.0,1797.0,1804.6,241.328,1692575999999,434805.2850,3011,120.385,216874.2500,0,2023-08-20 20:00:00
1692576000000,1804.6,1806.8,1802.0,1805.5,126.421,1692590399999,228096.6938,1954,64.161,115763.7917,0,2023-08-21 00:00:00
1692590400000,1805.5,1813.7,1800.3,1811.9,231.263,1692604799999,417935.5102,2875,128.005,231359.3373,0,2023-08-21 04:00:00
1692604800000,1811.5,1821.0,1810.8,1813.7,230.876,1692619199999,419314.7507,3163,119.110,216319.8989,0,2023-08-21 08:00:00
1692619200000,1813.9,1839.4,1812.2,1832.5,991.395,1692633599999,1810445.2890,8322,392.105,716252.3360,0,2023-08-21 12:00:00
1692633600000,1832.6,1835.1,1822.0,1823.5,392.126,1692647999999,717661.4065,4895,183.528,335970.1059,0,2023-08-21 16:00:00
1692648000000,1823.4,1828.9,1822.0,1826.6,171.384,1692662399999,312872.1618,3031,75.387,137630.4917,0,2023-08-21 20:00:00
1692662400000,1826.5,1829.8,1824.9,1828.9,235.363,1692676799999,430134.5337,3383,125.413,229202.9056,0,2023-08-22 00:00:00
1692676800000,1828.9,1834.3,1828.0,1830.6,162.592,1692691199999,297683.2588,3103,72.273,132350.5707,0,2023-08-22 04:00:00
1692691200000,1830.5,1836.4,1826.8,1834.8,217.296,1692705599999,398082.3406,3600,104.135,190816.0671,0,2023-08-22 08:00:00
1692705600000,1835.0,1846.7,1831.0,1842.6,333.937,1692719999999,614114.7112,6178,162.927,299655.3379,0,2023-08-22 12:00:00
1692720000000,1842.7,1862.0,1840.9,1851.1,770.431,1692734399999,1426426.9944,10229,405.877,751665.7633,0,2023-08-22 16:00:00
1692734400000,1850.8,1865.7,1841.4,1851.9,579.588,1692748799999,1074704.7333,8543,317.258,588387.3708,0,2023-08-22 20:00:00
1692748800000,1851.9,1855.3,1844.6,1850.0,336.567,1692763199999,622258.6553,4594,167.344,309437.3027,0,2023-08-23 00:00:00
1692763200000,1850.0,1850.4,1836.0,1838.9,193.661,1692777599999,356758.3210,3567,74.513,137263.9067,0,2023-08-23 04:00:00
1692777600000,1838.9,1840.0,1831.7,1833.8,171.685,1692791999999,315277.2358,2380,76.382,140284.6309,0,2023-08-23 08:00:00
1692792000000,1834.0,1837.4,1828.5,1832.2,311.427,1692806399999,570796.4592,3551,133.574,244835.2438,0,2023-08-23 12:00:00
1692806400000,1832.2,1841.1,1822.2,1836.3,379.017,1692820799999,693437.4921,5621,188.985,345812.2043,0,2023-08-23 16:00:00
1692820800000,1836.2,1837.9,1827.9,1828.6,191.503,1692835199999,351260.6622,2906,109.554,200978.0801,0,2023-08-23 20:00:00
1692835200000,1828.6,1834.8,1827.9,1832.7,74.008,1692849599999,135586.8519,1665,39.999,73288.5181,0,2023-08-24 00:00:00
1692849600000,1832.6,1834.9,1826.6,1834.8,102.290,1692863999999,187226.7437,2264,51.767,94777.4332,0,2023-08-24 04:00:00
1692864000000,1834.7,1840.2,1834.3,1839.6,126.769,1692878399999,232945.1711,2168,54.453,100078.6041,0,2023-08-24 08:00:00
1692878400000,1839.6,1841.7,1836.4,1837.5,165.844,1692892799999,305030.3312,2805,74.853,137675.1261,0,2023-08-24 12:00:00
1692892800000,1837.4,1841.9,1831.4,1834.3,174.984,1692907199999,321416.0126,2750,87.028,159911.2389,0,2023-08-24 16:00:00
1692907200000,1833.9,1838.9,1831.0,1832.6,145.766,1692921599999,267535.4744,2616,58.566,107486.8972,0,2023-08-24 20:00:00
1692921600000,1832.6,1843.8,1830.9,1837.1,203.407,1692935999999,373516.0543,3426,103.806,190635.4687,0,2023-08-25 00:00:00
1692936000000,1837.1,1845.1,1836.5,1836.5,315.304,1692950399999,580254.0908,4380,165.090,303863.4807,0,2023-08-25 04:00:00
1692950400000,1836.6,1842.6,1836.6,1839.7,107.366,1692964799999,197481.8289,2220,46.298,85148.5138,0,2023-08-25 08:00:00
1692964800000,1839.6,1840.9,1827.7,1831.7,283.528,1692979199999,520088.2112,4141,120.302,220604.5276,0,2023-08-25 12:00:00
1692979200000,1832.1,1836.1,1827.4,1831.3,112.591,1692993599999,206237.0746,2539,52.812,96733.7506,0,2023-08-25 16:00:00
1692993600000,1831.2,1835.5,1829.0,1829.2,87.520,1693007999999,160394.6825,2075,45.077,82623.3377,0,2023-08-25 20:00:00
1693008000000,1829.2,1834.4,1828.7,1831.8,94.263,1693022399999,172716.9775,1592,47.568,87154.3712,0,2023-08-26 00:00:00
1693022400000,1831.8,1836.0,1831.6,1832.2,56.491,1693036799999,103601.0773,1351,27.087,49679.2995,0,2023-08-26 04:00:00
1693036800000,1832.3,1836.6,1831.1,1834.5,96.683,1693051199999,177344.2515,1827,50.886,93354.3716,0,2023-08-26 08:00:00
1693051200000,1834.5,1835.9,1831.9,1831.9,50.109,1693065599999,91898.4254,1228,19.822,36358.7877,0,2023-08-26 12:00:00
1693065600000,1831.9,1837.2,1831.3,1835.6,85.946,1693079999999,157699.2876,1433,42.028,77120.0272,0,2023-08-26 16:00:00
1693080000000,1835.7,1835.8,1829.8,1834.8,97.182,1693094399999,178114.1461,1848,42.546,77981.4032,0,2023-08-26 20:00:00
1693094400000,1834.7,1836.4,1831.6,1833.8,124.152,1693108799999,227632.2429,2146,57.428,105299.8808,0,2023-08-27 00:00:00
1693108800000,1833.8,1833.9,1828.0,1831.5,149.364,1693123199999,273494.9240,2086,75.679,138568.7626,0,2023-08-27 04:00:00
1693123200000,1831.0,1832.7,1827.0,1832.7,87.929,1693137599999,160908.2453,1884,39.226,71792.0913,0,2023-08-27 08:00:00
1693137600000,1832.6,1833.8,1824.1,1828.4,124.389,1693151999999,227435.7262,2318,48.990,89621.5785,0,2023-08-27 12:00:00
1693152000000,1828.3,1830.9,1825.7,1828.4,87.995,1693166399999,160891.5486,1740,44.609,81568.1258,0,2023-08-27 16:00:00
1693166400000,1828.8,1830.7,1825.0,1827.4,115.608,1693180799999,211270.9600,1882,68.451,125100.1012,0,2023-08-27 20:00:00
1693180800000,1827.5,1834.4,1827.0,1830.7,169.486,1693195199999,310214.2364,2353,66.748,122233.0974,0,2023-08-28 00:00:00
1693195200000,1830.7,1838.5,1828.7,1833.6,147.076,1693209599999,269749.8640,2846,73.418,134660.7002,0,2023-08-28 04:00:00
1693209600000,1833.7,1848.5,1829.9,1840.4,2461.467,1693223999999,4516035.5741,15920,1205.070,2211386.6416,0,2023-08-28 08:00:00
1693224000000,1840.6,1841.1,1831.6,1834.6,566.490,1693238399999,1039763.7501,14209,260.609,478329.2807,0,2023-08-28 12:00:00
1693238400000,1834.6,1837.4,1830.5,1830.6,852.836,1693252799999,1564907.1926,14761,440.060,807523.1182,0,2023-08-28 16:00:00
1693252800000,1830.6,1832.2,1826.7,1831.9,228.313,1693267199999,417574.4885,2619,119.460,218481.0333,0,2023-08-28 20:00:00
1693267200000,1831.9,1834.3,1824.6,1831.8,260.685,1693281599999,477052.0409,3624,112.841,206458.7868,0,2023-08-29 00:00:00
1693281600000,1831.8,1835.5,1829.6,1833.0,149.780,1693295999999,274550.8625,2095,70.606,129425.2785,0,2023-08-29 04:00:00
1693296000000,1832.9,1839.5,1831.4,1838.3,235.406,1693310399999,432096.2959,2876,116.049,213005.9983,0,2023-08-29 08:00:00
1693310400000,1838.4,1863.0,1828.3,1852.8,1187.901,1693324799999,2190030.5481,12498,638.570,1177696.8232,0,2023-08-29 12:00:00
1693324800000,1852.7,1876.7,1852.5,1866.3,696.857,1693339199999,1300789.5486,6631,391.361,730539.4901,0,2023-08-29 16:00:00
1693339200000,1866.1,1866.1,1849.8,1861.4,508.328,1693353599999,943668.0442,4279,237.901,441759.5924,0,2023-08-29 20:00:00
1693353600000,1861.4,1867.9,1855.1,1856.8,252.105,1693367999999,469442.6732,2815,150.840,280960.0462,0,2023-08-30 00:00:00
1693368000000,1856.7,1864.0,1856.7,1862.8,150.320,1693382399999,279630.3969,2263,91.170,169600.0552,0,2023-08-30 04:00:00
1693382400000,1862.9,1865.6,1860.1,1860.7,301.481,1693396799999,561612.8121,2437,137.520,256216.8361,0,2023-08-30 08:00:00
1693396800000,1860.8,1866.9,1858.3,1864.7,300.495,1693411199999,559533.4958,3113,146.587,272972.0329,0,2023-08-30 12:00:00
1693411200000,1864.5,1869.8,1861.5,1864.7,188.688,1693425599999,352052.1461,2852,103.611,193338.8731,0,2023-08-30 16:00:00
1693425600000,1864.5,1868.9,1864.3,1868.1,94.717,1693439999999,176814.8764,2395,45.881,85647.3393,0,2023-08-30 20:00:00
1693440000000,1868.2,1870.7,1865.6,1868.6,126.335,1693454399999,236019.3267,2404,56.739,105992.8943,0,2023-08-31 00:00:00
1693454400000,1868.3,1868.8,1862.9,1863.4,87.039,1693468799999,162368.6496,2330,46.567,86867.5657,0,2023-08-31 04:00:00
1693468800000,1863.4,1867.7,1858.6,1861.2,188.958,1693483199999,352010.3596,2947,90.785,169146.5196,0,2023-08-31 08:00:00
1693483200000,1860.9,1871.1,1854.9,1863.9,275.915,1693497599999,514430.9881,3105,148.961,277829.8667,0,2023-08-31 12:00:00
1693497600000,1863.6,1867.8,1843.8,1847.3,456.196,1693511999999,846759.0530,6010,215.282,399707.2640,0,2023-08-31 16:00:00
1693512000000,1847.0,1850.8,1835.9,1837.5,365.792,1693526399999,674153.8787,4776,163.122,300763.9706,0,2023-08-31 20:00:00
1693526400000,1837.6,1844.9,1836.0,1843.6,169.800,1693540799999,312334.5666,3280,93.897,172742.9187,0,2023-09-01 00:00:00
1693540800000,1843.4,1847.8,1842.4,1844.8,169.591,1693555199999,312867.4448,2417,79.321,146375.2446,0,2023-09-01 04:00:00
1693555200000,1844.7,1848.9,1843.6,1846.9,90.249,1693569599999,166649.2484,2152,43.888,81039.0461,0,2023-09-01 08:00:00
1693569600000,1846.9,1850.0,1840.1,1845.7,135.670,1693583999999,250480.1128,2668,53.634,99033.4629,0,2023-09-01 12:00:00
1693584000000,1845.2,1859.6,1843.9,1850.0,192.915,1693598399999,357112.5362,3775,94.771,175487.1846,0,2023-09-01 16:00:00
1693598400000,1849.9,1854.7,1845.8,1851.1,127.457,1693612799999,235935.7312,2943,56.871,105287.1009,0,2023-09-01 20:00:00
1693612800000,1851.2,1852.3,1846.4,1846.4,63.875,1693627199999,118132.3910,2089,34.344,63521.2892,0,2023-09-02 00:00:00
1693627200000,1846.4,1851.6,1843.8,1848.2,83.423,1693641599999,154200.3803,2061,39.910,73765.5042,0,2023-09-02 04:00:00
1693641600000,1848.1,1851.6,1845.8,1847.2,119.475,1693655999999,220901.8852,2584,55.122,101939.5351,0,2023-09-02 08:00:00
1693656000000,1847.2,1849.9,1843.6,1849.0,159.328,1693670399999,294262.5880,2676,71.544,132173.6003,0,2023-09-02 12:00:00
1693670400000,1848.9,1854.6,1847.6,1850.5,254.284,1693684799999,470618.4737,5539,128.836,238457.1276,0,2023-09-02 16:00:00
1693684800000,1850.8,1851.6,1845.8,1846.6,127.264,1693699199999,235217.3542,2589,48.623,89877.3968,0,2023-09-02 20:00:00
1693699200000,1846.7,1851.6,1846.7,1847.0,76.311,1693713599999,141102.6703,2042,38.184,70595.9083,0,2023-09-03 00:00:00
1693713600000,1847.0,1852.5,1846.5,1852.0,68.240,1693727999999,126177.2840,1441,38.864,71866.5589,0,2023-09-03 04:00:00
1693728000000,1851.8,1855.5,1851.2,1854.7,139.343,1693742399999,258287.9047,1856,66.996,124187.0964,0,2023-09-03 08:00:00
1693742400000,1854.7,1858.4,1849.3,1850.4,186.177,1693756799999,345001.2797,2323,72.925,135159.9834,0,2023-09-03 12:00:00
1693756800000,1850.5,1854.9,1848.5,1854.5,105.757,1693771199999,195818.7238,1736,51.318,95019.2459,0,2023-09-03 16:00:00
1693771200000,1855.0,1855.6,1850.9,1852.7,66.780,1693785599999,123772.1486,1542,27.054,50148.7052,0,2023-09-03 20:00:00
1693785600000,1852.6,1853.9,1843.7,1848.7,87.543,1693799999999,161719.8941,1910,44.169,81589.4103,0,2023-09-04 00:00:00
1693800000000,1848.6,1849.9,1846.3,1848.4,53.923,1693814399999,99659.0787,1490,26.541,49052.4678,0,2023-09-04 04:00:00
1693814400000,1848.5,1852.9,1846.4,1851.9,78.796,1693828799999,145707.0877,2021,43.476,80395.8964,0,2023-09-04 08:00:00
1693828800000,1851.7,1854.8,1846.9,1850.4,111.318,1693843199999,205976.4362,2449,56.675,104865.4895,0,2023-09-04 12:00:00
1693843200000,1850.3,1851.7,1846.3,1847.5,100.549,1693857599999,185882.4134,2579,45.389,83906.8204,0,2023-09-04 16:00:00
1693857600000,1847.5,1849.4,1842.0,1844.6,132.071,1693871999999,243719.9444,2515,60.501,111649.2469,0,2023-09-04 20:00:00
1693872000000,1844.6,1848.2,1843.6,1845.3,92.221,1693886399999,170205.7300,1890,37.019,68329.6756,0,2023-09-05 00:00:00
1693886400000,1845.2,1845.9,1841.1,1842.8,49.209,1693900799999,90683.7390,1573,20.876,38474.5498,0,2023-09-05 04:00:00
1693900800000,1842.8,1843.5,1836.0,1838.3,93.964,1693915199999,172838.4587,2117,43.067,79221.8329,0,2023-09-05 08:00:00
1693915200000,1838.2,1839.5,1830.8,1832.5,146.191,1693929599999,268349.1790,2545,62.038,113877.4255,0,2023-09-05 12:00:00
1693929600000,1832.5,1835.2,1830.6,1832.8,118.295,1693943999999,216805.1966,2448,64.843,118853.4925,0,2023-09-05 16:00:00
1693944000000,1832.9,1838.5,1832.8,1837.5,74.457,1693958399999,136705.1055,2219,36.071,66232.4630,0,2023-09-05 20:00:00
1693958400000,1837.3,1839.7,1833.6,1836.5,53.692,1693972799999,98613.5617,1793,30.776,56526.5547,0,2023-09-06 00:00:00
1693972800000,1836.6,1842.9,1836.5,1839.6,53.525,1693987199999,98492.3831,1652,28.952,53280.1310,0,2023-09-06 04:00:00
1693987200000,1839.6,1841.0,1835.8,1836.3,43.980,1694001599999,80841.7712,1468,18.955,34848.2584,0,2023-09-06 08:00:00
1694001600000,1836.1,1841.5,1834.9,1836.9,58.739,1694015999999,107948.9594,1862,28.636,52637.3027,0,2023-09-06 12:00:00
1694016000000,1837.0,1842.6,1825.5,1834.4,262.121,1694030399999,480515.8230,3574,105.837,194108.5911,0,2023-09-06 16:00:00
1694030400000,1834.7,1837.0,1833.4,1836.6,34.960,1694044799999,64179.7170,1350,20.440,37525.1581,0,2023-09-06 20:00:00
1694044800000,1836.5,1838.1,1832.6,1834.7,90.246,1694059199999,165653.3320,1643,40.113,73616.9709,0,2023-09-07 00:00:00
1694059200000,1833.9,1835.6,1832.2,1835.6,34.487,1694073599999,63243.5740,1367,17.841,32718.5672,0,2023-09-07 04:00:00
1694073600000,1835.5,1842.4,1835.0,1841.5,54.509,1694087999999,100228.8445,1503,33.120,60898.9808,0,2023-09-07 08:00:00
1694088000000,1841.6,1842.8,1838.2,1841.9,49.843,1694102399999,91750.3078,1784,19.768,36390.0615,0,2023-09-07 12:00:00
1694102400000,1841.9,1846.9,1840.9,1844.5,84.523,1694116799999,155920.9766,1849,37.604,69378.7628,0,2023-09-07 16:00:00
1694116800000,1844.4,1863.5,1844.3,1855.0,209.494,1694131199999,388627.5524,3115,108.970,202136.0150,0,2023-09-07 20:00:00
1694131200000,1855.0,1860.1,1854.9,1857.6,90.052,1694145599999,167258.3554,1875,49.055,91132.5112,0,2023-09-08 00:00:00
1694145600000,1857.6,1861.8,1857.1,1858.4,68.418,1694159999999,127210.6002,1461,34.376,63934.9442,0,2023-09-08 04:00:00
1694160000000,1858.3,1859.1,1848.8,1854.1,134.561,1694174399999,249514.0899,2619,67.897,125934.3601,0,2023-09-08 08:00:00
1694174400000,1854.1,1854.3,1849.4,1850.7,43.974,1694188799999,81434.1612,1728,20.817,38549.3339,0,2023-09-08 12:00:00
1694188800000,1850.8,1851.9,1844.7,1846.6,95.975,1694203199999,177278.1386,1842,41.650,76941.4261,0,2023-09-08 16:00:00
1694203200000,1846.7,1848.5,1845.2,1845.8,37.191,1694217599999,68671.2225,1303,20.567,37978.4909,0,2023-09-08 20:00:00
1694217600000,1845.8,1846.1,1842.9,1845.2,41.035,1694231999999,75685.1536,1287,15.067,27788.3017,0,2023-09-09 00:00:00
1694232000000,1845.2,1846.9,1843.7,1845.9,39.805,1694246399999,73446.2268,1191,21.739,40117.4250,0,2023-09-09 04:00:00
1694246400000,1845.9,1848.0,1843.1,1843.1,46.813,1694260799999,86407.4711,1246,24.588,45393.3388,0,2023-09-09 08:00:00
1694260800000,1843.1,1846.4,1842.9,1844.8,38.520,1694275199999,71064.7258,1152,18.379,33907.2904,0,2023-09-09 12:00:00
1694275200000,1844.8,1847.3,1844.1,1845.1,26.013,1694289599999,48003.9388,1098,13.504,24921.9520,0,2023-09-09 16:00:00
1694289600000,1845.1,1847.9,1844.2,1847.7,27.660,1694303999999,51062.7352,1168,12.990,23983.0414,0,2023-09-09 20:00:00
1694304000000,1847.6,1852.7,1847.2,1851.4,76.810,1694318399999,142143.9362,1454,41.995,77720.5530,0,2023-09-10 00:00:00
1694318400000,1851.4,1870.0,1851.3,1861.1,566.824,1694332799999,1055789.5615,5784,291.837,543651.7870,0,2023-09-10 04:00:00
1694332800000,1861.6,1865.0,1860.0,1860.3,248.014,1694347199999,461924.6274,2759,127.233,236997.1733,0,2023-09-10 08:00:00
1694347200000,1860.4,1871.0,1857.0,1863.4,236.212,1694361599999,440326.5074,2942,123.474,230240.9682,0,2023-09-10 12:00:00
1694361600000,1863.5,1876.7,1863.4,1867.3,641.164,1694375999999,1198532.8968,6165,344.339,643793.3497,0,2023-09-10 16:00:00
1694376000000,1866.9,1872.1,1863.1,1870.6,178.211,1694390399999,332777.9477,2254,88.909,166037.2097,0,2023-09-10 20:00:00
1694390400000,1870.7,1872.2,1866.2,1866.7,212.691,1694404799999,397456.6741,2311,89.927,168044.3571,0,2023-09-11 00:00:00
1694404800000,1866.7,1878.8,1865.3,1876.1,266.500,1694419199999,499279.6943,2381,155.006,290539.5526,0,2023-09-11 04:00:00
1694419200000,1876.1,1910.0,1876.0,1897.9,1211.521,1694433599999,2296298.3565,10007,682.162,1293063.3813,0,2023-09-11 08:00:00
1694433600000,1897.7,1900.3,1879.4,1880.8,982.168,1694447999999,1857571.3490,7799,493.140,932924.6291,0,2023-09-11 12:00:00
1694448000000,1881.2,1902.5,1880.3,1896.8,333.773,1694462399999,631714.9465,3402,193.324,365917.6404,0,2023-09-11 16:00:00
1694462400000,1896.8,1902.4,1890.5,1890.5,303.593,1694476799999,575902.0505,3180,155.347,294731.8881,0,2023-09-11 20:00:00
1694476800000,1890.5,1903.3,1887.6,1901.2,413.314,1694491199999,782794.0706,3623,229.888,435568.8030,0,2023-09-12 00:00:00
1694491200000,1901.0,1914.0,1897.5,1910.8,659.785,1694505599999,1258054.4427,4323,380.533,725838.1766,0,2023-09-12 04:00:00
1694505600000,1910.3,1912.7,1896.7,1899.8,608.917,1694519999999,1159428.4299,4641,290.260,552662.4782,0,2023-09-12 08:00:00
1694520000000,1899.8,1914.4,1899.8,1910.8,476.926,1694534399999,910568.2438,4397,261.931,500110.9147,0,2023-09-12 12:00:00
1694534400000,1910.8,1916.2,1905.9,1907.9,287.747,1694548799999,549412.9611,3097,144.277,275475.1860,0,2023-09-12 16:00:00
1694548800000,1907.6,1909.7,1897.2,1899.0,133.851,1694563199999,254912.1856,2036,60.184,114636.3657,0,2023-09-12 20:00:00
1694563200000,1899.0,1908.2,1898.1,1906.2,134.693,1694577599999,256195.6528,2226,70.122,133389.2541,0,2023-09-13 00:00:00
1694577600000,1906.2,1927.0,1898.6,1910.7,685.029,1694591999999,1309898.3006,5106,392.685,751618.7636,0,2023-09-13 04:00:00
1694592000000,1910.7,1915.6,1904.1,1911.3,163.161,1694606399999,311592.1249,2203,74.611,142512.3794,0,2023-09-13 08:00:00
1694606400000,1911.2,1916.4,1905.8,1910.7,202.338,1694620799999,387083.2791,2619,109.766,210004.5559,0,2023-09-13 12:00:00
1694620800000,1910.6,1917.4,1907.9,1911.8,172.469,1694635199999,329833.0552,2361,97.444,186424.6510,0,2023-09-13 16:00:00
1694635200000,1911.5,1912.2,1908.1,1909.7,51.941,1694649599999,99221.0532,1412,27.268,52085.9572,0,2023-09-13 20:00:00
1694649600000,1909.7,1909.7,1893.1,1901.6,401.325,1694663999999,762115.3241,3834,188.840,358477.3343,0,2023-09-14 00:00:00
1694664000000,1901.6,1908.2,1901.6,1907.9,88.770,1694678399999,169012.1065,1426,48.554,92449.7901,0,2023-09-14 04:00:00
1694678400000,1908.0,1911.0,1904.0,1910.2,96.651,1694692799999,184268.1341,1566,49.232,93876.8609,0,2023-09-14 08:00:00
1694692800000,1910.1,1921.1,1909.7,1914.4,347.551,1694707199999,665648.5546,3627,182.674,349889.9844,0,2023-09-14 12:00:00
1694707200000,1914.5,1916.4,1909.4,1910.5,174.142,1694721599999,333065.1395,1915,84.583,161789.6112,0,2023-09-14 16:00:00
1694721600000,1910.6,1913.4,1905.3,1908.7,106.367,1694735999999,203107.9214,1651,41.157,78602.6145,0,2023-09-14 20:00:00
1694736000000,1908.3,1909.9,1897.6,1903.0,161.886,1694750399999,308143.7234,1917,94.886,180591.6037,0,2023-09-15 00:00:00
1694750400000,1902.8,1908.1,1901.0,1908.1,97.380,1694764799999,185391.8343,1564,51.273,97623.5790,0,2023-09-15 04:00:00
1694764800000,1908.2,1910.6,1904.7,1904.8,95.451,1694779199999,182156.9896,1601,44.257,84469.2707,0,2023-09-15 08:00:00
1694779200000,1904.7,1906.1,1896.6,1897.1,165.016,1694793599999,313782.6618,2025,95.403,181428.7518,0,2023-09-15 12:00:00
1694793600000,1897.4,1903.7,1895.7,1899.2,170.784,1694807999999,324367.5952,2136,82.704,157126.1076,0,2023-09-15 16:00:00
1694808000000,1899.1,1900.5,1890.0,1892.3,214.300,1694822399999,406033.4331,3170,128.084,242680.3170,0,2023-09-15 20:00:00
1694822400000,1892.3,1895.1,1887.1,1891.1,191.164,1694836799999,361497.1614,2442,93.613,177049.2176,0,2023-09-16 00:00:00
1694836800000,1890.7,1891.9,1884.8,1889.1,166.322,1694851199999,314069.0306,2179,83.056,156847.5876,0,2023-09-16 04:00:00
1694851200000,1888.9,1895.0,1888.2,1893.1,151.746,1694865599999,287102.7446,2236,76.489,144709.9320,0,2023-09-16 08:00:00
1694865600000,1893.1,1897.8,1892.7,1895.6,117.326,1694879999999,222405.9957,1880,57.946,109853.5581,0,2023-09-16 12:00:00
1694880000000,1895.5,1898.9,1892.1,1898.1,94.982,1694894399999,179956.1963,1476,52.301,99102.4073,0,2023-09-16 16:00:00
1694894400000,1898.1,1898.4,1894.8,1896.3,45.733,1694908799999,86716.1642,1023,18.494,35069.7666,0,2023-09-16 20:00:00
1694908800000,1896.4,1909.5,1895.7,1900.3,259.669,1694923199999,494041.9899,2959,135.851,258465.5738,0,2023-09-17 00:00:00
1694923200000,1900.3,1903.7,1899.5,1903.2,148.175,1694937599999,281773.0012,1767,91.537,174071.7428,0,2023-09-17 04:00:00
1694937600000,1903.3,1903.7,1898.4,1901.8,131.115,1694951999999,249242.8549,2105,53.055,100837.6784,0,2023-09-17 08:00:00
1694952000000,1901.9,1902.8,1898.3,1898.8,55.969,1694966399999,106371.1769,1246,29.017,55148.1485,0,2023-09-17 12:00:00
1694966400000,1898.8,1908.7,1898.5,1903.0,132.668,1694980799999,252613.5945,2088,62.274,118588.9962,0,2023-09-17 16:00:00
1694980800000,1903.0,1912.6,1901.5,1908.0,298.391,1694995199999,569587.5712,3248,157.585,300850.9983,0,2023-09-17 20:00:00
1694995200000,1908.2,1916.9,1903.6,1903.7,197.693,1695009599999,377809.4096,2695,91.666,175214.8590,0,2023-09-18 00:00:00
1695009600000,1903.9,1909.7,1901.3,1909.2,156.840,1695023999999,298781.0172,1852,101.838,194046.4887,0,2023-09-18 04:00:00
1695024000000,1909.2,1919.0,1906.1,1915.1,217.480,1695038399999,416085.3189,2376,100.295,191926.2886,0,2023-09-18 08:00:00
1695038400000,1915.2,1919.3,1910.6,1919.0,249.679,1695052799999,478386.5258,2575,131.582,252243.5460,0,2023-09-18 12:00:00
1695052800000,1919.3,1921.0,1901.7,1905.0,252.228,1695067199999,482148.9240,2974,109.928,210069.9072,0,2023-09-18 16:00:00
1695067200000,1904.9,1907.0,1902.3,1903.6,104.971,1695081599999,199944.7433,1915,40.424,77014.6675,0,2023-09-18 20:00:00
1695081600000,1903.7,1907.1,1898.0,1905.4,100.892,1695095999999,191949.7441,1737,58.039,110409.2220,0,2023-09-19 00:00:00
1695096000000,1905.2,1910,1902.6,1907.7,65.978,1695110399999,125759.4207,1485,36.798,70138.1537,0,2023-09-19 04:00:00
1695110400000,1907.7,1921,1907.2,1919.4,254.425,1695124799999,487338.2284,2644,149.880,287168.9133,0,2023-09-19 08:00:00
1695124800000,1919.4,1927.4,1910.9,1923.2,451.583,1695139199999,867510.7991,4091,238.626,458491.7284,0,2023-09-19 12:00:00
1695139200000,1923.6,1925.9,1913.1,1918.6,248.157,1695153599999,476245.3309,2623,118.986,228297.9788,0,2023-09-19 16:00:00
1695153600000,1918.6,1922.2,1915,1920.7,90.164,1695167999999,173096.9586,1506,39.175,75201.9211,0,2023-09-19 20:00:00
1695168000000,1920.7,1925.6,1917.3,1918.1,129.891,1695182399999,249615.0995,2034,55.277,106237.4615,0,2023-09-20 00:00:00
1695182400000,1918.2,1922.7,1915.6,1921.9,158.302,1695196799999,303811.7464,1889,67.746,130048.3723,0,2023-09-20 04:00:00
1695196800000,1922.1,1929.5,1920.1,1927.7,313.931,1695211199999,604657.7495,3386,169.278,326093.0636,0,2023-09-20 08:00:00
1695211200000,1927.6,1932,1926,1931.2,267.474,1695225599999,516056.8344,2800,153.307,295809.8150,0,2023-09-20 12:00:00
1695225600000,1931.2,1934.6,1924.2,1926.5,361.609,1695239999999,697977.5622,3540,196.874,380061.9214,0,2023-09-20 16:00:00
1695240000000,1926.3,1934.3,1926.2,1933.9,136.696,1695254399999,263938.1058,2115,78.452,151476.4268,0,2023-09-20 20:00:00
1695254400000,1934.1,1934.4,1926,1926.7,159.270,1695268799999,307588.7796,1990,78.446,151505.2850,0,2023-09-21 00:00:00
1695268800000,1926.6,1936,1924.1,1935.2,208.220,1695283199999,402335.9772,2326,123.027,237824.1669,0,2023-09-21 04:00:00
1695283200000,1935.2,1944.8,1928.2,1940.1,507.188,1695297599999,982941.3379,4853,270.208,523791.1762,0,2023-09-21 08:00:00
1695297600000,1940.4,1943.6,1933.2,1939,233.099,1695311999999,451757.2020,2951,124.717,241729.7543,0,2023-09-21 12:00:00
1695312000000,1938.9,1939.1,1931.5,1934,162.740,1695326399999,314983.7328,2077,88.811,171882.4602,0,2023-09-21 16:00:00
1695326400000,1934,1940,1933.1,1937.8,182.780,1695340799999,353970.2974,2082,96.516,186909.8882,0,2023-09-21 20:00:00
1695340800000,1938.2,1941.8,1929,1929.2,223.507,1695355199999,432381.6890,2520,121.531,235086.7603,0,2023-09-22 00:00:00
1695355200000,1929.2,1935.7,1929.1,1933.3,110.687,1695369599999,213913.7091,1885,64.946,125524.2838,0,2023-09-22 04:00:00
1695369600000,1933.3,1935.3,1930.1,1931.7,97.599,1695383999999,188623.2647,1582,56.527,109252.4066,0,2023-09-22 08:00:00
1695384000000,1931.4,1936.2,1929.4,1935.9,88.134,1695398399999,170308.2046,1601,49.136,94957.5439,0,2023-09-22 12:00:00
1695398400000,1936,1938.5,1928.3,1929.3,162.675,1695412799999,314698.5904,1898,64.704,125189.3113,0,2023-09-22 16:00:00
1695412800000,1929.5,1932.3,1927.5,1929.5,164.482,1695427199999,317380.6579,1940,92.317,178165.1194,0,2023-09-22 20:00:00
1695427200000,1929.5,1930.4,1925.7,1928.8,160.628,1695441599999,309761.5311,2019,73.991,142716.2728,0,2023-09-23 00:00:00
1695441600000,1928.8,1929.9,1926.9,1928.2,89.288,1695455999999,172151.9786,1515,44.261,85337.3450,0,2023-09-23 04:00:00
1695456000000,1928.2,1932,1927.2,1929.4,152.003,1695470399999,293249.3747,1689,89.896,173467.0680,0,2023-09-23 08:00:00
1695470400000,1929.4,1934.6,1928.5,1932.4,158.804,1695484799999,306762.9642,1712,58.914,113813.6636,0,2023-09-23 12:00:00
1695484800000,1932.5,1933.3,1929.7,1930,121.632,1695499199999,234926.1886,1937,47.326,91412.4763,0,2023-09-23 16:00:00
1695499200000,1930.1,1933.6,1927.6,1930.6,57.072,1695513599999,110167.1568,1542,30.609,59096.7119,0,2023-09-23 20:00:00
1695513600000,1930.6,1932.9,1926.5,1929.4,94.559,1695527999999,182502.6986,1506,30.605,59084.5892,0,2023-09-24 00:00:00
1695528000000,1929.6,1931.3,1927.3,1930.5,83.300,1695542399999,160727.1384,1254,55.452,107006.5918,0,2023-09-24 04:00:00
1695542400000,1930.6,1931,1926.9,1930.3,70.783,1695556799999,136556.1691,1148,44.210,85304.3885,0,2023-09-24 08:00:00
1695556800000,1930.1,1934.3,1927.9,1932.4,127.186,1695571199999,245504.1076,1337,50.215,96968.4021,0,2023-09-24 12:00:00
1695571200000,1932.8,1935.9,1928.1,1930,167.637,1695585599999,323897.7230,1780,70.729,136704.1919,0,2023-09-24 16:00:00
1695585600000,1930,1931.9,1923,1924,158.894,1695599999999,306175.6727,1802,68.202,131461.5653,0,2023-09-24 20:00:00
1695600000000,1924,1925.8,1912.1,1916.6,418.303,1695614399999,802726.1049,3191,216.488,415522.4630,0,2023-09-25 00:00:00
1695614400000,1916.7,1918.9,1913.6,1917,148.856,1695628799999,285274.3210,1522,87.161,167060.6751,0,2023-09-25 04:00:00
1695628800000,1916.9,1920,1913.9,1919.9,128.990,1695643199999,247186.4180,1531,69.592,133383.9553,0,2023-09-25 08:00:00
1695643200000,1919.9,1920.5,1913.9,1915.9,75.583,1695657599999,144922.9467,1339,44.374,85086.2816,0,2023-09-25 12:00:00
1695657600000,1915.9,1915.9,1908.2,1913.8,189.382,1695671999999,362083.8625,1928,72.736,139095.9350,0,2023-09-25 16:00:00
1695672000000,1913.6,1917,1912.4,1913.7,70.771,1695686399999,135516.0742,1234,37.156,71152.2013,0,2023-09-25 20:00:00
1695686400000,1913.8,1913.8,1908.2,1912.6,43.427,1695700799999,82982.1624,1099,26.008,49696.4468,0,2023-09-26 00:00:00
1695700800000,1912.5,1914.5,1909.6,1910.8,41.128,1695715199999,78655.0499,1051,21.338,40812.1217,0,2023-09-26 04:00:00
1695715200000,1910.7,1910.8,1905.1,1909.5,120.228,1695729599999,229451.9261,1958,66.585,127088.9453,0,2023-09-26 08:00:00
1695729600000,1909.6,1912.6,1908.3,1909.4,198.363,1695743999999,378984.7198,2118,77.979,148993.0150,0,2023-09-26 12:00:00
1695744000000,1909.4,1912.9,1909.1,1911.3,139.710,1695758399999,266914.7221,1918,57.360,109588.5067,0,2023-09-26 16:00:00
1695758400000,1911.2,1913.5,1906,1906,78.266,1695772799999,149467.1334,1594,37.312,71287.2333,0,2023-09-26 20:00:00
1695772800000,1905.9,1911.7,1905,1907.8,121.255,1695787199999,231468.5172,1801,51.418,98170.6147,0,2023-09-27 00:00:00
1695787200000,1907.8,1912.9,1907.1,1909,244.673,1695801599999,467420.9843,2398,98.768,188718.7597,0,2023-09-27 04:00:00
1695801600000,1909.1,1912.7,1898.5,1908.5,285.447,1695815999999,543562.6577,3415,127.697,243151.3234,0,2023-09-27 08:00:00
1695816000000,1909.3,1913.7,1900.9,1905.4,332.700,1695830399999,635056.7547,2502,114.316,218049.0336,0,2023-09-27 12:00:00
1695830400000,1906,1909.6,1902.8,1906.4,84.773,1695844799999,161653.5590,1745,43.601,83151.0090,0,2023-09-27 16:00:00
1695844800000,1906.3,1913,1905.1,1913,54.435,1695859199999,103936.6207,1356,27.758,52987.1121,0,2023-09-27 20:00:00
1695859200000,1912.9,1916.8,1904.3,1908.8,84.833,1695873599999,162158.0629,1904,42.795,81814.1149,0,2023-09-28 00:00:00
1695873600000,1908.9,1912.2,1902,1902.4,74.470,1695887999999,142032.2590,1660,33.169,63271.9307,0,2023-09-28 04:00:00
1695888000000,1902.1,1903,1890.1,1897.9,316.241,1695902399999,599953.0852,2839,125.943,239000.1726,0,2023-09-28 08:00:00
1695902400000,1897.8,1908.4,1897,1906.7,221.193,1695916799999,420476.8051,2686,95.492,181586.2210,0,2023-09-28 12:00:00
1695916800000,1906.9,1914.2,1904.4,1908.1,218.828,1695931199999,417783.8686,2436,127.073,242579.2620,0,2023-09-28 16:00:00
1695931200000,1908,1912,1905.1,1905.9,100.356,1695945599999,191486.8471,1503,48.411,92377.8050,0,2023-09-28 20:00:00
1695945600000,1906,1909.5,1897.5,1902.3,119.721,1695959999999,227813.1407,1544,59.011,112264.5436,0,2023-09-29 00:00:00
1695960000000,1902.2,1902.9,1887.6,1889.2,207.317,1695974399999,392667.2891,2635,97.504,184660.4140,0,2023-09-29 04:00:00
1695974400000,1889.1,1892.5,1886,1888.4,204.386,1695988799999,386127.8946,2157,116.507,220112.8302,0,2023-09-29 08:00:00
1695988800000,1888,1888.3,1869.9,1871.9,437.633,1696003199999,821648.3715,4658,183.205,343982.0596,0,2023-09-29 12:00:00
1696003200000,1872.1,1881,1870.9,1879.6,82.638,1696017599999,155042.6173,1895,40.659,76278.7883,0,2023-09-29 16:00:00
1696017600000,1879.5,1882.9,1874.6,1879.6,92.750,1696031999999,174213.7518,1575,41.933,78767.5625,0,2023-09-29 20:00:00
1696032000000,1879.4,1885.4,1879.3,1882.8,120.129,1696046399999,226118.4138,1427,55.811,105039.2899,0,2023-09-30 00:00:00
1696046400000,1882.4,1884.2,1879.7,1881.7,39.638,1696060799999,74597.4234,1188,18.411,34648.7029,0,2023-09-30 04:00:00
1696060800000,1881.4,1882.6,1877.7,1879.2,54.335,1696075199999,102149.3049,1421,23.455,44099.4935,0,2023-09-30 08:00:00
1696075200000,1879.1,1879.7,1870,1872.9,138.209,1696089599999,259181.1298,2158,60.071,112654.6329,0,2023-09-30 12:00:00
1696089600000,1872.7,1878.3,1870.6,1877,55.985,1696103999999,104981.3081,1499,32.673,61269.4174,0,2023-09-30 16:00:00
1696104000000,1877.1,1884.7,1876.6,1880,65.931,1696118399999,123911.4186,1814,31.535,59275.5874,0,2023-09-30 20:00:00
1696118400000,1880,1883.6,1877.7,1881.7,43.993,1696132799999,82721.4791,1112,26.417,49671.9203,0,2023-10-01 00:00:00
1696132800000,1881.7,1885.8,1879,1882.6,76.176,1696147199999,143392.9148,1693,39.344,74071.4801,0,2023-10-01 04:00:00
1696147200000,1882.6,1885,1871.4,1872.6,142.001,1696161599999,266333.6989,2131,61.918,116138.3323,0,2023-10-01 08:00:00
1696161600000,1872.6,1876.2,1871.4,1874.5,136.702,1696175999999,256141.1854,1956,60.729,113794.7893,0,2023-10-01 12:00:00
1696176000000,1874.5,1885.3,1874.1,1881.2,120.825,1696190399999,227088.1032,1872,71.940,135231.4912,0,2023-10-01 16:00:00
1696190400000,1881.3,1890,1874,1888.3,302.536,1696204799999,570059.4910,3861,145.882,274897.8322,0,2023-10-01 20:00:00
1696204800000,1888.3,1899,1886.9,1898.8,173.932,1696219199999,329218.7195,2431,83.814,158673.0206,0,2023-10-02 00:00:00
1696219200000,1898.9,1915.3,1896.4,1908.6,267.985,1696233599999,510438.6717,3246,155.360,296060.9684,0,2023-10-02 04:00:00
1696233600000,1908.8,1913.1,1905,1908.9,279.401,1696247999999,533567.2239,2831,141.537,270369.8549,0,2023-10-02 08:00:00
1696248000000,1908.7,1932,1908.2,1928.4,517.706,1696262399999,995616.2057,4556,348.010,669195.6267,0,2023-10-02 12:00:00
1696262400000,1928.4,1950.4,1922.9,1937.8,974.482,1696276799999,1888146.5689,9120,572.225,1109110.4545,0,2023-10-02 16:00:00
1696276800000,1937.8,1944.1,1918.4,1920.5,554.261,1696291199999,1071216.1634,6320,246.482,476462.2720,0,2023-10-02 20:00:00
1696291200000,1919.2,1923.3,1912.5,1921.2,205.461,1696305599999,394096.2212,2856,97.632,187301.2273,0,2023-10-03 00:00:00
1696305600000,1921.4,1925.5,1919,1921.6,179.141,1696319999999,344431.6566,2204,67.577,129936.3179,0,2023-10-03 04:00:00
1696320000000,1921.3,1933.3,1919.6,1929.3,245.638,1696334399999,473471.5032,3538,129.880,250393.9484,0,2023-10-03 08:00:00
1696334400000,1929.2,1929.6,1917.5,1921.1,275.928,1696348799999,530487.8785,3660,109.981,211427.5625,0,2023-10-03 12:00:00
1696348800000,1921.2,1923.7,1916.6,1917.4,111.955,1696363199999,214957.3845,2018,69.027,132537.9389,0,2023-10-03 16:00:00
1696363200000,1916.8,1921.5,1904.5,1911.6,198.531,1696377599999,379929.4955,3127,95.673,183106.2052,0,2023-10-03 20:00:00
1696377600000,1911.5,1934.5,1911.3,1930.2,297.619,1696391999999,573716.8494,4058,192.607,371340.9008,0,2023-10-04 00:00:00
1696392000000,1930.2,1933.7,1927,1927.3,137.114,1696406399999,264759.8612,2637,69.166,133589.0649,0,2023-10-04 04:00:00
1696406400000,1927.2,1936.6,1927,1933.9,137.966,1696420799999,266499.9853,2568,83.993,162257.4782,0,2023-10-04 08:00:00
1696420800000,1934,1938.9,1930.7,1937.4,184.112,1696435199999,356248.1495,3047,86.907,168185.4723,0,2023-10-04 12:00:00
1696435200000,1938.1,1945.5,1935.9,1942.8,283.463,1696449599999,550066.2478,3723,155.796,302412.1112,0,2023-10-04 16:00:00
1696449600000,1942.8,1949.1,1941.5,1948.6,206.738,1696463999999,402065.5885,2942,117.305,228158.9169,0,2023-10-04 20:00:00
1696464000000,1948.5,1949.3,1942.5,1944.1,223.343,1696478399999,434688.8576,2981,104.363,203159.2826,0,2023-10-05 00:00:00
1696478400000,1944.1,1950.1,1942.2,1949.5,215.960,1696492799999,420330.9099,3203,125.424,244143.8587,0,2023-10-05 04:00:00
1696492800000,1949,1954.2,1947,1953.7,237.472,1696507199999,463320.3972,3125,122.734,239456.4891,0,2023-10-05 08:00:00
1696507200000,1953.7,1968.7,1952.9,1962.9,748.284,1696521599999,1467784.8758,6882,426.184,835952.0822,0,2023-10-05 12:00:00
1696521600000,1963,1964,1950.9,1955.8,222.343,1696535999999,435010.4473,2751,96.062,187963.1577,0,2023-10-05 16:00:00
1696536000000,1956.4,1958.4,1951.5,1958.1,84.885,1696550399999,165941.2184,1801,49.950,97666.7085,0,2023-10-05 20:00:00
1696550400000,1957.7,1957.7,1951.2,1954.3,104.720,1696564799999,204601.8923,1803,49.875,97459.7109,0,2023-10-06 00:00:00
1696564800000,1953.5,1956.2,1948,1953.1,127.748,1696579199999,249391.3207,2117,58.769,114757.4945,0,2023-10-06 04:00:00
1696579200000,1953.2,1962.6,1948,1962,219.234,1696593599999,428497.9251,2473,135.562,265047.5239,0,2023-10-06 08:00:00
1696593600000,1962.1,1964,1944.8,1962.2,256.660,1696607999999,501310.3357,3380,126.100,246362.0902,0,2023-10-06 12:00:00
1696608000000,1962.3,1967.6,1954.4,1959.8,217.589,1696622399999,426624.0754,2576,123.844,242875.2495,0,2023-10-06 16:00:00
1696622400000,1959.4,1966.7,1957.4,1960.2,229.410,1696636799999,450111.8469,2659,137.323,269489.8504,0,2023-10-06 20:00:00
1696636800000,1959.6,1961.4,1954,1960.5,110.934,1696651199999,217267.1491,1779,57.385,112402.7141,0,2023-10-07 00:00:00
1696651200000,1960.4,1966,1958.3,1964.7,100.859,1696665599999,197869.0935,1618,61.300,120276.8348,0,2023-10-07 04:00:00
1696665600000,1964.7,1969,1963.1,1967.5,142.157,1696679999999,279516.9703,1942,74.003,145528.4853,0,2023-10-07 08:00:00
1696680000000,1967.3,1967.9,1962.6,1967,122.735,1696694399999,241210.6338,1807,66.875,131442.4390,0,2023-10-07 12:00:00
1696694400000,1967,1973.3,1964.8,1972.4,237.692,1696708799999,468046.8500,2707,138.800,273385.3233,0,2023-10-07 16:00:00
1696708800000,1972.6,1974.8,1968.6,1973.8,209.603,1696723199999,413380.1008,2236,108.886,214813.8048,0,2023-10-07 20:00:00
1696723200000,1973.9,1977.3,1968,1974,288.259,1696737599999,568519.3243,2464,109.765,216490.0171,0,2023-10-08 00:00:00
1696737600000,1973.8,1977.1,1971.3,1975.2,183.647,1696751999999,362598.0249,2101,96.288,190125.7634,0,2023-10-08 04:00:00
1696752000000,1975.2,1983.5,1974.1,1980.4,277.322,1696766399999,548844.9456,2746,136.119,269321.6052,0,2023-10-08 08:00:00
1696766400000,1980.1,1980.6,1968.1,1974.5,264.444,1696780799999,522190.3690,2747,114.433,226037.9391,0,2023-10-08 12:00:00
1696780800000,1974.2,1974.7,1966.1,1969.3,239.344,1696795199999,471482.5074,2314,134.473,264771.3503,0,2023-10-08 16:00:00
1696795200000,1969.4,1977.5,1966.9,1975.8,96.610,1696809599999,190572.5489,1846,57.869,114165.3280,0,2023-10-08 20:00:00
1696809600000,1975.8,1979.2,1972.1,1973.1,191.775,1696823999999,379058.6661,1830,65.436,129331.6004,0,2023-10-09 00:00:00
1696824000000,1973.1,1984.9,1971.4,1982.3,171.769,1696838399999,339877.7794,1758,110.503,218727.7853,0,2023-10-09 04:00:00
1696838400000,1982.1,2007.9,1980.8,2000.5,655.773,1696852799999,1308455.4493,5385,375.039,748341.0224,0,2023-10-09 08:00:00
1696852800000,2000.6,2004,1994.5,2001.4,469.529,1696867199999,938889.0780,3297,202.695,405361.9726,0,2023-10-09 12:00:00
1696867200000,2001.4,2037.6,2000.8,2015.7,1561.117,1696881599999,3149855.1225,11573,867.075,1749419.2904,0,2023-10-09 16:00:00
1696881600000,2015.7,2021.2,2014.8,2017.6,207.666,1696895999999,419084.9267,2951,114.902,231899.4817,0,2023-10-09 20:00:00
1696896000000,2017.5,2024.1,2013.4,2017.1,643.593,1696910399999,1299416.3882,4843,292.672,590946.3965,0,2023-10-10 00:00:00
1696910400000,2017.1,2019.3,2009,2010.8,398.932,1696924799999,803725.9711,4304,225.377,454039.5633,0,2023-10-10 04:00:00
1696924800000,2010.8,2017.8,2009.1,2016,246.103,1696939199999,495658.7145,3416,135.891,273709.3446,0,2023-10-10 08:00:00
1696939200000,2015.9,2020.9,2009.6,2018.1,270.385,1696953599999,544779.1845,3722,148.932,300104.9183,0,2023-10-10 12:00:00
1696953600000,2018.2,2024.1,2013.6,2017,222.789,1696967999999,450003.6163,3196,110.967,224169.7611,0,2023-10-10 16:00:00
1696968000000,2017,2027.7,2013.9,2014.9,135.543,1696982399999,273885.3277,2754,71.515,144565.7579,0,2023-10-10 20:00:00
1696982400000,2015,2021.3,2004.3,2005.7,236.491,1696996799999,475654.3494,3235,123.848,249126.4114,0,2023-10-11 00:00:00
1696996800000,2005.7,2015.9,2003.3,2006.1,168.748,1697011199999,338912.7425,2647,80.100,160873.0492,0,2023-10-11 04:00:00
1697011200000,2006.1,2009.9,1999.4,2001.9,215.649,1697025599999,432068.7605,2481,107.523,215450.9844,0,2023-10-11 08:00:00
1697025600000,2001.7,2003.2,1987.9,1987.9,336.755,1697039999999,672068.1691,2989,152.181,303751.1816,0,2023-10-11 12:00:00
1697040000000,1987.9,1989.9,1978.8,1983.6,457.510,1697054399999,908017.3093,3690,249.132,494505.1678,0,2023-10-11 16:00:00
1697054400000,1983.6,1985.5,1977.4,1985.3,159.886,1697068799999,316588.6391,1583,71.523,141657.6461,0,2023-10-11 20:00:00
1697068800000,1985.4,1993,1984.5,1990.4,198.459,1697083199999,394734.1197,1532,113.432,225638.2116,0,2023-10-12 00:00:00
1697083200000,1990.4,1994.5,1988.5,1991.8,112.505,1697097599999,224033.7679,1173,55.229,110003.5677,0,2023-10-12 04:00:00
1697097600000,1992.1,2011.7,1991.3,2002.2,355.531,1697111999999,711830.7298,3177,190.847,381997.7842,0,2023-10-12 08:00:00
1697112000000,2002.2,2004.6,1997.2,2000.5,140.027,1697126399999,280247.8576,1639,67.183,134464.0904,0,2023-10-12 12:00:00
1697126400000,2000.7,2030,2000.1,2011.8,319.460,1697140799999,642292.6559,2985,177.151,356238.4931,0,2023-10-12 16:00:00
1697140800000,2011.9,2014.3,2004,2006.9,125.643,1697155199999,252381.9048,1654,57.622,115767.6261,0,2023-10-12 20:00:00
1697155200000,2007,2010.7,2002.2,2010.5,119.100,1697169599999,239026.3923,1385,65.237,130949.7530,0,2023-10-13 00:00:00
1697169600000,2010.6,2013.3,2004.1,2004.8,159.576,1697183999999,320793.0214,1891,56.919,114424.7345,0,2023-10-13 04:00:00
1697184000000,2004.8,2005.5,2000.1,2003.5,125.615,1697198399999,251596.9774,1492,68.815,137841.1031,0,2023-10-13 08:00:00
1697198400000,2003.4,2005.5,1998.7,2002.2,124.290,1697212799999,248806.7814,1644,46.950,93992.7522,0,2023-10-13 12:00:00
1697212800000,2002.2,2003.1,1998.3,1999.8,51.819,1697227199999,103647.8647,1468,23.346,46694.6000,0,2023-10-13 16:00:00
1697227200000,1999.7,2005.2,1989.1,1997.4,251.657,1697241599999,502644.1923,2705,135.617,270879.9209,0,2023-10-13 20:00:00
1697241600000,1997.4,2002,1995.4,1998.6,96.266,1697255999999,192311.7734,1414,53.312,106518.0205,0,2023-10-14 00:00:00
1697256000000,1998.6,2002.5,1996.1,2002,70.531,1697270399999,141083.3382,1268,30.471,60943.6846,0,2023-10-14 04:00:00
1697270400000,2001.9,2003.1,2000.1,2001.6,127.057,1697284799999,254328.5560,1466,43.219,86514.5704,0,2023-10-14 08:00:00
1697284800000,2001.7,2002,1994.5,1995.4,75.990,1697299199999,151858.5805,1699,32.001,63963.4441,0,2023-10-14 12:00:00
1697299200000,1995.9,1998,1991,1991.6,78.422,1697313599999,156389.9889,1437,42.947,85646.8240,0,2023-10-14 16:00:00
1697313600000,1991.5,1992.4,1988.4,1991.1,104.567,1697327999999,208119.0853,1512,52.133,103765.9773,0,2023-10-14 20:00:00
1697328000000,1991.1,1995.7,1989.4,1994.3,265.446,1697342399999,528837.1004,2295,144.575,288050.8759,0,2023-10-15 00:00:00
1697342400000,1994.4,1998.5,1993.8,1993.9,77.365,1697356799999,154406.9122,1210,41.197,82237.5595,0,2023-10-15 04:00:00
1697356800000,1993.9,1995.2,1990.1,1992.2,88.664,1697371199999,176665.4666,1188,43.865,87404.2986,0,2023-10-15 08:00:00
1697371200000,1992.2,1997.3,1990.2,1993.6,210.551,1697385599999,419749.3517,2296,88.161,175769.7622,0,2023-10-15 12:00:00
1697385600000,1993.7,1998.3,1990.3,1996,95.837,1697399999999,191123.5549,1669,48.093,95934.2775,0,2023-10-15 16:00:00
1697400000000,1996.1,2009.6,1995.4,2007.6,278.902,1697414399999,559036.5203,3019,163.301,327312.9174,0,2023-10-15 20:00:00
1697414400000,2007.7,2008.8,2003.2,2007.3,117.099,1697428799999,234929.7539,1697,52.150,104633.8880,0,2023-10-16 00:00:00
1697428800000,2007.5,2030.9,2005.4,2026.6,791.206,1697443199999,1599238.6617,7095,410.632,830140.9747,0,2023-10-16 04:00:00
1697443200000,2026.8,2028,2014.4,2018.4,210.719,1697457599999,425886.6686,2394,97.531,197142.9907,0,2023-10-16 08:00:00
1697457600000,2018.2,2130.9,2016.2,2045.2,2717.345,1697471999999,5590539.6201,22005,1506.514,3099623.4339,0,2023-10-16 12:00:00
1697472000000,2045.2,2068.2,2044.2,2056.1,1080.154,1697486399999,2218488.8308,9528,624.280,1281996.1420,0,2023-10-16 16:00:00
1697486400000,2056.4,2063.5,2046.4,2053.9,257.630,1697500799999,529301.5194,3313,127.933,262859.7715,0,2023-10-16 20:00:00
1697500800000,2053.8,2056,2043.3,2047.9,140.936,1697515199999,288672.8058,2592,63.865,130812.3290,0,2023-10-17 00:00:00
1697515200000,2047.9,2059.1,2039.7,2057.7,131.525,1697529599999,269227.3966,2308,71.590,146565.9476,0,2023-10-17 04:00:00
1697529600000,2057.7,2071.9,2054.2,2064.3,403.414,1697543999999,831873.1536,4603,180.794,372985.8931,0,2023-10-17 08:00:00
1697544000000,2064.6,2086,2059.7,2078.9,618.694,1697558399999,1283963.2757,7546,284.198,589941.2739,0,2023-10-17 12:00:00
1697558400000,2078.9,2096.1,2077.3,2093.6,327.090,1697572799999,682537.1957,5503,185.944,388030.9050,0,2023-10-17 16:00:00
1697572800000,2093.7,2095.8,2082.9,2084.8,204.490,1697587199999,427733.4562,3530,111.094,232435.2459,0,2023-10-17 20:00:00
1697587200000,2084.8,2092.7,2078.5,2088.8,357.011,1697601599999,745026.5215,4943,157.148,328007.2669,0,2023-10-18 00:00:00
1697601600000,2088.9,2107.5,2085,2087.8,372.326,1697615999999,780046.8317,5774,203.714,426922.0936,0,2023-10-18 04:00:00
1697616000000,2087.4,2088.3,2066.9,2067.8,283.254,1697630399999,588006.6606,4704,123.344,256184.7881,0,2023-10-18 08:00:00
1697630400000,2067.8,2075.5,2065.7,2070.9,214.792,1697644799999,444557.7065,4642,129.691,268428.1601,0,2023-10-18 12:00:00
1697644800000,2071.2,2082.5,2070.6,2080.9,137.295,1697659199999,285259.3282,2644,77.630,161294.9459,0,2023-10-18 16:00:00
1697659200000,2080.2,2092.6,2078.3,2087.1,158.284,1697673599999,330207.4326,2956,93.779,195737.2217,0,2023-10-18 20:00:00
1697673600000,2087.1,2101.8,2085.9,2099.4,250.571,1697687999999,525379.3798,3601,151.291,317285.1104,0,2023-10-19 00:00:00
1697688000000,2099.5,2104,2095,2101.8,326.736,1697702399999,685799.2405,3620,162.432,341059.2523,0,2023-10-19 04:00:00
1697702400000,2101.9,2109.9,2099.3,2104.4,445.501,1697716799999,937530.5436,6256,253.980,534592.0824,0,2023-10-19 08:00:00
1697716800000,2104.2,2120.4,2101.3,2111.8,598.709,1697731199999,1263978.5273,6763,316.876,668928.7235,0,2023-10-19 12:00:00
1697731200000,2111.7,2115.8,2100,2107.5,228.799,1697745599999,481900.7751,3421,111.357,234569.0086,0,2023-10-19 16:00:00
1697745600000,2107.8,2109.6,2092.1,2093.3,340.485,1697759999999,714558.5897,3976,161.081,338107.5386,0,2023-10-19 20:00:00
1697760000000,2093.3,2111.9,2086,2106.6,372.196,1697774399999,780852.0100,5356,190.771,400362.6389,0,2023-10-20 00:00:00
1697774400000,2106.5,2120.2,2105.7,2114.2,740.414,1697788799999,1564564.5692,5839,362.930,767363.4057,0,2023-10-20 04:00:00
1697788800000,2114.2,2126.7,2107.5,2119.7,631.442,1697803199999,1337269.6182,7372,337.177,714139.0647,0,2023-10-20 08:00:00
1697803200000,2119.7,2121.7,2103,2107.9,378.395,1697817599999,798404.6231,4517,186.038,392646.1983,0,2023-10-20 12:00:00
1697817600000,2107.9,2110.8,2099,2106,192.880,1697831999999,405955.3242,2758,89.283,187927.4369,0,2023-10-20 16:00:00
1697832000000,2106,2122.6,2104.2,2121.3,175.446,1697846399999,370814.1517,2471,105.053,222073.7416,0,2023-10-20 20:00:00
1697846400000,2121.2,2122.6,2115.2,2120.1,114.868,1697860799999,243392.5965,1788,56.413,119543.7617,0,2023-10-21 00:00:00
1697860800000,2120.2,2120.8,2111.4,2111.6,112.917,1697875199999,239018.7281,1994,59.653,126295.2769,0,2023-10-21 04:00:00
1697875200000,2111.6,2120.5,2109,2112.2,136.554,1697889599999,288705.8334,2275,81.401,172120.8911,0,2023-10-21 08:00:00
1697889600000,2112.3,2114.9,2096.1,2097.6,213.984,1697903999999,450213.4414,3342,96.498,203065.8606,0,2023-10-21 12:00:00
1697904000000,2097.5,2108.2,2092.4,2103.6,315.607,1697918399999,662119.9315,3562,183.345,384640.9210,0,2023-10-21 16:00:00
1697918400000,2103.3,2103.3,2092.1,2093.3,198.686,1697932799999,416858.0730,2280,66.466,139449.6461,0,2023-10-21 20:00:00
1697932800000,2093.3,2100.5,2087.6,2093.2,463.732,1697947199999,970565.3706,4201,300.022,627968.0993,0,2023-10-22 00:00:00
1697947200000,2093.2,2096.9,2086.1,2089.6,233.078,1697961599999,487323.1505,3448,98.084,205069.2675,0,2023-10-22 04:00:00
1697961600000,2089.7,2104.8,2088.2,2103.8,310.206,1697975999999,650606.4272,2614,97.995,205537.9442,0,2023-10-22 08:00:00
1697976000000,2103.7,2103.9,2093.9,2096.8,207.745,1697990399999,435905.8728,2608,120.617,253057.8729,0,2023-10-22 12:00:00
1697990400000,2096.6,2097.7,2084.8,2085,143.964,1698004799999,300925.0498,2354,64.577,134991.7467,0,2023-10-22 16:00:00
1698004800000,2085.1,2085.9,2060.7,2064.8,428.996,1698019199999,889126.7444,4281,194.960,404228.9959,0,2023-10-22 20:00:00
1698019200000,2064.7,2079.4,2057.6,2078.4,485.774,1698033599999,1003570.4654,5447,250.693,518042.9483,0,2023-10-23 00:00:00
1698033600000,2078.6,2089.5,2070.4,2084.7,447.073,1698047999999,929881.7914,4527,235.539,489960.9189,0,2023-10-23 04:00:00
1698048000000,2084.7,2093.3,2079.1,2087.8,242.320,1698062399999,505708.7038,3548,123.904,258699.0662,0,2023-10-23 08:00:00
1698062400000,2087.9,2106.6,2086.8,2106.5,311.087,1698076799999,652084.6990,4074,170.255,356881.8914,0,2023-10-23 12:00:00
1698076800000,2106.3,2114.9,2088.6,2101.9,428.436,1698091199999,900982.4697,5348,215.408,452987.7884,0,2023-10-23 16:00:00
1698091200000,2101.2,2378.9,2100.3,2149.6,3491.654,1698105599999,7642216.7533,30969,1726.228,3793285.1935,0,2023-10-23 20:00:00
1698105600000,2149.7,2232.3,2140.1,2180.2,1859.631,1698119999999,4064154.2667,15295,914.853,1998748.7852,0,2023-10-24 00:00:00
1698120000000,2181.2,2198.1,2169,2187.7,756.544,1698134399999,1653712.0749,7627,363.255,794274.6930,0,2023-10-24 04:00:00
1698134400000,2187.2,2205,2176.6,2177.2,477.700,1698148799999,1045763.0046,5715,236.346,517458.0840,0,2023-10-24 08:00:00
1698148800000,2177.5,2197.9,2166.6,2191,1073.932,1698163199999,2341534.9437,10307,548.269,1195420.5421,0,2023-10-24 12:00:00
1698163200000,2192,2213.5,2191,2196.3,513.297,1698177599999,1129649.5273,5006,267.437,588605.4354,0,2023-10-24 16:00:00
1698177600000,2196.1,2216.6,2189,2196.3,339.583,1698191999999,746995.6659,3826,158.115,347873.8087,0,2023-10-24 20:00:00
1698192000000,2196.6,2201.8,2187.8,2195.2,242.839,1698206399999,532594.7548,2975,129.671,284412.2878,0,2023-10-25 00:00:00
1698206400000,2195.1,2214,2193.8,2211,242.278,1698220799999,533962.4400,2607,110.281,243017.9361,0,2023-10-25 04:00:00
1698220800000,2211,2220.5,2206.8,2214.5,330.584,1698235199999,732117.2012,3799,149.448,331041.6809,0,2023-10-25 08:00:00
1698235200000,2214.9,2230,2212.2,2224.2,420.901,1698249599999,935235.9499,5348,206.639,459157.9084,0,2023-10-25 12:00:00
1698249600000,2224.4,2241.2,2223.1,2241,290.431,1698263999999,648156.4910,4427,163.593,365132.8736,0,2023-10-25 16:00:00
1698264000000,2240.6,2243.9,2223.4,2227.1,280.551,1698278399999,626862.3974,3732,131.219,293215.5101,0,2023-10-25 20:00:00
1698278400000,2227.1,2239.9,2213.5,2213.5,303.446,1698292799999,676011.1323,3643,132.467,295126.5181,0,2023-10-26 00:00:00
1698292800000,2213.3,2223.4,2174.4,2176.6,634.453,1698307199999,1396061.4715,6105,298.167,656986.6546,0,2023-10-26 04:00:00
1698307200000,2176.3,2186.3,2163.8,2179.5,767.447,1698321599999,1669027.6701,7444,393.407,855795.6062,0,2023-10-26 08:00:00
1698321600000,2179.4,2223.3,2172.8,2217.4,645.108,1698335999999,1422193.1473,6842,336.080,741284.1054,0,2023-10-26 12:00:00
1698336000000,2217.5,2223.7,2196.4,2202.1,325.267,1698350399999,719303.3639,4082,164.421,363695.3929,0,2023-10-26 16:00:00
1698350400000,2202.2,2205.1,2189.2,2192.4,154.161,1698364799999,338571.5129,2135,70.121,154000.6197,0,2023-10-26 20:00:00
1698364800000,2192.3,2210,2190,2204,249.762,1698379199999,549525.9110,3121,134.020,294829.9634,0,2023-10-27 00:00:00
1698379200000,2203.5,2211.4,2197.8,2208.2,109.801,1698393599999,241932.6535,1962,53.165,117183.2018,0,2023-10-27 04:00:00
1698393600000,2209.5,2211.6,2199.6,2202.3,114.657,1698407999999,252818.5136,2305,55.029,121375.3978,0,2023-10-27 08:00:00
1698408000000,2202.8,2204.9,2190.1,2195.7,184.150,1698422399999,404750.5400,3032,75.815,166616.9831,0,2023-10-27 12:00:00
1698422400000,2196.2,2213.4,2194.3,2195.1,199.581,1698436799999,439817.7708,3035,97.201,214246.1214,0,2023-10-27 16:00:00
1698436800000,2195.3,2205.9,2193.5,2204.8,74.223,1698451199999,163270.0036,2185,41.839,92041.5384,0,2023-10-27 20:00:00
1698451200000,2204.3,2205,2195.4,2196.3,85.467,1698465599999,188089.0815,1868,40.433,88980.3128,0,2023-10-28 00:00:00
1698465600000,2196.4,2202.2,2194.7,2197.7,71.167,1698479999999,156476.8199,1641,36.019,79202.4582,0,2023-10-28 04:00:00
1698480000000,2197.4,2209.4,2195.8,2205.5,127.147,1698494399999,279953.7570,2101,69.374,152734.5833,0,2023-10-28 08:00:00
1698494400000,2205.9,2209.7,2202.8,2206.4,98.196,1698508799999,216623.7299,1929,56.984,125703.3693,0,2023-10-28 12:00:00
1698508800000,2206,2216.6,2205.7,2216.5,84.584,1698523199999,186946.1379,1882,40.947,90505.3698,0,2023-10-28 16:00:00
1698523200000,2216.6,2218.6,2209.3,2213,135.889,1698537599999,300794.1436,2434,68.397,151460.2732,0,2023-10-28 20:00:00
1698537600000,2213,2224.5,2207.2,2210.9,150.813,1698551999999,334068.2410,2362,72.402,160419.2856,0,2023-10-29 00:00:00
1698552000000,2211.2,2212.1,2204.4,2204.4,80.159,1698566399999,177057.0600,1507,31.839,70335.1126,0,2023-10-29 04:00:00
1698566400000,2204.3,2210.4,2202.1,2208.1,106.531,1698580799999,235147.4803,1771,51.582,113869.1287,0,2023-10-29 08:00:00
1698580800000,2208.3,2216.1,2205.3,2211,186.901,1698595199999,412889.7579,2746,84.128,185898.1896,0,2023-10-29 12:00:00
1698595200000,2211.1,2220.5,2206.9,2214.9,122.347,1698609599999,270885.2267,2152,55.021,121848.1052,0,2023-10-29 16:00:00
1698609600000,2214.8,2215.7,2206.6,2211,76.952,1698623999999,170154.1355,1575,37.204,82266.5449,0,2023-10-29 20:00:00
1698624000000,2211.1,2215.2,2193.6,2208.1,722.433,1698638399999,1590170.7671,4574,364.675,803067.4377,0,2023-10-30 00:00:00
1698638400000,2208.1,2214.8,2203,2204.6,88.664,1698652799999,195824.7195,1822,48.957,108138.6478,0,2023-10-30 04:00:00
1698652800000,2205,2205.9,2175.6,2191.2,731.254,1698667199999,1598909.8007,4909,351.260,767174.2105,0,2023-10-30 08:00:00
1698667200000,2191.8,2198.4,2180,2183.2,416.753,1698681599999,911627.0539,3357,184.640,403511.8537,0,2023-10-30 12:00:00
1698681600000,2183.2,2193.6,2177.6,2183.1,153.322,1698695999999,334965.1873,2446,83.045,181465.9214,0,2023-10-30 16:00:00
1698696000000,2184,2186.1,2177.4,2179.3,63.606,1698710399999,138760.8517,1366,27.109,59153.5103,0,2023-10-30 20:00:00
1698710400000,2179.4,2181,2169.1,2175.2,114.415,1698724799999,248857.2144,2066,54.179,117856.5501,0,2023-10-31 00:00:00
1698724800000,2175.1,2180.6,2170.5,2180.6,89.141,1698739199999,193941.0891,1990,48.096,104644.5671,0,2023-10-31 04:00:00
1698739200000,2180.7,2185.9,2161.4,2165.8,253.541,1698753599999,550964.5585,3225,116.348,252911.8034,0,2023-10-31 08:00:00
1698753600000,2165.9,2196.9,2160.6,2186,222.847,1698767999999,485271.4316,3930,125.169,272476.3590,0,2023-10-31 12:00:00
1698768000000,2186.8,2189.7,2176.5,2179.9,144.898,1698782399999,316060.3517,2505,57.362,125190.4197,0,2023-10-31 16:00:00
1698782400000,2180.9,2185.3,2175.6,2177,74.757,1698796799999,162996.1705,1647,32.864,71664.6486,0,2023-10-31 20:00:00
1698796800000,2176.9,2178.6,2161,2174.7,107.052,1698811199999,232465.4722,1986,53.269,115723.4593,0,2023-11-01 00:00:00
1698811200000,2174.1,2187.7,2174,2180.3,68.286,1698825599999,148994.9514,1691,34.922,76191.4517,0,2023-11-01 04:00:00
1698825600000,2181.3,2187.5,2176.7,2181,85.759,1698839999999,187089.3298,1515,45.886,100108.7961,0,2023-11-01 08:00:00
1698840000000,2180.6,2196.7,2174.5,2180.4,307.294,1698854399999,671251.7941,3733,143.399,313421.2086,0,2023-11-01 12:00:00
1698854400000,2180.4,2184.9,2131.2,2141.4,461.301,1698868799999,996272.5684,5621,200.165,432191.5208,0,2023-11-01 16:00:00
1698868800000,2141.4,2185.2,2132.8,2180,464.160,1698883199999,1006985.7877,5140,247.219,536209.1830,0,2023-11-01 20:00:00
1698883200000,2179.8,2190.6,2167.2,2174.5,177.191,1698897599999,386390.7514,3096,102.647,223916.4969,0,2023-11-02 00:00:00
1698897600000,2173.9,2181.7,2169.3,2178.8,110.240,1698911999999,239957.7503,2042,39.557,86152.1719,0,2023-11-02 04:00:00
1698912000000,2178.1,2184.5,2173.4,2174,252.885,1698926399999,551203.4788,2420,110.930,241828.1238,0,2023-11-02 08:00:00
1698926400000,2174.4,2182.5,2160,2178.6,317.723,1698940799999,689676.3311,4373,171.854,373132.1160,0,2023-11-02 12:00:00
1698940800000,2179.1,2186.5,2176,2178.5,143.910,1698955199999,313947.4219,2731,73.972,161414.8066,0,2023-11-02 16:00:00
1698955200000,2178.8,2190.6,2177.6,2187.8,90.163,1698969599999,197165.9214,1870,48.367,105784.8983,0,2023-11-02 20:00:00
1698969600000,2188.2,2198.4,2184,2186.3,780.005,1698983999999,1709243.5802,5246,401.904,881143.1098,0,2023-11-03 00:00:00
1698984000000,2186.7,2190,2164.9,2169.7,199.391,1698998399999,433897.4306,2693,68.608,149324.0538,0,2023-11-03 04:00:00
1698998400000,2169.7,2172.2,2163.2,2165.6,120.030,1699012799999,260319.9633,1727,81.840,177533.4109,0,2023-11-03 08:00:00
1699012800000,2165.6,2178.5,2162.9,2170.3,128.691,1699027199999,279243.4774,2031,59.824,129839.9526,0,2023-11-03 12:00:00
1699027200000,2170.2,2171.1,2154.7,2157.5,85.766,1699041599999,185517.2377,2012,36.396,78764.7673,0,2023-11-03 16:00:00
1699041600000,2157.1,2157.7,2146,2152,139.436,1699055999999,299908.2793,2561,76.736,165046.2890,0,2023-11-03 20:00:00
1699056000000,2152.1,2158.5,2141.7,2144,196.279,1699070399999,422180.8231,2530,89.276,192197.0955,0,2023-11-04 00:00:00
1699070400000,2143.5,2158.8,2143,2145.5,181.289,1699084799999,389467.6202,2263,95.583,205471.0969,0,2023-11-04 04:00:00
1699084800000,2145.6,2147.6,2133,2139,220.218,1699099199999,470891.7027,2926,94.800,202722.1518,0,2023-11-04 08:00:00
1699099200000,2139.9,2150.2,2137.5,2148.1,160.379,1699113599999,343539.1629,2165,85.925,184061.3790,0,2023-11-04 12:00:00
1699113600000,2148,2149.4,2138,2141.3,162.944,1699127999999,349031.2021,2134,77.371,165764.4211,0,2023-11-04 16:00:00
1699128000000,2141.2,2150.9,2135.7,2140.1,184.102,1699142399999,394352.3590,2222,94.662,202796.7895,0,2023-11-04 20:00:00
1699142400000,2140.4,2144,2113.2,2117.9,290.093,1699156799999,618692.3721,3108,114.478,244140.6765,0,2023-11-05 00:00:00
1699156800000,2117,2121.7,2110.1,2113.9,267.847,1699171199999,566786.0476,2883,119.738,253431.0531,0,2023-11-05 04:00:00
1699171200000,2113.7,2117.9,2095.9,2100.4,337.396,1699185599999,710225.0621,3110,120.747,254469.0807,0,2023-11-05 08:00:00
1699185600000,2099.9,2116.4,2093.6,2105.3,289.234,1699199999999,608440.7410,3238,124.688,262343.4708,0,2023-11-05 12:00:00
1699200000000,2105.4,2106.4,2085.2,2094.6,254.185,1699214399999,532383.1617,2760,107.507,225246.1496,0,2023-11-05 16:00:00
1699214400000,2094.6,2105.2,2087.1,2088.7,208.433,1699228799999,436515.6607,2421,96.224,201568.1854,0,2023-11-05 20:00:00
1699228800000,2088.6,2088.8,2070.9,2083.8,485.735,1699243199999,1010670.5619,3164,225.689,469792.3575,0,2023-11-06 00:00:00
1699243200000,2083.1,2096.5,2082.6,2088,150.900,1699257599999,315307.2919,1691,77.931,162835.2023,0,2023-11-06 04:00:00
1699257600000,2088,2092.3,2081,2082.6,157.932,1699271999999,329428.2451,1569,66.725,139205.1391,0,2023-11-06 08:00:00
1699272000000,2082.7,2085,2053,2061.8,448.514,1699286399999,926106.6756,3633,184.679,381192.1532,0,2023-11-06 12:00:00
1699286400000,2061.9,2069.1,2053.8,2053.8,261.450,1699300799999,538972.1358,2593,112.324,231625.0086,0,2023-11-06 16:00:00
1699300800000,2054,2062.3,2043,2045.5,206.822,1699315199999,424201.4619,2234,83.352,171072.4580,0,2023-11-06 20:00:00
1699315200000,2045.8,2072.9,2045.4,2062.3,377.198,1699329599999,777102.2141,3426,196.152,404061.7302,0,2023-11-07 00:00:00
1699329600000,2062.1,2065,2055.2,2058.2,327.477,1699343999999,674655.7604,2608,159.735,329130.3406,0,2023-11-07 04:00:00
1699344000000,2058.7,2074.6,2055.3,2065.9,240.464,1699358399999,496863.0649,2625,105.709,218477.0564,0,2023-11-07 08:00:00
1699358400000,2065.6,2092,2062.8,2087.8,280.521,1699372799999,583179.7649,3958,134.352,279195.3133,0,2023-11-07 12:00:00
1699372800000,2087.4,2099.1,2078.3,2087.3,328.229,1699387199999,684882.0878,4476,158.344,330522.8065,0,2023-11-07 16:00:00
1699387200000,2087.1,2105.1,2083.6,2097.6,265.098,1699401599999,555497.9240,3414,130.113,272752.9562,0,2023-11-07 20:00:00
1699401600000,2096.6,2098.4,2083.3,2088.5,252.561,1699415999999,527879.5690,2562,66.405,138918.2904,0,2023-11-08 00:00:00
1699416000000,2089.3,2093.9,2086.8,2090.8,95.910,1699430399999,200502.6603,1867,44.172,92352.9485,0,2023-11-08 04:00:00
1699430400000,2090.7,2093.6,2083.3,2087.3,134.270,1699444799999,280389.4901,2451,62.062,129615.3622,0,2023-11-08 08:00:00
1699444800000,2087.3,2091.3,2077.2,2077.2,165.866,1699459199999,345891.4812,2515,60.070,125259.2665,0,2023-11-08 12:00:00
1699459200000,2077.2,2088.2,2069.8,2084.7,254.108,1699473599999,527776.2150,3311,132.416,275076.2254,0,2023-11-08 16:00:00
1699473600000,2085.2,2110.7,2082.5,2092.5,255.198,1699487999999,535412.6148,3916,125.736,263922.6802,0,2023-11-08 20:00:00
1699488000000,2092.9,2117.9,2089.9,2108.3,480.571,1699502399999,1011482.2904,4805,275.719,580004.3195,0,2023-11-09 00:00:00
1699502400000,2109,2124,2108.9,2121.4,353.534,1699516799999,748602.9325,4504,192.874,408435.1220,0,2023-11-09 04:00:00
1699516800000,2121.9,2129.6,2114.2,2126.8,234.121,1699531199999,497126.2778,3184,148.353,315135.3613,0,2023-11-09 08:00:00
1699531200000,2126.7,2168.6,2061.5,2066,1449.736,1699545599999,3061357.6331,15145,702.278,1480256.5824,0,2023-11-09 12:00:00
1699545600000,2065,2130.3,2055.8,2075.4,1163.604,1699559999999,2428941.1901,13797,604.191,1261118.8964,0,2023-11-09 16:00:00
1699560000000,2074.8,2081.2,2011.4,2015.2,852.435,1699574399999,1743684.2240,8509,317.933,650808.8027,0,2023-11-09 20:00:00
1699574400000,2014.6,2023.3,2006,2010.4,460.663,1699588799999,927945.7472,6931,244.554,492689.8398,0,2023-11-10 00:00:00
1699588800000,2010.5,2021.1,2001.5,2013,340.589,1699603199999,684569.7241,4265,146.603,294694.8575,0,2023-11-10 04:00:00
1699603200000,2013,2033.2,1994,2030.8,692.226,1699617599999,1398323.0859,6615,317.510,642221.2928,0,2023-11-10 08:00:00
1699617600000,2030.9,2063.1,2030,2055.6,256.132,1699631999999,525011.5582,4461,134.043,274736.2954,0,2023-11-10 12:00:00
1699632000000,2049.7,2056.2,2034.2,2044,241.739,1699646399999,494746.2094,4030,114.845,235116.1759,0,2023-11-10 16:00:00
1699646400000,2043.8,2047.8,2037.7,2041.9,128.262,1699660799999,261929.4559,2751,69.008,140938.4999,0,2023-11-10 20:00:00
1699660800000,2041.5,2066.3,2039.7,2061.2,288.666,1699675199999,592845.4953,4141,152.081,312201.0162,0,2023-11-11 00:00:00
1699675200000,2061,2074.2,2044.1,2049.1,150.796,1699689599999,310907.1821,3295,81.990,169087.3857,0,2023-11-11 04:00:00
1699689600000,2049.2,2050.8,2031.5,2040.8,147.240,1699703999999,300369.4153,3441,73.414,149817.7890,0,2023-11-11 08:00:00
1699704000000,2040.8,2045,2014,2015.9,319.039,1699718399999,645522.1412,4991,146.703,296820.8371,0,2023-11-11 12:00:00
1699718400000,2016.1,2023.4,2002.9,2012.9,307.888,1699732799999,619748.6924,4581,117.387,236280.2230,0,2023-11-11 16:00:00
1699732800000,2012.8,2042.1,2012.8,2040,293.259,1699747199999,595311.9309,4556,161.878,328786.0328,0,2023-11-11 20:00:00
1699747200000,2040.1,2069.6,2036.8,2039.6,376.988,1699761599999,773343.9765,5758,201.781,413950.6612,0,2023-11-12 00:00:00
1699761600000,2039.6,2048.8,2028.2,2029.4,203.484,1699775999999,414925.1426,3346,103.928,212033.7302,0,2023-11-12 04:00:00
1699776000000,2029.1,2040.1,2024.6,2035,268.198,1699790399999,545352.4483,3722,114.483,232911.9426,0,2023-11-12 08:00:00
1699790400000,2034.4,2044.1,2033.1,2037.5,277.331,1699804799999,565597.8382,3943,143.627,292970.5472,0,2023-11-12 12:00:00
1699804800000,2037.5,2049.3,2036.6,2043.4,104.435,1699819199999,213445.0746,2552,49.821,101836.8716,0,2023-11-12 16:00:00
1699819200000,2043,2047.8,2029.2,2039.4,195.199,1699833599999,397726.6298,3337,87.685,178626.1607,0,2023-11-12 20:00:00
1699833600000,2040.2,2046.8,2018.1,2041.6,271.594,1699847999999,551732.2928,4638,128.782,261624.5312,0,2023-11-13 00:00:00
1699848000000,2041.7,2050.7,2033.2,2037.7,246.445,1699862399999,503348.3240,3917,121.441,248058.0668,0,2023-11-13 04:00:00
1699862400000,2037.2,2045.3,2031,2038.7,165.498,1699876799999,337226.3799,3011,90.865,185174.0904,0,2023-11-13 08:00:00
1699876800000,2038.7,2045.1,2003.9,2005,642.455,1699891199999,1300162.6820,8081,287.933,582675.1379,0,2023-11-13 12:00:00
1699891200000,2005.1,2031.4,1996.9,2009.6,492.284,1699905599999,989658.2508,6289,218.138,438943.5936,0,2023-11-13 16:00:00
1699905600000,2009.9,2047.9,1992,2031.5,518.960,1699919999999,1048199.0783,8512,284.975,575749.7971,0,2023-11-13 20:00:00
1699920000000,2031.5,2044.4,2023.7,2025,205.965,1699934399999,418917.2561,4219,106.076,215875.6382,0,2023-11-14 00:00:00
1699934400000,2025,2029.9,2019.2,2023.9,120.792,1699948799999,244512.5872,2523,53.974,109314.6987,0,2023-11-14 04:00:00
1699948800000,2023.9,2041.3,2018.1,2037,193.437,1699963199999,392679.0956,3783,106.459,216172.8272,0,2023-11-14 08:00:00
1699963200000,2036.9,2044,2015.2,2019.4,373.211,1699977599999,757423.8253,5717,175.089,355274.3468,0,2023-11-14 12:00:00
1699977600000,2019.6,2065,2009.5,2031.6,654.224,1699991999999,1335410.6025,8638,315.807,644268.5161,0,2023-11-14 16:00:00
1699992000000,2031.3,2037.8,2024.8,2033.8,93.954,1700006399999,190829.0344,2354,44.001,89368.0716,0,2023-11-14 20:00:00
1700006400000,2033.8,2034.7,2023.1,2029.6,127.363,1700020799999,258348.4056,2912,59.279,120258.2874,0,2023-11-15 00:00:00
1700020800000,2029.7,2030,2018.4,2018.8,110.145,1700035199999,222894.8962,2930,49.195,99568.7670,0,2023-11-15 04:00:00
1700035200000,2019,2032.6,2018.2,2023.7,139.478,1700049599999,282566.5238,2508,59.969,121505.5486,0,2023-11-15 08:00:00
1700049600000,2023.7,2026.5,2010.2,2024.5,212.151,1700063999999,428043.7354,2852,96.549,194916.1275,0,2023-11-15 12:00:00
1700064000000,2024.6,2077.7,2024.5,2059.8,612.730,1700078399999,1260486.9874,8467,341.537,702471.3944,0,2023-11-15 16:00:00
1700078400000,2059.3,2080,2057.8,2072.2,292.318,1700092799999,605571.7278,3770,115.001,238206.0653,0,2023-11-15 20:00:00
1700092800000,2072.2,2076.9,2050.8,2054.1,262.235,1700107199999,540362.2404,4357,140.815,290299.6920,0,2023-11-16 00:00:00
1700107200000,2053.7,2056.4,2042.9,2045.5,105.358,1700121599999,216060.5855,2402,43.950,90145.2476,0,2023-11-16 04:00:00
1700121600000,2045.5,2059.7,2025.4,2034.9,301.801,1700135999999,616647.8404,5414,107.805,220437.0817,0,2023-11-16 08:00:00
1700136000000,2035.1,2068.6,2034.2,2055.3,348.340,1700150399999,714224.6887,6481,176.601,362268.8225,0,2023-11-16 12:00:00
1700150400000,2055.3,2074.7,2047.2,2054,313.871,1700164799999,646242.5644,5642,176.483,363420.1385,0,2023-11-16 16:00:00
1700164800000,2053.6,2093.1,2052.4,2081.7,283.457,1700179199999,588815.3732,5762,150.484,312744.9864,0,2023-11-16 20:00:00
1700179200000,2081.7,2083.1,2068.6,2074.7,197.466,1700193599999,409656.1905,4249,94.468,196022.6476,0,2023-11-17 00:00:00
1700193600000,2074.7,2081.6,2066,2077.8,194.638,1700207999999,403282.2756,4099,101.656,210691.7075,0,2023-11-17 04:00:00
1700208000000,2077.8,2095,2071.1,2091.2,373.794,1700222399999,779821.4485,5263,191.770,400105.9151,0,2023-11-17 08:00:00
1700222400000,2091.1,2137.3,2090.2,2133.6,1197.676,1700236799999,2531366.5463,14435,668.944,1414774.8995,0,2023-11-17 12:00:00
1700236800000,2133.3,2151,2111.2,2114.6,1035.575,1700251199999,2203523.2447,11894,591.799,1259319.7565,0,2023-11-17 16:00:00
1700251200000,2114.5,2123.1,2098.3,2104.9,363.624,1700265599999,767488.5288,5240,177.170,374079.1689,0,2023-11-17 20:00:00
1700265600000,2104.9,2122.5,2100.9,2120.7,239.192,1700279999999,504926.5649,3538,110.271,232871.8294,0,2023-11-18 00:00:00
1700280000000,2120.6,2149.5,2115.2,2131.6,615.752,1700294399999,1313465.5222,8111,341.672,728952.5127,0,2023-11-18 04:00:00
1700294400000,2132.3,2137.9,2116.6,2125.6,560.530,1700308799999,1190770.0914,8986,262.256,557241.2376,0,2023-11-18 08:00:00
1700308800000,2125.6,2141.5,2121.3,2124.7,574.238,1700323199999,1223901.4556,7936,292.546,623670.2509,0,2023-11-18 12:00:00
1700323200000,2124.7,2127.4,2104.6,2106.7,1224.298,1700337599999,2593286.5198,10284,362.700,768444.3847,0,2023-11-18 16:00:00
1700337600000,2106.2,2112.2,2102.9,2106.4,201.552,1700351999999,424637.2333,3187,104.199,219530.3630,0,2023-11-18 20:00:00
1700352000000,2106.1,2125.6,2106,2106.1,253.635,1700366399999,536924.1258,4177,112.123,237313.2990,0,2023-11-19 00:00:00
1700366400000,2106.1,2110.9,2097.2,2100.2,154.259,1700380799999,324484.3975,3210,67.709,142436.0421,0,2023-11-19 04:00:00
1700380800000,2100.1,2108.9,2096.2,2104.1,204.379,1700395199999,429476.1636,3407,116.627,245153.4298,0,2023-11-19 08:00:00
1700395200000,2103.5,2108.1,2091.9,2095.8,222.422,1700409599999,467533.5160,3995,96.280,202517.4583,0,2023-11-19 12:00:00
1700409600000,2095.7,2096.5,2052.6,2092.6,1527.344,1700423999999,3181265.4736,10830,776.071,1617981.0969,0,2023-11-19 16:00:00
1700424000000,2092.6,2109.4,2091.8,2099.4,188.442,1700438399999,395925.0261,3123,104.626,219865.4974,0,2023-11-19 20:00:00
1700438400000,2099.3,2108.7,2096.6,2097.5,179.486,1700452799999,377348.9238,2938,89.602,188385.1720,0,2023-11-20 00:00:00
1700452800000,2097.7,2102.7,2087.2,2089.1,135.904,1700467199999,285023.5034,2395,64.999,136340.7526,0,2023-11-20 04:00:00
1700467200000,2089,2089.9,2065.2,2077.7,312.603,1700481599999,649297.8661,4108,137.317,285206.5808,0,2023-11-20 08:00:00
1700481600000,2077.7,2093.9,2076.4,2091.6,326.306,1700495999999,680029.3138,4217,179.370,373935.5938,0,2023-11-20 12:00:00
1700496000000,2091.6,2105.8,2077.1,2102.6,358.858,1700510399999,751507.4731,5250,157.195,329212.1096,0,2023-11-20 16:00:00
1700510400000,2103.2,2120.6,2008.1,2115,787.810,1700524799999,1654134.6464,7272,381.341,803665.6246,0,2023-11-20 20:00:00
1700524800000,2115,2127.8,2092.4,2112.6,303.395,1700539199999,640623.8702,4361,157.345,332520.9366,0,2023-11-21 00:00:00
1700539200000,2112.6,2121.3,2107.8,2121.2,134.518,1700553599999,284499.0774,2765,66.048,139733.3061,0,2023-11-21 04:00:00
1700553600000,2121.2,2123.9,2107.1,2111.4,202.031,1700567999999,427066.1061,2984,91.163,192725.6845,0,2023-11-21 08:00:00
1700568000000,2111.4,2130.4,2095,2114.4,544.079,1700582399999,1149775.3412,7092,276.743,585094.2027,0,2023-11-21 12:00:00
1700582400000,2115,2168,2104.5,2146.8,1571.073,1700596799999,3378932.4645,17605,815.221,1753092.8942,0,2023-11-21 16:00:00
1700596800000,2147.2,2189.5,2130.3,2147.1,923.408,1700611199999,1991937.4644,12157,469.190,1012703.3816,0,2023-11-21 20:00:00
1700611200000,2147.1,2147.1,2123.2,2124.8,355.867,1700625599999,759424.8645,5206,173.762,370958.5781,0,2023-11-22 00:00:00
1700625600000,2124.9,2125,2113.9,2118.4,227.444,1700639999999,481888.7874,3379,83.917,177856.5240,0,2023-11-22 04:00:00
1700640000000,2118.4,2120.6,2100.4,2105.4,218.348,1700654399999,460958.9924,3546,105.044,221857.9203,0,2023-11-22 08:00:00
1700654400000,2105.3,2110.3,2093.7,2095.8,206.355,1700668799999,433407.6378,3763,102.842,216011.8765,0,2023-11-22 12:00:00
1700668800000,2095.4,2109.3,2083.7,2096.3,280.855,1700683199999,588907.2768,4829,130.640,273970.1787,0,2023-11-22 16:00:00
1700683200000,2096,2110.3,2095.7,2107.8,173.443,1700697599999,364885.6920,3438,93.903,197621.7603,0,2023-11-22 20:00:00
1700697600000,2106.9,2113.7,2098.4,2102.4,202.440,1700711999999,426433.2780,3576,102.372,215702.0088,0,2023-11-23 00:00:00
1700712000000,2102.7,2105.7,2080,2097.9,259.491,1700726399999,543828.9305,3449,98.763,207188.0015,0,2023-11-23 04:00:00
1700726400000,2097.9,2109.4,2089.4,2102.2,154.899,1700740799999,325083.8106,3546,86.763,182094.2336,0,2023-11-23 08:00:00
1700740800000,2102.3,2107.8,2097.3,2099.5,106.941,1700755199999,224767.7813,2326,47.432,99685.8760,0,2023-11-23 12:00:00
1700755200000,2099.7,2103,2095.7,2101.7,95.456,1700769599999,200386.3624,1670,36.437,76500.9221,0,2023-11-23 16:00:00
1700769600000,2101.7,2102.5,2092.8,2098.5,64.878,1700783999999,136053.5885,1739,23.791,49893.7470,0,2023-11-23 20:00:00
1700784000000,2098.3,2098.7,2087.6,2093.7,98.830,1700798399999,206875.7083,2327,48.073,100637.3031,0,2023-11-24 00:00:00
1700798400000,2093.4,2097.6,2088.9,2091.7,61.588,1700812799999,128926.5901,2035,28.350,59351.3934,0,2023-11-24 04:00:00
1700812800000,2091.9,2098.3,2075.7,2094.1,377.401,1700827199999,786711.4066,5700,220.774,460128.1332,0,2023-11-24 08:00:00
1700827200000,2093.8,2105.3,2088.3,2104,206.517,1700841599999,433045.3838,3696,109.152,228903.1682,0,2023-11-24 12:00:00
1700841600000,2104,2106.6,2091.1,2104.8,128.228,1700855999999,269222.2107,2995,67.825,142415.1762,0,2023-11-24 16:00:00
1700856000000,2104.6,2117.9,2102.9,2105,136.351,1700870399999,287444.2043,2647,55.931,117970.1033,0,2023-11-24 20:00:00
1700870400000,2105.1,2110.4,2093.1,2096.3,97.989,1700884799999,205982.7107,2341,38.754,81479.5185,0,2023-11-25 00:00:00
1700884800000,2096.3,2102.6,2094,2094.8,81.375,1700899199999,170733.3344,2004,49.401,103658.6499,0,2023-11-25 04:00:00
1700899200000,2094.8,2107.8,2093.4,2104.5,70.365,1700913599999,147768.7519,2111,33.194,69681.9662,0,2023-11-25 08:00:00
1700913600000,2104.9,2105.8,2097.9,2099.3,59.781,1700927999999,125649.4825,1848,30.092,63250.6099,0,2023-11-25 12:00:00
1700928000000,2099.2,2104.2,2095.4,2100.6,40.428,1700942399999,84899.4678,1582,17.935,37665.5112,0,2023-11-25 16:00:00
1700942400000,2100.6,2102.5,2094.1,2094.3,45.930,1700956799999,96322.1769,1525,21.903,45928.1348,0,2023-11-25 20:00:00
1700956800000,2094.2,2103.5,2093.7,2099.3,65.201,1700971199999,136748.8956,1668,29.422,61705.4862,0,2023-11-26 00:00:00
1700971200000,2099.4,2101.8,2090,2092.4,57.004,1700985599999,119466.1735,1801,27.426,57485.3343,0,2023-11-26 04:00:00
1700985600000,2092.4,2096.1,2088.1,2091.7,70.779,1700999999999,148047.5130,1982,35.878,75050.8195,0,2023-11-26 08:00:00
1701000000000,2091.6,2100,2080.8,2097.9,203.496,1701014399999,424885.7647,3797,92.420,193034.0467,0,2023-11-26 12:00:00
1701014400000,2097.9,2119.1,2097,2102.9,222.593,1701028799999,469092.2050,4555,114.856,242059.4653,0,2023-11-26 16:00:00
1701028800000,2102.9,2104.2,2093.7,2100.2,78.773,1701043199999,165392.8601,2415,34.164,71723.8646,0,2023-11-26 20:00:00
1701043200000,2100.2,2114.3,2094.3,2109.1,139.584,1701057599999,293965.8604,2844,87.203,183692.7254,0,2023-11-27 00:00:00
1701057600000,2109.1,2119.4,2106.1,2112.6,129.095,1701071999999,272572.3549,2864,59.655,125954.0554,0,2023-11-27 04:00:00
1701072000000,2112.7,2129.7,2112,2120.6,233.857,1701086399999,496153.7139,5352,115.172,244368.8680,0,2023-11-27 08:00:00
1701086400000,2120.6,2131.6,2113.2,2129.6,162.761,1701100799999,345247.8777,3862,77.557,164512.7493,0,2023-11-27 12:00:00
1701100800000,2129.5,2146.1,2126.1,2139.1,318.691,1701115199999,680008.7874,5557,202.570,432302.6517,0,2023-11-27 16:00:00
1701115200000,2139.1,2146.4,2126.1,2129.1,202.212,1701129599999,432021.9985,5012,97.578,208557.9865,0,2023-11-27 20:00:00
1701129600000,2129.8,2134.3,2124.1,2124.3,140.978,1701143999999,300089.3467,3551,71.121,151446.7023,0,2023-11-28 00:00:00
1701144000000,2124.4,2143.5,2122,2136.5,170.373,1701158399999,363958.9160,5046,93.184,199049.6045,0,2023-11-28 04:00:00
1701158400000,2136.6,2139.9,2127.5,2130.3,182.827,1701172799999,389989.7964,5077,89.949,191881.0831,0,2023-11-28 08:00:00
1701172800000,2130.5,2135.2,2124.6,2133.8,127.919,1701187199999,272600.2586,3753,59.148,126073.4188,0,2023-11-28 12:00:00
1701187200000,2133.7,2149,2130.8,2141.6,303.352,1701201599999,648441.9126,6530,157.170,336020.4062,0,2023-11-28 16:00:00
1701201600000,2141.6,2144.1,2131.1,2134.3,118.852,1701215999999,254055.4959,3496,52.709,112677.8783,0,2023-11-28 20:00:00
1701216000000,2134.2,2145.7,2131.5,2136.4,175.800,1701230399999,375702.8380,4173,107.551,229883.5929,0,2023-11-29 00:00:00
1701230400000,2136.4,2142.6,2133.2,2138.6,67.202,1701244799999,143683.6772,2706,31.198,66697.0206,0,2023-11-29 04:00:00
1701244800000,2138.6,2144.1,2132.4,2142.5,149.172,1701259199999,319033.6312,4488,76.865,164391.5349,0,2023-11-29 08:00:00
1701259200000,2142.5,2150,2140.5,2146.8,198.846,1701273599999,426527.6684,5625,94.323,202361.1064,0,2023-11-29 12:00:00
1701273600000,2146.8,2152,2139.8,2141.1,101.304,1701287999999,217380.6858,3191,51.495,110508.8054,0,2023-11-29 16:00:00
1701288000000,2141,2149.9,2140.4,2149,62.793,1701302399999,134720.1352,2506,30.031,64424.7350,0,2023-11-29 20:00:00
1701302400000,2149,2151.3,2144.6,2148,91.337,1701316799999,196157.2969,2823,37.252,80007.1552,0,2023-11-30 00:00:00
1701316800000,2148,2150.9,2143.2,2143.5,99.658,1701331199999,213998.9672,3543,53.378,114635.0717,0,2023-11-30 04:00:00
1701331200000,2143.5,2149.3,2136.1,2136.3,87.165,1701345599999,186756.5246,2682,35.823,76790.5049,0,2023-11-30 08:00:00
1701345600000,2136.2,2141.6,2131.5,2134.3,118.390,1701359999999,252934.3452,3318,59.661,127469.6450,0,2023-11-30 12:00:00
1701360000000,2134.2,2137.2,2132.7,2133.7,39.661,1701374399999,84653.7143,1607,18.765,40055.2614,0,2023-11-30 16:00:00
1701374400000,2133.6,2133.6,2125.2,2126.8,73.967,1701388799999,157526.3025,2146,31.652,67384.0580,0,2023-11-30 20:00:00
1701388800000,2126.7,2131.1,2107.6,2112.1,203.300,1701403199999,430260.1749,4209,91.139,192898.3781,0,2023-12-01 00:00:00
1701403200000,2112.1,2123.8,2110.5,2122.6,118.452,1701417599999,250842.3870,3149,59.572,126150.4002,0,2023-12-01 04:00:00
1701417600000,2122.5,2141.2,2121.2,2137.4,140.112,1701431999999,298922.4979,3448,72.500,154600.8386,0,2023-12-01 08:00:00
1701432000000,2137.2,2142.3,2127.4,2138.8,106.276,1701446399999,226870.3192,3026,41.417,88448.8654,0,2023-12-01 12:00:00
1701446400000,2138.8,2151.1,2138.3,2147.6,168.294,1701460799999,361156.0511,3344,91.952,197390.9188,0,2023-12-01 16:00:00
1701460800000,2147.3,2153.1,2144.6,2147.2,75.401,1701475199999,162074.7778,2398,35.768,76894.2835,0,2023-12-01 20:00:00
1701475200000,2147.2,2148.3,2137.9,2144.1,83.571,1701489599999,179105.8844,1947,44.511,95397.9006,0,2023-12-02 00:00:00
1701489600000,2144.1,2145.4,2130.6,2136.1,87.503,1701503999999,187206.7194,2280,49.606,106101.8956,0,2023-12-02 04:00:00
1701504000000,2136.1,2136.2,2130.7,2135.2,94.570,1701518399999,201690.9216,2161,46.179,98499.8948,0,2023-12-02 08:00:00
1701518400000,2135.2,2143.8,2131,2136.5,103.742,1701532799999,221667.9989,2532,48.268,103121.8097,0,2023-12-02 12:00:00
1701532800000,2136.4,2138.8,2103.3,2127.4,463.877,1701547199999,983988.6001,7947,230.216,488220.6336,0,2023-12-02 16:00:00
1701547200000,2127.7,2135.8,2121.9,2123.2,157.488,1701561599999,335109.0224,3035,75.557,160763.0029,0,2023-12-02 20:00:00
1701561600000,2123.4,2125.6,2114,2122.9,103.186,1701575999999,218710.3105,3236,52.232,110707.9058,0,2023-12-03 00:00:00
1701576000000,2123.6,2131.2,2122.1,2126,77.234,1701590399999,164288.1447,2828,39.966,85009.6987,0,2023-12-03 04:00:00
1701590400000,2125.9,2132.4,2121.5,2129.9,77.386,1701604799999,164627.8106,2035,41.183,87617.8300,0,2023-12-03 08:00:00
1701604800000,2130.2,2151.1,2129.7,2151,172.743,1701619199999,369904.7038,4905,98.133,210188.7020,0,2023-12-03 12:00:00
1701619200000,2151.1,2154.9,2136.1,2137.1,103.339,1701633599999,221883.7646,3319,48.125,103339.1413,0,2023-12-03 16:00:00
1701633600000,2137,2143.1,2120.6,2140.6,163.230,1701647999999,348042.5120,4477,81.878,174625.7936,0,2023-12-03 20:00:00
1701648000000,2140.6,2158,2137.1,2156.6,216.417,1701662399999,465353.9361,4621,123.482,265599.5355,0,2023-12-04 00:00:00
1701662400000,2156.8,2173.4,2147.1,2166.9,254.883,1701676799999,551404.6593,5701,128.348,277646.7273,0,2023-12-04 04:00:00
1701676800000,2166.9,2233,2160.8,2195.8,738.722,1701691199999,1619661.9796,8881,459.395,1007548.1076,0,2023-12-04 08:00:00
1701691200000,2195.2,2222,2187.3,2203.5,389.251,1701705599999,859006.6691,6089,196.948,434738.2117,0,2023-12-04 12:00:00
1701705600000,2203.4,2225.2,2201.1,2220.5,190.928,1701719999999,422312.7651,4050,83.875,185655.1743,0,2023-12-04 16:00:00
1701720000000,2220.5,2228.1,2205.1,2205.4,158.529,1701734399999,351475.0530,4209,80.938,179556.7295,0,2023-12-04 20:00:00
1701734400000,2205.6,2215.4,2192,2213.9,152.621,1701748799999,336517.7587,3444,76.575,168921.9611,0,2023-12-05 00:00:00
1701748800000,2213.2,2232.8,2210.3,2225.3,123.350,1701763199999,273806.5801,3479,61.540,136674.4818,0,2023-12-05 04:00:00
1701763200000,2225.3,2237.4,2222.9,2231.8,174.537,1701777599999,389173.9858,3522,89.920,200564.8349,0,2023-12-05 08:00:00
1701777600000,2232,2249.7,2229.2,2237.8,209.773,1701791999999,470027.1915,4771,113.988,255433.3318,0,2023-12-05 12:00:00
1701792000000,2237.2,2293.8,2236,2279.2,728.748,1701806399999,1652426.8927,10996,418.351,948787.7214,0,2023-12-05 16:00:00
1701806400000,2279.2,2312.3,2272.3,2283,468.719,1701820799999,1074567.2285,7382,252.485,579018.8357,0,2023-12-05 20:00:00
1701820800000,2283,2283.6,2263.1,2266.1,225.510,1701835199999,512372.9804,4427,114.274,259696.7669,0,2023-12-06 00:00:00
1701835200000,2266.1,2287.7,2259.8,2264.9,106.914,1701849599999,242936.6355,3156,55.272,125601.1966,0,2023-12-06 04:00:00
1701849600000,2265.4,2290,2250.4,2286.3,335.151,1701863999999,761928.6415,5723,163.605,371849.4953,0,2023-12-06 08:00:00
1701864000000,2286.5,2302,2276.2,2278.9,270.856,1701878399999,620300.5243,5398,141.130,323273.6431,0,2023-12-06 12:00:00
1701878400000,2279.5,2281,2268.2,2275.4,187.747,1701892799999,427098.5821,3754,110.836,252096.8407,0,2023-12-06 16:00:00
1701892800000,2275.8,2297.5,2269.4,2296.1,177.796,1701907199999,406006.7046,3693,111.426,254550.4345,0,2023-12-06 20:00:00
1701907200000,2296.2,2297.5,2286.6,2287.6,132.766,1701921599999,304278.4885,2675,63.208,144889.3445,0,2023-12-07 00:00:00
1701921600000,2287.4,2288.3,2266.2,2271.3,174.481,1701935999999,396508.0416,3369,82.549,187620.4932,0,2023-12-07 04:00:00
1701936000000,2271.3,2280.8,2264,2265.1,295.513,1701950399999,671162.9138,4792,136.229,309468.6371,0,2023-12-07 08:00:00
1701950400000,2265.1,2266.4,2224.7,2225,511.356,1701964799999,1149109.5919,7053,237.613,533962.5242,0,2023-12-07 12:00:00
1701964800000,2224.9,2228.3,2190.5,2200.4,633.713,1701979199999,1398373.3385,8255,293.379,647072.2783,0,2023-12-07 16:00:00
1701979200000,2200.3,2200.3,2170.8,2177.4,380.084,1701993599999,828950.1636,4827,171.292,373440.5796,0,2023-12-07 20:00:00
1701993600000,2177.3,2182.8,2158.5,2160.9,445.773,1702007999999,968513.4008,4339,215.291,467860.7373,0,2023-12-08 00:00:00
1702008000000,2160.9,2168.4,2151.2,2158.4,376.536,1702022399999,812998.5557,4947,202.358,436879.8923,0,2023-12-08 04:00:00
1702022400000,2158.3,2165,2151.5,2160.8,386.787,1702036799999,835240.2214,5231,158.426,342156.2795,0,2023-12-08 08:00:00
1702036800000,2161.1,2176.2,2155.8,2166.9,362.499,1702051199999,785541.9666,6176,160.299,347395.4984,0,2023-12-08 12:00:00
1702051200000,2167,2171.7,2158.5,2168.1,188.845,1702065599999,408823.7260,3915,91.214,197492.8855,0,2023-12-08 16:00:00
1702065600000,2168.4,2185.5,2162.9,2166.1,258.749,1702079999999,562431.9920,4073,128.895,280266.5016,0,2023-12-08 20:00:00
1702080000000,2166,2167.7,2151.5,2151.9,230.984,1702094399999,498932.7630,3508,104.965,226744.2558,0,2023-12-09 00:00:00
1702094400000,2151.4,2152.8,2119.3,2120.2,857.805,1702108799999,1834101.2697,5519,561.240,1200894.4745,0,2023-12-09 04:00:00
1702108800000,2120.2,2139.8,2105.3,2126,601.603,1702123199999,1277250.0885,7775,279.460,593491.6522,0,2023-12-09 08:00:00
1702123200000,2126,2150,2121.8,2141.7,312.397,1702137599999,667983.4967,5242,153.434,328154.3061,0,2023-12-09 12:00:00
1702137600000,2141.8,2166.2,2138.9,2148.1,355.703,1702151999999,767007.4064,5608,144.270,311038.6800,0,2023-12-09 16:00:00
1702152000000,2147.8,2166.6,2146.2,2157.1,201.326,1702166399999,434078.3320,3634,110.300,237815.0809,0,2023-12-09 20:00:00
1702166400000,2157.5,2158.5,2123.3,2147.1,318.424,1702180799999,683234.6294,4348,145.831,313222.5304,0,2023-12-10 00:00:00
1702180800000,2147,2158.9,2143.3,2154.6,128.906,1702195199999,277327.8382,2792,59.420,127816.7718,0,2023-12-10 04:00:00
1702195200000,2154.6,2175.8,2152.8,2163.4,232.126,1702209599999,501973,4759,112.277,242804.2430,0,2023-12-10 08:00:00
1702209600000,2161.8,2163,2148.2,2150.8,124.853,1702223999999,268912.2195,2946,58.658,126361.8290,0,2023-12-10 12:00:00
1702224000000,2150.3,2159.1,2141.8,2142.2,114.768,1702238399999,246726.8717,2656,52.200,112240.1553,0,2023-12-10 16:00:00
1702238400000,2142.1,2142.6,2130.6,2139.5,113.250,1702252799999,242003.9204,2595,53.710,114791.4990,0,2023-12-10 20:00:00
1702252800000,2139.5,2321.9,2107.5,2165,2551.233,1702267199999,5565864.1399,24850,1197.210,2619893.4800,0,2023-12-11 00:00:00
1702267200000,2164.1,2179.5,2150,2178.1,334.467,1702281599999,723649.8213,5587,148.287,320970.2289,0,2023-12-11 04:00:00
1702281600000,2177.7,2183.4,2168.4,2170.6,231.153,1702295999999,502928.9638,3126,106.103,230928.7772,0,2023-12-11 08:00:00
1702296000000,2170.6,2177.4,2156.8,2166,168.379,1702310399999,365030.2846,3226,80.446,174467.2899,0,2023-12-11 12:00:00
1702310400000,2165.9,2173,2137,2141,421.435,1702324799999,908309.5260,5119,189.714,409146.9626,0,2023-12-11 16:00:00
1702324800000,2141,2141.3,2127.6,2130.4,177.502,1702339199999,378890.8250,2625,91.690,195773.3877,0,2023-12-11 20:00:00
1702339200000,2129.8,2147.3,2123.6,2138.7,118.403,1702353599999,253022.9223,2594,71.547,152890.0949,0,2023-12-12 00:00:00
1702353600000,2139.1,2145.5,2133.1,2141.2,89.464,1702367999999,191368.4668,2404,47.866,102388.4705,0,2023-12-12 04:00:00
1702368000000,2141.2,2149.7,2140.2,2145,88.588,1702382399999,189931.6755,2117,46.386,99452.4868,0,2023-12-12 08:00:00
1702382400000,2144.8,2151,2132.1,2145.2,185.941,1702396799999,398342.4053,3444,96.196,206078.5181,0,2023-12-12 12:00:00
1702396800000,2145.1,2158.2,2141,2151.2,175.811,1702411199999,378063.1523,3126,85.875,184667.8099,0,2023-12-12 16:00:00
1702411200000,2151,2160,2145.7,2146.4,152.419,1702425599999,328136.4504,2992,67.260,144848.2205,0,2023-12-12 20:00:00
1702425600000,2146.6,2165.9,2139.5,2160.2,255.286,1702439999999,550347.6494,4427,121.205,261292.0788,0,2023-12-13 00:00:00
1702440000000,2161,2184.7,2158.5,2171.5,215.666,1702454399999,468029.2755,3804,110.407,239674.4159,0,2023-12-13 04:00:00
1702454400000,2171.8,2173,2160.8,2163.7,151.275,1702468799999,327632.1393,2724,67.266,145691.3431,0,2023-12-13 08:00:00
1702468800000,2163.8,2166.6,2154.6,2162.3,196.498,1702483199999,424737.7454,3519,88.797,191957.5515,0,2023-12-13 12:00:00
1702483200000,2162.3,2180.3,2162.2,2165.7,261.003,1702497599999,566928.8778,4523,123.644,268624.5724,0,2023-12-13 16:00:00
1702497600000,2166.3,2175.1,2163.1,2164.7,211.512,1702511999999,458497.2464,4311,109.908,238231.2296,0,2023-12-13 20:00:00
1702512000000,2164.7,2174.3,2160.8,2169.3,122.191,1702526399999,264900.4323,2472,69.037,149690.6278,0,2023-12-14 00:00:00
1702526400000,2169.3,2174.5,2154.9,2156.5,115.025,1702540799999,248913.5527,2376,57.690,124910.5457,0,2023-12-14 04:00:00
1702540800000,2156.4,2161.4,2148.4,2150.1,178.616,1702555199999,384773.7316,3471,80.205,172817.5058,0,2023-12-14 08:00:00
1702555200000,2150.4,2157.4,2137,2144.1,445.580,1702569599999,956525.4760,5855,217.907,467839.2854,0,2023-12-14 12:00:00
1702569600000,2144,2161.9,2137,2156.6,248.137,1702583999999,533131.1521,4325,125.850,270490.2779,0,2023-12-14 16:00:00
1702584000000,2156.9,2158,2125.7,2130.8,240.982,1702598399999,515019.7273,3104,77.248,165165.3268,0,2023-12-14 20:00:00
1702598400000,2130.7,2145.6,2120,2145.4,135.931,1702612799999,290272.8839,2854,67.356,143914.9110,0,2023-12-15 00:00:00
1702612800000,2145.3,2154,2142.1,2150.5,96.789,1702627199999,207842.8754,2142,42.579,91463.2858,0,2023-12-15 04:00:00
1702627200000,2150.5,2152.3,2141.5,2144.6,128.620,1702641599999,276118.7062,3265,59.623,128019.4396,0,2023-12-15 08:00:00
1702641600000,2144.7,2159.7,2132,2140.8,272.240,1702655999999,584745.6165,6791,111.795,240193.4904,0,2023-12-15 12:00:00
1702656000000,2140.2,2143.8,2131,2142.2,181.287,1702670399999,387556.8875,4512,82.738,176960.8384,0,2023-12-15 16:00:00
1702670400000,2142.5,2177.6,2140.3,2166,281.246,1702684799999,607556.7305,6417,154.499,333816.9530,0,2023-12-15 20:00:00
1702684800000,2166,2171.4,2151,2156.1,255.560,1702699199999,552187.1578,5146,126.690,273777.6665,0,2023-12-16 00:00:00
1702699200000,2155.9,2157.5,2148.4,2152.8,67.917,1702713599999,146251.3853,2162,23.922,51516.0004,0,2023-12-16 04:00:00
1702713600000,2152.7,2154.4,2146.3,2146.3,125.461,1702727999999,269842.3957,3383,55.496,119374.1719,0,2023-12-16 08:00:00
1702728000000,2146.4,2156.6,2145.2,2153.6,112.934,1702742399999,242988.1220,2775,57.799,124387.9009,0,2023-12-16 12:00:00
1702742400000,2153.9,2169.3,2150.7,2163.3,193.652,1702756799999,417939.0064,4305,114.466,247045.0134,0,2023-12-16 16:00:00
1702756800000,2162.8,2168.5,2157.5,2161.5,88.382,1702771199999,191027.3965,3169,40.728,88038.8614,0,2023-12-16 20:00:00
1702771200000,2161.7,2164.5,2152.4,2153.8,73.338,1702785599999,158251.8576,2944,30.241,65257.0082,0,2023-12-17 00:00:00
1702785600000,2153.8,2171.5,2151.6,2169.8,97.575,1702799999999,211064.2575,3543,57.495,124403.4177,0,2023-12-17 04:00:00
1702800000000,2170.2,2170.7,2158.7,2162.2,70.047,1702814399999,151499.9062,2844,36.172,78232.1406,0,2023-12-17 08:00:00
1702814400000,2162.4,2172,2152.9,2152.9,175.574,1702828799999,379930.2086,4399,73.963,160066.4897,0,2023-12-17 12:00:00
1702828800000,2152.9,2164.3,2152.8,2158.8,94.671,1702843199999,204305.4082,2983,48.043,103661.7695,0,2023-12-17 16:00:00
1702843200000,2158.7,2167.7,2148.4,2160.2,90.926,1702857599999,196070.8086,2822,50.578,109049.0872,0,2023-12-17 20:00:00
1702857600000,2160.6,2175.2,2151.8,2170.5,147.396,1702871999999,319113.7473,3834,78.945,170935.3194,0,2023-12-18 00:00:00
1702872000000,2170.6,2186.4,2168.8,2184.2,191.648,1702886399999,417022.1717,4052,91.631,199410.3002,0,2023-12-18 04:00:00
1702886400000,2184.2,2214.8,2179.4,2206.3,793.919,1702900799999,1745988.6531,11803,408.212,897852.1096,0,2023-12-18 08:00:00
1702900800000,2206.2,2211.1,2195.5,2197.1,383.267,1702915199999,844562.9470,6902,185.543,408830.8933,0,2023-12-18 12:00:00
1702915200000,2197.4,2203.7,2192.2,2194.5,148.904,1702929599999,327241.9806,3260,80.233,176338.7876,0,2023-12-18 16:00:00
1702929600000,2194.4,2206.3,2194.1,2197.9,232.032,1702943999999,510435.0865,4300,120.663,265450.2764,0,2023-12-18 20:00:00
1702944000000,2197.9,2208.6,2187.8,2204.3,228.078,1702958399999,502012.6961,3739,112.544,247773.9840,0,2023-12-19 00:00:00
1702958400000,2203.9,2205.1,2189.0,2194.3,150.739,1702972799999,330558.1338,2233,63.544,139318.9824,0,2023-12-19 04:00:00
1702972800000,2193.7,2206.7,2192.3,2202.2,171.305,1702987199999,377013.0823,2828,96.886,213328.8433,0,2023-12-19 08:00:00
1702987200000,2202.2,2216.6,2197.5,2212.8,239.712,1703001599999,529341.0783,4285,118.829,262408.0710,0,2023-12-19 12:00:00
1703001600000,2212.6,2226.9,2205.6,2213.1,229.208,1703015999999,507980.2769,3691,132.019,292624.3636,0,2023-12-19 16:00:00
1703016000000,2214.0,2221.3,2208.6,2212.2,78.247,1703030399999,173265.6501,1972,39.495,87465.2382,0,2023-12-19 20:00:00
1703030400000,2212.1,2220.2,2207.1,2208.7,92.981,1703044799999,205795.1326,2054,40.233,89066.9901,0,2023-12-20 00:00:00
1703044800000,2208.9,2215.3,2200.3,2206.1,108.474,1703059199999,239511.2492,2278,53.341,117779.4000,0,2023-12-20 04:00:00
1703059200000,2206.1,2210.2,2194.2,2205.4,124.123,1703073599999,273065.7419,2172,58.018,127719.6357,0,2023-12-20 08:00:00
1703073600000,2205.2,2236.1,2200.1,2225.6,344.815,1703087999999,765841.6053,4624,174.332,387378.7244,0,2023-12-20 12:00:00
1703088000000,2225.7,2246.0,2218.5,2239.0,196.484,1703102399999,438828.4273,3638,105.960,236724.9002,0,2023-12-20 16:00:00
1703102400000,2239.1,2259.3,2236.7,2237.7,252.573,1703116799999,568186.3315,3950,143.631,323273.5467,0,2023-12-20 20:00:00
1703116800000,2237.7,2253.9,2229.1,2235.7,126.193,1703131199999,282405.5769,2802,61.924,138651.8738,0,2023-12-21 00:00:00
1703131200000,2236.2,2237.6,2221.7,2223.3,77.076,1703145599999,171947.2316,2047,33.898,75636.8803,0,2023-12-21 04:00:00
1703145600000,2222.8,2226.7,2196.9,2199.0,218.141,1703159999999,482281.4048,4026,117.081,258841.9525,0,2023-12-21 08:00:00
1703160000000,2199.0,2212.2,2188.1,2207.2,262.963,1703174399999,579027.3065,4609,117.091,257921.2011,0,2023-12-21 12:00:00
1703174400000,2207.2,2208.6,2169.1,2181.2,224.119,1703188799999,489382.9536,3959,89.290,194853.6782,0,2023-12-21 16:00:00
1703188800000,2181.3,2186.2,2174.0,2174.8,126.024,1703203199999,274724.0282,3067,62.787,136884.8900,0,2023-12-21 20:00:00
1703203200000,2174.8,2177.9,2164.2,2171.6,162.446,1703217599999,352592.0189,3557,69.897,151777.4359,0,2023-12-22 00:00:00
1703217600000,2171.6,2174.7,2152.3,2155.5,344.882,1703231999999,745973.6297,5212,134.151,290329.7050,0,2023-12-22 04:00:00
1703232000000,2155.3,2156.3,2125.0,2132.6,355.401,1703246399999,759969.2178,5902,131.405,281105.8531,0,2023-12-22 08:00:00
1703246400000,2132.6,2142.4,2115.7,2122.0,329.247,1703260799999,700089.9343,4199,144.720,308019.6696,0,2023-12-22 12:00:00
1703260800000,2122.1,2131.6,2110.5,2125.4,221.827,1703275199999,470942.0958,3538,83.594,177543.8961,0,2023-12-22 16:00:00
1703275200000,2125.5,2129.7,2117.7,2126.2,116.136,1703289599999,246718.4466,2670,61.439,130535.0170,0,2023-12-22 20:00:00
1703289600000,2126.8,2162.1,2122.0,2157.8,293.205,1703303999999,629000.6091,4407,173.497,372273.9257,0,2023-12-23 00:00:00
1703304000000,2157.8,2160.7,2143.4,2149.0,129.375,1703318399999,278056.3441,2879,68.854,147961.3470,0,2023-12-23 04:00:00
1703318400000,2149.0,2152.2,2142.0,2144.0,198.568,1703332799999,425943.4696,2508,78.099,167552.5851,0,2023-12-23 08:00:00
1703332800000,2144.0,2155.5,2140.3,2147.7,207.005,1703347199999,444216.3934,2645,109.740,235535.1442,0,2023-12-23 12:00:00
1703347200000,2148.0,2149.2,2126.3,2132.5,162.607,1703361599999,347621.0224,2691,66.371,141882.6683,0,2023-12-23 16:00:00
1703361600000,2132.7,2138.2,2104.4,2110.8,145.383,1703375999999,308402.5396,2745,56.961,120930.4709,0,2023-12-23 20:00:00
1703376000000,2111.2,2124.3,2095.7,2099.9,328.283,1703390399999,691416.0533,4232,161.236,339831.6692,0,2023-12-24 00:00:00
1703390400000,2100.2,2121.5,2095.7,2109.7,292.970,1703404799999,617563.2887,4449,144.255,304152.4145,0,2023-12-24 04:00:00
1703404800000,2109.7,2124.3,2105.1,2112.8,201.244,1703419199999,425221.9752,3181,92.803,196106.0625,0,2023-12-24 08:00:00
1703419200000,2112.3,2116.7,2105.7,2106.7,155.588,1703433599999,328220.0023,3323,73.746,155577.5923,0,2023-12-24 12:00:00
1703433600000,2106.7,2109.0,2099.9,2102.1,131.342,1703447999999,276349.1386,2672,55.426,116631.1475,0,2023-12-24 16:00:00
1703448000000,2102.1,2116.7,2098.8,2104.2,328.829,1703462399999,693292.8512,4690,145.881,307556.5428,0,2023-12-24 20:00:00
1703462400000,2104.2,2112.2,2097.6,2100.6,209.555,1703476799999,441000.4419,4048,104.293,219518.4370,0,2023-12-25 00:00:00
1703476800000,2100.2,2102.1,2092.7,2096.3,95.437,1703491199999,200037.5243,2736,50.499,105853.7772,0,2023-12-25 04:00:00
1703491200000,2096.2,2103.0,2089.7,2091.8,156.852,1703505599999,328846.3835,2464,75.934,159225.0862,0,2023-12-25 08:00:00
1703505600000,2091.9,2106.9,2088.0,2092.3,237.225,1703519999999,497374.6302,4016,108.740,228040.4960,0,2023-12-25 12:00:00
1703520000000,2091.9,2104.1,2084.9,2092.5,222.687,1703534399999,465981.6308,3885,120.205,251571.5490,0,2023-12-25 16:00:00
1703534400000,2092.6,2106.1,2091.5,2096.2,152.430,1703548799999,319599.7237,3321,80.336,168440.8113,0,2023-12-25 20:00:00
1703548800000,2096.2,2100.0,2088.0,2091.6,114.128,1703563199999,239108.0871,2816,53.815,112802.7965,0,2023-12-26 00:00:00
1703563200000,2091.8,2109.0,2082.2,2093.3,314.695,1703577599999,660071.4159,4905,164.580,345279.2531,0,2023-12-26 04:00:00
1703577600000,2094.0,2096.3,2070.8,2071.2,492.811,1703591999999,1024634.0409,5927,289.045,600617.4478,0,2023-12-26 08:00:00
1703592000000,2071.2,2074.4,2056.7,2069.6,421.236,1703606399999,869931.5931,6291,187.576,387384.5907,0,2023-12-26 12:00:00
1703606400000,2068.7,2107.0,2059.2,2077.3,581.077,1703620799999,1208690.4166,7739,298.646,621445.9360,0,2023-12-26 16:00:00
1703620800000,2077.3,2077.3,2065.1,2066.0,207.200,1703635199999,429137.8057,3605,58.727,121626.0539,0,2023-12-26 20:00:00
1703635200000,2065.6,2085.7,2065.5,2081.1,239.764,1703649599999,497806.3298,3687,122.753,254895.0519,0,2023-12-27 00:00:00
1703649600000,2081.6,2081.8,2070.9,2072.8,100.612,1703663999999,208812.4442,2402,50.843,105520.2756,0,2023-12-27 04:00:00
1703664000000,2072.3,2074.3,2047.6,2049.0,494.951,1703678399999,1018360.7185,5382,223.474,460253.3245,0,2023-12-27 08:00:00
1703678400000,2049.0,2051.1,2010.6,2018.1,519.506,1703692799999,1055722.9710,7576,212.135,431077.3445,0,2023-12-27 12:00:00
1703692800000,2018.9,2020.5,2004.4,2017.3,432.011,1703707199999,869674.1874,6431,180.081,362610.6991,0,2023-12-27 16:00:00
1703707200000,2017.3,2031.0,2006.1,2012.3,306.860,1703721599999,619957.6404,5038,134.311,271404.8176,0,2023-12-27 20:00:00
1703721600000,2011.9,2013.5,1978.0,1989.5,820.843,1703735999999,1634085.9345,9236,321.195,639708.3969,0,2023-12-28 00:00:00
1703736000000,1989.3,1999.4,1983.9,1987.8,571.411,1703750399999,1137658.9787,6887,302.447,602206.3448,0,2023-12-28 04:00:00
1703750400000,1988.6,1990.1,1970.6,1973.3,394.622,1703764799999,781393.0692,5514,131.351,260177.8889,0,2023-12-28 08:00:00
1703764800000,1973.3,2005.7,1970.1,1988.6,819.837,1703779199999,1631222.3168,8970,292.852,582453.5225,0,2023-12-28 12:00:00
1703779200000,1988.6,1994.7,1979.2,1985.5,256.733,1703793599999,509898.9711,4268,128.207,254634.1403,0,2023-12-28 16:00:00
1703793600000,1985.6,2007.8,1985.5,2002.1,212.779,1703807999999,424774.8319,4034,112.577,224808.2774,0,2023-12-28 20:00:00
1703808000000,2002.2,2013.4,1996.4,2001.3,421.446,1703822399999,845021.9484,6419,206.182,413473.9626,0,2023-12-29 00:00:00
1703822400000,2002.1,2004.8,1983.5,2002.9,238.904,1703836799999,476903.4852,4282,128.060,255678.8766,0,2023-12-29 04:00:00
1703836800000,2002.1,2002.5,1987.1,1996.1,172.095,1703851199999,343135.4353,3537,79.662,158818.6288,0,2023-12-29 08:00:00
1703851200000,1996.8,2008.1,1990.8,2002.6,253.405,1703865599999,506449.0311,4553,135.665,271204.8901,0,2023-12-29 12:00:00
1703865600000,2002.2,2017.3,1997.0,1998.7,408.262,1703879999999,819278.3080,6216,212.805,427042.7956,0,2023-12-29 16:00:00
1703880000000,1999.0,2019.6,1998.6,2009.0,221.473,1703894399999,445318.7349,3808,119.447,240172.1144,0,2023-12-29 20:00:00
1703894400000,2008.9,2011.6,1998.6,2006.9,130.693,1703908799999,262172.5886,2791,64.342,129115.0022,0,2023-12-30 00:00:00
1703908800000,2007.5,2007.5,1997.6,2002.5,95.566,1703923199999,191318.8553,2414,35.576,71227.2049,0,2023-12-30 04:00:00
1703923200000,2002.3,2015.2,2001.6,2010.6,177.380,1703937599999,356358.4260,3055,89.336,179468.6829,0,2023-12-30 08:00:00
1703937600000,2010.7,2017.2,2006.7,2008.8,128.345,1703951999999,258343.0872,2613,68.942,138786.9558,0,2023-12-30 12:00:00
1703952000000,2008.9,2021.8,2008.8,2020.0,120.135,1703966399999,242207.4827,2556,62.106,125253.4026,0,2023-12-30 16:00:00
1703966400000,2020.0,2028.2,2013.7,2019.4,79.256,1703980799999,160120.3783,1820,48.088,97146.1546,0,2023-12-30 20:00:00
1703980800000,2018.9,2029.7,2018.0,2028.2,88.969,1703995199999,179995.1551,2190,38.323,77532.8076,0,2023-12-31 00:00:00
1703995200000,2028.2,2028.3,2018.8,2022.5,96.287,1704009599999,194819.7772,2154,42.762,86506.5574,0,2023-12-31 04:00:00
1704009600000,2022.4,2032.1,2013.4,2018.2,131.440,1704023999999,265864.4093,2570,56.144,113643.9472,0,2023-12-31 08:00:00
1704024000000,2018.2,2026.8,2011.5,2024.2,97.643,1704038399999,197195.5123,2533,48.939,98830.6663,0,2023-12-31 12:00:00
1704038400000,2024.3,2032.2,2019.4,2029.3,184.177,1704052799999,373167.2122,3676,93.726,189941.4308,0,2023-12-31 16:00:00
1704052800000,2029.1,2052.9,2028.2,2034.3,395.751,1704067199999,806481.7179,6036,208.119,424270.4470,0,2023-12-31 20:00:00
1704067200000,2034.3,2049.1,2030.9,2043.1,427.288,1704081599999,870781.4427,6418,217.793,444010.0430,0,2024-01-01 00:00:00
1704081600000,2043.7,2049.5,2031.8,2038.4,328.076,1704095999999,669446.2260,5244,136.199,277983.8602,0,2024-01-01 04:00:00
1704096000000,2039.3,2042.5,2031.8,2035.2,117.564,1704110399999,239483.1473,3328,53.094,108158.6909,0,2024-01-01 08:00:00
1704110400000,2035.3,2037.8,2023.3,2024.4,96.840,1704124799999,196731.4477,2797,39.525,80322.0417,0,2024-01-01 12:00:00
1704124800000,2024.4,2037.4,2021.9,2036.1,109.460,1704139199999,221973.0928,2622,53.111,107714.4318,0,2024-01-01 16:00:00
1704139200000,2036.4,2060.2,2036.1,2057.3,195.300,1704153599999,399837.5539,3819,110.737,226743.4818,0,2024-01-01 20:00:00
1704153600000,2057.5,2096.8,2056.4,2087.4,543.143,1704167999999,1128045.2584,6627,272.505,565970.5971,0,2024-01-02 00:00:00
1704168000000,2087.7,2098.0,2075.0,2088.3,238.055,1704182399999,496494.1893,3592,119.721,249772.9191,0,2024-01-02 04:00:00
1704182400000,2088.5,2095.5,2073.4,2084.2,220.556,1704196799999,459209.4116,3460,111.937,233132.0042,0,2024-01-02 08:00:00
1704196800000,2084.7,2113.4,2078.9,2112.2,379.189,1704211199999,796751.5497,5370,192.312,404076.3318,0,2024-01-02 12:00:00
1704211200000,2112.2,2120.0,2097.5,2101.0,204.317,1704225599999,430931.2728,3477,105.872,223418.4343,0,2024-01-02 16:00:00
1704225600000,2101.0,2110.3,2095.2,2108.5,174.029,1704239999999,365975.9274,3631,79.141,166464.1382,0,2024-01-02 20:00:00
1704240000000,2108.9,2114.1,2101.9,2111.1,158.389,1704254399999,333907.6189,2916,60.457,127498.3324,0,2024-01-03 00:00:00
1704254400000,2111.3,2111.6,2091.1,2094.6,128.773,1704268799999,270115.8760,2787,49.479,103777.0288,0,2024-01-03 04:00:00
1704268800000,2094.8,2098.2,2074.5,2082.0,268.292,1704283199999,560316.1673,4736,124.550,260319.2355,0,2024-01-03 08:00:00
1704283200000,2082.0,2228.0,2067.4,2126.0,2810.746,1704297599999,6015320.9665,27872,1377.087,2949780.0411,0,2024-01-03 12:00:00
1704297600000,2125.1,2150.7,2121.8,2139.4,918.990,1704311999999,1965381.2320,10252,425.525,910116.7812,0,2024-01-03 16:00:00
1704312000000,2139.6,2144.8,2123.3,2141.7,382.742,1704326399999,816554.9519,5810,163.836,349684.5443,0,2024-01-03 20:00:00
1704326400000,2142.0,2151.3,2134.8,2135.9,405.576,1704340799999,868604.4438,5206,203.183,435199.3150,0,2024-01-04 00:00:00
1704340800000,2135.9,2136.0,2116.6,2131.4,290.429,1704355199999,618833.6720,3999,102.043,217486.2744,0,2024-01-04 04:00:00
1704355200000,2131.2,2148.9,2129.4,2146.5,358.052,1704369599999,766768.3707,5018,194.915,417418.8843,0,2024-01-04 08:00:00
1704369600000,2146.4,2160.3,2127.7,2141.7,405.756,1704383999999,869862.8068,5526,193.079,414087.5156,0,2024-01-04 12:00:00
1704384000000,2141.8,2150.4,2138.4,2139.9,152.898,1704398399999,328088.8775,3219,72.998,156629.4378,0,2024-01-04 16:00:00
1704398400000,2139.8,2166.2,2133.6,2152.6,363.190,1704412799999,781744.1019,4806,210.949,454076.5334,0,2024-01-04 20:00:00
1704412800000,2152.3,2166.1,2125.4,2153.4,459.255,1704427199999,988283.9663,4572,195.362,420402.7798,0,2024-01-05 00:00:00
1704427200000,2153.8,2166.2,2146.4,2164.0,252.565,1704441599999,544823.0967,3092,122.215,263772.3507,0,2024-01-05 04:00:00
1704441600000,2163.6,2182.0,2161.3,2178.9,206.342,1704455999999,448106.9669,3671,101.234,219848.0226,0,2024-01-05 08:00:00
1704456000000,2179.0,2198.8,2176.1,2189.9,549.494,1704470399999,1202396.9367,7457,294.491,644497.7673,0,2024-01-05 12:00:00
1704470400000,2190.3,2200.1,2181.5,2188.3,440.632,1704484799999,964901.2503,6306,230.030,503796.2100,0,2024-01-05 16:00:00
1704484800000,2188.6,2201.0,2180.8,2185.3,345.425,1704499199999,756796.3465,5523,158.368,346982.8781,0,2024-01-05 20:00:00
1704499200000,2184.8,2200.0,2184.3,2193.0,199.829,1704513599999,438218.8632,4164,82.469,180863.5368,0,2024-01-06 00:00:00
1704513600000,2193.5,2241.4,2191.9,2216.7,977.942,1704527999999,2170260.3709,10585,584.661,1297428.4631,0,2024-01-06 04:00:00
1704528000000,2216.6,2220.8,2199.6,2209.3,348.678,1704542399999,771080.9761,5073,162.786,360052.1557,0,2024-01-06 08:00:00
1704542400000,2209.7,2219.0,2203.6,2206.7,432.748,1704556799999,956834.5666,6480,189.369,418681.2553,0,2024-01-06 12:00:00
1704556800000,2206.6,2219.6,2205.5,2215.9,188.965,1704571199999,417730.4294,3773,93.795,207351.1558,0,2024-01-06 16:00:00
1704571200000,2216.0,2232.5,2213.0,2225.9,177.954,1704585599999,395441.4708,3431,86.222,191655.8863,0,2024-01-06 20:00:00
1704585600000,2225.9,2232.2,2214.8,2223.6,266.241,1704599999999,591729.7901,4164,126.463,281102.7573,0,2024-01-07 00:00:00
1704600000000,2223.5,2223.9,2210.5,2215.0,187.912,1704614399999,416309.2262,3414,72.970,161646.3057,0,2024-01-07 04:00:00
1704614400000,2214.7,2234.3,2214.1,2230.1,345.757,1704628799999,770194.7212,4440,140.430,312690.0805,0,2024-01-07 08:00:00
1704628800000,2230.1,2242.1,2226.1,2235.5,302.386,1704643199999,675026.8389,5117,160.269,357785.4441,0,2024-01-07 12:00:00
1704643200000,2235.6,2248.1,2231.0,2237.6,292.635,1704657599999,654917.8359,4181,98.127,219627.7124,0,2024-01-07 16:00:00
1704657600000,2237.7,2279.2,2234.8,2265.7,857.580,1704671999999,1938562.2862,8845,518.681,1171893.2937,0,2024-01-07 20:00:00
1704672000000,2265.8,2307.3,2246.2,2289.4,1921.856,1704686399999,4374465.2523,20138,987.441,2248213.7702,0,2024-01-08 00:00:00
1704686400000,2289.4,2292.5,2264.3,2268.0,878.490,1704700799999,1999182.7467,10559,364.224,828916.2653,0,2024-01-08 04:00:00
1704700800000,2267.9,2282.8,2257.7,2279.5,545.406,1704715199999,1238105.9815,6976,272.398,618451.1783,0,2024-01-08 08:00:00
1704715200000,2279.2,2288.4,2260.2,2265.3,1196.873,1704729599999,2721727.5986,8897,400.245,910089.9824,0,2024-01-08 12:00:00
1704729600000,2265.3,2306.0,2263.0,2282.9,1238.265,1704743999999,2822803.8078,11229,800.993,1825220.4058,0,2024-01-08 16:00:00
1704744000000,2283.2,2307.2,2281.0,2298.1,343.640,1704758399999,788670.9395,4998,190.514,437202.3380,0,2024-01-08 20:00:00
1704758400000,2298.8,2320.9,2297.9,2318.5,480.238,1704772799999,1109723.8930,5755,297.154,686817.7116,0,2024-01-09 00:00:00
1704772800000,2318.5,2319.4,2290.9,2304.7,345.142,1704787199999,795004.0375,5079,148.273,341583.8305,0,2024-01-09 04:00:00
1704787200000,2304.7,2322.3,2288.4,2308.7,586.776,1704801599999,1353509.3782,5750,291.135,671962.9955,0,2024-01-09 08:00:00
1704801600000,2308.7,2364.5,2288.0,2362.8,1938.496,1704815999999,4530881.6222,15802,1002.733,2344896.2457,0,2024-01-09 12:00:00
1704816000000,2362.2,2372.1,2331.9,2352.4,1223.781,1704830399999,2876307.5020,13613,610.255,1434364.9211,0,2024-01-09 16:00:00
1704830400000,2352.4,2380.0,2244.2,2272.9,3173.533,1704844799999,7302186.6370,25378,1629.607,3752065.5428,0,2024-01-09 20:00:00
1704844800000,2272.9,2275.9,2231.9,2263.1,838.695,1704859199999,1888359.3905,9292,378.305,852458.4110,0,2024-01-10 00:00:00
1704859200000,2263.5,2267.3,2240.9,2251.6,329.063,1704873599999,740944.6254,4618,160.141,360490.2678,0,2024-01-10 04:00:00
1704873600000,2251.6,2257.5,2199.3,2217.8,755.552,1704887999999,1679349.6037,7818,344.238,765464.7515,0,2024-01-10 08:00:00
1704888000000,2217.8,2240.2,2195.2,2208.1,899.998,1704902399999,1998483.5246,10147,478.606,1063422.9468,0,2024-01-10 12:00:00
1704902400000,2208.2,2253.4,2198.7,2223.1,648.467,1704916799999,1446100.5688,8997,315.881,704865.0650,0,2024-01-10 16:00:00
1704916800000,2222.8,2229.1,2124.0,2132.4,2260.086,1704931199999,4887951.3608,23366,1177.377,2545741.6726,0,2024-01-10 20:00:00
1704931200000,2132.4,2138.6,2107.0,2107.2,843.903,1704945599999,1794122.2354,9817,422.203,897404.2798,0,2024-01-11 00:00:00
1704945600000,2107.6,2116.1,2097.2,2107.8,623.066,1704959999999,1312894.6512,8752,328.157,691503.5553,0,2024-01-11 04:00:00
1704960000000,2107.4,2109.4,2083.1,2089.4,961.230,1704974399999,2015139.5281,11348,433.537,908871.2046,0,2024-01-11 08:00:00
1704974400000,2089.5,2168.7,2088.4,2115.2,2224.276,1704988799999,4725986.9194,21439,1154.273,2451567.0038,0,2024-01-11 12:00:00
1704988800000,2117.0,2120.1,2008.3,2106.8,2939.987,1705003199999,6119960.5667,22535,1559.104,3249055.8629,0,2024-01-11 16:00:00
1705003200000,2106.8,2113.5,2094.4,2097.8,783.970,1705017599999,1649421.2551,8795,277.522,583632.6203,0,2024-01-11 20:00:00
1705017600000,2097.8,2109.3,2088.3,2098.0,477.866,1705031999999,1002736.1705,5885,192.950,404926.0797,0,2024-01-12 00:00:00
1705032000000,2097.6,2098.4,2079.5,2093.7,281.403,1705046399999,587681.1936,5089,115.303,240806.2157,0,2024-01-12 04:00:00
1705046400000,2093.0,2094.9,2063.7,2064.8,315.428,1705060799999,656211.9051,5869,165.491,344381.8385,0,2024-01-12 08:00:00
1705060800000,2064.8,2065.2,2002.1,2017.6,1126.427,1705075199999,2289622.5812,12730,481.159,977351.0242,0,2024-01-12 12:00:00
1705075200000,2017.6,2032.0,1968.0,2011.5,1639.330,1705089599999,3285379.3652,16165,764.952,1533467.7620,0,2024-01-12 16:00:00
1705089600000,2011.5,2057.0,2002.1,2022.3,1295.156,1705103999999,2630087.8687,13468,648.059,1316721.8186,0,2024-01-12 20:00:00
1705104000000,2022.0,2042.3,2000.0,2005.6,519.616,1705118399999,1050493.4066,6706,240.922,487434.7298,0,2024-01-13 00:00:00
1705118400000,2005.9,2021.4,2005.3,2016.7,255.495,1705132799999,514951.7335,4245,130.695,263441.4965,0,2024-01-13 04:00:00
1705132800000,2016.6,2023.2,2000.0,2003.4,438.882,1705147199999,884162.8922,5104,202.349,407941.6405,0,2024-01-13 08:00:00
1705147200000,2003.9,2018.0,1996.1,2011.9,374.961,1705161599999,753141.6968,4794,182.795,367211.8973,0,2024-01-13 12:00:00
1705161600000,2012.2,2014.9,1988.0,1989.0,281.971,1705175999999,565183.1810,3987,123.081,246786.2048,0,2024-01-13 16:00:00
1705176000000,1988.8,1998.0,1980.5,1983.5,358.082,1705190399999,711958.7470,4164,156.412,311012.2211,0,2024-01-13 20:00:00
1705190400000,1983.2,1991.4,1983.1,1988.5,307.937,1705204799999,612170.5227,4323,187.767,373328.4357,0,2024-01-14 00:00:00
1705204800000,1988.5,2002.8,1986.2,1999.2,326.105,1705219199999,650571.0549,4764,144.079,287444.0983,0,2024-01-14 04:00:00
1705219200000,1999.1,2002.1,1991.5,2001.0,234.443,1705233599999,468022.7033,3876,116.459,232534.9711,0,2024-01-14 08:00:00
1705233600000,2000.4,2006.0,1993.6,1998.1,310.670,1705247999999,621025.5830,4346,139.148,278232.5649,0,2024-01-14 12:00:00
1705248000000,1998.6,2017.5,1993.1,2015.8,255.699,1705262399999,512385.3438,3866,124.024,248668.7534,0,2024-01-14 16:00:00
1705262400000,2016.3,2019.8,1983.6,1996.9,605.505,1705276799999,1210602.2981,6624,267.244,534617.9266,0,2024-01-14 20:00:00
1705276800000,1997.0,2004.6,1991.9,2003.8,256.284,1705291199999,511924.6167,3662,107.914,215567.1490,0,2024-01-15 00:00:00
1705291200000,2003.8,2005.3,1995.1,2004.7,217.504,1705305599999,435071.2423,3173,91.461,182934.5139,0,2024-01-15 04:00:00
1705305600000,2004.5,2010.0,1983.7,1989.5,258.355,1705319999999,515757.9964,3434,106.526,212665.9151,0,2024-01-15 08:00:00
1705320000000,1989.6,1997.6,1976.9,1994.2,328.752,1705334399999,653671.6862,4224,146.608,291693.9915,0,2024-01-15 12:00:00
1705334400000,1994.2,2009.6,1992.2,2002.6,232.103,1705348799999,464300.8144,3773,125.003,250134.9010,0,2024-01-15 16:00:00
1705348800000,2002.6,2008.7,1996.5,1999.9,190.481,1705363199999,381599.4538,2900,103.517,207387.7567,0,2024-01-15 20:00:00
1705363200000,1999.9,2006.7,1996.2,2001.3,158.082,1705377599999,316471.0682,3004,70.262,140700.7230,0,2024-01-16 00:00:00
1705377600000,2001.1,2003.8,1995.4,2000.9,119.147,1705391999999,238272.6836,2741,62.308,124614.4194,0,2024-01-16 04:00:00
1705392000000,2000.5,2006.0,1997.2,2004.6,170.061,1705406399999,340482.0577,3009,77.006,154162.4920,0,2024-01-16 08:00:00
1705406400000,2004.5,2008.2,1993.5,2005.1,425.362,1705420799999,851448.4086,4885,195.199,390702.8592,0,2024-01-16 12:00:00
1705420800000,2005.1,2008.9,1994.6,1996.8,166.893,1705435199999,333801.0138,2653,75.645,151287.8674,0,2024-01-16 16:00:00
1705435200000,1996.6,1999.6,1984.8,1991.0,171.272,1705449599999,341024.4023,3234,83.506,166291.0444,0,2024-01-16 20:00:00
1705449600000,1991.1,1993.5,1978.8,1981.2,193.251,1705463999999,383637.1530,2510,58.152,115445.2191,0,2024-01-17 00:00:00
1705464000000,1981.1,1990.5,1979.6,1989.4,339.099,1705478399999,673558.7202,2226,270.453,537221.4160,0,2024-01-17 04:00:00
1705478400000,1989.4,2002.4,1981.2,1985.4,264.057,1705492799999,526137.6587,3327,120.169,239634.8340,0,2024-01-17 08:00:00
1705492800000,1985.0,1989.5,1973.9,1984.3,221.197,1705507199999,438345.9886,3054,96.853,192048.2264,0,2024-01-17 12:00:00
1705507200000,1984.2,1996.2,1980.0,1992.4,210.739,1705521599999,418966.0575,2629,116.539,231798.4865,0,2024-01-17 16:00:00
1705521600000,1992.2,2003.7,1989.0,1999.7,184.232,1705535999999,368154.6946,2808,92.334,184476.4274,0,2024-01-17 20:00:00
1705536000000,1999.7,2008.8,1992.1,1997.1,190.576,1705550399999,381171.9130,2735,84.453,168982.6547,0,2024-01-18 00:00:00
1705550400000,1997.1,2005.5,1994.9,2001.9,166.061,1705564799999,332312.6704,2058,73.170,146467.6241,0,2024-01-18 04:00:00
1705564800000,2002.1,2003.9,1992.5,2001.2,146.718,1705579199999,293313.5829,2127,85.187,170330.5651,0,2024-01-18 08:00:00
1705579200000,2001.4,2009.3,1999.4,2003.9,262.263,1705593599999,525952.3457,3510,115.469,231582.7935,0,2024-01-18 12:00:00
1705593600000,2004.0,2011.8,1991.3,2000.5,422.082,1705607999999,844609.1312,5143,209.466,419260.4754,0,2024-01-18 16:00:00
1705608000000,1999.9,1999.9,1983.4,1990.4,389.868,1705622399999,775717.7419,3672,132.649,263992.8189,0,2024-01-18 20:00:00
1705622400000,1990.5,2001.4,1989.2,1991.0,224.712,1705636799999,448497.0130,2887,101.436,202441.2368,0,2024-01-19 00:00:00
1705636800000,1991.1,1999.9,1989.2,1993.8,297.374,1705651199999,593048.9612,2549,85.909,171305.5241,0,2024-01-19 04:00:00
1705651200000,1993.8,1994.9,1981.9,1988.1,236.052,1705665599999,469243.3633,2389,85.464,169908.3971,0,2024-01-19 08:00:00
1705665600000,1988.0,1990.4,1974.0,1988.7,263.659,1705679999999,522178.9424,3248,132.056,261493.8959,0,2024-01-19 12:00:00
1705680000000,1988.8,2010.6,1985.9,2004.1,570.514,1705694399999,1141641.2864,5785,275.076,550422.4936,0,2024-01-19 16:00:00
1705694400000,2004.1,2014.2,1991.3,1993.2,218.015,1705708799999,436115.7156,2859,117.850,235692.9300,0,2024-01-19 20:00:00
1705708800000,1993.7,2001.5,1988.0,1997.4,160.822,1705723199999,320612.8769,1833,68.593,136815.4994,0,2024-01-20 00:00:00
1705723200000,1997.5,2000.7,1994.8,1999.1,100.287,1705737599999,200357.9336,1502,56.464,112806.4731,0,2024-01-20 04:00:00
1705737600000,1999.1,2004.0,1996.4,1999.4,91.372,1705751999999,182694.0884,1927,45.814,91605.1477,0,2024-01-20 08:00:00
1705752000000,1999.4,2008.0,1998.1,2007.3,145.412,1705766399999,291249.1334,1746,68.189,136517.4761,0,2024-01-20 12:00:00
1705766400000,2007.4,2010.6,2003.6,2007.9,143.820,1705780799999,288751.1714,2164,76.804,154214.1887,0,2024-01-20 16:00:00
1705780800000,2007.9,2009.1,1996.6,1997.0,101.209,1705795199999,202770.5294,2153,48.483,97139.1426,0,2024-01-20 20:00:00
1705795200000,1996.9,2001.7,1990.3,1994.6,107.012,1705809599999,213625.8905,2065,49.990,99786.4115,0,2024-01-21 00:00:00
1705809600000,1994.5,1998.8,1993.4,1994.9,48.374,1705823999999,96550.3823,1291,24.186,48276.1277,0,2024-01-21 04:00:00
1705824000000,1994.9,1997.9,1994.1,1996.6,42.994,1705838399999,85806.1310,1229,17.802,35530.6442,0,2024-01-21 08:00:00
1705838400000,1996.5,2001.4,1995.2,1998.5,73.078,1705852799999,146060.1940,1440,36.644,73241.3665,0,2024-01-21 12:00:00
1705852800000,1998.5,2001.0,1994.1,1997.8,73.048,1705867199999,145861.6170,1414,37.517,74905.1755,0,2024-01-21 16:00:00
1705867200000,1997.7,2010.8,1997.1,2009.8,94.181,1705881599999,188730.7846,1822,57.543,115315.2477,0,2024-01-21 20:00:00
1705881600000,2009.8,2017.5,2005.7,2008.1,261.934,1705895999999,526975.8425,2802,122.056,245564.7772,0,2024-01-22 00:00:00
1705896000000,2008.2,2012.7,2000.9,2010.5,129.423,1705910399999,259805.6717,2014,57.931,116270.3926,0,2024-01-22 04:00:00
1705910400000,2010.7,2032.5,2007.8,2029.2,699.179,1705924799999,1414614.4005,9555,304.118,615320.1818,0,2024-01-22 08:00:00
1705924800000,2029.7,2039.0,2026.1,2031.2,641.251,1705939199999,1303189.8226,6090,300.787,611407.5356,0,2024-01-22 12:00:00
1705939200000,2031.1,2036.1,2012.7,2030.1,463.953,1705953599999,940062.7725,4705,220.119,446169.4669,0,2024-01-22 16:00:00
1705953600000,2029.2,2035.6,2021.0,2021.6,227.737,1705967999999,461832.2597,3285,98.438,199639.5350,0,2024-01-22 20:00:00
1705968000000,2021.8,2027.9,2015.5,2020.1,199.616,1705982399999,403595.4496,2942,94.933,191877.6459,0,2024-01-23 00:00:00
1705982400000,2020.7,2033.1,2017.1,2032.1,139.062,1705996799999,281120.4123,2106,66.479,134396.2220,0,2024-01-23 04:00:00
1705996800000,2032.1,2078.8,2030.5,2067.6,1306.143,1706011199999,2692876.7761,12810,718.068,1480883.2985,0,2024-01-23 08:00:00
1706011200000,2067.9,2100.0,2064.8,2077.2,1146.383,1706025599999,2386846.3734,11914,549.008,1143245.6177,0,2024-01-23 12:00:00
1706025600000,2076.9,2100.0,2074.6,2099.8,528.050,1706039999999,1102719.1025,6449,310.091,647607.0369,0,2024-01-23 16:00:00
1706040000000,2099.7,2103.3,2076.9,2086.5,434.775,1706054399999,907713.4435,5757,228.587,477131.1326,0,2024-01-23 20:00:00
1706054400000,2086.5,2101.2,2086.2,2094.0,388.976,1706068799999,814368.9690,5553,194.105,406342.9852,0,2024-01-24 00:00:00
1706068800000,2093.8,2100.9,2089.7,2095.4,205.910,1706083199999,431378.5564,3464,107.302,224772.1201,0,2024-01-24 04:00:00
1706083200000,2095.4,2095.4,2086.6,2093.5,255.384,1706097599999,534113.8637,3653,128.498,268736.7291,0,2024-01-24 08:00:00
1706097600000,2093.7,2099.7,2089.7,2095.7,327.039,1706111999999,685236.7727,3260,157.582,330163.8220,0,2024-01-24 12:00:00
1706112000000,2095.3,2110.8,2093.8,2101.0,298.285,1706126399999,626053.3334,3221,137.917,289649.7904,0,2024-01-24 16:00:00
1706126400000,2100.6,2102.2,2089.8,2091.7,142.526,1706140799999,298669.2622,2171,66.513,139360.6060,0,2024-01-24 20:00:00
1706140800000,2092.7,2109.7,2088.7,2103.3,183.804,1706155199999,386160.8203,2830,82.021,172294.8208,0,2024-01-25 00:00:00
1706155200000,2103.5,2108.4,2097.8,2099.6,206.652,1706169599999,434750.0251,2413,90.714,190871.7040,0,2024-01-25 04:00:00
1706169600000,2100.0,2109.7,2089.6,2095.7,264.887,1706183999999,556062.7298,3061,133.479,280308.4024,0,2024-01-25 08:00:00
1706184000000,2095.4,2115.0,2094.7,2114.7,438.256,1706198399999,922676.5646,4016,259.552,546364.6818,0,2024-01-25 12:00:00
1706198400000,2114.4,2119.0,2093.3,2098.7,232.778,1706212799999,490287.3906,2982,116.485,245433.2273,0,2024-01-25 16:00:00
1706212800000,2098.8,2102.9,2086.0,2100.8,136.273,1706227199999,285472.6928,1954,66.230,138769.1901,0,2024-01-25 20:00:00
1706227200000,2100.8,2106.1,2092.3,2098.5,132.114,1706241599999,277218.5846,2035,62.730,131629.8487,0,2024-01-26 00:00:00
1706241600000,2098.0,2112.0,2097.6,2111.1,100.683,1706255999999,211759.2376,1707,49.947,105044.9643,0,2024-01-26 04:00:00
1706256000000,2111.1,2119.2,2102.3,2118.6,222.874,1706270399999,470320.1102,2676,111.928,236210.1246,0,2024-01-26 08:00:00
1706270400000,2119.1,2131.3,2115.7,2122.3,315.434,1706284799999,669667.6376,3218,180.147,382483.1694,0,2024-01-26 12:00:00
1706284800000,2121.4,2150.0,2121.1,2150.0,316.023,1706299199999,675578.0708,3260,170.700,365011.5312,0,2024-01-26 16:00:00
1706299200000,2150.0,2154.3,2134.3,2134.5,152.114,1706313599999,326295.5036,1991,75.400,161812.1751,0,2024-01-26 20:00:00
1706313600000,2134.5,2134.6,2120.5,2125.1,187.070,1706327999999,398160.9509,2580,91.310,194366.1750,0,2024-01-27 00:00:00
1706328000000,2125.1,2137.3,2124.0,2137.0,109.315,1706342399999,233151.5538,1517,53.292,113663.8042,0,2024-01-27 04:00:00
1706342400000,2137.1,2137.3,2127.1,2132.6,107.780,1706356799999,229677.9535,1827,56.785,121019.2323,0,2024-01-27 08:00:00
1706356800000,2132.7,2133.4,2125.9,2129.7,72.725,1706371199999,154861.9426,1398,33.967,72337.5323,0,2024-01-27 12:00:00
1706371200000,2129.6,2135.2,2124.8,2129.9,82.839,1706385599999,176434.5432,1916,49.352,105109.3900,0,2024-01-27 16:00:00
1706385600000,2130.0,2144.5,2130.0,2140.1,90.221,1706399999999,193025.8042,1532,48.376,103496.2775,0,2024-01-27 20:00:00
1706400000000,2140.4,2143.5,2126.4,2126.5,156.710,1706414399999,334345.9220,1838,73.380,156552.3718,0,2024-01-28 00:00:00
1706414400000,2126.8,2143.8,2126.5,2141.5,173.436,1706428799999,370660.3809,2579,83.296,178024.4418,0,2024-01-28 04:00:00
1706428800000,2141.6,2143.7,2135.1,2140.6,92.633,1706443199999,198183.2706,1344,45.091,96467.1443,0,2024-01-28 08:00:00
1706443200000,2140.4,2149.7,2138.7,2143.6,160.230,1706457599999,343446.3845,2443,79.238,169845.6213,0,2024-01-28 12:00:00
1706457600000,2143.6,2144.3,2133.8,2137.1,98.265,1706471999999,210310.1990,2183,50.964,109063.5531,0,2024-01-28 16:00:00
1706472000000,2137.4,2143.3,2132.7,2142.2,82.405,1706486399999,176266.8324,1723,49.419,105708.2388,0,2024-01-28 20:00:00
1706486400000,2142.3,2143.7,2135.6,2141.3,82.905,1706500799999,177450.1788,1557,38.871,83201.4687,0,2024-01-29 00:00:00
1706500800000,2141.4,2141.5,2137.6,2140.0,63.069,1706515199999,134915.8653,1172,35.190,75273.1906,0,2024-01-29 04:00:00
1706515200000,2139.9,2143.8,2136.7,2142.7,68.091,1706529599999,145686.0762,1226,35.423,75791.1846,0,2024-01-29 08:00:00
1706529600000,2143.4,2149.9,2136.8,2146.6,268.247,1706543999999,574937.5968,3798,108.677,232983.4407,0,2024-01-29 12:00:00
1706544000000,2146.1,2159.9,2137.6,2145.2,241.809,1706558399999,519811.3772,4252,136.012,292435.6600,0,2024-01-29 16:00:00
1706558400000,2145.5,2146.4,2133.1,2143.0,127.857,1706572799999,273620.0301,2243,60.064,128578.5986,0,2024-01-29 20:00:00
1706572800000,2143.1,2156.9,2141.1,2156.7,110.962,1706587199999,238430.8183,2406,59.281,127398.2381,0,2024-01-30 00:00:00
1706587200000,2157.1,2157.3,2148.5,2149.8,111.564,1706601599999,240163.3639,1657,47.290,101809.6196,0,2024-01-30 04:00:00
1706601600000,2149.8,2153.7,2146.7,2149.3,79.084,1706615999999,170046.6250,1285,41.427,89093.2675,0,2024-01-30 08:00:00
1706616000000,2149.9,2161.5,2130.3,2132.5,239.237,1706630399999,513979.1970,3032,115.407,248059.6303,0,2024-01-30 12:00:00
1706630400000,2132.3,2133.6,2108.7,2125.8,595.369,1706644799999,1262072.0080,5971,318.003,673941.2178,0,2024-01-30 16:00:00
1706644800000,2126.4,2132.3,2120.7,2126.5,127.290,1706659199999,270685.4594,2999,69.781,148425.5215,0,2024-01-30 20:00:00
1706659200000,2126.2,2141.2,2125.2,2126.2,139.312,1706673599999,297057.7023,2411,68.347,145858.0522,0,2024-01-31 00:00:00
1706673600000,2126.6,2137.9,2124.4,2133.9,309.756,1706687999999,661491.9214,1890,45.607,97270.0632,0,2024-01-31 04:00:00
1706688000000,2133.9,2154.1,2130.1,2147.1,173.351,1706702399999,371654.0991,2975,86.534,185538.7399,0,2024-01-31 08:00:00
1706702400000,2147.2,2168.0,2140.7,2158.9,297.147,1706716799999,640433.4352,5332,154.750,333456.6564,0,2024-01-31 12:00:00
1706716800000,2158.8,2168.0,2154.9,2160.7,345.573,1706731199999,747171.6657,4985,151.700,328000.8461,0,2024-01-31 16:00:00
1706731200000,2160.8,2172.2,2153.9,2167.3,255.532,1706745599999,552930.6049,4756,142.536,308422.4443,0,2024-01-31 20:00:00
1706745600000,2167.1,2173.9,2155.9,2161.6,346.114,1706759999999,748801.8086,4216,154.219,333519.4962,0,2024-02-01 00:00:00
1706760000000,2161.8,2165.7,2157.0,2162.4,161.707,1706774399999,349600.7758,2691,89.562,193656.8360,0,2024-02-01 04:00:00
1706774400000,2162.4,2163.3,2149.2,2155.6,199.814,1706788799999,431002.0105,2546,92.412,199392.9643,0,2024-02-01 08:00:00
1706788800000,2155.2,2163.2,2149.4,2159.8,208.361,1706803199999,449059.8000,3290,103.879,223963.0659,0,2024-02-01 12:00:00
1706803200000,2159.6,2173.9,2154.3,2173.9,404.889,1706817599999,877049.9154,4530,200.488,434545.8834,0,2024-02-01 16:00:00
1706817600000,2173.7,2175.2,2164.3,2167.1,102.924,1706831999999,223183.7991,1820,45.373,98415.0739,0,2024-02-01 20:00:00
1706832000000,2167.2,2169.7,2156.3,2157.6,78.093,1706846399999,168925.9006,1553,30.896,66858.9545,0,2024-02-02 00:00:00
1706846400000,2157.7,2159.9,2146.1,2148.2,185.139,1706860799999,398610.0563,1973,86.630,186630.9469,0,2024-02-02 04:00:00
1706860800000,2147.6,2149.6,2144.6,2146.4,60.976,1706875199999,130914.4818,1597,34.991,75129.7418,0,2024-02-02 08:00:00
1706875200000,2146.8,2155.5,2143.6,2154.2,123.662,1706889599999,265951.5522,3256,63.160,135860.9235,0,2024-02-02 12:00:00
1706889600000,2154.6,2160.4,2154.0,2158.5,110.346,1706903999999,238042.1310,2213,43.004,92766.7394,0,2024-02-02 16:00:00
1706904000000,2158.5,2158.9,2154.1,2155.9,31.549,1706918399999,68036.9205,1502,15.563,33564.8862,0,2024-02-02 20:00:00
1706918400000,2156.0,2159.3,2147.2,2149.2,55.101,1706932799999,118541.7527,1751,25.814,55534.9874,0,2024-02-03 00:00:00
1706932800000,2149.2,2150.9,2144.5,2148.7,34.342,1706947199999,73735.1008,1315,21.545,46258.3426,0,2024-02-03 04:00:00
1706947200000,2148.8,2153.0,2144.9,2148.0,56.521,1706961599999,121441.2311,1421,26.242,56399.7766,0,2024-02-03 08:00:00
1706961600000,2148.0,2159.6,2146.6,2156.7,34.757,1706975999999,74870.9112,1124,19.957,42992.4346,0,2024-02-03 12:00:00
1706976000000,2156.7,2159.9,2153.3,2154.2,84.545,1706990399999,182325.8597,1532,39.778,85793.0625,0,2024-02-03 16:00:00
1706990400000,2154.2,2160.7,2154.0,2158.7,18.381,1707004799999,39663.8066,963,8.172,17634.3918,0,2024-02-03 20:00:00
1707004800000,2158.7,2165.7,2154.7,2156.6,96.396,1707019199999,208194.9408,1518,54.061,116791.8663,0,2024-02-04 00:00:00
1707019200000,2156.7,2165.6,2155.4,2165.0,99.262,1707033599999,214484.9760,1709,38.185,82491.3276,0,2024-02-04 04:00:00
1707033600000,2165.1,2165.3,2154.8,2157.6,78.284,1707047999999,168968.6525,1432,36.110,77962.1219,0,2024-02-04 08:00:00
1707048000000,2157.8,2158.8,2150.2,2151.9,53.511,1707062399999,115256.1382,1436,27.056,58273.0799,0,2024-02-04 12:00:00
1707062400000,2152.3,2160.6,2146.3,2153.2,93.161,1707076799999,200589.7017,2031,47.132,101498.9518,0,2024-02-04 16:00:00
1707076800000,2153.2,2156.3,2145.5,2151.7,90.806,1707091199999,195285.3305,2131,44.709,96141.8349,0,2024-02-04 20:00:00
1707091200000,2151.8,2161.0,2148.2,2153.8,151.406,1707105599999,326485.0425,2144,93.701,202078.4551,0,2024-02-05 00:00:00
1707105600000,2154.5,2160.3,2152.5,2158.4,43.857,1707119999999,94596.0479,1111,20.241,43672.3036,0,2024-02-05 04:00:00
1707120000000,2158.1,2159.9,2147.5,2147.5,77.899,1707134399999,167581.7794,1342,35.819,77069.7776,0,2024-02-05 08:00:00
1707134400000,2147.5,2160.0,2147.5,2150.6,115.005,1707148799999,247821.7966,2121,67.133,144653.3573,0,2024-02-05 12:00:00
1707148800000,2150.6,2152.6,2147.7,2150.4,39.062,1707163199999,83985.9085,1340,19.485,41894.6276,0,2024-02-05 16:00:00
1707163200000,2150.3,2150.9,2136.2,2150.2,87.136,1707177599999,186805.8028,1999,39.456,84601.7943,0,2024-02-05 20:00:00
1707177600000,2150.2,2152.4,2138.8,2145.5,52.717,1707191999999,113052.8294,1364,30.474,65354.4827,0,2024-02-06 00:00:00
1707192000000,2145.8,2149.7,2138.3,2146.8,257.363,1707206399999,552084.1184,2686,138.609,297442.9263,0,2024-02-06 04:00:00
1707206400000,2146.7,2150.6,2144.7,2149.6,48.912,1707220799999,105045.1377,1747,25.686,55167.4058,0,2024-02-06 08:00:00
1707220800000,2149.9,2157.8,2144.0,2157.2,98.936,1707235199999,212941.1339,2193,54.565,117460.1667,0,2024-02-06 12:00:00
1707235200000,2157.1,2157.9,2130.4,2134.0,241.758,1707249599999,516990.3919,2876,132.496,283377.3104,0,2024-02-06 16:00:00
1707249600000,2134.0,2135.1,2123.3,2134.0,133.143,1707263999999,283471.3979,2608,53.556,114052.6213,0,2024-02-06 20:00:00
1707264000000,2134.0,2134.0,2125.1,2127.7,61.341,1707278399999,130576.9254,1593,30.848,65662.4413,0,2024-02-07 00:00:00
1707278400000,2127.7,2141.7,2125.2,2134.7,158.560,1707292799999,338651.8048,3682,74.090,158260.2948,0,2024-02-07 04:00:00
1707292800000,2134.7,2138.9,2133.4,2136.7,38.510,1707307199999,82259.9471,1500,20.519,43825.7456,0,2024-02-07 08:00:00
1707307200000,2136.7,2140.0,2133.1,2133.1,53.888,1707321599999,115141.9772,1590,28.480,60859.9166,0,2024-02-07 12:00:00
1707321600000,2133.1,2133.4,2111.1,2124.4,165.528,1707335999999,351146.7908,3086,70.387,149327.7777,0,2024-02-07 16:00:00
1707336000000,2124.3,2143.5,2124.2,2142.3,175.839,1707350399999,375738.4246,3335,84.104,179711.8231,0,2024-02-07 20:00:00
1707350400000,2142.2,2152.6,2141.4,2145.4,139.781,1707364799999,300124.4565,3010,78.653,168874.1264,0,2024-02-08 00:00:00
1707364800000,2145.5,2164.5,2143.3,2149.8,204.547,1707379199999,440293.0504,2574,116.191,250261.7209,0,2024-02-08 04:00:00
1707379200000,2149.9,2159.9,2149.7,2153.3,146.872,1707393599999,316441.7716,2343,69.093,148876.1838,0,2024-02-08 08:00:00
1707393600000,2153.3,2164.5,2151.2,2162.0,276.876,1707407999999,598202.2689,5045,136.348,294574.7860,0,2024-02-08 12:00:00
1707408000000,2162.0,2185.6,2160.9,2180.8,288.387,1707422399999,626982.2108,3878,172.506,375103.8291,0,2024-02-08 16:00:00
1707422400000,2180.9,2186.0,2176.9,2180.2,106.184,1707436799999,231700.4671,2377,53.181,116073.0446,0,2024-02-08 20:00:00
1707436800000,2180.0,2197.0,2175.3,2195.1,267.305,1707451199999,584369.2266,4077,170.303,372338.6326,0,2024-02-09 00:00:00
1707451200000,2195.2,2198.7,2186.5,2193.7,216.245,1707465599999,474732.3994,3459,121.323,266412.2868,0,2024-02-09 04:00:00
1707465600000,2193.8,2214.0,2190.0,2203.8,425.066,1707479999999,935807.8224,5652,268.941,591974.0204,0,2024-02-09 08:00:00
1707480000000,2203.8,2222.1,2201.9,2212.8,389.258,1707494399999,860936.7147,6207,224.822,497326.8658,0,2024-02-09 12:00:00
1707494400000,2212.7,2243.1,2211.4,2236.0,462.497,1707508799999,1032216.3063,6294,255.831,570981.3110,0,2024-02-09 16:00:00
1707508800000,2236.3,2238.3,2207.4,2211.7,187.512,1707523199999,416260.5737,3800,76.531,169848.9885,0,2024-02-09 20:00:00
1707523200000,2211.7,2213.1,2199.3,2199.3,163.570,1707537599999,360572.3093,2954,67.831,149501.3684,0,2024-02-10 00:00:00
1707537600000,2199.7,2213.7,2198.7,2209.7,157.835,1707551999999,348337.6234,2698,77.770,171621.8828,0,2024-02-10 04:00:00
1707552000000,2210.2,2222.3,2208.0,2221.0,189.122,1707566399999,418727.9592,2816,91.530,202689.1451,0,2024-02-10 08:00:00
1707566400000,2221.1,2224.2,2215.5,2220.2,70.982,1707580799999,157609.6691,2240,34.615,76865.9223,0,2024-02-10 12:00:00
1707580800000,2220.2,2224.9,2211.3,2219.8,117.674,1707595199999,260926.1099,2467,48.676,107963.8739,0,2024-02-10 16:00:00
1707595200000,2219.9,2238.0,2219.3,2226.6,136.280,1707609599999,303733.1514,3398,80.866,180242.7380,0,2024-02-10 20:00:00
1707609600000,2226.5,2239.1,2216.3,2237.4,116.312,1707623999999,259198.9799,2840,65.070,145046.7423,0,2024-02-11 00:00:00
1707624000000,2238.2,2238.2,2220.7,2221.7,84.760,1707638399999,188967.8631,2227,41.301,92107.2007,0,2024-02-11 04:00:00
1707638400000,2221.8,2229.8,2216.2,2229.3,119.129,1707652799999,264796.8044,2372,57.355,127505.4863,0,2024-02-11 08:00:00
1707652800000,2229.1,2236.4,2225.3,2236.1,84.753,1707667199999,189017.2817,2442,39.662,88479.2707,0,2024-02-11 12:00:00
1707667200000,2235.7,2250.8,2233.9,2246.0,166.425,1707681599999,373268.6132,2879,112.608,252654.9983,0,2024-02-11 16:00:00
1707681600000,2246.1,2250.4,2242.6,2250.1,56.524,1707695999999,126945.8670,1915,31.146,69954.2260,0,2024-02-11 20:00:00
1707696000000,2250.3,2258.3,2236.4,2246.7,287.631,1707710399999,646979.1490,4772,117.800,265169.3187,0,2024-02-12 00:00:00
1707710400000,2246.8,2268.4,2246.6,2260.4,286.232,1707724799999,646890.6222,4150,146.864,331671.7004,0,2024-02-12 04:00:00
1707724800000,2260.5,2270.6,2256.3,2256.6,464.287,1707739199999,1050816.0071,5873,180.768,409385.6044,0,2024-02-12 08:00:00
1707739200000,2256.7,2290.0,2254.5,2288.5,457.314,1707753599999,1038665.2143,7050,266.709,605930.2967,0,2024-02-12 12:00:00
1707753600000,2288.5,2292.8,2225.6,2236.6,843.471,1707767999999,1909558.0682,12436,425.313,964150.2038,0,2024-02-12 16:00:00
1707768000000,2237.1,2247.7,2222.9,2227.4,304.715,1707782399999,681169.9258,5471,182.634,408282.7695,0,2024-02-12 20:00:00
1707782400000,2227.1,2230.6,2214.0,2229.2,471.604,1707796799999,1047857.3222,6181,330.670,734817.3425,0,2024-02-13 00:00:00
1707796800000,2229.4,2239.9,2225.4,2232.6,312.470,1707811199999,697153.6716,3839,178.970,399433.7305,0,2024-02-13 04:00:00
1707811200000,2232.6,2233.3,2210.0,2213.2,278.262,1707825599999,617823.5259,4446,133.439,296447.8233,0,2024-02-13 08:00:00
1707825600000,2212.9,2232.7,2203.0,2205.4,591.074,1707839999999,1310198.0597,7380,330.381,732900.3599,0,2024-02-13 12:00:00
1707840000000,2205.4,2222.1,2202.1,2221.6,349.120,1707854399999,773465.0553,4690,197.577,437801.4493,0,2024-02-13 16:00:00
1707854400000,2221.5,2238.1,2220.8,2238.0,229.908,1707868799999,512431.7363,2803,184.502,411154.8538,0,2024-02-13 20:00:00
1707868800000,2238.1,2238.9,2225.6,2228.0,164.355,1707883199999,367000.2088,3000,78.037,174227.2895,0,2024-02-14 00:00:00
1707883200000,2228.1,2232.0,2220.7,2227.4,105.630,1707897599999,235222.2314,2312,56.587,126044.8267,0,2024-02-14 04:00:00
1707897600000,2227.8,2245.3,2218.5,2236.9,512.069,1707911999999,1143730.5054,6895,263.911,589673.2772,0,2024-02-14 08:00:00
1707912000000,2236.7,2258.7,2233.8,2241.1,320.019,1707926399999,718719.0385,3721,186.628,419317.1962,0,2024-02-14 12:00:00
1707926400000,2240.6,2251.8,2228.8,2237.1,275.927,1707940799999,618362.9733,3427,156.301,350416.1423,0,2024-02-14 16:00:00
1707940800000,2237.1,2246.1,2225.5,2231.9,164.856,1707955199999,368482.6432,2569,91.898,205514.5688,0,2024-02-14 20:00:00
1707955200000,2232.0,2240.9,2225.7,2231.1,210.960,1707969599999,470599.4942,2390,147.032,327992.2164,0,2024-02-15 00:00:00
1707969600000,2231.1,2243.8,2226.4,2227.1,75.515,1707983999999,168801.1906,1950,33.497,74888.8720,0,2024-02-15 04:00:00
1707984000000,2227.0,2234.2,2223.0,2230.8,63.335,1707998399999,141166.0238,1554,31.800,70892.0139,0,2024-02-15 08:00:00
1707998400000,2231.0,2236.7,2182.3,2195.8,575.050,1708012799999,1266896.1227,6777,282.955,623231.3661,0,2024-02-15 12:00:00
1708012800000,2195.7,2215.8,2189.6,2195.4,217.393,1708027199999,478945.0752,3026,124.240,273786.0135,0,2024-02-15 16:00:00
1708027200000,2195.8,2222.0,2177.3,2195.7,429.200,1708041599999,942632.7085,4368,221.531,487112.6860,0,2024-02-15 20:00:00
1708041600000,2195.5,2199.1,2183.9,2190.5,131.826,1708055999999,288779.0118,2607,65.486,143494.5896,0,2024-02-16 00:00:00
1708056000000,2190.4,2202.3,2180.6,2195.0,183.443,1708070399999,401914.8258,2508,113.040,247774.0586,0,2024-02-16 04:00:00
1708070400000,2195.0,2211.0,2189.0,2206.6,181.617,1708084799999,399916.3931,2787,102.583,226057.3611,0,2024-02-16 08:00:00
1708084800000,2206.8,2233.9,2194.5,2224.1,374.649,1708099199999,830116.7770,5550,216.202,479129.9431,0,2024-02-16 12:00:00
1708099200000,2224.1,2236.2,2217.3,2228.7,219.038,1708113599999,487816.1720,3670,111.281,247863.2418,0,2024-02-16 16:00:00
1708113600000,2229.3,2230.7,2215.7,2219.5,65.811,1708127999999,146143.5554,1633,38.664,85854.0882,0,2024-02-16 20:00:00
1708128000000,2219.5,2225.6,2213.7,2218.0,100.877,1708142399999,223933.5364,2014,49.264,109395.0087,0,2024-02-17 00:00:00
1708142400000,2218.3,2226.1,2213.2,2213.4,80.870,1708156799999,179693.0214,1723,47.399,105345.4198,0,2024-02-17 04:00:00
1708156800000,2213.3,2225.5,2211.0,2214.6,98.819,1708171199999,219303.3139,2345,50.536,112186.5923,0,2024-02-17 08:00:00
1708171200000,2214.5,2230.0,2211.4,2213.4,206.246,1708185599999,458170.9668,3543,114.769,254988.0704,0,2024-02-17 12:00:00
1708185600000,2213.5,2216.6,2208.5,2213.2,106.339,1708199999999,235244.8705,2543,41.904,92699.0653,0,2024-02-17 16:00:00
1708200000000,2213.2,2220.4,2210.1,2211.8,82.523,1708214399999,182777.3084,2184,37.811,83750.7302,0,2024-02-17 20:00:00
1708214400000,2211.9,2217.2,2206.6,2209.0,142.307,1708228799999,314786.2491,1990,59.485,131553.8721,0,2024-02-18 00:00:00
1708228800000,2208.7,2209.5,2196.1,2201.9,106.353,1708243199999,234204.2122,1954,52.660,115998.3586,0,2024-02-18 04:00:00
1708243200000,2201.7,2204.1,2195.5,2200.6,71.425,1708257599999,157024.9169,2007,34.471,75788.2165,0,2024-02-18 08:00:00
1708257600000,2200.5,2207.2,2196.6,2199.1,117.166,1708271999999,257924.0081,2513,63.344,139471.5041,0,2024-02-18 12:00:00
1708272000000,2199.4,2205.4,2180.8,2186.7,191.508,1708286399999,419549.3393,3635,82.927,181710.5870,0,2024-02-18 16:00:00
1708286400000,2186.7,2192.0,2173.2,2178.8,233.143,1708300799999,508388.2942,3564,85.494,186492.4683,0,2024-02-18 20:00:00
1708300800000,2179.2,2184.9,2168.4,2170.1,205.226,1708315199999,447003.3244,3979,97.115,211595.2005,0,2024-02-19 00:00:00
1708315200000,2170.1,2176.1,2159.1,2159.2,240.013,1708329599999,519879.6214,3813,89.963,195029.6106,0,2024-02-19 04:00:00
1708329600000,2159.2,2175.9,2158.4,2166.3,207.493,1708343999999,449495.9402,3772,98.021,212335.0443,0,2024-02-19 08:00:00
1708344000000,2165.8,2171.0,2157.7,2159.7,327.392,1708358399999,708764.9954,4330,156.030,337994.2303,0,2024-02-19 12:00:00
1708358400000,2159.8,2160.0,2132.8,2135.6,531.208,1708372799999,1141354.0280,6000,274.557,590285.2554,0,2024-02-19 16:00:00
1708372800000,2135.5,2138.9,2116.8,2128.2,253.235,1708387199999,537875.2004,4002,114.279,242819.7217,0,2024-02-19 20:00:00
1708387200000,2128.2,2143.7,2118.8,2143.3,286.951,1708401599999,611473.7912,3950,145.713,310583.4337,0,2024-02-20 00:00:00
1708401600000,2143.3,2147.0,2136.9,2144.1,171.368,1708415999999,366958.7854,3069,76.795,164453.8993,0,2024-02-20 04:00:00
1708416000000,2144.3,2166.1,2142.5,2153.7,204.084,1708430399999,439616.3918,3811,107.207,230947.2503,0,2024-02-20 08:00:00
1708430400000,2153.7,2171.9,2135.7,2155.6,622.053,1708444799999,1338843.6937,9284,351.673,756969.8454,0,2024-02-20 12:00:00
1708444800000,2155.5,2165.4,2139.6,2139.9,398.529,1708459199999,857814.5796,8634,211.164,454731.6700,0,2024-02-20 16:00:00
1708459200000,2140.1,2148.0,2122.9,2130.3,205.142,1708473599999,438017.4797,4851,84.499,180445.5802,0,2024-02-20 20:00:00
1708473600000,2130.0,2145.0,2127.5,2132.2,239.700,1708487999999,512329.0991,4277,103.854,221959.2011,0,2024-02-21 00:00:00
1708488000000,2132.2,2164.0,2129.6,2148.4,194.968,1708502399999,418776.8886,4346,104.155,223802.0677,0,2024-02-21 04:00:00
1708502400000,2148.6,2164.3,2143.9,2152.1,230.784,1708516799999,497098.6846,5664,137.390,295936.7774,0,2024-02-21 08:00:00
1708516800000,2152.3,2166.8,2145.0,2149.1,335.648,1708531199999,723245.4723,5861,198.057,426740.9432,0,2024-02-21 12:00:00
1708531200000,2149.2,2164.1,2143.5,2149.8,184.926,1708545599999,398083.2283,4422,105.192,226542.3546,0,2024-02-21 16:00:00
1708545600000,2149.7,2154.9,2132.6,2141.8,167.989,1708559999999,360344.6935,4237,77.300,165824.9907,0,2024-02-21 20:00:00
1708560000000,2141.7,2159.6,2141.0,2153.0,186.802,1708574399999,401170.9875,3503,71.142,152909.0534,0,2024-02-22 00:00:00
1708574400000,2153.1,2156.2,2123.5,2123.5,154.219,1708588799999,329911.2868,3206,73.365,156956.3945,0,2024-02-22 04:00:00
1708588800000,2123.9,2128.0,2110.2,2117.7,493.020,1708603199999,1043983.9592,6850,248.690,526806.5312,0,2024-02-22 08:00:00
1708603200000,2117.6,2130.3,2113.3,2118.7,319.199,1708617599999,678003.5407,5215,146.253,310604.9595,0,2024-02-22 12:00:00
1708617600000,2118.7,2130.8,2113.6,2118.3,244.287,1708631999999,518373.6180,3551,113.963,241866.5307,0,2024-02-22 16:00:00
1708632000000,2118.3,2127.0,2110.6,2120.8,194.342,1708646399999,411827.4000,3717,95.117,201526.2067,0,2024-02-22 20:00:00
1708646400000,2121.1,2136.4,2113.2,2124.8,349.922,1708660799999,744575.3237,5353,181.484,386163.6940,0,2024-02-23 00:00:00
1708660800000,2124.6,2136.2,2121.2,2130.6,204.431,1708675199999,435072.1980,4071,101.960,216946.2559,0,2024-02-23 04:00:00
1708675200000,2130.6,2144.5,2129.0,2135.3,172.427,1708689599999,368286.9635,3453,67.051,143232.9995,0,2024-02-23 08:00:00
1708689600000,2135.4,2140.8,2121.3,2139.0,199.188,1708703999999,424570.8158,4566,105.733,225393.3779,0,2024-02-23 12:00:00
1708704000000,2138.9,2145.7,2121.6,2122.7,247.834,1708718399999,529320.2958,5350,118.795,253956.2894,0,2024-02-23 16:00:00
1708718400000,2122.3,2134.6,2117.0,2127.1,82.213,1708732799999,174737.7829,2543,40.945,87072.1711,0,2024-02-23 20:00:00
1708732800000,2127.1,2138.0,2121.7,2124.5,114.675,1708747199999,244181.0290,3115,52.666,112201.8172,0,2024-02-24 00:00:00
1708747200000,2124.6,2127.8,2102.7,2108.8,328.001,1708761599999,693590.3551,4034,148.797,314764.5873,0,2024-02-24 04:00:00
1708761600000,2108.6,2115.6,2107.8,2111.7,140.795,1708775999999,297275.4504,3122,71.189,150325.8279,0,2024-02-24 08:00:00
1708776000000,2111.7,2118.4,2109.0,2115.7,91.975,1708790399999,194391.9190,2394,45.680,96543.8455,0,2024-02-24 12:00:00
1708790400000,2115.7,2121.7,2107.2,2114.3,204.012,1708804799999,431386.7774,3640,114.752,242710.3287,0,2024-02-24 16:00:00
1708804800000,2114.4,2116.4,2110.5,2110.5,63.453,1708819199999,134131.8602,1735,25.096,53051.2158,0,2024-02-24 20:00:00
1708819200000,2110.8,2115.7,2094.7,2103.0,152.289,1708833599999,320394.7425,3543,65.987,138895.1175,0,2024-02-25 00:00:00
1708833600000,2103.0,2108.1,2096.4,2103.7,100.716,1708847999999,211843.4204,2618,38.697,81396.4062,0,2024-02-25 04:00:00
1708848000000,2103.9,2110.3,2097.2,2097.5,111.535,1708862399999,234611.1019,3189,57.960,121954.1027,0,2024-02-25 08:00:00
1708862400000,2097.4,2101.6,2084.0,2091.1,303.058,1708876799999,633895.6316,4632,178.142,372576.3716,0,2024-02-25 12:00:00
1708876800000,2091.3,2095.4,2057.5,2075.2,253.233,1708891199999,525925.4817,3447,102.862,213872.3319,0,2024-02-25 16:00:00
1708891200000,2075.0,2075.5,2064.0,2064.8,289.011,1708905599999,598434.4532,5544,132.494,274368.0297,0,2024-02-25 20:00:00
1708905600000,2064.5,2071.9,2055.0,2063.8,209.157,1708919999999,431569.2626,3858,108.998,224889.4476,0,2024-02-26 00:00:00
1708920000000,2063.5,2067.9,2054.1,2062.6,103.270,1708934399999,212963.3498,2743,48.511,100065.8275,0,2024-02-26 04:00:00
1708934400000,2062.9,2081.6,2052.5,2072.8,371.307,1708948799999,767771.5783,5390,183.234,378882.4683,0,2024-02-26 08:00:00
1708948800000,2073.1,2090.6,2061.7,2082.2,286.945,1708963199999,596147.1934,5198,154.108,320226.6933,0,2024-02-26 12:00:00
1708963200000,2082.1,2131.9,2078.1,2118.4,572.437,1708977599999,1205781.4399,9049,297.509,627016.6675,0,2024-02-26 16:00:00
1708977600000,2118.8,2132.0,2113.5,2117.9,289.053,1708991999999,613180.7460,5108,159.901,339351.6773,0,2024-02-26 20:00:00
1708992000000,2118.1,2192.1,2115.7,2145.4,905.396,1709006399999,1949375.8629,11942,481.339,1036991.8312,0,2024-02-27 00:00:00
1709006400000,2145.6,2166.4,2144.5,2159.6,185.352,1709020799999,399847.0362,4013,109.648,236551.2285,0,2024-02-27 04:00:00
1709020800000,2159.6,2166.1,2148.5,2156.6,136.888,1709035199999,295318.2672,3729,78.852,170103.7092,0,2024-02-27 08:00:00
1709035200000,2157.4,2192.5,2157.0,2189.1,417.649,1709049599999,908515.6366,6614,235.957,513272.1186,0,2024-02-27 12:00:00
1709049600000,2188.8,2196.1,2177.2,2187.1,356.638,1709063999999,780420.2092,5729,168.436,368725.4089,0,2024-02-27 16:00:00
1709064000000,2186.9,2187.4,2162.5,2183.2,181.198,1709078399999,394017.3743,3800,87.350,190074.6360,0,2024-02-27 20:00:00
1709078400000,2183.1,2187.4,2173.8,2179.3,122.992,1709092799999,268134.0819,2356,63.872,139275.1778,0,2024-02-28 00:00:00
1709092800000,2179.2,2201.5,2173.8,2194.8,220.110,1709107199999,481612.8204,4218,116.241,254490.5128,0,2024-02-28 04:00:00
1709107200000,2194.9,2225.7,2190.5,2218.8,725.155,1709121599999,1600096.0272,11252,378.512,835401.7979,0,2024-02-28 08:00:00
1709121600000,2218.8,2266.6,2217.0,2258.8,936.459,1709135999999,2099618.2833,13862,539.798,1210100.6270,0,2024-02-28 12:00:00
1709136000000,2258.8,2350.0,2244.0,2295.9,2305.157,1709150399999,5251612.6955,29887,1302.162,2970378.1327,0,2024-02-28 16:00:00
1709150400000,2295.8,2312.0,2258.9,2292.9,547.044,1709164799999,1249661.4166,10963,272.144,622499.7512,0,2024-02-28 20:00:00
1709164800000,2292.9,2299.0,2218.3,2238.9,737.710,1709179199999,1654882.3664,11045,359.162,806054.5287,0,2024-02-29 00:00:00
1709179200000,2238.7,2261.0,2225.1,2239.3,426.163,1709193599999,955873.1795,7911,211.213,474040.5300,0,2024-02-29 04:00:00
1709193600000,2239.3,2244.3,2220.0,2222.7,477.718,1709207999999,1064955.7658,7402,294.919,657483.0902,0,2024-02-29 08:00:00
1709208000000,2223.0,2243.0,2220.8,2230.2,343.881,1709222399999,767839.5822,7182,179.467,400806.7897,0,2024-02-29 12:00:00
1709222400000,2230.2,2235.7,2207.9,2222.1,399.273,1709236799999,886004.0217,9288,199.438,442530.5869,0,2024-02-29 16:00:00
1709236800000,2222.5,2281.7,2222.3,2259.4,515.402,1709251199999,1163305.8793,12204,332.966,751516.8130,0,2024-02-29 20:00:00
1709251200000,2259.4,2262.2,2215.1,2226.6,382.604,1709265599999,854524.2833,8981,167.740,374321.1172,0,2024-03-01 00:00:00
1709265600000,2226.8,2243.8,2222.8,2242.4,204.245,1709279999999,455302.1639,5076,113.595,253270.5812,0,2024-03-01 04:00:00
1709280000000,2242.2,2247.2,2225.3,2227.9,214.616,1709294399999,479696.7239,6268,106.707,238667.0066,0,2024-03-01 08:00:00
1709294400000,2227.7,2244.7,2223.9,2224.5,267.116,1709308799999,596175.9145,7405,147.287,328776.8037,0,2024-03-01 12:00:00
1709308800000,2224.5,2237.9,2220.8,2232.2,186.165,1709323199999,415033.5868,5474,99.466,221868.6748,0,2024-03-01 16:00:00
1709323200000,2232.2,2249.0,2228.8,2229.0,177.614,1709337599999,397393.1572,5381,92.670,207387.6013,0,2024-03-01 20:00:00
1709337600000,2229.0,2232.1,2195.3,2197.2,396.286,1709351999999,874700.2990,10330,195.796,432051.1989,0,2024-03-02 00:00:00
1709352000000,2197.2,2203.4,2188.0,2195.4,383.897,1709366399999,842802.9568,7081,166.020,364603.7622,0,2024-03-02 04:00:00
1709366400000,2195.5,2207.2,2192.3,2199.7,252.112,1709380799999,554597.4379,5962,127.509,280556.1105,0,2024-03-02 08:00:00
1709380800000,2200.2,2203.2,2188.2,2195.2,215.752,1709395199999,473686.1370,6652,96.746,212490.3556,0,2024-03-02 12:00:00
1709395200000,2195.7,2198.5,2188.3,2191.9,146.857,1709409599999,322008.1751,4035,77.118,169123.5660,0,2024-03-02 16:00:00
1709409600000,2192.4,2199.0,2182.2,2182.4,113.480,1709423999999,248795.4653,3786,48.920,107295.1530,0,2024-03-02 20:00:00
1709424000000,2182.1,2191.3,2173.4,2181.4,227.819,1709438399999,497190.3852,5331,115.468,252113.4706,0,2024-03-03 00:00:00
1709438400000,2181.5,2234.6,2177.1,2209.8,757.265,1709452799999,1669086.0372,11385,360.671,795838.6300,0,2024-03-03 04:00:00
1709452800000,2210.9,2217.9,2188.7,2193.1,523.412,1709467199999,1151855.6528,10161,219.923,484252.0594,0,2024-03-03 08:00:00
1709467200000,2193.6,2209.3,2192.0,2198.1,349.274,1709481599999,768831.6901,7028,174.664,384544.7373,0,2024-03-03 12:00:00
1709481600000,2197.9,2203.7,2191.9,2196.3,209.301,1709495999999,459727.7048,5425,106.700,234420.2217,0,2024-03-03 16:00:00
1709496000000,2196.3,2199.7,2188.8,2198.0,155.876,1709510399999,342124.8852,3917,69.382,152313.2139,0,2024-03-03 20:00:00
1709510400000,2197.7,2221.1,2190.9,2214.3,456.745,1709524799999,1008895.7795,9343,214.286,473442.7305,0,2024-03-04 00:00:00
1709524800000,2214.3,2227.6,2210.0,2225.2,224.561,1709539199999,498109.3139,5575,124.921,277130.1105,0,2024-03-04 04:00:00
1709539200000,2224.3,2248.7,2219.4,2242.1,571.110,1709553599999,1277599.7801,10649,336.477,752777.3469,0,2024-03-04 08:00:00
1709553600000,2242.9,2268.2,2234.4,2261.2,534.683,1709567999999,1205483.9643,11780,305.671,689224.5044,0,2024-03-04 12:00:00
1709568000000,2261.2,2306.6,2255.0,2286.5,1092.457,1709582399999,2494470.5604,18163,568.784,1299453.1860,0,2024-03-04 16:00:00
1709582400000,2286.5,2300.5,2273.5,2297.0,457.082,1709596799999,1046557.5520,9926,268.407,614864.2268,0,2024-03-04 20:00:00
1709596800000,2297.0,2307.1,2263.5,2265.1,642.504,1709611199999,1472055.7723,12045,296.967,680941.4328,0,2024-03-05 00:00:00
1709611200000,2265.2,2265.4,2192.7,2210.9,1132.985,1709625599999,2522758.0675,17873,490.722,1092747.9036,0,2024-03-05 04:00:00
1709625600000,2210.6,2222.8,2193.8,2199.9,421.104,1709639999999,930468.3782,9531,172.446,381007.7144,0,2024-03-05 08:00:00
1709640000000,2198.8,2238.0,2178.2,2185.8,1083.697,1709654399999,2390447.5277,16270,545.731,1203982.5706,0,2024-03-05 12:00:00
1709654400000,2186.2,2306.3,2173.9,2267.4,1890.251,1709668799999,4183087.0759,26663,1138.956,2521259.5421,0,2024-03-05 16:00:00
1709668800000,2264.4,2303.5,2231.9,2232.5,1665.229,1709683199999,3773555.1660,26430,870.494,1973958.9216,0,2024-03-05 20:00:00
1709683200000,2232.8,2248.5,2218.2,2236.8,394.100,1709697599999,880556.9260,9428,205.152,458684.8359,0,2024-03-06 00:00:00
1709697600000,2236.9,2239.1,2193.6,2204.7,661.614,1709711999999,1462534.5100,15306,250.469,553909.4334,0,2024-03-06 04:00:00
1709712000000,2204.6,2208.3,2166.4,2187.2,552.446,1709726399999,1207972.2856,12156,272.864,596619.4936,0,2024-03-06 08:00:00
1709726400000,2187.3,2214.1,2166.4,2206.1,734.073,1709740799999,1606314.6686,15225,429.137,938976.5072,0,2024-03-06 12:00:00
1709740800000,2206.1,2215.0,2175.5,2182.1,424.203,1709755199999,932113.1095,10016,167.429,368036.3175,0,2024-03-06 16:00:00
1709755200000,2182.5,2188.8,2160.7,2164.2,349.365,1709769599999,758730.0122,8343,149.184,324064.8242,0,2024-03-06 20:00:00
1709769600000,2164.2,2172.2,2147.6,2164.2,433.653,1709783999999,937034.7334,9411,200.642,433644.5236,0,2024-03-07 00:00:00
1709784000000,2164.1,2185.7,2159.4,2175.1,318.060,1709798399999,691041.1635,7600,182.578,396770.0758,0,2024-03-07 04:00:00
1709798400000,2174.4,2195.7,2174.3,2188.4,275.406,1709812799999,601881.2490,7660,130.886,286027.9442,0,2024-03-07 08:00:00
1709812800000,2188.3,2192.2,2163.0,2166.7,438.711,1709827199999,955457.5872,9298,205.108,446672.0181,0,2024-03-07 12:00:00
1709827200000,2165.9,2178.9,2150.6,2151.1,236.650,1709841599999,511936.1082,5563,106.493,230535.2696,0,2024-03-07 16:00:00
1709841600000,2151.1,2155.7,2130.0,2133.9,350.152,1709855999999,750919.7588,6920,162.187,347992.2277,0,2024-03-07 20:00:00
1709856000000,2133.9,2136.1,2110.2,2130.0,506.586,1709870399999,1075300.6738,8900,229.924,488404.9355,0,2024-03-08 00:00:00
1709870400000,2130.4,2137.9,2126.4,2134.6,160.545,1709884799999,342307.0430,4214,75.354,160685.6071,0,2024-03-08 04:00:00
1709884800000,2134.3,2135.0,2113.6,2127.0,211.718,1709899199999,449033.3368,4949,89.610,190122.5077,0,2024-03-08 08:00:00
1709899200000,2127.3,2178.6,2106.9,2153.0,1202.726,1709913599999,2582670.0387,16668,612.342,1315387.8269,0,2024-03-08 12:00:00
1709913600000,2153.1,2172.1,2141.2,2168.9,679.063,1709927999999,1461447.1231,10850,386.556,832270.1228,0,2024-03-08 16:00:00
1709928000000,2169.6,2179.6,2160.8,2165.3,498.689,1709942399999,1082524.8900,7683,226.562,491936.0096,0,2024-03-08 20:00:00
1709942400000,2165.8,2168.0,2143.9,2145.4,266.646,1709956799999,574242.5847,4851,90.609,195223.3217,0,2024-03-09 00:00:00
1709956800000,2145.8,2150.9,2140.0,2144.2,165.495,1709971199999,354988.5982,3359,83.308,178749.2161,0,2024-03-09 04:00:00
1709971200000,2144.7,2161.5,2138.6,2153.6,296.355,1709985599999,637283.3092,6041,159.431,342913.5589,0,2024-03-09 08:00:00
1709985600000,2153.6,2164.4,2148.6,2150.2,179.144,1709999999999,386220.9068,4406,73.671,158893.8973,0,2024-03-09 12:00:00
1710000000000,2150.2,2166.7,2148.7,2165.5,257.744,1710014399999,556584.1610,4562,118.421,255658.5346,0,2024-03-09 16:00:00
1710014400000,2165.4,2166.2,2153.3,2156.4,110.278,1710028799999,238049.6031,2866,44.505,96059.4522,0,2024-03-09 20:00:00
1710028800000,2156.4,2171.0,2149.7,2170.3,250.367,1710043199999,541251.6180,4102,133.781,289319.3949,0,2024-03-10 00:00:00
1710043200000,2170.3,2180.3,2163.9,2165.8,301.507,1710057599999,655006.7580,4582,150.242,326539.0625,0,2024-03-10 04:00:00
1710057600000,2166.5,2180.0,2164.5,2177.0,287.343,1710071999999,624567.7364,5208,140.191,304777.1302,0,2024-03-10 08:00:00
1710072000000,2177.1,2197.0,2173.7,2193.5,475.799,1710086399999,1040883.8927,7469,217.404,475748.4150,0,2024-03-10 12:00:00
1710086400000,2193.9,2195.5,2181.2,2186.8,149.060,1710100799999,325972.0235,3393,76.684,167676.4551,0,2024-03-10 16:00:00
1710100800000,2186.8,2205.1,2180.0,2181.7,306.537,1710115199999,672074.4282,5535,147.766,324314.4129,0,2024-03-10 20:00:00
1710115200000,2181.8,2207.4,2174.0,2182.0,542.362,1710129599999,1188338.7646,8834,277.160,607616.1460,0,2024-03-11 00:00:00
1710129600000,2182.4,2203.4,2179.1,2189.1,420.920,1710143999999,922379.4526,7663,211.148,462819.8430,0,2024-03-11 04:00:00
1710144000000,2188.8,2207.4,2186.1,2191.6,494.559,1710158399999,1086672.6191,8302,252.409,554921.8635,0,2024-03-11 08:00:00
1710158400000,2192.6,2221.6,2190.3,2203.4,421.271,1710172799999,929268.0212,7781,228.634,504409.1531,0,2024-03-11 12:00:00
1710172800000,2203.4,2212.8,2180.5,2187.9,458.906,1710187199999,1008732.2292,8462,221.101,486262.6192,0,2024-03-11 16:00:00
1710187200000,2187.7,2195.2,2170.4,2172.5,198.427,1710201599999,433081.7804,4603,89.647,195712.4963,0,2024-03-11 20:00:00
1710201600000,2172.5,2190.1,2163.2,2177.4,322.414,1710215999999,701597.2478,5923,162.039,352718.2602,0,2024-03-12 00:00:00
1710216000000,2177.5,2199.2,2172.2,2195.2,317.721,1710230399999,693926.8091,4839,172.296,376420.8455,0,2024-03-12 04:00:00
1710230400000,2195.2,2217.4,2190.5,2202.6,423.215,1710244799999,932711.3173,6863,213.874,471470.6496,0,2024-03-12 08:00:00
1710244800000,2202.1,2214.8,2196.1,2197.7,505.879,1710259199999,1115440.3508,7716,240.537,530674.9884,0,2024-03-12 12:00:00
1710259200000,2197.6,2208.2,2186.9,2192.3,704.482,1710273599999,1549502.9384,9835,355.251,781573.0244,0,2024-03-12 16:00:00
1710273600000,2192.4,2207.2,2189.3,2196.1,194.433,1710287999999,427620.1604,4337,101.805,223887.4242,0,2024-03-12 20:00:00
1710288000000,2196.1,2201.3,2189.0,2189.9,212.357,1710302399999,466126.6480,4310,89.636,196774.7834,0,2024-03-13 00:00:00
1710302400000,2190.0,2206.0,2188.0,2204.4,169.090,1710316799999,371325.4678,4141,87.412,192059.9350,0,2024-03-13 04:00:00
1710316800000,2204.4,2209.6,2198.2,2199.3,211.787,1710331199999,467103.9994,3857,106.402,234740.3855,0,2024-03-13 08:00:00
1710331200000,2199.3,2223.1,2196.5,2219.5,391.360,1710345599999,865636.7702,6477,211.467,468069.7229,0,2024-03-13 12:00:00
1710345600000,2219.5,2220.4,2206.4,2215.3,137.865,1710359999999,305170.3403,2717,62.768,138978.7119,0,2024-03-13 16:00:00
1710360000000,2215.7,2220.0,2189.4,2193.6,202.265,1710374399999,445644.4086,3432,85.143,187710.3181,0,2024-03-13 20:00:00
1710374400000,2193.0,2205.3,2191.0,2204.6,115.428,1710388799999,253624.3787,2644,60.047,131966.4649,0,2024-03-14 00:00:00
1710388800000,2204.6,2215.9,2202.1,2208.9,208.384,1710403199999,460544.6126,3455,109.544,242175.7473,0,2024-03-14 04:00:00
1710403200000,2208.9,2211.1,2182.3,2193.3,278.086,1710417599999,609373.4809,4277,87.613,192207.6792,0,2024-03-14 08:00:00
1710417600000,2193.8,2220.5,2191.2,2197.6,579.181,1710431999999,1277165.4521,7973,324.967,717051.0055,0,2024-03-14 12:00:00
1710432000000,2197.7,2207.8,2181.2,2192.5,574.148,1710446399999,1259018.4629,9673,333.430,731360.3410,0,2024-03-14 16:00:00
1710446400000,2193.5,2196.0,2180.2,2181.5,237.090,1710460799999,519115.1900,5535,91.026,199353.7515,0,2024-03-14 20:00:00
1710460800000,2181.1,2192.5,2171.6,2173.1,751.998,1710475199999,1640050.5169,9103,389.691,850111.3672,0,2024-03-15 00:00:00
1710475200000,2173.0,2183.1,2159.7,2167.9,573.447,1710489599999,1246130.1907,9510,294.188,639691.1108,0,2024-03-15 04:00:00
1710489600000,2167.8,2204.1,2166.5,2187.8,958.441,1710503999999,2100245.2441,14155,516.475,1131658.5305,0,2024-03-15 08:00:00
1710504000000,2187.9,2191.8,2173.3,2178.4,306.614,1710518399999,669177.8560,7055,128.768,281150.8481,0,2024-03-15 12:00:00
1710518400000,2178.4,2200.0,2171.0,2200.0,352.413,1710532799999,769448.1508,7145,184.531,403066.7227,0,2024-03-15 16:00:00
1710532800000,2199.2,2209.3,2179.7,2180.6,448.149,1710547199999,984175.7260,7325,215.920,474687.2869,0,2024-03-15 20:00:00
1710547200000,2180.6,2192.4,2175.0,2179.0,320.535,1710561599999,699872.7679,6509,122.300,267013.1831,0,2024-03-16 00:00:00
1710561600000,2179.0,2189.5,2172.8,2176.5,262.131,1710575999999,571324.8601,3989,128.529,280307.1828,0,2024-03-16 04:00:00
1710576000000,2176.8,2179.8,2156.7,2166.4,358.890,1710590399999,777165.5060,4626,133.557,289327.0667,0,2024-03-16 08:00:00
1710590400000,2166.6,2196.5,2164.9,2184.9,402.077,1710604799999,877797.8496,6733,243.317,531023.7023,0,2024-03-16 12:00:00
1710604800000,2184.5,2218.5,2183.5,2208.2,903.671,1710619199999,1988316.6701,12096,484.485,1066311.7771,0,2024-03-16 16:00:00
1710619200000,2208.0,2219.2,2187.0,2187.5,441.512,1710633599999,974177.0504,8613,200.603,442979.6607,0,2024-03-16 20:00:00
1710633600000,2187.5,2199.3,2184.3,2192.5,310.478,1710647999999,680273.9345,5972,129.868,284627.6590,0,2024-03-17 00:00:00
1710648000000,2192.6,2242.0,2188.6,2230.0,1014.011,1710662399999,2251393.4929,13158,573.892,1274196.5613,0,2024-03-17 04:00:00
1710662400000,2230.2,2240.0,2199.2,2203.0,903.969,1710676799999,1999519.9581,13155,386.770,855717.6363,0,2024-03-17 08:00:00
1710676800000,2203.0,2220.8,2197.1,2202.5,469.388,1710691199999,1037503.3402,7249,235.811,521384.8265,0,2024-03-17 12:00:00
1710691200000,2202.5,2218.1,2201.2,2211.2,182.978,1710705599999,404689.0535,3989,94.178,208392.9014,0,2024-03-17 16:00:00
1710705600000,2211.3,2215.0,2200.7,2212.5,145.912,1710719999999,322405.3847,3496,73.108,161558.2147,0,2024-03-17 20:00:00
1710720000000,2212.5,2223.1,2209.5,2217.5,280.861,1710734399999,622323.9222,4422,145.382,322239.7942,0,2024-03-18 00:00:00
1710734400000,2217.6,2226.7,2207.1,2208.1,241.821,1710748799999,536277.3024,4774,102.607,227613.4561,0,2024-03-18 04:00:00
1710748800000,2208.3,2235.1,2208.0,2222.8,254.134,1710763199999,565211.8184,4586,145.608,323857.8872,0,2024-03-18 08:00:00
1710763200000,2223.9,2254.3,2222.4,2246.9,678.684,1710777599999,1521497.0602,10479,421.572,945033.5216,0,2024-03-18 12:00:00
1710777600000,2247.2,2270.0,2243.2,2260.5,499.174,1710791999999,1127727.5918,8063,255.351,577069.1640,0,2024-03-18 16:00:00
1710792000000,2260.7,2262.1,2245.4,2250.2,316.184,1710806399999,712858.4546,6296,119.078,268460.6446,0,2024-03-18 20:00:00
1710806400000,2251.0,2295.1,2250.7,2272.1,1033.410,1710820799999,2353077.8816,13759,565.890,1288768.1111,0,2024-03-19 00:00:00
1710820800000,2272.5,2288.1,2259.0,2271.5,867.244,1710835199999,1972517.4087,13489,497.298,1131427.1686,0,2024-03-19 04:00:00
1710835200000,2271.5,2314.2,2267.6,2267.8,1348.897,1710849599999,3094772.5253,21375,713.586,1638165.9432,0,2024-03-19 08:00:00
1710849600000,2267.8,2283.6,2259.8,2269.2,994.203,1710863999999,2256174.3156,15800,472.249,1071974.4507,0,2024-03-19 12:00:00
1710864000000,2269.2,2298.1,2265.8,2270.4,495.864,1710878399999,1132851.6417,9954,290.859,664866.8530,0,2024-03-19 16:00:00
1710878400000,2270.7,2310.0,2268.0,2300.2,585.317,1710892799999,1343123.9037,11848,371.448,852442.8474,0,2024-03-19 20:00:00
1710892800000,2300.2,2310.0,2278.3,2291.4,482.328,1710907199999,1106372.9238,9210,191.458,439346.3023,0,2024-03-20 00:00:00
1710907200000,2291.3,2328.5,2278.3,2279.5,885.582,1710921599999,2037656.6481,13424,446.844,1029266.4406,0,2024-03-20 04:00:00
1710921600000,2279.9,2290.5,2261.3,2262.2,543.516,1710935999999,1239296.0045,10264,254.814,581372.7929,0,2024-03-20 08:00:00
1710936000000,2262.8,2287.4,2241.1,2285.9,721.670,1710950399999,1632762.4425,11830,399.226,903833.4897,0,2024-03-20 12:00:00
1710950400000,2286.4,2320.2,2266.7,2279.7,1145.201,1710964799999,2627706.2510,18009,622.720,1430107.1049,0,2024-03-20 16:00:00
1710964800000,2279.4,2286.9,2261.1,2273.1,708.182,1710979199999,1610500.0188,11580,332.102,755007.8137,0,2024-03-20 20:00:00
1710979200000,2272.5,2281.0,2233.9,2241.5,711.836,1710993599999,1608602.2486,12800,294.324,665175.4299,0,2024-03-21 00:00:00
1710993600000,2241.6,2265.8,2236.3,2250.2,427.574,1711007999999,963322.4296,7964,244.230,550356.7805,0,2024-03-21 04:00:00
1711008000000,2250.0,2258.1,2224.4,2240.5,591.230,1711022399999,1322459.7334,8391,327.428,732432.1122,0,2024-03-21 08:00:00
1711022400000,2240.5,2247.7,2228.4,2236.7,356.583,1711036799999,798012.6595,6723,169.460,379358.7932,0,2024-03-21 12:00:00
1711036800000,2237.1,2244.7,2220.6,2229.3,418.796,1711051199999,935411.3290,8516,231.535,517423.0191,0,2024-03-21 16:00:00
1711051200000,2229.3,2230.9,2206.7,2213.9,448.323,1711065599999,993811.6983,7285,182.858,405248.1812,0,2024-03-21 20:00:00
1711065600000,2213.9,2231.7,2208.5,2210.1,381.993,1711079999999,848373.6648,6316,202.157,449305.6310,0,2024-03-22 00:00:00
1711080000000,2209.9,2221.5,2208.0,2213.2,295.302,1711094399999,653885.5012,5474,142.675,315975.5671,0,2024-03-22 04:00:00
1711094400000,2213.3,2224.4,2210.5,2215.3,343.882,1711108799999,762139.8149,6043,203.109,450194.5143,0,2024-03-22 08:00:00
1711108800000,2215.7,2242.0,2213.3,2237.4,814.302,1711123199999,1814392.1211,10758,432.768,964627.1579,0,2024-03-22 12:00:00
1711123200000,2237.8,2242.1,2230.7,2236.9,310.183,1711137599999,693669.4355,5265,147.007,328768.1375,0,2024-03-22 16:00:00
1711137600000,2237.1,2246.6,2229.3,2229.3,372.076,1711151999999,832885.4738,6782,175.384,392696.8435,0,2024-03-22 20:00:00
1711152000000,2229.3,2242.5,2220.7,2238.2,430.315,1711166399999,960286.3074,5560,174.041,388569.1316,0,2024-03-23 00:00:00
1711166400000,2238.2,2246.9,2231.9,2237.7,225.750,1711180799999,505369.9350,3881,105.750,236767.5856,0,2024-03-23 04:00:00
1711180800000,2237.5,2244.5,2229.9,2236.4,228.296,1711195199999,510731.3103,5658,79.820,178657.9087,0,2024-03-23 08:00:00
1711195200000,2236.7,2238.4,2222.8,2228.5,267.610,1711209599999,596504.2787,5423,83.862,186949.9707,0,2024-03-23 12:00:00
1711209600000,2228.6,2248.8,2228.1,2231.5,194.420,1711223999999,435256.5155,4694,119.262,267121.6462,0,2024-03-23 16:00:00
1711224000000,2231.5,2239.2,2228.2,2235.0,152.616,1711238399999,340999.9303,4533,76.640,171244.2531,0,2024-03-23 20:00:00
1711238400000,2235.0,2241.0,2228.0,2240.4,193.532,1711252799999,432105.6126,4948,109.880,245354.4480,0,2024-03-24 00:00:00
1711252800000,2240.2,2243.2,2234.5,2241.5,164.061,1711267199999,367269.9589,4238,72.991,163428.0198,0,2024-03-24 04:00:00
1711267200000,2241.7,2245.1,2237.1,2243.0,149.153,1711281599999,334334.9723,4339,71.795,160931.6720,0,2024-03-24 08:00:00
1711281600000,2243.1,2247.1,2240.3,2244.2,195.344,1711295999999,438395.7850,3226,67.080,150527.5651,0,2024-03-24 12:00:00
1711296000000,2244.2,2257.8,2243.2,2254.7,280.669,1711310399999,631933.2298,4499,148.896,335205.2329,0,2024-03-24 16:00:00
1711310400000,2254.8,2260.9,2242.6,2256.9,216.584,1711324799999,487579.2910,3831,105.336,237241.7279,0,2024-03-24 20:00:00
1711324800000,2256.9,2258.2,2239.7,2252.6,185.042,1711339199999,415923.2571,3247,81.938,184270.7573,0,2024-03-25 00:00:00
1711339200000,2252.6,2252.8,2232.7,2240.0,187.614,1711353599999,420077.9823,3613,86.948,194687.3784,0,2024-03-25 04:00:00
1711353600000,2240.0,2248.0,2230.2,2242.1,251.337,1711367999999,562647.8140,3785,152.432,341377.4069,0,2024-03-25 08:00:00
1711368000000,2242.0,2261.5,2241.0,2257.7,340.891,1711382399999,767850.1788,6832,211.100,475513.6184,0,2024-03-25 12:00:00
1711382400000,2257.8,2274.5,2253.6,2271.1,299.797,1711396799999,678699.3616,5291,170.508,386136.8126,0,2024-03-25 16:00:00
1711396800000,2271.2,2276.0,2262.0,2268.3,244.750,1711411199999,555442.8017,5262,153.268,347825.5789,0,2024-03-25 20:00:00
1711411200000,2268.3,2270.8,2258.8,2262.6,262.161,1711425599999,593620.8605,4886,122.768,278033.6707,0,2024-03-26 00:00:00
1711425600000,2263.0,2267.4,2248.5,2255.6,204.628,1711439999999,461650.6765,4166,93.495,210989.6134,0,2024-03-26 04:00:00
1711440000000,2256.5,2260.8,2250.7,2259.4,187.360,1711454399999,422764.4770,3633,84.527,190725.1379,0,2024-03-26 08:00:00
1711454400000,2259.8,2281.7,2258.3,2279.0,406.901,1711468799999,924461.4476,7745,222.096,504683.0167,0,2024-03-26 12:00:00
1711468800000,2279.1,2285.0,2272.9,2273.7,366.930,1711483199999,837200.9433,6130,224.622,512566.4431,0,2024-03-26 16:00:00
1711483200000,2273.7,2277.0,2266.6,2271.5,185.793,1711497599999,422056.3270,3407,73.322,166498.5856,0,2024-03-26 20:00:00
1711497600000,2271.5,2276.5,2269.2,2275.6,135.858,1711511999999,308766.5168,2828,70.659,160566.1628,0,2024-03-27 00:00:00
1711512000000,2275.7,2285.0,2273.5,2282.8,127.201,1711526399999,289901.5281,2246,81.234,185161.6617,0,2024-03-27 04:00:00
1711526400000,2282.9,2296.9,2280.2,2283.4,286.955,1711540799999,656978.2382,4666,169.360,387855.9757,0,2024-03-27 08:00:00
1711540800000,2283.4,2301.0,2281.1,2286.7,546.009,1711555199999,1251093.5525,8478,297.603,681967.5397,0,2024-03-27 12:00:00
1711555200000,2287.2,2299.0,2280.0,2285.7,213.509,1711569599999,488589.6004,4979,113.492,259774.9387,0,2024-03-27 16:00:00
1711569600000,2285.7,2298.3,2279.5,2296.7,136.978,1711583999999,313354.9920,3382,80.270,183712.9872,0,2024-03-27 20:00:00
1711584000000,2297.0,2307.0,2288.0,2299.3,343.773,1711598399999,790361.3922,5176,152.893,351518.6877,0,2024-03-28 00:00:00
1711598400000,2299.2,2300.4,2285.4,2287.8,210.033,1711612799999,481396.1582,3430,98.442,225525.4290,0,2024-03-28 04:00:00
1711612800000,2287.7,2295.5,2285.0,2291.9,111.327,1711627199999,255073.9572,2547,66.826,153110.2638,0,2024-03-28 08:00:00
1711627200000,2291.6,2311.6,2286.5,2308.3,473.866,1711641599999,1091422.9812,6013,272.732,628404.3822,0,2024-03-28 12:00:00
1711641600000,2308.0,2309.9,2293.2,2298.1,193.526,1711655999999,445361.4097,3490,95.617,220104.6386,0,2024-03-28 16:00:00
1711656000000,2298.5,2304.6,2293.4,2295.8,101.605,1711670399999,233467.8434,2313,58.272,133898.7246,0,2024-03-28 20:00:00
1711670400000,2295.7,2305.2,2283.5,2285.4,190.889,1711684799999,437966.8738,3698,80.858,185647.1886,0,2024-03-29 00:00:00
1711684800000,2285.4,2293.3,2272.6,2289.6,328.064,1711699199999,748470.4976,4908,171.770,391941.0782,0,2024-03-29 04:00:00
1711699200000,2289.5,2290.9,2264.7,2267.2,248.600,1711713599999,565640.4845,4056,107.900,245481.7754,0,2024-03-29 08:00:00
1711713600000,2267.1,2275.7,2257.5,2267.7,216.292,1711727999999,490167.4741,4438,115.723,262299.8592,0,2024-03-29 12:00:00
1711728000000,2267.2,2277.6,2263.4,2272.0,125.910,1711742399999,285812.1322,2925,68.225,154894.4182,0,2024-03-29 16:00:00
1711742400000,2272.0,2275.5,2258.0,2264.7,131.552,1711756799999,298071.2533,3040,54.768,124125.0191,0,2024-03-29 20:00:00
1711756800000,2263.9,2275.8,2263.7,2274.3,131.508,1711771199999,298435.1268,2851,71.063,161307.7547,0,2024-03-30 00:00:00
1711771200000,2274.2,2278.6,2263.4,2278.6,87.054,1711785599999,197719.8597,2559,43.627,99125.8361,0,2024-03-30 04:00:00
1711785600000,2278.7,2282.4,2255.2,2257.7,240.064,1711799999999,544385.8157,4170,97.235,220490.2925,0,2024-03-30 08:00:00
1711800000000,2257.6,2267.2,2255.9,2262.7,183.037,1711814399999,414121.1378,3281,89.994,203650.4334,0,2024-03-30 12:00:00
1711814400000,2262.5,2282.4,2260.7,2273.9,283.174,1711828799999,643419.9814,4689,158.349,359808.3509,0,2024-03-30 16:00:00
1711828800000,2274.7,2279.9,2270.4,2273.7,169.924,1711843199999,386504.4976,3822,72.661,165269.0266,0,2024-03-30 20:00:00
1711843200000,2273.8,2275.9,2266.5,2269.1,107.796,1711857599999,244802.4852,2728,55.582,126222.9681,0,2024-03-31 00:00:00
1711857600000,2269.0,2274.5,2240.5,2240.8,327.010,1711871999999,736006.1497,5940,146.198,329075.5991,0,2024-03-31 04:00:00
1711872000000,2240.7,2253.2,2234.5,2250.7,370.697,1711886399999,831838.2851,5146,193.927,435342.5919,0,2024-03-31 08:00:00
1711886400000,2250.8,2255.3,2244.5,2247.2,177.953,1711900799999,400314.3448,3281,99.666,224210.5070,0,2024-03-31 12:00:00
1711900800000,2246.8,2253.0,2243.3,2244.9,156.443,1711915199999,351426.9471,3667,90.370,203019.0488,0,2024-03-31 16:00:00
1711915200000,2245.0,2247.7,2239.6,2246.2,145.790,1711929599999,327166.4804,3490,73.750,165508.5960,0,2024-03-31 20:00:00
1711929600000,2245.9,2249.2,2239.6,2240.6,136.689,1711943999999,306946.4493,2388,78.256,175733.6243,0,2024-04-01 00:00:00
1711944000000,2241.0,2278.1,2239.3,2252.9,455.436,1711958399999,1029510.7252,6648,253.059,572102.9647,0,2024-04-01 04:00:00
1711958400000,2252.9,2265.5,2252.9,2262.8,189.731,1711972799999,428836.1914,3562,101.903,230329.7464,0,2024-04-01 08:00:00
1711972800000,2262.8,2287.5,2258.8,2283.1,541.861,1711987199999,1233121.8153,7365,312.817,712149.6809,0,2024-04-01 12:00:00
1711987200000,2283.1,2302.2,2279.3,2295.2,533.641,1712001599999,1222943.4539,9450,316.249,724832.2889,0,2024-04-01 16:00:00
1712001600000,2294.6,2302.4,2290.0,2292.5,301.040,1712015999999,690916.8856,5245,134.687,309178.9018,0,2024-04-01 20:00:00
1712016000000,2292.4,2300.3,2284.1,2284.2,659.407,1712030399999,1511265.6972,8749,346.666,794511.1902,0,2024-04-02 00:00:00
1712030400000,2284.3,2291.0,2274.5,2281.2,429.480,1712044799999,980409.3993,7538,205.958,470294.4774,0,2024-04-02 04:00:00
1712044800000,2281.1,2297.3,2279.6,2284.9,616.126,1712059199999,1409862.8119,9001,367.296,840667.6138,0,2024-04-02 08:00:00
1712059200000,2284.9,2294.7,2278.7,2290.2,510.446,1712073599999,1167445.0975,7134,223.839,512090.7741,0,2024-04-02 12:00:00
1712073600000,2290.7,2305.4,2290.2,2293.4,284.727,1712087999999,653936.7348,4889,150.026,344639.5745,0,2024-04-02 16:00:00
1712088000000,2292.8,2300.0,2280.9,2287.5,604.103,1712102399999,1384712.0876,9259,244.686,560635.4457,0,2024-04-02 20:00:00
1712102400000,2287.6,2318.7,2279.6,2285.2,780.159,1712116799999,1792355.8036,8637,460.560,1059048.9985,0,2024-04-03 00:00:00
1712116800000,2285.2,2297.3,2283.4,2285.6,226.406,1712131199999,518272.2549,4642,99.149,226990.9289,0,2024-04-03 04:00:00
1712131200000,2285.7,2293.4,2273.0,2286.0,370.144,1712145599999,844279.4184,5344,172.844,394360.4798,0,2024-04-03 08:00:00
1712145600000,2285.6,2292.0,2278.3,2278.4,205.932,1712159999999,470480.5794,4132,95.581,218408.8199,0,2024-04-03 12:00:00
1712160000000,2278.3,2301.5,2275.0,2289.9,390.256,1712174399999,893457.8869,6862,264.216,605075.9468,0,2024-04-03 16:00:00
1712174400000,2289.4,2307.2,2289.4,2298.8,286.890,1712188799999,659828.1365,5760,137.644,316585.9511,0,2024-04-03 20:00:00
1712188800000,2299.0,2304.6,2286.6,2299.5,257.954,1712203199999,592112.7723,4855,121.251,278321.3023,0,2024-04-04 00:00:00
1712203200000,2299.5,2302.6,2277.1,2280.5,349.747,1712217599999,799694.6159,4593,159.249,364151.2127,0,2024-04-04 04:00:00
1712217600000,2280.5,2284.5,2274.4,2280.3,162.687,1712231999999,370635.9269,3990,75.245,171448.3465,0,2024-04-04 08:00:00
1712232000000,2280.3,2303.5,2277.0,2301.8,293.831,1712246399999,673248.5483,6043,169.425,388408.9653,0,2024-04-04 12:00:00
1712246400000,2302.0,2339.0,2295.9,2327.7,626.631,1712260799999,1452880.2369,9199,388.909,901625.9930,0,2024-04-04 16:00:00
1712260800000,2327.6,2359.1,2327.6,2355.5,609.866,1712275199999,1429831.1753,8809,344.655,808134.9565,0,2024-04-04 20:00:00
1712275200000,2355.6,2380.0,2345.6,2355.4,888.322,1712289599999,2098581.3516,11525,356.577,842438.7771,0,2024-04-05 00:00:00
1712289600000,2355.4,2372.2,2342.7,2344.1,565.742,1712303999999,1332966.1404,9015,275.556,649177.6761,0,2024-04-05 04:00:00
1712304000000,2344.2,2369.6,2343.4,2362.2,654.388,1712318399999,1542907.2184,11527,372.476,878430.8645,0,2024-04-05 08:00:00
1712318400000,2362.6,2378.9,2357.7,2365.1,920.072,1712332799999,2177033.6597,12575,411.370,973706.2666,0,2024-04-05 12:00:00
1712332800000,2365.3,2371.1,2343.6,2343.6,440.132,1712347199999,1037303.7074,7158,230.831,544106.7968,0,2024-04-05 16:00:00
1712347200000,2343.9,2364.0,2337.6,2363.5,199.719,1712361599999,469258.9807,4326,106.717,250904.1206,0,2024-04-05 20:00:00
1712361600000,2363.5,2367.7,2342.0,2346.9,300.605,1712375999999,708345.6245,6774,127.246,299878.0888,0,2024-04-06 00:00:00
1712376000000,2347.0,2352.4,2342.6,2347.7,154.038,1712390399999,361731.3372,5030,86.326,202750.3355,0,2024-04-06 04:00:00
1712390400000,2347.5,2350.3,2336.2,2342.8,178.430,1712404799999,417965.1219,4238,92.751,217280.3630,0,2024-04-06 08:00:00
1712404800000,2342.8,2356.1,2340.2,2347.8,158.730,1712419199999,372908.9174,3486,87.205,204929.4113,0,2024-04-06 12:00:00
1712419200000,2347.7,2356.0,2343.4,2350.3,167.372,1712433599999,393179.7264,4276,92.222,216690.0313,0,2024-04-06 16:00:00
1712433600000,2350.4,2366.8,2344.7,2362.8,157.237,1712447999999,370743.5448,3673,100.292,236557.6655,0,2024-04-06 20:00:00
1712448000000,2362.9,2369.5,2352.4,2355.8,181.909,1712462399999,429542.6812,4247,74.762,176530.0045,0,2024-04-07 00:00:00
1712462400000,2355.8,2360.0,2349.2,2359.0,95.625,1712476799999,225137.9945,2969,46.910,110461.7263,0,2024-04-07 04:00:00
1712476800000,2359.1,2362.2,2350.0,2354.3,85.659,1712491199999,201837.2075,2434,50.531,119077.9878,0,2024-04-07 08:00:00
1712491200000,2354.2,2363.2,2341.2,2361.5,272.048,1712505599999,639211.5582,5131,144.717,340128.5959,0,2024-04-07 12:00:00
1712505600000,2361.6,2375.0,2357.5,2359.2,349.720,1712519999999,828025.1810,6183,202.341,479230.3247,0,2024-04-07 16:00:00
1712520000000,2359.2,2364.0,2332.1,2332.4,358.556,1712534399999,842272.6747,6309,160.235,376607.7385,0,2024-04-07 20:00:00
1712534400000,2332.2,2359.5,2331.4,2356.4,235.244,1712548799999,551936.4863,4895,130.393,305904.1696,0,2024-04-08 00:00:00
1712548800000,2356.4,2366.8,2353.7,2363.0,106.568,1712563199999,251576.6954,3914,52.389,123676.7641,0,2024-04-08 04:00:00
1712563200000,2363.1,2364.5,2330.9,2342.8,644.514,1712577599999,1509765.5724,11660,322.543,755763.8785,0,2024-04-08 08:00:00
1712577600000,2341.8,2343.5,2325.2,2335.4,377.491,1712591999999,880834.1233,7970,170.494,397985.5733,0,2024-04-08 12:00:00
1712592000000,2334.4,2335.0,2309.6,2310.7,341.400,1712606399999,792011.8857,8478,146.981,341111.2649,0,2024-04-08 16:00:00
1712606400000,2311.7,2315.7,2304.8,2309.6,147.912,1712620799999,341741.3562,5234,75.829,175238.4892,0,2024-04-08 20:00:00
1712620800000,2309.6,2315.5,2299.3,2313.6,246.406,1712635199999,568331.9137,6792,126.513,291893.0987,0,2024-04-09 00:00:00
1712635200000,2313.6,2318.7,2300.5,2312.6,270.318,1712649599999,624744.3482,6878,120.864,279391.2877,0,2024-04-09 04:00:00
1712649600000,2313.0,2320.3,2308.5,2315.3,263.180,1712663999999,609596.8938,7152,131.248,304026.6352,0,2024-04-09 08:00:00
1712664000000,2315.4,2331.2,2311.0,2318.7,443.598,1712678399999,1030142.2040,8172,258.928,601421.1095,0,2024-04-09 12:00:00
1712678400000,2318.6,2322.6,2305.7,2311.2,216.901,1712692799999,501680.3880,5644,107.602,248923.0758,0,2024-04-09 16:00:00
1712692800000,2311.0,2338.6,2309.7,2326.8,416.134,1712707199999,966843.3683,5824,225.297,523869.7012,0,2024-04-09 20:00:00
1712707200000,2326.8,2346.2,2322.9,2334.7,526.522,1712721599999,1228822.9532,9121,254.064,593243.5038,0,2024-04-10 00:00:00
1712721600000,2334.7,2337.0,2320.3,2325.4,183.837,1712735999999,428233.6490,4603,90.863,211673.2619,0,2024-04-10 04:00:00
1712736000000,2325.5,2333.9,2320.5,2328.5,159.121,1712750399999,370363.2265,4354,84.759,197294.2311,0,2024-04-10 08:00:00
1712750400000,2328.6,2353.8,2327.9,2331.8,676.299,1712764799999,1582076.7922,10496,356.435,834111.3715,0,2024-04-10 12:00:00
1712764800000,2331.8,2348.6,2320.1,2346.6,292.407,1712779199999,682295.6844,6508,162.067,378262.3371,0,2024-04-10 16:00:00
1712779200000,2346.8,2357.5,2340.1,2350.0,230.952,1712793599999,542623.4446,5038,137.055,322120.1608,0,2024-04-10 20:00:00
1712793600000,2350.1,2366.0,2345.0,2345.8,487.235,1712807999999,1148383.4082,7714,302.018,711797.2514,0,2024-04-11 00:00:00
1712808000000,2345.3,2349.7,2339.9,2340.6,265.910,1712822399999,623287.1462,5553,160.859,377084.6959,0,2024-04-11 04:00:00
1712822400000,2340.6,2361.5,2335.5,2360.5,246.110,1712836799999,577928.1185,5509,138.815,326123.5509,0,2024-04-11 08:00:00
1712836800000,2360.6,2369.5,2348.7,2358.8,646.526,1712851199999,1524937.7107,9669,350.813,827608.7485,0,2024-04-11 12:00:00
1712851200000,2358.9,2364.3,2353.6,2362.7,198.416,1712865599999,468143.1198,5522,114.282,269652.1155,0,2024-04-11 16:00:00
1712865600000,2362.3,2365.7,2355.6,2357.9,206.249,1712879999999,487011.1001,4741,86.041,203167.3333,0,2024-04-11 20:00:00
1712880000000,2357.9,2367.6,2349.3,2367.2,236.018,1712894399999,556688.0738,5203,120.737,284787.0449,0,2024-04-12 00:00:00
1712894400000,2367.3,2368.1,2356.4,2367.6,292.875,1712908799999,691584.7520,5654,142.431,336398.5667,0,2024-04-12 04:00:00
1712908800000,2367.7,2369.6,2359.1,2365.8,331.545,1712923199999,784010.0985,5478,143.843,340210.4078,0,2024-04-12 08:00:00
1712923200000,2365.9,2391.8,2365.2,2378.5,1275.880,1712937599999,3039655.2636,15321,639.999,1524721.7284,0,2024-04-12 12:00:00
1712937600000,2378.4,2847.3,2353.0,2497.8,6539.675,1712951999999,16195453.4657,73992,3508.225,8681801.7677,0,2024-04-12 16:00:00
1712952000000,2497.9,2504.8,2454.5,2467.4,1805.353,1712966399999,4471752.5010,26326,783.486,1941273.4242,0,2024-04-12 20:00:00
1712966400000,2467.0,2509.2,2466.9,2483.9,1762.306,1712980799999,4381093.9075,26009,830.937,2065860.0310,0,2024-04-13 00:00:00
1712980800000,2483.4,2489.5,2461.6,2479.0,895.600,1712995199999,2218041.2527,14939,417.582,1034167.6938,0,2024-04-13 04:00:00
1712995200000,2479.0,2481.2,2458.5,2469.1,769.054,1713009599999,1898862.3323,12995,392.298,968813.6572,0,2024-04-13 08:00:00
1713009600000,2469.0,2495.2,2459.2,2490.1,932.709,1713023999999,2312306.1944,13205,470.526,1166688.3068,0,2024-04-13 12:00:00
1713024000000,2490.0,2649.9,2484.9,2577.8,5099.050,1713038399999,12944797.9826,47934,2593.823,6587167.9299,0,2024-04-13 16:00:00
1713038400000,2578.9,2970.0,2553.8,2571.9,8018.440,1713052799999,21202039.9947,112008,3799.528,10086299.8529,0,2024-04-13 20:00:00
1713052800000,2571.9,2611.4,2558.3,2583.2,1939.387,1713067199999,5015799.0818,29907,981.862,2539984.9889,0,2024-04-14 00:00:00
1713067200000,2583.1,2596.4,2500.0,2507.4,1798.043,1713081599999,4563329.0073,29726,760.868,1931500.3357,0,2024-04-14 04:00:00
1713081600000,2507.6,2559.7,2500.2,2555.8,1652.219,1713095999999,4185053.8706,22674,915.547,2319921.2759,0,2024-04-14 08:00:00
1713096000000,2555.9,2572.4,2526.0,2545.1,1628.578,1713110399999,4156224.6237,23010,771.004,1968435.2664,0,2024-04-14 12:00:00
1713110400000,2544.7,2558.0,2516.0,2527.1,1325.727,1713124799999,3360981.4488,20103,599.848,1521315.2848,0,2024-04-14 16:00:00
1713124800000,2526.6,2529.6,2479.3,2499.0,1295.120,1713139199999,3238642.5548,17449,654.669,1637980.0890,0,2024-04-14 20:00:00
1713139200000,2499.0,2535.1,2494.0,2496.2,854.468,1713153599999,2147952.9368,14812,434.958,1093496.0822,0,2024-04-15 00:00:00
1713153600000,2496.1,2507.0,2452.7,2459.6,1052.588,1713167999999,2605574.8907,17663,484.994,1201000.7628,0,2024-04-15 04:00:00
1713168000000,2458.9,2468.8,2445.4,2458.5,742.056,1713182399999,1823170.4357,11819,348.820,857123.0963,0,2024-04-15 08:00:00
1713182400000,2457.4,2492.2,2454.7,2478.6,998.507,1713196799999,2472577.3429,13109,515.552,1277179.7283,0,2024-04-15 12:00:00
1713196800000,2479.0,2518.0,2467.5,2480.1,1389.245,1713211199999,3462479.5405,19140,694.074,1730881.5377,0,2024-04-15 16:00:00
1713211200000,2480.0,2490.6,2463.3,2483.1,508.275,1713225599999,1259163.1047,9236,264.614,655887.4970,0,2024-04-15 20:00:00
1713225600000,2482.7,2507.8,2481.2,2499.6,584.893,1713239999999,1457740.4965,9650,299.770,747098.9719,0,2024-04-16 00:00:00
1713240000000,2499.3,2523.6,2477.7,2485.0,859.090,1713254399999,2148163.6364,13029,395.569,989787.4746,0,2024-04-16 04:00:00
1713254400000,2484.7,2510.3,2483.2,2488.7,983.516,1713268799999,2455959.0479,14134,471.848,1178283.9456,0,2024-04-16 08:00:00
1713268800000,2488.4,2522.7,2487.2,2522.4,948.394,1713283199999,2376520.8410,12861,490.634,1229572.5564,0,2024-04-16 12:00:00
1713283200000,2522.6,2529.6,2499.9,2508.2,697.673,1713297599999,1752561.8565,11065,337.482,847862.7709,0,2024-04-16 16:00:00
1713297600000,2508.6,2519.5,2496.0,2518.7,334.912,1713311999999,840010.5204,6037,158.280,396870.7099,0,2024-04-16 20:00:00
1713312000000,2518.4,2536.3,2515.0,2515.1,343.649,1713326399999,867928.7211,7530,154.281,389652.8675,0,2024-04-17 00:00:00
1713326400000,2515.1,2520.4,2497.7,2499.2,419.616,1713340799999,1052915.1105,8434,177.197,444654.2511,0,2024-04-17 04:00:00
1713340800000,2499.2,2517.7,2488.7,2512.3,353.744,1713355199999,885326.5644,7874,195.756,490083.7414,0,2024-04-17 08:00:00
1713355200000,2512.3,2533.6,2493.2,2499.2,842.929,1713369599999,2116578.0869,13905,411.993,1034734.4058,0,2024-04-17 12:00:00
1713369600000,2499.9,2503.7,2460.8,2464.7,675.438,1713383999999,1675372.4758,10561,326.398,810036.6410,0,2024-04-17 16:00:00
1713384000000,2464.6,2493.8,2463.6,2491.0,285.479,1713398399999,707580.7863,6679,159.809,396073.4625,0,2024-04-17 20:00:00
1713398400000,2491.1,2514.0,2480.1,2481.1,583.834,1713412799999,1456626.7167,10033,232.526,580151.4582,0,2024-04-18 00:00:00
1713412800000,2481.0,2503.7,2471.2,2499.1,422.774,1713427199999,1052140.7486,7780,212.251,528082.4058,0,2024-04-18 04:00:00
1713427200000,2499.3,2510.0,2492.3,2501.5,453.796,1713441599999,1134314.0018,8025,237.324,593376.6512,0,2024-04-18 08:00:00
1713441600000,2501.9,2525.8,2500.2,2513.7,407.224,1713455999999,1022986.4514,7985,194.678,489060.3506,0,2024-04-18 12:00:00
1713456000000,2513.8,2520.6,2505.4,2509.4,224.544,1713470399999,564093.4409,5904,112.466,282537.5869,0,2024-04-18 16:00:00
1713470400000,2509.2,2512.2,2495.1,2502.4,142.977,1713484799999,358015.6301,4544,74.815,187331.4898,0,2024-04-18 20:00:00
1713484800000,2502.8,2535.5,2496.5,2511.9,697.434,1713499199999,1755512.8926,12558,355.384,894576.9688,0,2024-04-19 00:00:00
1713499200000,2511.8,2538.1,2502.1,2533.6,580.791,1713513599999,1461259.1635,10604,310.880,782121.2930,0,2024-04-19 04:00:00
1713513600000,2533.5,2539.8,2515.7,2529.9,369.021,1713527999999,933027.3721,7091,153.657,388650.6446,0,2024-04-19 08:00:00
1713528000000,2529.9,2545.7,2518.2,2519.7,225.273,1713542399999,570169.2978,5582,106.788,270317.2907,0,2024-04-19 12:00:00
1713542400000,2520.2,2524.0,2499.6,2501.3,205.684,1713556799999,517346.2330,4574,105.048,264244.3071,0,2024-04-19 16:00:00
1713556800000,2501.9,2515.1,2496.7,2512.2,590.274,1713571199999,1478279.7962,7929,352.485,882676.7806,0,2024-04-19 20:00:00
1713571200000,2512.2,2521.1,2500.9,2509.7,279.832,1713585599999,702845.7080,6000,146.433,367871.9449,0,2024-04-20 00:00:00
1713585600000,2510.0,2511.9,2501.4,2502.3,143.007,1713599999999,358455.1439,3976,60.441,151497.3467,0,2024-04-20 04:00:00
1713600000000,2502.1,2513.7,2501.3,2510.0,113.402,1713614399999,284361.7332,2957,55.548,139264.3445,0,2024-04-20 08:00:00
1713614400000,2509.9,2511.7,2492.7,2493.8,213.974,1713628799999,535225.1470,4379,89.647,224313.8016,0,2024-04-20 12:00:00
1713628800000,2493.8,2497.3,2456.9,2458.9,651.901,1713643199999,1617232.4917,9681,306.949,761564.2997,0,2024-04-20 16:00:00
1713643200000,2458.8,2458.9,2436.2,2454.1,391.549,1713657599999,958725.7995,5969,188.206,460945.1524,0,2024-04-20 20:00:00
1713657600000,2454.0,2468.9,2450.3,2460.4,328.176,1713671999999,807406.8305,6829,149.289,367356.3469,0,2024-04-21 00:00:00
1713672000000,2460.5,2463.2,2440.2,2449.6,214.033,1713686399999,524321.8735,4438,98.075,240345.5390,0,2024-04-21 04:00:00
1713686400000,2449.1,2462.5,2442.4,2456.9,338.680,1713700799999,830075.7817,5507,166.587,408233.8447,0,2024-04-21 08:00:00
1713700800000,2457.0,2471.2,2456.6,2464.1,287.391,1713715199999,708217.8492,5448,145.316,358104.4601,0,2024-04-21 12:00:00
1713715200000,2464.0,2473.4,2457.8,2460.8,226.769,1713729599999,559262.3058,4892,121.294,299170.5101,0,2024-04-21 16:00:00
1713729600000,2460.7,2471.5,2452.0,2468.3,262.673,1713743999999,646392.7579,5088,135.849,334356.0741,0,2024-04-21 20:00:00
1713744000000,2468.2,2471.1,2454.0,2461.8,320.784,1713758399999,790197.6757,6612,152.803,376358.4479,0,2024-04-22 00:00:00
1713758400000,2461.6,2463.1,2441.4,2457.1,209.615,1713772799999,514134.1974,4186,112.651,276365.7035,0,2024-04-22 04:00:00
1713772800000,2456.8,2459.2,2441.1,2457.2,379.154,1713787199999,928500.7398,6152,208.460,510473.4630,0,2024-04-22 08:00:00
1713787200000,2456.8,2473.6,2448.6,2464.3,201.158,1713801599999,495631.6252,4211,98.021,241549.1825,0,2024-04-22 12:00:00
1713801600000,2464.2,2476.0,2462.8,2475.1,153.194,1713815999999,378497.3635,3900,80.067,197848.4217,0,2024-04-22 16:00:00
1713816000000,2475.0,2476.3,2460.2,2470.7,158.426,1713830399999,390878.4262,3584,65.142,160737.4474,0,2024-04-22 20:00:00
1713830400000,2470.7,2479.6,2462.5,2474.6,152.292,1713844799999,376280.8329,3056,65.568,161954.9242,0,2024-04-23 00:00:00
1713844800000,2474.6,2485.4,2466.1,2477.2,176.210,1713859199999,436255.2878,3897,81.605,201959.2721,0,2024-04-23 04:00:00
1713859200000,2477.3,2479.5,2461.4,2463.2,139.123,1713873599999,343631.7642,2740,60.429,149302.1263,0,2024-04-23 08:00:00
1713873600000,2463.2,2468.7,2446.5,2449.0,212.045,1713887999999,521233.1337,3221,123.175,302897.2426,0,2024-04-23 12:00:00
1713888000000,2449.1,2458.2,2447.1,2449.8,152.425,1713902399999,373808.3737,3049,79.251,194385.1245,0,2024-04-23 16:00:00
1713902400000,2451.0,2458.4,2448.3,2458.4,66.029,1713916799999,162056.9671,2258,41.004,100649.8835,0,2024-04-23 20:00:00
1713916800000,2458.4,2469.0,2449.9,2452.7,130.128,1713931199999,320194.0332,3110,54.963,135225.9765,0,2024-04-24 00:00:00
1713931200000,2452.6,2453.4,2441.0,2444.2,100.689,1713945599999,246287.8475,2517,47.369,115878.0737,0,2024-04-24 04:00:00
1713945600000,2444.1,2444.5,2420.4,2424.6,257.555,1713959999999,625937.2573,3705,91.607,222678.0103,0,2024-04-24 08:00:00
1713960000000,2424.6,2444.1,2422.6,2440.2,221.044,1713974399999,538272.4221,3790,127.833,311300.9359,0,2024-04-24 12:00:00
1713974400000,2440.8,2452.2,2431.4,2431.4,185.737,1713988799999,453512.4469,4191,91.994,224727.8852,0,2024-04-24 16:00:00
1713988800000,2431.7,2454.4,2427.0,2445.2,200.306,1714003199999,489163.2696,3971,91.984,224712.7178,0,2024-04-24 20:00:00
1714003200000,2445.8,2448.3,2433.9,2446.9,231.282,1714017599999,564695.6233,4281,95.896,234250.7336,0,2024-04-25 00:00:00
1714017600000,2447.1,2458.0,2431.5,2441.7,227.616,1714031999999,556080.1793,4744,115.621,282536.3492,0,2024-04-25 04:00:00
1714032000000,2441.7,2460.1,2433.8,2449.0,482.703,1714046399999,1182876.0110,6262,251.452,616167.0746,0,2024-04-25 08:00:00
1714046400000,2449.2,2450.2,2415.0,2424.8,369.560,1714060799999,899177.6554,4881,157.985,384395.5372,0,2024-04-25 12:00:00
1714060800000,2424.8,2446.5,2423.2,2441.7,288.742,1714075199999,704240.2837,3709,178.608,435806.8596,0,2024-04-25 16:00:00
1714075200000,2442.5,2447.6,2436.9,2444.9,104.395,1714089599999,255010.2219,2460,52.885,129217.4749,0,2024-04-25 20:00:00
1714089600000,2445.5,2458.0,2441.9,2450.9,141.916,1714103999999,347605.1783,3273,67.498,165376.1012,0,2024-04-26 00:00:00
1714104000000,2451.2,2455.2,2443.6,2451.5,77.343,1714118399999,189437.0172,2262,35.166,86147.2115,0,2024-04-26 04:00:00
1714118400000,2451.2,2463.1,2449.9,2460.7,162.316,1714132799999,398743.8942,3944,72.066,177079.6606,0,2024-04-26 08:00:00
1714132800000,2460.8,2461.5,2441.3,2442.5,213.346,1714147199999,523380.6781,4616,73.153,179495.9953,0,2024-04-26 12:00:00
1714147200000,2442.4,2452.2,2436.0,2438.4,109.677,1714161599999,267772.3453,3466,60.622,148006.7667,0,2024-04-26 16:00:00
1714161600000,2438.5,2462.5,2437.4,2454.7,161.699,1714175999999,396341.3672,3361,85.355,209275.3089,0,2024-04-26 20:00:00
1714176000000,2454.7,2467.5,2439.4,2444.9,289.472,1714190399999,709697.7340,4660,125.019,306637.0573,0,2024-04-27 00:00:00
1714190400000,2444.2,2446.6,2438.0,2445.5,103.690,1714204799999,253272.8060,3178,55.043,134440.0100,0,2024-04-27 04:00:00
1714204800000,2445.2,2450.9,2441.8,2444.4,96.743,1714219199999,236548.1079,2290,53.213,130111.2829,0,2024-04-27 08:00:00
1714219200000,2444.3,2445.7,2427.3,2434.2,127.158,1714233599999,309526.0915,2383,60.449,147156.7340,0,2024-04-27 12:00:00
1714233600000,2433.8,2436.6,2372.0,2388.8,756.900,1714247999999,1808960.9901,9253,378.792,904873.7002,0,2024-04-27 16:00:00
1714248000000,2389.3,2393.1,2380.6,2385.2,177.243,1714262399999,423018.4352,4328,79.411,189529.2457,0,2024-04-27 20:00:00
1714262400000,2385.2,2390.7,2365.0,2372.8,366.639,1714276799999,872694.1958,6330,146.933,349757.8860,0,2024-04-28 00:00:00
1714276800000,2372.8,2377.1,2362.0,2367.3,178.395,1714291199999,422664.3268,3988,72.484,171775.9023,0,2024-04-28 04:00:00
1714291200000,2367.3,2373.4,2362.9,2371.3,134.914,1714305599999,319535.5024,4343,72.013,170560.6041,0,2024-04-28 08:00:00
1714305600000,2371.4,2374.2,2350.3,2357.7,224.595,1714319999999,530693.4391,4358,78.309,185081.1561,0,2024-04-28 12:00:00
1714320000000,2357.6,2363.6,2350.4,2362.5,190.177,1714334399999,448234.8622,4076,86.356,203551.0690,0,2024-04-28 16:00:00
1714334400000,2362.2,2380.4,2359.4,2378.2,167.239,1714348799999,395938.6217,3700,97.787,231570.7833,0,2024-04-28 20:00:00
1714348800000,2378.5,2405.3,2373.1,2401.1,387.201,1714363199999,923658.2260,6385,202.485,483359.4826,0,2024-04-29 00:00:00
1714363200000,2401.0,2410.0,2385.5,2407.6,311.758,1714377599999,748137.0339,5818,149.598,359040.8036,0,2024-04-29 04:00:00
1714377600000,2407.6,2417.9,2402.9,2412.4,330.680,1714391999999,797334.6580,5891,154.297,372108.7018,0,2024-04-29 08:00:00
1714392000000,2413.0,2429.9,2409.6,2419.9,413.381,1714406399999,1000006.9849,7199,189.254,457817.0491,0,2024-04-29 12:00:00
1714406400000,2419.9,2434.6,2418.0,2426.0,258.139,1714420799999,626667.9769,4835,123.300,299339.8240,0,2024-04-29 16:00:00
1714420800000,2425.9,2435.0,2420.7,2432.9,347.254,1714435199999,843688.0083,5824,186.803,453883.8170,0,2024-04-29 20:00:00
1714435200000,2432.9,2453.6,2430.8,2445.0,380.093,1714449599999,927851.9573,6806,169.711,414371.8406,0,2024-04-30 00:00:00
1714449600000,2445.1,2447.2,2432.1,2438.0,137.834,1714463999999,335993.9395,3378,72.775,177395.5765,0,2024-04-30 04:00:00
1714464000000,2438.3,2475.2,2436.2,2475.0,794.263,1714478399999,1955288.4200,11198,454.337,1118696.1985,0,2024-04-30 08:00:00
1714478400000,2475.0,2493.8,2466.8,2478.8,1159.343,1714492799999,2873497.3736,15127,608.690,1509009.7787,0,2024-04-30 12:00:00
1714492800000,2478.9,2500.0,2456.6,2456.6,1072.453,1714507199999,2656432.8635,13177,561.839,1391815.6952,0,2024-04-30 16:00:00
1714507200000,2456.9,2461.1,2444.8,2454.3,600.440,1714521599999,1472424.0298,10151,249.322,611367.0014,0,2024-04-30 20:00:00
1714521600000,2454.2,2459.2,2437.9,2444.5,312.869,1714535999999,766444.0970,5698,117.479,287844.8561,0,2024-05-01 00:00:00
1714536000000,2444.5,2460.0,2421.7,2435.3,633.546,1714550399999,1548884.4569,8018,348.930,852965.8682,0,2024-05-01 04:00:00
1714550400000,2435.5,2445.2,2411.7,2422.7,522.201,1714564799999,1267850.7688,8665,269.905,655144.6903,0,2024-05-01 08:00:00
1714564800000,2422.7,2422.9,2395.2,2395.2,252.998,1714579199999,609456.1757,5565,114.090,274830.0208,0,2024-05-01 12:00:00
1714579200000,2395.2,2405.1,2342.5,2353.4,742.639,1714593599999,1763631.7362,10023,345.931,821483.2658,0,2024-05-01 16:00:00
1714593600000,2353.2,2363.2,2348.9,2361.4,298.444,1714607999999,703014.9979,4851,154.522,364026.9294,0,2024-05-01 20:00:00
1714608000000,2361.8,2381.2,2346.8,2371.0,352.382,1714622399999,834174.8982,5404,161.705,382944.2879,0,2024-05-02 00:00:00
1714622400000,2370.2,2383.1,2367.0,2378.2,116.683,1714636799999,277191.0682,2689,56.513,134261.2946,0,2024-05-02 04:00:00
1714636800000,2379.0,2381.0,2337.3,2353.1,317.588,1714651199999,748525.8419,5499,125.542,295661.8229,0,2024-05-02 08:00:00
1714651200000,2352.0,2378.4,2350.4,2376.1,201.888,1714665599999,477746.0306,4278,103.621,245291.8759,0,2024-05-02 12:00:00
1714665600000,2376.1,2382.7,2367.2,2375.6,104.635,1714679999999,248515.1184,2833,51.074,121316.6244,0,2024-05-02 16:00:00
1714680000000,2375.7,2379.7,2362.1,2376.2,102.632,1714694399999,243490.6881,2611,48.625,115396.4613,0,2024-05-02 20:00:00
1714694400000,2375.6,2386.0,2366.8,2380.9,134.087,1714708799999,318572.2003,3600,66.950,159095.2860,0,2024-05-03 00:00:00
1714708800000,2381.0,2395.5,2378.7,2392.3,130.998,1714723199999,312498.2413,2809,80.788,192715.3617,0,2024-05-03 04:00:00
1714723200000,2392.4,2393.7,2383.0,2392.3,126.324,1714737599999,301654.3867,2925,74.194,177196.1666,0,2024-05-03 08:00:00
1714737600000,2392.9,2426.6,2384.1,2412.4,358.830,1714751999999,865143.1390,6544,179.313,432190.9829,0,2024-05-03 12:00:00
1714752000000,2412.4,2420.3,2403.8,2420.3,119.457,1714766399999,288292.6483,3123,49.986,120680.6873,0,2024-05-03 16:00:00
1714766400000,2420.4,2435.0,2418.8,2430.3,154.595,1714780799999,374902.9520,3232,84.988,206130.3944,0,2024-05-03 20:00:00
1714780800000,2429.7,2443.4,2421.3,2424.1,133.694,1714795199999,325003.2182,3414,63.553,154569.6218,0,2024-05-04 00:00:00
1714795200000,2424.1,2441.4,2418.7,2440.3,99.220,1714809599999,241239.7704,2685,52.958,128713.1811,0,2024-05-04 04:00:00
1714809600000,2440.4,2451.0,2435.4,2447.4,151.572,1714823999999,370312.6202,3160,82.650,201949.0018,0,2024-05-04 08:00:00
1714824000000,2447.8,2449.9,2433.9,2435.7,137.574,1714838399999,335663.2488,3888,56.169,137064.6784,0,2024-05-04 12:00:00
1714838400000,2435.9,2444.6,2434.0,2439.9,84.221,1714852799999,205325.0139,2309,43.634,106395.3877,0,2024-05-04 16:00:00
1714852800000,2440.6,2463.8,2439.7,2460.3,143.205,1714867199999,351316.0920,2824,89.767,220286.0160,0,2024-05-04 20:00:00
1714867200000,2460.2,2469.8,2449.7,2454.5,265.482,1714881599999,652413.8576,4253,136.234,334855.2689,0,2024-05-05 00:00:00
1714881600000,2453.9,2461.9,2452.2,2460.4,70.788,1714895999999,173866.3243,2517,46.935,115283.5332,0,2024-05-05 04:00:00
1714896000000,2460.5,2462.0,2428.6,2448.1,140.571,1714910399999,343028.2237,3165,58.072,141801.6359,0,2024-05-05 08:00:00
1714910400000,2448.3,2453.0,2437.6,2447.6,153.191,1714924799999,374813.9840,2968,75.309,184305.7295,0,2024-05-05 12:00:00
1714924800000,2447.6,2453.9,2438.3,2439.2,82.501,1714939199999,201810.2944,2311,45.116,110376.7008,0,2024-05-05 16:00:00
1714939200000,2439.4,2451.7,2435.1,2447.8,56.079,1714953599999,136988.2227,1398,26.491,64670.4678,0,2024-05-05 20:00:00
1714953600000,2447.8,2448.7,2437.4,2441.1,110.843,1714967999999,270796.3216,1909,58.470,142901.3189,0,2024-05-06 00:00:00
1714968000000,2441.1,2445.6,2423.2,2432.7,127.753,1714982399999,310456.7256,2551,64.180,155945.8593,0,2024-05-06 04:00:00
1714982400000,2432.5,2437.5,2425.8,2429.4,145.702,1714996799999,354245.5142,3104,77.824,189243.5571,0,2024-05-06 08:00:00
1714996800000,2429.5,2450.0,2429.1,2440.0,245.251,1715011199999,599068.9931,4706,140.720,343715.5776,0,2024-05-06 12:00:00
1715011200000,2440.8,2443.5,2432.6,2436.9,60.596,1715025599999,147718.5139,2252,34.658,84486.5727,0,2024-05-06 16:00:00
1715025600000,2436.3,2444.8,2433.9,2442.7,62.551,1715039999999,152630.8234,2297,27.177,66325.0272,0,2024-05-06 20:00:00
1715040000000,2442.2,2470.0,2438.1,2456.7,294.587,1715054399999,722785.0778,4643,158.670,389462.1093,0,2024-05-07 00:00:00
1715054400000,2457.2,2465.4,2452.4,2459.2,93.187,1715068799999,229255.3856,2837,39.364,96852.7717,0,2024-05-07 04:00:00
1715068800000,2459.4,2460.5,2444.4,2456.7,94.557,1715083199999,231911.3845,2607,45.722,112147.2685,0,2024-05-07 08:00:00
1715083200000,2456.7,2458.2,2446.8,2456.7,196.951,1715097599999,483344.5934,3574,95.358,234025.8369,0,2024-05-07 12:00:00
1715097600000,2457.2,2459.1,2449.3,2453.2,75.531,1715111999999,185354.5095,2238,38.387,94205.0473,0,2024-05-07 16:00:00
1715112000000,2453.2,2463.7,2449.4,2463.1,106.231,1715126399999,261038.6151,3230,59.007,145005.7541,0,2024-05-07 20:00:00
1715126400000,2463.1,2469.3,2456.8,2463.9,145.476,1715140799999,358262.7975,4105,78.521,193378.4457,0,2024-05-08 00:00:00
1715140800000,2463.9,2471.9,2461.1,2469.0,79.042,1715155199999,194934.1504,2944,38.676,95394.3935,0,2024-05-08 04:00:00
1715155200000,2469.3,2479.9,2464.4,2475.5,267.123,1715169599999,660921.0241,5054,79.039,195544.9250,0,2024-05-08 08:00:00
1715169600000,2475.5,2479.2,2446.9,2458.4,254.852,1715183999999,627569.8770,5301,102.093,251243.6017,0,2024-05-08 12:00:00
1715184000000,2458.5,2467.0,2456.0,2457.5,92.428,1715198399999,227410.1574,2884,54.303,133604.2323,0,2024-05-08 16:00:00
1715198400000,2456.9,2477.5,2437.9,2440.3,257.056,1715212799999,632609.8092,5155,130.595,321620.9949,0,2024-05-08 20:00:00
1715212800000,2440.2,2445.5,2429.2,2437.1,218.774,1715227199999,533542.5259,4009,90.810,221351.1610,0,2024-05-09 00:00:00
1715227200000,2436.7,2437.1,2425.0,2430.8,65.309,1715241599999,158753.4364,2067,33.795,82160.5884,0,2024-05-09 04:00:00
1715241600000,2430.8,2443.4,2428.2,2432.2,103.070,1715255999999,251003.3925,2859,52.517,127953.0981,0,2024-05-09 08:00:00
1715256000000,2432.2,2449.1,2430.6,2448.4,163.276,1715270399999,398363.3851,4318,62.145,151663.1600,0,2024-05-09 12:00:00
1715270400000,2448.2,2456.4,2440.4,2443.6,121.565,1715284799999,297441.2628,3710,71.170,174083.1226,0,2024-05-09 16:00:00
1715284800000,2443.6,2456.3,2440.4,2454.3,160.781,1715299199999,393722.2258,2692,85.725,209955.4287,0,2024-05-09 20:00:00
1715299200000,2454.4,2460.0,2443.1,2451.6,105.747,1715313599999,259426.1544,2245,54.974,134942.4555,0,2024-05-10 00:00:00
1715313600000,2451.8,2456.4,2446.0,2450.4,59.914,1715327999999,146877.9296,2113,26.951,66062.8519,0,2024-05-10 04:00:00
1715328000000,2450.5,2462.7,2448.8,2459.6,65.118,1715342399999,160081.1682,1912,25.874,63579.5772,0,2024-05-10 08:00:00
1715342400000,2459.6,2467.5,2446.3,2458.9,317.673,1715356799999,780535.5949,5036,123.579,303736.0765,0,2024-05-10 12:00:00
1715356800000,2459.0,2464.2,2446.6,2455.2,216.762,1715371199999,532000.9078,4899,116.476,285835.8455,0,2024-05-10 16:00:00
1715371200000,2456.7,2470.0,2453.1,2460.5,122.579,1715385599999,301852.2061,3456,61.552,151567.5833,0,2024-05-10 20:00:00
1715385600000,2460.3,2463.7,2449.5,2460.1,84.808,1715399999999,208381.2719,2206,39.111,96136.9462,0,2024-05-11 00:00:00
1715400000000,2460.1,2462.8,2452.8,2458.8,62.641,1715414399999,153928.9035,1869,22.963,56451.2119,0,2024-05-11 04:00:00
1715414400000,2458.8,2466.2,2457.2,2459.3,52.658,1715428799999,129624.4923,1765,27.451,67580.4251,0,2024-05-11 08:00:00
1715428800000,2459.5,2466.9,2457.9,2462.7,103.465,1715443199999,254808.5778,3342,47.755,117601.1718,0,2024-05-11 12:00:00
1715443200000,2462.2,2466.5,2454.4,2455.9,68.508,1715457599999,168522.3539,2299,36.052,88692.7296,0,2024-05-11 16:00:00
1715457600000,2456.0,2462.2,2454.8,2457.2,32.729,1715471999999,80451.3138,1219,18.244,44845.2614,0,2024-05-11 20:00:00
1715472000000,2458.0,2460.3,2452.9,2455.8,32.619,1715486399999,80155.1643,1568,15.332,37681.7958,0,2024-05-12 00:00:00
1715486400000,2455.8,2466.1,2453.1,2466.0,34.086,1715500799999,83809.8807,1474,19.262,47365.5684,0,2024-05-12 04:00:00
1715500800000,2466.2,2472.5,2457.4,2462.0,116.709,1715515199999,287831.2452,2368,60.081,148219.1139,0,2024-05-12 08:00:00
1715515200000,2461.7,2470.3,2459.4,2467.0,69.127,1715529599999,170384.2079,1532,39.847,98226.1107,0,2024-05-12 12:00:00
1715529600000,2467.2,2476.7,2466.4,2474.1,122.330,1715543999999,302443.0341,1927,53.333,131889.8611,0,2024-05-12 16:00:00
1715544000000,2474.2,2483.0,2468.5,2482.8,68.591,1715558399999,169799.0154,1619,38.468,95290.9522,0,2024-05-12 20:00:00
1715558400000,2483.0,2519.0,2475.8,2506.8,518.099,1715572799999,1297149.4599,6649,260.585,652286.5115,0,2024-05-13 00:00:00
1715572800000,2506.8,2514.3,2489.5,2499.6,361.034,1715587199999,904141.6648,6572,172.889,432989.8328,0,2024-05-13 04:00:00
1715587200000,2498.4,2508.0,2489.9,2503.7,135.005,1715601599999,337580.5368,3025,72.076,180235.6780,0,2024-05-13 08:00:00
1715601600000,2503.4,2514.5,2500.4,2510.0,97.867,1715615999999,245474.3198,2517,49.167,123320.8763,0,2024-05-13 12:00:00
1715616000000,2510.1,2522.3,2500.0,2518.4,148.242,1715630399999,372563.6238,3307,80.962,203508.6966,0,2024-05-13 16:00:00
1715630400000,2517.9,2522.8,2514.5,2519.8,133.167,1715644799999,335495.0681,2093,60.769,153103.9161,0,2024-05-13 20:00:00
1715644800000,2519.9,2527.0,2506.8,2510.7,287.064,1715659199999,722570.5432,3816,156.063,392821.8115,0,2024-05-14 00:00:00
1715659200000,2510.7,2520.0,2500.8,2502.1,164.506,1715673599999,413364.9389,2869,91.504,230023.3143,0,2024-05-14 04:00:00
1715673600000,2502.4,2505.4,2496.5,2501.9,66.363,1715687999999,165973.6114,1517,26.098,65288.1069,0,2024-05-14 08:00:00
1715688000000,2501.9,2532.1,2492.4,2524.7,365.501,1715702399999,919957.0695,7125,146.138,367785.8634,0,2024-05-14 12:00:00
1715702400000,2524.8,2528.9,2511.9,2519.2,221.524,1715716799999,557935.1052,5440,120.906,304506.1899,0,2024-05-14 16:00:00
1715716800000,2518.9,2540.3,2518.2,2533.1,202.779,1715731199999,513607.8881,3019,109.983,278581.7708,0,2024-05-14 20:00:00
1715731200000,2533.1,2541.7,2528.9,2529.5,141.647,1715745599999,358997.6967,3752,76.078,192810.7818,0,2024-05-15 00:00:00
1715745600000,2529.2,2534.2,2526.5,2532.5,64.586,1715759999999,163414.2794,1796,34.302,86800.7680,0,2024-05-15 04:00:00
1715760000000,2532.5,2560.0,2531.3,2556.3,334.577,1715774399999,852380.6255,6292,151.925,387069.8644,0,2024-05-15 08:00:00
1715774400000,2556.7,2571.8,2549.7,2567.3,787.448,1715788799999,2015578.7301,9439,398.809,1021216.8028,0,2024-05-15 12:00:00
1715788800000,2567.6,2599.0,2565.5,2579.3,385.549,1715803199999,994331.8848,6361,228.560,589686.6842,0,2024-05-15 16:00:00
1715803200000,2579.1,2591.7,2567.4,2577.9,263.481,1715817599999,679457.4382,5515,130.273,335958.9168,0,2024-05-15 20:00:00
1715817600000,2577.9,2585.0,2569.0,2571.1,131.382,1715831999999,338536.7923,2347,68.710,177047.6753,0,2024-05-16 00:00:00
1715832000000,2570.7,2580.0,2564.3,2578.2,135.026,1715846399999,347213.2789,2914,58.520,150552.0706,0,2024-05-16 04:00:00
1715846400000,2577.9,2601.0,2576.3,2599.0,334.500,1715860799999,867007.2662,4306,173.465,449754.7742,0,2024-05-16 08:00:00
1715860800000,2599.0,2629.4,2596.6,2612.5,640.880,1715875199999,1674517.3523,8433,305.644,798698.9409,0,2024-05-16 12:00:00
1715875200000,2612.6,2615.5,2580.5,2592.8,353.032,1715889599999,917015.2153,5814,173.387,449989.6526,0,2024-05-16 16:00:00
1715889600000,2592.5,2609.4,2592.1,2593.6,106.019,1715903999999,275897.5618,1792,58.836,153100.7124,0,2024-05-16 20:00:00
1715904000000,2593.8,2602.0,2588.5,2595.3,136.605,1715918399999,354337.7746,2329,73.004,189341.1831,0,2024-05-17 00:00:00
1715918400000,2595.5,2609.3,2553.6,2564.3,396.010,1715932799999,1022151.9964,4822,188.410,486328.4084,0,2024-05-17 04:00:00
1715932800000,2564.8,2567.3,2545.9,2558.8,215.316,1715947199999,550755.5802,3696,116.215,297257.0660,0,2024-05-17 08:00:00
1715947200000,2558.8,2568.2,2533.9,2551.2,415.249,1715961599999,1057651.6590,5798,202.455,515685.1779,0,2024-05-17 12:00:00
1715961600000,2550.7,2563.3,2544.8,2562.5,233.991,1715975999999,597402.0608,3572,111.399,284459.3034,0,2024-05-17 16:00:00
1715976000000,2562.9,2563.5,2543.0,2554.9,122.091,1715990399999,311427.8008,2216,52.704,134482.4292,0,2024-05-17 20:00:00
1715990400000,2554.9,2556.9,2531.0,2532.6,137.966,1716004799999,351021.0228,2672,47.700,121370.0354,0,2024-05-18 00:00:00
1716004800000,2533.3,2549.0,2532.6,2540.8,89.172,1716019199999,226535.4734,2080,33.105,84111.7983,0,2024-05-18 04:00:00
1716019200000,2540.8,2542.6,2528.4,2533.9,141.493,1716033599999,358620.1249,2442,52.538,133177.8617,0,2024-05-18 08:00:00
1716033600000,2534.0,2546.0,2532.4,2536.8,135.169,1716047999999,343346.0545,2344,70.611,179404.5613,0,2024-05-18 12:00:00
1716048000000,2536.7,2544.1,2533.7,2536.4,60.944,1716062399999,154651.9357,1587,28.820,73144.5874,0,2024-05-18 16:00:00
1716062400000,2537.2,2540.8,2534.1,2535.9,45.812,1716076799999,116281.3432,1080,20.904,53051.7294,0,2024-05-18 20:00:00
1716076800000,2536.1,2539.7,2527.9,2532.7,93.221,1716091199999,236090.4607,1639,42.159,106783.4905,0,2024-05-19 00:00:00
1716091200000,2532.2,2549.7,2531.9,2548.5,126.018,1716105599999,320266.3675,1803,89.018,226191.4882,0,2024-05-19 04:00:00
1716105600000,2548.7,2565.9,2546.3,2561.5,231.134,1716119999999,590841.4870,3719,129.799,331666.2039,0,2024-05-19 08:00:00
1716120000000,2561.5,2578.4,2559.5,2570.2,475.661,1716134399999,1222727.0087,5932,188.304,483818.1550,0,2024-05-19 12:00:00
1716134400000,2570.2,2576.4,2544.4,2547.3,319.770,1716148799999,819450.7671,5062,166.706,427165.0119,0,2024-05-19 16:00:00
1716148800000,2547.4,2557.4,2544.6,2552.1,143.548,1716163199999,365863.1903,2443,74.644,190257.6753,0,2024-05-19 20:00:00
1716163200000,2552.6,2565.0,2543.1,2549.7,178.105,1716177599999,454766.3213,2960,90.447,230978.0171,0,2024-05-20 00:00:00
1716177600000,2549.7,2553.2,2530.1,2545.3,164.679,1716191999999,418390.3439,4012,86.239,219033.0869,0,2024-05-20 04:00:00
1716192000000,2545.3,2556.5,2538.1,2554.0,90.297,1716206399999,230193.3426,2092,51.053,130157.9399,0,2024-05-20 08:00:00
1716206400000,2553.6,2563.7,2548.1,2551.2,175.582,1716220799999,448846.7057,3348,86.099,220158.0651,0,2024-05-20 12:00:00
1716220800000,2551.1,2583.6,2460.6,2475.9,1220.545,1716235199999,3066654.0245,14647,539.656,1358794.5504,0,2024-05-20 16:00:00
1716235200000,2475.6,2482.9,2373.0,2424.0,1970.087,1716249599999,4761797.7839,23726,901.527,2179052.1762,0,2024-05-20 20:00:00
1716249600000,2424.0,2427.8,2397.4,2416.4,654.338,1716263999999,1579596.4902,11822,318.152,768174.8082,0,2024-05-21 00:00:00
1716264000000,2415.8,2436.3,2399.5,2399.5,457.560,1716278399999,1106843.8102,8389,217.888,527204.3665,0,2024-05-21 04:00:00
1716278400000,2399.5,2409.9,2365.3,2376.6,537.794,1716292799999,1284141.3823,9417,233.982,558648.9495,0,2024-05-21 08:00:00
1716292800000,2375.8,2391.2,2336.2,2340.8,1237.830,1716307199999,2923436.6644,15572,572.372,1352867.9644,0,2024-05-21 12:00:00
1716307200000,2341.3,2362.1,2322.4,2350.3,973.419,1716321599999,2282015.7166,10664,467.611,1096960.3528,0,2024-05-21 16:00:00
1716321600000,2350.5,2352.5,2332.2,2340.7,277.353,1716335999999,650014.2098,5102,136.247,319306.2740,0,2024-05-21 20:00:00
1716336000000,2340.1,2346.7,2329.6,2334.3,300.487,1716350399999,702597.0293,4954,136.678,319719.7039,0,2024-05-22 00:00:00
1716350400000,2334.1,2349.9,2331.3,2341.8,295.476,1716364799999,691665.4284,5083,151.550,354867.7405,0,2024-05-22 04:00:00
1716364800000,2341.3,2370.9,2338.8,2370.7,419.095,1716379199999,986168.4308,5443,217.220,511289.1479,0,2024-05-22 08:00:00
1716379200000,2370.7,2388.9,2354.3,2359.2,693.049,1716393599999,1646417.7597,8825,394.314,937255.0903,0,2024-05-22 12:00:00
1716393600000,2360.1,2366.7,2346.3,2356.2,441.643,1716407999999,1041446.6661,6254,218.704,515786.1071,0,2024-05-22 16:00:00
1716408000000,2356.7,2361.5,2332.0,2343.9,488.646,1716422399999,1143540.4585,5797,248.646,581917.8905,0,2024-05-22 20:00:00
1716422400000,2343.6,2352.7,2330.0,2332.1,307.732,1716436799999,720652.8443,4468,140.597,329401.9194,0,2024-05-23 00:00:00
1716436800000,2331.9,2344.5,2327.0,2334.1,324.488,1716451199999,757781.9584,4181,112.714,263362.5457,0,2024-05-23 04:00:00
1716451200000,2334.0,2342.9,2308.4,2309.4,754.447,1716465599999,1756079.0101,6712,373.374,868999.8361,0,2024-05-23 08:00:00
1716465600000,2309.2,2339.7,2291.2,2307.4,1662.810,1716479999999,3849461.5211,14549,796.590,1844060.9513,0,2024-05-23 12:00:00
1716480000000,2307.4,2326.6,2292.7,2294.4,961.673,1716494399999,2217097.5509,9588,466.927,1076992.3252,0,2024-05-23 16:00:00
1716494400000,2295.0,2380.0,2273.2,2304.4,3057.506,1716508799999,7058846.2439,25939,1444.743,3336171.2391,0,2024-05-23 20:00:00
1716508800000,2304.9,2315.6,2284.3,2298.0,420.463,1716523199999,964653.6354,5993,215.927,495198.2395,0,2024-05-24 00:00:00
1716523200000,2298.2,2341.0,2287.9,2333.5,562.238,1716537599999,1306433.6947,6071,329.355,765783.4616,0,2024-05-24 04:00:00
1716537600000,2333.6,2346.8,2320.5,2322.0,300.002,1716551999999,700776.3484,5545,122.814,287024.0075,0,2024-05-24 08:00:00
1716552000000,2321.9,2358.5,2312.5,2357.9,565.993,1716566399999,1316732.5335,6378,231.654,539436.8922,0,2024-05-24 12:00:00
1716566400000,2357.5,2378.5,2350.4,2360.0,598.118,1716580799999,1414227.9680,6466,340.846,806252.6673,0,2024-05-24 16:00:00
1716580800000,2359.3,2362.6,2348.0,2349.3,133.673,1716595199999,314866.8188,3069,63.376,149324.1183,0,2024-05-24 20:00:00
1716595200000,2349.8,2363.0,2346.6,2346.7,118.970,1716609599999,280211.0060,3187,57.434,135310.6921,0,2024-05-25 00:00:00
1716609600000,2346.7,2347.1,2333.1,2345.8,107.857,1716623999999,252446.8170,2197,56.157,131486.8042,0,2024-05-25 04:00:00
1716624000000,2345.8,2365.8,2345.0,2357.6,185.380,1716638399999,436266.1905,3306,93.903,221094.2694,0,2024-05-25 08:00:00
1716638400000,2358.4,2369.9,2352.8,2354.0,159.437,1716652799999,376739.9351,3214,82.208,194304.0769,0,2024-05-25 12:00:00
1716652800000,2352.9,2361.1,2350.9,2354.9,122.413,1716667199999,288382.8382,2397,88.851,209348.4054,0,2024-05-25 16:00:00
1716667200000,2355.0,2363.1,2354.9,2356.4,64.529,1716681599999,152232.3879,1923,30.264,71398.6910,0,2024-05-25 20:00:00
1716681600000,2356.9,2360.4,2343.4,2343.7,83.466,1716695999999,196513.5556,2258,41.020,96605.0972,0,2024-05-26 00:00:00
1716696000000,2344.0,2356.1,2344.0,2350.0,65.587,1716710399999,154227.6892,1486,32.566,76591.6822,0,2024-05-26 04:00:00
1716710400000,2350.0,2353.6,2336.8,2339.4,128.193,1716724799999,300364.5971,2645,54.974,128879.6550,0,2024-05-26 08:00:00
1716724800000,2339.4,2346.7,2314.8,2325.7,265.554,1716739199999,618185.5705,4193,126.347,294174.0899,0,2024-05-26 12:00:00
1716739200000,2326.1,2329.3,2311.6,2314.8,136.201,1716753599999,316254.3949,2559,68.471,159067.8432,0,2024-05-26 16:00:00
1716753600000,2314.8,2322.7,2311.0,2319.6,188.412,1716767999999,436724.0237,2568,104.560,242452.5721,0,2024-05-26 20:00:00
1716768000000,2319.7,2322.2,2289.5,2295.3,170.202,1716782399999,392683.9438,2991,81.118,187291.3443,0,2024-05-27 00:00:00
1716782400000,2294.6,2298.0,2286.9,2291.1,138.052,1716796799999,316367.0667,2464,51.461,117973.8435,0,2024-05-27 04:00:00
1716796800000,2290.7,2295.9,2280.9,2284.9,129.655,1716811199999,296826.8903,2635,45.669,104591.2882,0,2024-05-27 08:00:00
1716811200000,2284.9,2312.4,2281.4,2305.7,304.007,1716825599999,698257.8213,5236,156.279,359158.2792,0,2024-05-27 12:00:00
1716825600000,2306.2,2318.7,2303.0,2314.5,216.218,1716839999999,499581.3838,4681,130.243,301065.0431,0,2024-05-27 16:00:00
1716840000000,2314.0,2321.2,2305.7,2307.7,158.055,1716854399999,366056.3730,3507,89.547,207524.9218,0,2024-05-27 20:00:00
1716854400000,2307.9,2314.0,2290.0,2291.8,310.294,1716868799999,714981.7821,5003,137.497,317080.1977,0,2024-05-28 00:00:00
1716868800000,2292.6,2297.9,2286.0,2287.6,226.159,1716883199999,518055.0587,4083,104.833,240199.8999,0,2024-05-28 04:00:00
1716883200000,2287.1,2290.4,2278.8,2280.1,199.386,1716897599999,455479.1793,4220,61.846,141335.0581,0,2024-05-28 08:00:00
1716897600000,2280.1,2300.3,2274.1,2297.6,261.673,1716911999999,598221.5600,3884,139.557,319356.8698,0,2024-05-28 12:00:00
1716912000000,2297.5,2309.8,2292.7,2302.7,188.826,1716926399999,434626.1949,2878,98.989,227993.0076,0,2024-05-28 16:00:00
1716926400000,2302.5,2304.8,2298.4,2303.8,70.975,1716940799999,163369.7488,2064,26.956,62048.2896,0,2024-05-28 20:00:00
1716940800000,2303.8,2314.4,2300.9,2306.2,150.524,1716955199999,347307.7516,2739,78.626,181386.3112,0,2024-05-29 00:00:00
1716955200000,2306.2,2307.0,2290.0,2293.4,96.670,1716969599999,221939.8903,2128,39.992,91810.7679,0,2024-05-29 04:00:00
1716969600000,2292.7,2308.8,2290.0,2295.7,358.517,1716983999999,824201.7885,4233,154.249,354584.2850,0,2024-05-29 08:00:00
1716984000000,2296.0,2310.7,2294.1,2304.0,219.384,1716998399999,505253.9609,3363,106.355,245020.5889,0,2024-05-29 12:00:00
1716998400000,2303.8,2308.5,2299.3,2304.5,122.724,1717012799999,282712.5016,2649,67.517,155539.7203,0,2024-05-29 16:00:00
1717012800000,2304.6,2313.0,2302.2,2311.8,115.238,1717027199999,265977.3773,2384,55.392,127874.4489,0,2024-05-29 20:00:00
1717027200000,2311.4,2317.0,2309.6,2312.9,75.328,1717041599999,174267.8431,1784,37.205,86093.4588,0,2024-05-30 00:00:00
1717041600000,2312.9,2346.7,2312.9,2342.8,367.727,1717055999999,857546.2631,4805,212.159,494471.3597,0,2024-05-30 04:00:00
1717056000000,2342.8,2347.0,2333.3,2336.3,207.522,1717070399999,485333.9823,3791,96.513,225770.1821,0,2024-05-30 08:00:00
1717070400000,2336.1,2341.1,2327.7,2336.3,152.450,1717084799999,356025.7054,2640,74.885,174943.8792,0,2024-05-30 12:00:00
1717084800000,2336.5,2348.8,2332.9,2348.8,177.172,1717099199999,415087.2334,2881,122.668,287433.1759,0,2024-05-30 16:00:00
1717099200000,2348.9,2359.2,2348.3,2351.6,135.987,1717113599999,319935.2325,2338,80.488,189371.4118,0,2024-05-30 20:00:00
1717113600000,2351.9,2358.3,2349.7,2351.2,96.153,1717127999999,226367.2829,2297,35.992,84736.2846,0,2024-05-31 00:00:00
1717128000000,2351.2,2361.0,2349.7,2354.5,84.625,1717142399999,199373.2422,2024,44.038,103776.5989,0,2024-05-31 04:00:00
1717142400000,2354.8,2357.4,2324.3,2327.1,292.605,1717156799999,684574.0782,4420,141.029,329952.2307,0,2024-05-31 08:00:00
1717156800000,2327.1,2335.4,2309.9,2325.3,1023.802,1717171199999,2379183.1412,7956,514.648,1196941.0063,0,2024-05-31 12:00:00
1717171200000,2325.4,2328.3,2310.4,2317.3,105.631,1717185599999,244948.8250,2198,43.779,101514.4102,0,2024-05-31 16:00:00
1717185600000,2317.2,2322.3,2310.5,2322.3,60.033,1717199999999,139071.9876,1689,26.987,62512.9659,0,2024-05-31 20:00:00
1717200000000,2322.3,2325.6,2312.4,2318.9,127.080,1717214399999,294525.4984,1687,44.977,104343.6657,0,2024-06-01 00:00:00
1717214400000,2318.8,2322.0,2308.3,2318.6,157.704,1717228799999,364895.4499,2257,69.065,159895.6384,0,2024-06-01 04:00:00
1717228800000,2318.6,2319.5,2308.7,2313.1,41.744,1717243199999,96611.5518,1290,18.093,41874.3659,0,2024-06-01 08:00:00
1717243200000,2313.2,2314.0,2303.0,2307.0,132.083,1717257599999,304757.5620,1804,63.665,146874.0567,0,2024-06-01 12:00:00
1717257600000,2307.0,2310.8,2304.4,2306.4,49.895,1717271999999,115145.4167,1270,31.277,72193.9915,0,2024-06-01 16:00:00
1717272000000,2306.6,2306.8,2298.2,2306.0,50.703,1717286399999,116758.0533,1401,27.375,63053.1343,0,2024-06-01 20:00:00
1717286400000,2306.1,2308.1,2296.2,2307.1,48.023,1717300799999,110555.9703,1551,22.032,50726.1184,0,2024-06-02 00:00:00
1717300800000,2306.9,2313.9,2303.2,2313.8,46.400,1717315199999,107121.9590,1437,27.459,63397.5032,0,2024-06-02 04:00:00
1717315200000,2313.7,2325.2,2313.4,2325.0,112.650,1717329599999,261254.4670,2621,65.891,152857.4334,0,2024-06-02 08:00:00
1717329600000,2324.8,2330.4,2319.0,2325.8,148.722,1717343999999,345739.5604,3227,76.061,176858.1600,0,2024-06-02 12:00:00
1717344000000,2325.8,2341.2,2325.0,2327.8,168.634,1717358399999,393415.2187,3652,101.475,236821.0711,0,2024-06-02 16:00:00
1717358400000,2327.8,2332.7,2325.0,2326.6,96.664,1717372799999,225018.9366,2383,46.438,108116.8008,0,2024-06-02 20:00:00
1717372800000,2326.4,2339.5,2325.7,2334.8,94.799,1717387199999,221120.7747,2638,46.268,107909.9715,0,2024-06-03 00:00:00
1717387200000,2334.8,2337.8,2326.3,2331.5,94.723,1717401599999,220938.6769,2760,45.219,105494.6759,0,2024-06-03 04:00:00
1717401600000,2331.5,2341.2,2331.5,2340.5,82.712,1717415999999,193307.2640,2067,46.741,109263.2521,0,2024-06-03 08:00:00
1717416000000,2340.1,2365.0,2339.4,2362.7,304.277,1717430399999,716126.4720,4572,175.204,412278.3613,0,2024-06-03 12:00:00
1717430400000,2362.8,2367.3,2353.0,2355.3,127.810,1717444799999,301759.8985,3314,69.299,163633.3098,0,2024-06-03 16:00:00
1717444800000,2355.8,2361.8,2349.8,2353.0,72.653,1717459199999,171107.2726,2421,29.131,68616.9880,0,2024-06-03 20:00:00
1717459200000,2352.5,2363.6,2352.1,2356.0,186.620,1717473599999,440044.1908,3462,80.417,189650.1381,0,2024-06-04 00:00:00
1717473600000,2355.6,2359.3,2353.3,2354.4,95.984,1717487999999,226170.6761,2442,44.924,105864.5468,0,2024-06-04 04:00:00
1717488000000,2354.0,2360.9,2347.0,2348.4,241.974,1717502399999,569541.6976,4045,117.414,276304.0780,0,2024-06-04 08:00:00
1717502400000,2348.4,2366.8,2347.4,2363.0,266.966,1717516799999,629102.3939,3448,140.482,331063.5639,0,2024-06-04 12:00:00
1717516800000,2363.5,2373.7,2356.2,2357.9,230.189,1717531199999,544577.4266,4701,140.585,332622.9808,0,2024-06-04 16:00:00
1717531200000,2358.3,2363.5,2350.1,2351.0,74.505,1717545599999,175493.5296,1647,35.233,82996.5255,0,2024-06-04 20:00:00
1717545600000,2351.3,2358.8,2345.3,2357.0,201.744,1717559999999,474653.1480,2781,101.303,238382.8565,0,2024-06-05 00:00:00
1717560000000,2356.2,2371.1,2354.6,2361.7,169.747,1717574399999,400956.6566,2580,77.759,183632.3865,0,2024-06-05 04:00:00
1717574400000,2361.8,2363.4,2356.2,2359.9,87.153,1717588799999,205662.4138,1690,51.407,121329.6146,0,2024-06-05 08:00:00
1717588800000,2360.0,2372.2,2352.6,2371.5,120.509,1717603199999,284492.7932,2652,63.729,150503.4493,0,2024-06-05 12:00:00
1717603200000,2371.6,2375.0,2340.3,2343.2,217.410,1717617599999,512155.2619,3478,98.808,232796.7017,0,2024-06-05 16:00:00
1717617600000,2343.5,2350.0,2335.0,2339.2,128.118,1717631999999,300061.1636,2284,44.836,105087.7997,0,2024-06-05 20:00:00
1717632000000,2339.2,2342.9,2336.6,2341.4,136.111,1717646399999,318525.2217,2003,77.305,180943.1166,0,2024-06-06 00:00:00
1717646400000,2341.2,2348.7,2338.9,2344.9,60.092,1717660799999,140883.3676,1563,29.116,68249.4543,0,2024-06-06 04:00:00
1717660800000,2344.9,2347.5,2341.4,2347.4,57.242,1717675199999,134156.8718,1339,23.621,55365.7845,0,2024-06-06 08:00:00
1717675200000,2347.5,2361.6,2346.9,2353.4,215.032,1717689599999,505742.7576,3472,101.982,239923.3489,0,2024-06-06 12:00:00
1717689600000,2353.0,2364.3,2345.1,2357.4,100.306,1717703999999,236196.5532,2234,52.807,124392.4681,0,2024-06-06 16:00:00
1717704000000,2357.4,2365.4,2353.8,2355.2,97.654,1717718399999,230302.8818,1971,43.197,101892.4458,0,2024-06-06 20:00:00
1717718400000,2355.2,2366.1,2354.5,2363.9,112.111,1717732799999,264705.1331,2348,57.486,135746.8256,0,2024-06-07 00:00:00
1717732800000,2364.0,2366.6,2360.6,2363.1,43.676,1717747199999,103225.5770,1426,22.142,52334.1750,0,2024-06-07 04:00:00
1717747200000,2362.9,2372.2,2361.4,2368.5,85.979,1717761599999,203561.2430,1928,45.087,106766.4385,0,2024-06-07 08:00:00
1717761600000,2368.1,2374.9,2360.3,2367.3,178.079,1717775999999,421734.1781,3263,87.735,207800.4317,0,2024-06-07 12:00:00
1717776000000,2367.2,2469.9,2363.2,2399.9,1615.546,1717790399999,3904529.2366,18609,857.818,2072211.7132,0,2024-06-07 16:00:00
1717790400000,2398.8,2404.0,2390.7,2400.7,409.159,1717804799999,980883.5745,7889,190.358,456256.5747,0,2024-06-07 20:00:00
1717804800000,2400.6,2412.7,2397.5,2398.7,294.682,1717819199999,708549.9587,6486,133.889,321974.1602,0,2024-06-08 00:00:00
1717819200000,2398.8,2403.5,2390.0,2390.7,121.758,1717833599999,291767.2480,3702,65.900,157953.6494,0,2024-06-08 04:00:00
1717833600000,2391.4,2412.4,2390.0,2409.8,258.137,1717847999999,620241.4474,4790,145.938,350630.3068,0,2024-06-08 08:00:00
1717848000000,2410.0,2421.1,2402.9,2408.6,765.757,1717862399999,1847319.8470,11914,364.447,879460.1600,0,2024-06-08 12:00:00
1717862400000,2408.6,2420.5,2406.8,2414.9,156.412,1717876799999,377403.3166,3273,76.735,185175.2895,0,2024-06-08 16:00:00
1717876800000,2414.8,2422.0,2412.0,2414.4,207.214,1717891199999,500936.2927,4791,78.702,190265.2497,0,2024-06-08 20:00:00
1717891200000,2414.4,2424.0,2408.0,2417.6,187.520,1717905599999,452775.4720,3891,90.906,219533.2341,0,2024-06-09 00:00:00
1717905600000,2418.3,2420.4,2407.6,2408.8,128.377,1717919999999,309871.6868,3112,70.930,171236.3554,0,2024-06-09 04:00:00
1717920000000,2408.8,2413.7,2405.0,2408.7,85.443,1717934399999,205874.8152,2036,47.187,113717.0305,0,2024-06-09 08:00:00
1717934400000,2409.4,2413.5,2406.4,2412.2,114.217,1717948799999,275301.4014,3179,36.553,88114.9808,0,2024-06-09 12:00:00
1717948800000,2412.2,2566.2,2407.7,2411.7,810.248,1717963199999,1994411.1968,10380,438.188,1076511.5667,0,2024-06-09 16:00:00
1717963200000,2411.6,2418.0,2407.1,2409.8,176.176,1717977599999,425182.0163,4666,60.118,145087.6644,0,2024-06-09 20:00:00
1717977600000,2409.9,2425.3,2407.7,2423.2,90.858,1717991999999,219496.5923,2309,55.767,134742.6596,0,2024-06-10 00:00:00
1717992000000,2423.2,2449.9,2422.7,2449.6,231.437,1718006399999,563548.5735,4779,130.549,318038.5320,0,2024-06-10 04:00:00
1718006400000,2449.7,2449.9,2427.9,2436.4,238.918,1718020799999,582106.1138,5274,131.927,321393.7075,0,2024-06-10 08:00:00
1718020800000,2436.6,2440.2,2426.8,2430.0,123.174,1718035199999,299980.9757,2489,52.547,127989.3053,0,2024-06-10 12:00:00
1718035200000,2430.0,2437.1,2429.1,2433.8,73.419,1718049599999,178654.0547,1942,40.396,98288.6184,0,2024-06-10 16:00:00
1718049600000,2434.3,2458.2,2434.3,2451.9,158.898,1718063999999,389234.4094,3107,82.749,202686.6684,0,2024-06-10 20:00:00
1718064000000,2451.3,2479.3,2440.8,2450.9,498.494,1718078399999,1221024.0360,5989,173.003,424173.2026,0,2024-06-11 00:00:00
1718078400000,2451.1,2471.0,2446.9,2461.8,344.922,1718092799999,847757.1316,4847,167.911,412712.0309,0,2024-06-11 04:00:00
1718092800000,2461.9,2464.1,2437.9,2443.8,266.475,1718107199999,652794.1086,4071,123.205,301959.2290,0,2024-06-11 08:00:00
1718107200000,2443.5,2515.2,2442.1,2480.3,681.147,1718121599999,1683017.5915,10513,376.233,930610.8108,0,2024-06-11 12:00:00
1718121600000,2480.3,2494.7,2469.3,2485.9,555.778,1718135999999,1380779.2766,8695,277.361,689182.0493,0,2024-06-11 16:00:00
1718136000000,2486.1,2493.9,2483.0,2487.4,188.948,1718150399999,470379.7939,3932,79.893,198917.3492,0,2024-06-11 20:00:00
1718150400000,2487.5,2507.6,2477.9,2478.6,417.238,1718164799999,1039845.6551,6434,213.453,532201.7978,0,2024-06-12 00:00:00
1718164800000,2478.5,2482.5,2462.9,2464.3,317.175,1718179199999,784429.2376,5903,161.152,398458.1405,0,2024-06-12 04:00:00
1718179200000,2464.4,2479.3,2460.6,2478.8,199.515,1718193599999,492483.0702,3099,111.445,275136.1995,0,2024-06-12 08:00:00
1718193600000,2479.3,2481.1,2452.3,2473.3,501.250,1718207999999,1236005.4912,7178,227.382,560805.5895,0,2024-06-12 12:00:00
1718208000000,2473.2,2479.4,2454.8,2457.6,356.469,1718222399999,879861.7753,5400,206.519,509746.8064,0,2024-06-12 16:00:00
1718222400000,2457.6,2467.9,2450.0,2457.5,248.779,1718236799999,611229.5048,6580,140.738,345903.5180,0,2024-06-12 20:00:00
1718236800000,2457.5,2493.0,2454.0,2473.6,414.521,1718251199999,1026220.2534,7329,201.390,498323.3359,0,2024-06-13 00:00:00
1718251200000,2473.8,2486.6,2461.7,2479.1,301.361,1718265599999,744730.4343,5210,209.908,518835.9896,0,2024-06-13 04:00:00
1718265600000,2478.9,2495.0,2472.5,2493.7,147.962,1718279999999,367239.2391,2761,83.615,207565.6474,0,2024-06-13 08:00:00
1718280000000,2493.6,2497.6,2470.5,2486.1,311.738,1718294399999,775332.6732,6919,133.748,332677.9543,0,2024-06-13 12:00:00
1718294400000,2485.5,2487.6,2463.1,2464.3,185.597,1718308799999,460069.5547,5412,102.754,254705.0647,0,2024-06-13 16:00:00
1718308800000,2464.9,2488.2,2464.2,2483.0,102.264,1718323199999,253712.6555,3129,51.313,127258.3115,0,2024-06-13 20:00:00
1718323200000,2483.1,2486.0,2462.0,2468.2,107.371,1718337599999,265552.6709,3446,54.179,134026.5280,0,2024-06-14 00:00:00
1718337600000,2468.2,2469.2,2456.0,2457.1,100.845,1718351999999,248242.0036,2615,39.481,97213.2909,0,2024-06-14 04:00:00
1718352000000,2457.1,2466.3,2455.6,2459.5,38.391,1718366399999,94441.1522,1464,17.271,42502.9437,0,2024-06-14 08:00:00
1718366400000,2459.5,2486.9,2458.9,2480.5,186.169,1718380799999,460779.2273,4316,88.269,218440.1979,0,2024-06-14 12:00:00
1718380800000,2480.4,2510.0,2479.0,2488.9,478.907,1718395199999,1194158.0149,9983,273.960,683360.0352,0,2024-06-14 16:00:00
1718395200000,2488.8,2496.0,2456.6,2463.8,377.804,1718409599999,932559.2182,7509,160.327,395850.6850,0,2024-06-14 20:00:00
1718409600000,2463.8,2470.8,2457.6,2459.2,128.728,1718423999999,317193.4440,2471,69.669,171641.9625,0,2024-06-15 00:00:00
1718424000000,2459.2,2462.3,2433.4,2441.2,197.719,1718438399999,483454.2009,3794,73.715,180284.4709,0,2024-06-15 04:00:00
1718438400000,2441.4,2447.8,2438.7,2442.2,70.534,1718452799999,172398.1757,1854,42.680,104333.7855,0,2024-06-15 08:00:00
1718452800000,2442.2,2444.1,2418.1,2428.7,104.513,1718467199999,254034.6697,2594,50.567,122941.7064,0,2024-06-15 12:00:00
1718467200000,2428.4,2431.9,2422.0,2426.0,61.001,1718481599999,148002.5810,2078,32.044,77752.0492,0,2024-06-15 16:00:00
1718481600000,2426.2,2430.5,2421.6,2423.5,50.544,1718495999999,122633.9581,1901,24.247,58836.1819,0,2024-06-15 20:00:00
1718496000000,2422.5,2432.3,2421.1,2431.1,142.908,1718510399999,346836.5369,2250,74.766,181542.0251,0,2024-06-16 00:00:00
1718510400000,2431.4,2438.0,2425.4,2428.7,54.042,1718524799999,131417.3102,1740,26.108,63509.8428,0,2024-06-16 04:00:00
1718524800000,2428.9,2439.6,2428.9,2435.8,59.866,1718539199999,145798.7803,1588,30.186,73532.7250,0,2024-06-16 08:00:00
1718539200000,2436.0,2439.6,2419.9,2420.6,61.665,1718553599999,149727.3614,1817,26.133,63485.8028,0,2024-06-16 12:00:00
1718553600000,2420.5,2423.0,2402.8,2413.2,164.014,1718567999999,395860.4144,2361,67.150,162180.5334,0,2024-06-16 16:00:00
1718568000000,2413.3,2415.4,2393.3,2403.7,124.725,1718582399999,299917.8679,3186,42.358,101951.2289,0,2024-06-16 20:00:00
1718582400000,2403.5,2419.8,2398.8,2418.0,100.457,1718596799999,241955.1254,3142,50.872,122564.1163,0,2024-06-17 00:00:00
1718596800000,2417.5,2436.0,2415.6,2428.2,158.350,1718611199999,384438.8570,3334,90.179,219022.5958,0,2024-06-17 04:00:00
1718611200000,2427.8,2454.8,2426.9,2435.9,197.347,1718625599999,481781.3507,4709,105.650,257883.0592,0,2024-06-17 08:00:00
1718625600000,2435.9,2443.1,2420.0,2440.7,111.314,1718639999999,270504.5569,2963,64.222,156118.3365,0,2024-06-17 12:00:00
1718640000000,2441.0,2462.5,2435.7,2445.2,277.163,1718654399999,678682.9957,6120,148.536,363906.3313,0,2024-06-17 16:00:00
1718654400000,2445.1,2473.4,2445.1,2471.0,178.944,1718668799999,441007.6113,3990,89.872,221428.2009,0,2024-06-17 20:00:00
1718668800000,2471.0,2615.0,2465.0,2506.1,1454.803,1718683199999,3664907.6945,29493,813.567,2051291.1553,0,2024-06-18 00:00:00
1718683200000,2506.4,2515.2,2502.4,2507.3,391.894,1718697599999,983000.4129,10352,183.200,459596.1883,0,2024-06-18 04:00:00
1718697600000,2507.6,2527.2,2499.9,2517.3,558.045,1718711999999,1400902.7094,10812,315.979,792969.1859,0,2024-06-18 08:00:00
1718712000000,2517.4,2536.4,2491.9,2496.3,1056.631,1718726399999,2657320.3887,18866,595.314,1496879.4269,0,2024-06-18 12:00:00
1718726400000,2496.6,2521.6,2491.8,2492.9,655.288,1718740799999,1641691.1188,11557,387.610,971125.5026,0,2024-06-18 16:00:00
1718740800000,2492.8,2496.6,2474.1,2478.0,660.949,1718755199999,1641279.5253,12545,273.316,678713.9355,0,2024-06-18 20:00:00
1718755200000,2477.8,2480.8,2432.2,2433.4,358.391,1718769599999,880096.6062,8068,158.542,389665.0181,0,2024-06-19 00:00:00
1718769600000,2433.5,2446.2,2426.8,2434.9,501.451,1718783999999,1222834.0387,5440,99.077,241436.0907,0,2024-06-19 04:00:00
1718784000000,2435.2,2456.2,2431.8,2445.4,274.032,1718798399999,669807.1261,5335,128.134,313238.2447,0,2024-06-19 08:00:00
1718798400000,2445.7,2454.6,2436.8,2443.8,105.000,1718812799999,256826.3811,3245,49.153,120241.5693,0,2024-06-19 12:00:00
1718812800000,2443.8,2444.7,2419.0,2430.5,163.957,1718827199999,398233.3077,4566,98.467,239133.2748,0,2024-06-19 16:00:00
1718827200000,2430.6,2438.8,2426.0,2431.0,82.556,1718841599999,200685.4717,2091,32.798,79758.6409,0,2024-06-19 20:00:00
1718841600000,2431.4,2450.0,2426.0,2447.8,96.574,1718855999999,235577.2309,2611,53.292,129972.4466,0,2024-06-20 00:00:00
1718856000000,2448.1,2450.0,2429.1,2432.8,127.927,1718870399999,312033.8628,3026,56.131,136939.2265,0,2024-06-20 04:00:00
1718870400000,2432.5,2447.5,2430.8,2442.8,156.865,1718884799999,382922.4907,3198,68.362,166886.0932,0,2024-06-20 08:00:00
1718884800000,2442.8,2460.9,2441.2,2457.4,315.360,1718899199999,772803.8540,7573,157.943,387078.9093,0,2024-06-20 12:00:00
1718899200000,2457.2,2463.8,2441.4,2446.7,167.421,1718913599999,410654.5947,4083,93.189,228596.5185,0,2024-06-20 16:00:00
1718913600000,2446.5,2463.0,2445.8,2456.7,115.318,1718927999999,283102.0809,1845,64.016,157077.9818,0,2024-06-20 20:00:00
1718928000000,2457.0,2467.0,2446.3,2451.7,85.283,1718942399999,209658.1866,2356,46.375,114031.4820,0,2024-06-21 00:00:00
1718942400000,2451.5,2467.2,2445.7,2456.1,123.219,1718956799999,302102.0415,3087,53.465,131161.4353,0,2024-06-21 04:00:00
1718956800000,2456.1,2460.5,2420.0,2420.6,212.845,1718971199999,518779.7957,4907,106.794,260336.8696,0,2024-06-21 08:00:00
1718971200000,2421.0,2445.8,2418.6,2432.8,157.200,1718985599999,382462.3121,4338,75.059,182627.3277,0,2024-06-21 12:00:00
1718985600000,2432.5,2448.9,2423.8,2427.8,106.464,1718999999999,259456.6124,3064,57.760,140868.8267,0,2024-06-21 16:00:00
1719000000000,2427.6,2433.4,2423.8,2430.8,63.569,1719014399999,154406.8849,2106,24.376,59209.8227,0,2024-06-21 20:00:00
1719014400000,2431.0,2443.0,2431.0,2441.5,48.593,1719028799999,118490.8623,1300,26.546,64727.5089,0,2024-06-22 00:00:00
1719028800000,2441.5,2456.0,2441.0,2454.0,62.418,1719043199999,152861.4829,1704,34.293,83971.1500,0,2024-06-22 04:00:00
1719043200000,2454.3,2462.1,2443.0,2445.1,136.935,1719057599999,335921.5244,3260,61.904,151843.7726,0,2024-06-22 08:00:00
1719057600000,2445.1,2451.7,2432.7,2438.9,160.687,1719071999999,392142.0290,2624,79.400,193916.8532,0,2024-06-22 12:00:00
1719072000000,2438.8,2444.7,2437.6,2443.6,26.923,1719086399999,65729.2407,955,13.926,34001.7590,0,2024-06-22 16:00:00
1719086400000,2443.5,2446.8,2437.9,2443.6,55.462,1719100799999,135439.1738,2067,25.031,61142.6958,0,2024-06-22 20:00:00
1719100800000,2443.6,2445.4,2433.3,2433.3,60.276,1719115199999,147059.3898,1633,29.231,71319.1149,0,2024-06-23 00:00:00
1719115200000,2433.3,2439.9,2432.8,2437.6,36.686,1719129599999,89394.5224,1293,20.274,49403.8745,0,2024-06-23 04:00:00
1719129600000,2437.5,2447.4,2436.8,2443.3,81.525,1719143999999,199159.8747,2008,45.042,110041.2562,0,2024-06-23 08:00:00
1719144000000,2443.1,2456.6,2442.0,2455.2,101.007,1719158399999,247247.9673,2415,43.712,107019.2425,0,2024-06-23 12:00:00
1719158400000,2454.7,2460.6,2450.8,2455.0,125.879,1719172799999,309161.9647,2866,72.206,177356.3613,0,2024-06-23 16:00:00
1719172800000,2455.0,2478.0,2454.3,2459.5,151.543,1719187199999,374007.9264,4187,80.659,199064.7674,0,2024-06-23 20:00:00
1719187200000,2459.2,2467.4,2447.6,2457.7,201.909,1719201599999,496106.1468,3781,91.388,224611.4634,0,2024-06-24 00:00:00
1719201600000,2458.0,2480.7,2456.5,2468.2,381.002,1719215999999,940096.8337,8345,207.843,512885.8455,0,2024-06-24 04:00:00
1719216000000,2467.7,2499.0,2430.9,2441.6,627.182,1719230399999,1542278.9942,11313,324.149,797601.1118,0,2024-06-24 08:00:00
1719230400000,2441.6,2456.7,2434.5,2449.3,287.970,1719244799999,703733.9623,6029,144.314,352802.0173,0,2024-06-24 12:00:00
1719244800000,2450.1,2453.7,2384.7,2386.2,552.558,1719259199999,1333495.2820,7743,204.807,495100.1654,0,2024-06-24 16:00:00
1719259200000,2386.2,2388.3,2362.8,2376.2,485.041,1719273599999,1153220.9466,8126,211.221,502422.9744,0,2024-06-24 20:00:00
1719273600000,2376.1,2394.0,2365.7,2389.3,286.630,1719287999999,681868.2901,4762,136.247,324251.0418,0,2024-06-25 00:00:00
1719288000000,2390.0,2391.8,2372.9,2373.7,118.621,1719302399999,282601.5353,2497,60.164,143416.5901,0,2024-06-25 04:00:00
1719302400000,2373.8,2390.5,2370.0,2381.3,104.482,1719316799999,248973.4463,2792,53.275,126967.6951,0,2024-06-25 08:00:00
1719316800000,2381.2,2395.3,2373.7,2375.7,119.674,1719331199999,285298.4457,3145,57.910,138059.2845,0,2024-06-25 12:00:00
1719331200000,2375.5,2391.5,2370.8,2384.4,127.461,1719345599999,303446.6455,3216,62.242,148216.3301,0,2024-06-25 16:00:00
1719345600000,2384.4,2394.6,2381.2,2390.4,73.175,1719359999999,174741.7100,2083,35.425,84620.5357,0,2024-06-25 20:00:00
1719360000000,2390.2,2397.3,2381.2,2393.6,193.038,1719374399999,461477.8975,3782,94.060,224967.5425,0,2024-06-26 00:00:00
1719374400000,2393.6,2396.1,2383.2,2384.2,73.730,1719388799999,176267.5513,1953,29.447,70393.7014,0,2024-06-26 04:00:00
1719388800000,2384.2,2391.1,2383.8,2388.9,73.177,1719403199999,174696.6020,2113,44.172,105453.6386,0,2024-06-26 08:00:00
1719403200000,2388.5,2404.5,2387.3,2400.2,130.820,1719417599999,313566.8948,2695,80.294,192488.5013,0,2024-06-26 12:00:00
1719417600000,2400.6,2403.6,2358.1,2358.4,238.740,1719431999999,569760.5015,4179,94.859,226684.9087,0,2024-06-26 16:00:00
1719432000000,2358.1,2376.7,2355.1,2376.3,99.201,1719446399999,234740.8935,2345,54.003,127794.8774,0,2024-06-26 20:00:00
1719446400000,2376.1,2382.5,2371.4,2376.1,99.280,1719460799999,235947.8460,2085,50.365,119719.2807,0,2024-06-27 00:00:00
1719460800000,2375.7,2383.6,2375.2,2376.7,48.972,1719475199999,116503.7185,1225,23.844,56731.3526,0,2024-06-27 04:00:00
1719475200000,2376.6,2379.8,2369.6,2369.9,82.069,1719489599999,194850.3844,1510,37.524,89099.1593,0,2024-06-27 08:00:00
1719489600000,2369.9,2370.5,2342.1,2343.3,287.617,1719503999999,676804.7415,5463,133.642,314474.4326,0,2024-06-27 12:00:00
1719504000000,2343.6,2354.2,2336.3,2336.7,77.086,1719518399999,180698.1357,1898,33.050,77503.6135,0,2024-06-27 16:00:00
1719518400000,2337.1,2340.9,2333.4,2339.6,70.169,1719532799999,164064.4521,1448,28.623,66925.8555,0,2024-06-27 20:00:00
1719532800000,2339.7,2347.1,2335.1,2342.5,144.134,1719547199999,337421.4997,2220,91.597,214424.5426,0,2024-06-28 00:00:00
1719547200000,2342.5,2347.7,2340.1,2343.5,50.877,1719561599999,119243.4432,1275,27.873,65325.1717,0,2024-06-28 04:00:00
1719561600000,2343.5,2347.5,2339.7,2342.9,85.951,1719575999999,201417.6994,1350,44.861,105123.0665,0,2024-06-28 08:00:00
1719576000000,2343.5,2345.5,2329.7,2343.9,247.775,1719590399999,579371.2054,3019,111.410,260600.5194,0,2024-06-28 12:00:00
1719590400000,2343.9,2354.7,2331.2,2331.6,136.758,1719604799999,320990.4846,2675,59.685,140127.9741,0,2024-06-28 16:00:00
1719604800000,2331.1,2352.5,2328.9,2350.1,165.593,1719619199999,387918.5355,2564,89.475,209695.4477,0,2024-06-28 20:00:00
1719619200000,2350.2,2357.8,2347.0,2350.0,165.080,1719633599999,388218.9584,2476,84.927,199721.9135,0,2024-06-29 00:00:00
1719633600000,2350.0,2357.1,2350.0,2354.5,88.114,1719647999999,207285.1974,966,74.796,175940.5484,0,2024-06-29 04:00:00
1719648000000,2354.4,2357.2,2350.7,2355.7,42.540,1719662399999,100136.6478,791,21.196,49897.5750,0,2024-06-29 08:00:00
1719662400000,2355.7,2366.4,2354.5,2360.0,169.257,1719676799999,399868.0944,2977,66.596,157293.9374,0,2024-06-29 12:00:00
1719676800000,2360.0,2366.5,2358.6,2362.8,107.189,1719691199999,253081.1853,2178,72.332,170781.0260,0,2024-06-29 16:00:00
1719691200000,2362.9,2373.0,2361.5,2369.5,60.453,1719705599999,143132.4254,1426,32.638,77278.2758,0,2024-06-29 20:00:00
1719705600000,2369.5,2379.1,2365.8,2374.6,107.246,1719719999999,254394.5709,2225,63.224,149980.3597,0,2024-06-30 00:00:00
1719720000000,2374.6,2383.2,2370.4,2376.9,114.750,1719734399999,272751.2939,2739,63.041,149861.1053,0,2024-06-30 04:00:00
1719734400000,2376.9,2383.1,2372.4,2382.2,55.336,1719748799999,131632.8832,1767,26.452,62929.6247,0,2024-06-30 08:00:00
1719748800000,2382.1,2384.3,2375.1,2376.4,62.611,1719763199999,149040.5115,1455,28.134,66978.7124,0,2024-06-30 12:00:00
1719763200000,2376.4,2381.5,2365.1,2371.7,100.345,1719777599999,238119.9530,1366,48.395,114911.2501,0,2024-06-30 16:00:00
1719777600000,2371.6,2390.8,2370.9,2388.8,97.211,1719791999999,231597.2615,2083,47.981,114306.5114,0,2024-06-30 20:00:00
1719792000000,2389.3,2396.1,2375.9,2381.1,207.223,1719806399999,493902.7184,2946,104.160,248317.2461,0,2024-07-01 00:00:00
1719806400000,2381.1,2388.0,2378.6,2381.1,59.477,1719820799999,141690.8837,1449,28.744,68482.2821,0,2024-07-01 04:00:00
1719820800000,2381.1,2381.1,2368.7,2377.1,65.131,1719835199999,154681.8600,1460,26.281,62414.8935,0,2024-07-01 08:00:00
1719835200000,2377.1,2385.6,2372.6,2385.6,62.960,1719849599999,149764.8409,1577,35.928,85478.5041,0,2024-07-01 12:00:00
1719849600000,2385.6,2400.0,2384.0,2388.7,88.318,1719863999999,211155.4265,2118,48.371,115676.3188,0,2024-07-01 16:00:00
1719864000000,2388.5,2399.2,2385.5,2393.9,36.862,1719878399999,88208.0149,1125,20.342,48670.4946,0,2024-07-01 20:00:00
1719878400000,2393.7,2424.3,2390.7,2392.3,193.703,1719892799999,464832.7172,2764,94.192,226162.3266,0,2024-07-02 00:00:00
1719892800000,2392.1,2393.4,2382.9,2384.1,43.511,1719907199999,103835.3739,1344,17.537,41853.6947,0,2024-07-02 04:00:00
1719907200000,2384.3,2386.2,2375.4,2378.2,28.944,1719921599999,68867.2741,885,11.707,27861.9977,0,2024-07-02 08:00:00
1719921600000,2378.2,2382.7,2367.0,2367.1,74.659,1719935999999,177423.7362,1728,30.880,73417.2983,0,2024-07-02 12:00:00
1719936000000,2367.1,2370.4,2352.7,2355.1,146.944,1719950399999,346659.8275,2052,64.572,152431.3167,0,2024-07-02 16:00:00
1719950400000,2355.4,2360.3,2352.4,2358.3,54.053,1719964799999,127336.1342,1182,28.925,68151.2640,0,2024-07-02 20:00:00
1719964800000,2358.4,2362.7,2345.5,2353.7,111.097,1719979199999,261680.8925,2086,52.859,124534.2834,0,2024-07-03 00:00:00
1719979200000,2354.4,2365.7,2354.3,2362.1,94.539,1719993599999,223053.8585,1575,52.009,122701.2516,0,2024-07-03 04:00:00
1719993600000,2363.3,2375.0,2347.3,2371.7,157.845,1720007999999,372917.3329,3343,77.741,183763.7946,0,2024-07-03 08:00:00
1720008000000,2372.4,2383.2,2370.9,2374.7,182.374,1720022399999,433546.6123,3649,91.573,217767.2862,0,2024-07-03 12:00:00
1720022400000,2374.1,2396.8,2374.1,2382.9,144.383,1720036799999,344290.9803,3058,80.190,191233.4147,0,2024-07-03 16:00:00
1720036800000,2382.6,2390.0,2375.9,2385.6,149.332,1720051199999,356006.0760,2576,64.590,153976.8257,0,2024-07-03 20:00:00
1720051200000,2385.1,2413.3,2382.6,2390.6,395.761,1720065599999,948381.5440,7284,200.301,480124.8654,0,2024-07-04 00:00:00
1720065600000,2390.4,2407.7,2383.6,2396.1,153.110,1720079999999,367029.1960,3667,80.777,193689.6499,0,2024-07-04 04:00:00
1720080000000,2396.0,2399.3,2373.8,2395.6,352.700,1720094399999,842455.1245,7167,160.037,382300.9753,0,2024-07-04 08:00:00
1720094400000,2395.6,2421.8,2385.5,2421.0,620.304,1720108799999,1491461.7498,9826,326.085,784497.1850,0,2024-07-04 12:00:00
1720108800000,2421.1,2439.0,2418.3,2437.2,465.744,1720123199999,1131402.9450,7006,270.191,656557.8107,0,2024-07-04 16:00:00
1720123200000,2437.1,2460.0,2425.8,2448.8,608.520,1720137599999,1485200.8596,11351,310.806,759137.1214,0,2024-07-04 20:00:00
1720137600000,2448.3,2552.0,2442.0,2518.3,3002.627,1720151999999,7477225.9219,51203,1664.580,4147892.4262,0,2024-07-05 00:00:00
1720152000000,2517.9,2542.9,2463.7,2483.8,1666.834,1720166399999,4154533.0171,31212,857.883,2139225.3708,0,2024-07-05 04:00:00
1720166400000,2483.6,2521.3,2463.3,2468.1,1286.685,1720180799999,3206590.2399,21470,574.345,1431949.4369,0,2024-07-05 08:00:00
1720180800000,2468.0,2475.4,2450.0,2474.0,1192.036,1720195199999,2934102.5049,22286,510.509,1256715.2009,0,2024-07-05 12:00:00
1720195200000,2474.0,2481.9,2454.1,2460.5,490.889,1720209599999,1211613.0827,11012,252.476,622992.4574,0,2024-07-05 16:00:00
1720209600000,2460.8,2475.8,2460.7,2470.8,163.758,1720223999999,404109.7192,5201,88.139,217514.1686,0,2024-07-05 20:00:00
1720224000000,2470.9,2477.5,2444.1,2459.5,301.939,1720238399999,742829.5848,7435,120.621,297005.3291,0,2024-07-06 00:00:00
1720238400000,2459.7,2468.2,2435.3,2444.9,225.449,1720252799999,552330.6927,6544,106.965,262156.4673,0,2024-07-06 04:00:00
1720252800000,2445.0,2448.2,2434.8,2437.6,120.617,1720267199999,294570.9859,3352,57.554,140587.8970,0,2024-07-06 08:00:00
1720267200000,2437.7,2449.7,2437.7,2444.2,132.863,1720281599999,324704.2539,3581,52.431,128141.0283,0,2024-07-06 12:00:00
1720281600000,2443.3,2448.0,2430.0,2430.1,131.329,1720295999999,320240.2820,3705,59.801,145835.0300,0,2024-07-06 16:00:00
1720296000000,2430.5,2442.7,2426.7,2439.0,179.020,1720310399999,435710.5465,4238,83.766,203916.9916,0,2024-07-06 20:00:00
1720310400000,2439.1,2460.0,2438.8,2446.3,254.059,1720324799999,622362.9854,5158,127.606,312684.4259,0,2024-07-07 00:00:00
1720324800000,2446.1,2468.1,2444.3,2462.9,192.049,1720339199999,471683.2586,4611,107.367,263750.9445,0,2024-07-07 04:00:00
1720339200000,2462.9,2470.0,2455.4,2457.7,169.302,1720353599999,417115.0193,4326,80.937,199457.7503,0,2024-07-07 08:00:00
1720353600000,2457.7,2484.3,2456.3,2475.1,268.239,1720367999999,663629.1588,5890,137.648,340673.0960,0,2024-07-07 12:00:00
1720368000000,2475.1,2480.2,2463.1,2478.5,221.497,1720382399999,547116.9058,5496,149.959,370433.9270,0,2024-07-07 16:00:00
1720382400000,2478.4,2507.9,2473.5,2475.5,283.098,1720396799999,703566.8716,6824,154.045,383232.4317,0,2024-07-07 20:00:00
1720396800000,2475.3,2505.4,2463.9,2478.8,492.964,1720411199999,1225874.0901,10468,256.493,637868.3278,0,2024-07-08 00:00:00
1720411200000,2478.8,2480.1,2454.6,2466.1,209.247,1720425599999,515929.3303,4863,96.886,238877.7790,0,2024-07-08 04:00:00
1720425600000,2466.2,2467.3,2418.7,2418.8,578.357,1720439999999,1410982.2736,10428,265.016,646835.1798,0,2024-07-08 08:00:00
1720440000000,2418.8,2455.3,2418.1,2427.0,494.980,1720454399999,1203941.1421,9772,258.546,629077.8909,0,2024-07-08 12:00:00
1720454400000,2427.2,2443.9,2423.8,2431.3,224.390,1720468799999,545614.8094,5660,120.354,292656.5909,0,2024-07-08 16:00:00
1720468800000,2431.1,2437.7,2416.1,2428.9,359.256,1720483199999,872202.4643,5481,118.027,286528.9643,0,2024-07-08 20:00:00
1720483200000,2428.5,2431.4,2416.0,2421.2,184.747,1720497599999,447775.4723,4391,88.140,213659.6445,0,2024-07-09 00:00:00
1720497600000,2421.2,2430.1,2414.5,2417.0,178.915,1720511999999,433522.5711,4164,81.282,196968.8137,0,2024-07-09 04:00:00
1720512000000,2417.2,2426.7,2414.3,2416.4,79.923,1720526399999,193463.5032,2109,34.622,83792.5479,0,2024-07-09 08:00:00
1720526400000,2416.9,2433.5,2416.9,2430.3,153.386,1720540799999,372316.1247,3498,64.092,155543.8771,0,2024-07-09 12:00:00
1720540800000,2429.4,2450.0,2427.7,2441.8,91.845,1720555199999,224063.5248,2672,52.344,127736.2448,0,2024-07-09 16:00:00
1720555200000,2441.1,2451.7,2438.1,2451.5,67.129,1720569599999,164215.5109,1629,42.726,104539.8499,0,2024-07-09 20:00:00
1720569600000,2451.5,2457.0,2441.5,2449.7,76.859,1720583999999,188311.7384,2572,36.201,88721.6961,0,2024-07-10 00:00:00
1720584000000,2449.7,2470.2,2448.2,2461.3,179.166,1720598399999,440645.6476,4380,93.810,230774.8357,0,2024-07-10 04:00:00
1720598400000,2462.4,2463.0,2439.5,2442.1,81.170,1720612799999,198805.1443,2196,35.510,87004.2939,0,2024-07-10 08:00:00
1720612800000,2441.0,2442.1,2400.6,2403.4,322.481,1720627199999,779103.1750,5194,130.489,315223.9453,0,2024-07-10 12:00:00
1720627200000,2403.5,2412.4,2393.7,2399.4,93.777,1720641599999,225474.3048,2258,43.561,104806.2855,0,2024-07-10 16:00:00
1720641600000,2399.9,2414.9,2397.3,2411.9,97.598,1720655999999,234792.8549,2103,51.441,123753.6031,0,2024-07-10 20:00:00
1720656000000,2411.6,2419.5,2403.2,2418.6,98.585,1720670399999,237797.0735,2300,51.824,125020.6630,0,2024-07-11 00:00:00
1720670400000,2418.6,2425.7,2414.3,2416.3,92.725,1720684799999,224416.5240,2781,46.580,112738.6606,0,2024-07-11 04:00:00
1720684800000,2416.2,2418.0,2403.9,2416.8,102.067,1720699199999,246099.6989,2707,50.794,122486.5870,0,2024-07-11 08:00:00
1720699200000,2416.8,2420.3,2378.8,2395.3,339.641,1720713599999,814342.9584,6794,136.303,327000.5572,0,2024-07-11 12:00:00
1720713600000,2395.4,2401.2,2390.7,2398.7,67.810,1720727999999,162500.9481,2020,33.484,80238.6848,0,2024-07-11 16:00:00
1720728000000,2399.1,2406.6,2398.0,2405.1,75.321,1720742399999,180991.3819,2147,38.224,91843.1614,0,2024-07-11 20:00:00
1720742400000,2404.8,2405.6,2389.8,2392.6,139.293,1720756799999,334074.0126,3510,74.130,177805.6481,0,2024-07-12 00:00:00
1720756800000,2392.8,2408.6,2392.4,2406.4,75.318,1720771199999,180821.7253,2099,38.959,93558.5495,0,2024-07-12 04:00:00
1720771200000,2404.7,2414.2,2402.8,2409.6,65.388,1720785599999,157524.4874,1912,37.380,90062.0393,0,2024-07-12 08:00:00
1720785600000,2409.6,2414.3,2397.6,2406.7,102.162,1720799999999,245835.8353,2435,45.124,108600.9550,0,2024-07-12 12:00:00
1720800000000,2407.0,2409.6,2387.1,2388.8,56.529,1720814399999,135610.8531,1594,18.033,43289.3793,0,2024-07-12 16:00:00
1720814400000,2388.0,2396.1,2385.9,2387.5,67.952,1720828799999,162431.4151,1679,21.176,50617.7289,0,2024-07-12 20:00:00
1720828800000,2387.5,2389.7,2382.2,2383.5,43.501,1720843199999,103770.0618,1140,19.962,47618.4603,0,2024-07-13 00:00:00
1720843200000,2384.4,2388.1,2375.9,2378.4,52.879,1720857599999,125938.9832,1695,25.459,60651.5637,0,2024-07-13 04:00:00
1720857600000,2378.6,2387.6,2371.8,2387.4,80.167,1720871999999,190854.5606,2595,37.353,88925.7621,0,2024-07-13 08:00:00
1720872000000,2387.1,2398.3,2381.0,2393.0,110.851,1720886399999,265031.6600,2969,52.749,126203.3787,0,2024-07-13 12:00:00
1720886400000,2393.1,2395.0,2376.5,2376.7,31.039,1720900799999,74080.1525,1286,10.194,24349.0059,0,2024-07-13 16:00:00
1720900800000,2376.5,2402.2,2374.3,2396.1,119.786,1720915199999,286415.6065,3238,79.281,189600.0051,0,2024-07-13 20:00:00
1720915200000,2396.0,2408.6,2393.9,2404.6,83.910,1720929599999,201561.9753,2627,45.151,108486.8912,0,2024-07-14 00:00:00
1720929600000,2405.0,2419.4,2403.6,2411.4,58.085,1720943999999,140118.7776,2367,26.680,64364.5169,0,2024-07-14 04:00:00
1720944000000,2412.2,2415.4,2402.1,2412.7,28.991,1720958399999,69804.2088,1230,15.769,37968.6795,0,2024-07-14 08:00:00
1720958400000,2412.6,2419.8,2404.5,2418.7,50.767,1720972799999,122505.2901,2288,26.523,64017.3849,0,2024-07-14 12:00:00
1720972800000,2418.7,2419.1,2410.2,2410.4,19.633,1720987199999,47397.7119,784,8.454,20412.3208,0,2024-07-14 16:00:00
1720987200000,2410.4,2423.9,2404.9,2409.0,117.697,1721001599999,284208.2445,3729,68.172,164684.7646,0,2024-07-14 20:00:00
1721001600000,2409.2,2431.6,2395.4,2428.6,181.570,1721015999999,438597.8933,4222,85.775,207202.3099,0,2024-07-15 00:00:00
1721016000000,2429.1,2433.0,2414.4,2418.8,93.323,1721030399999,226373.9000,2627,38.151,92567.3043,0,2024-07-15 04:00:00
1721030400000,2418.1,2424.0,2413.6,2415.3,52.584,1721044799999,127235.4516,1851,21.727,52584.3732,0,2024-07-15 08:00:00
1721044800000,2414.3,2420.1,2407.1,2416.2,181.189,1721059199999,437483.9914,3509,83.967,202717.9255,0,2024-07-15 12:00:00
1721059200000,2417.7,2419.5,2400.4,2402.3,120.617,1721073599999,290728.7031,3569,59.701,143894.0315,0,2024-07-15 16:00:00
1721073600000,2401.1,2410.0,2389.7,2401.7,253.340,1721087999999,607621.5429,8136,104.152,249843.3300,0,2024-07-15 20:00:00
1721088000000,2401.7,2418.1,2396.1,2409.9,185.423,1721102399999,446450.9817,6243,100.324,241554.0539,0,2024-07-16 00:00:00
1721102400000,2409.7,2414.7,2396.8,2410.8,246.695,1721116799999,593102.5440,7811,139.142,334573.3033,0,2024-07-16 04:00:00
1721116800000,2410.1,2417.1,2400.6,2412.1,185.566,1721131199999,447015.3494,6311,101.799,245246.2623,0,2024-07-16 08:00:00
1721131200000,2412.4,2425.0,2404.4,2406.3,211.232,1721145599999,510299.8688,5881,92.362,223177.5909,0,2024-07-16 12:00:00
1721145600000,2406.4,2417.3,2391.3,2416.0,158.390,1721159999999,380378.6958,4312,78.769,189297.6337,0,2024-07-16 16:00:00
1721160000000,2416.4,2433.4,2410.7,2429.6,160.062,1721174399999,387882.2903,3839,95.890,232411.1679,0,2024-07-16 20:00:00
1721174400000,2429.3,2440.3,2421.5,2434.8,168.349,1721188799999,409313.8774,4979,80.015,194583.4099,0,2024-07-17 00:00:00
1721188800000,2434.8,2436.8,2412.8,2412.8,97.155,1721203199999,235432.3062,3593,38.139,92399.7192,0,2024-07-17 04:00:00
1721203200000,2412.9,2415.7,2406.5,2412.7,92.820,1721217599999,223763.4353,3837,46.450,111995.0827,0,2024-07-17 08:00:00
1721217600000,2412.8,2427.2,2406.7,2424.5,162.959,1721231999999,393714.6380,5276,83.095,200862.1417,0,2024-07-17 12:00:00
1721232000000,2424.7,2441.8,2419.1,2427.1,122.187,1721246399999,296877.5881,3709,64.325,156362.4280,0,2024-07-17 16:00:00
1721246400000,2428.4,2430.8,2419.8,2427.6,50.471,1721260799999,122431.3658,1937,25.949,62956.4162,0,2024-07-17 20:00:00
1721260800000,2427.4,2431.9,2418.0,2428.8,61.175,1721275199999,148364.9181,2314,31.056,75342.9161,0,2024-07-18 00:00:00
1721275200000,2428.9,2435.5,2426.5,2429.8,57.811,1721289599999,140517.2249,1977,31.536,76652.3584,0,2024-07-18 04:00:00
1721289600000,2429.8,2434.7,2418.2,2420.5,84.733,1721303999999,205644.9228,2665,34.435,83597.9286,0,2024-07-18 08:00:00
1721304000000,2420.3,2427.6,2408.0,2426.5,151.863,1721318399999,367282.1690,3712,72.571,175564.4032,0,2024-07-18 12:00:00
1721318400000,2426.3,2433.3,2414.1,2415.8,102.371,1721332799999,247852.8284,2462,52.274,126627.2524,0,2024-07-18 16:00:00
1721332800000,2416.5,2421.1,2412.3,2416.9,33.398,1721347199999,80660.0721,1046,13.459,32504.2903,0,2024-07-18 20:00:00
1721347200000,2416.5,2427.5,2411.5,2422.7,134.616,1721361599999,325468.6756,2546,60.758,146993.6829,0,2024-07-19 00:00:00
1721361600000,2422.8,2430.8,2411.5,2423.3,93.754,1721375999999,227022.3118,2228,47.684,115565.1875,0,2024-07-19 04:00:00
1721376000000,2423.3,2433.1,2421.2,2428.9,74.688,1721390399999,181321.9608,1913,44.608,108304.8061,0,2024-07-19 08:00:00
1721390400000,2429.1,2444.2,2427.2,2437.7,182.569,1721404799999,444808.4404,3589,88.145,214819.1693,0,2024-07-19 12:00:00
1721404800000,2438.0,2455.1,2432.1,2450.3,171.628,1721419199999,419526.1556,4188,100.537,245827.6803,0,2024-07-19 16:00:00
1721419200000,2450.3,2459.8,2440.2,2443.7,81.778,1721433599999,200391.7796,1977,42.290,103682.2367,0,2024-07-19 20:00:00
1721433600000,2444.0,2451.1,2439.1,2448.7,77.165,1721447999999,188767.3377,2163,43.236,105775.3133,0,2024-07-20 00:00:00
1721448000000,2447.5,2448.2,2437.0,2446.0,59.531,1721462399999,145283.1000,1536,30.928,75486.0195,0,2024-07-20 04:00:00
1721462400000,2446.2,2451.5,2444.0,2449.3,45.190,1721476799999,110597.0343,1304,24.327,59545.1905,0,2024-07-20 08:00:00
1721476800000,2449.5,2450.2,2438.6,2442.9,149.946,1721491199999,366652.1626,2068,109.935,268833.3294,0,2024-07-20 12:00:00
1721491200000,2443.0,2456.6,2438.7,2446.1,96.196,1721505599999,235423.6536,2430,53.082,129909.4422,0,2024-07-20 16:00:00
1721505600000,2446.4,2446.4,2437.3,2441.6,46.345,1721519999999,113139.5873,1299,17.639,43059.7708,0,2024-07-20 20:00:00
1721520000000,2441.7,2447.4,2439.0,2446.3,101.033,1721534399999,246813.3969,1663,68.988,168543.0368,0,2024-07-21 00:00:00
1721534400000,2446.3,2450.4,2442.3,2447.0,48.065,1721548799999,117573.5614,1378,27.226,66600.4555,0,2024-07-21 04:00:00
1721548800000,2447.6,2451.0,2443.6,2444.8,70.729,1721563199999,173021.2608,1200,48.373,118329.2577,0,2024-07-21 08:00:00
1721563200000,2444.5,2451.5,2444.4,2448.4,41.195,1721577599999,100862.4566,1407,23.898,58515.1725,0,2024-07-21 12:00:00
1721577600000,2448.5,2502.0,2444.2,2458.9,360.647,1721591999999,888856.5997,6516,230.816,569334.2363,0,2024-07-21 16:00:00
1721592000000,2458.9,2462.3,2441.0,2446.1,115.078,1721606399999,282239.6711,3215,44.296,108696.1450,0,2024-07-21 20:00:00
1721606400000,2446.0,2453.1,2441.6,2451.5,70.775,1721620799999,173172.4533,2050,35.480,86825.3619,0,2024-07-22 00:00:00
1721620800000,2451.5,2466.3,2450.8,2458.2,102.964,1721635199999,253187.5501,2827,58.646,144219.8507,0,2024-07-22 04:00:00
1721635200000,2458.3,2461.9,2444.7,2446.1,154.761,1721649599999,380277.4801,4983,63.418,155870.9383,0,2024-07-22 08:00:00
1721649600000,2445.8,2459.2,2445.8,2457.6,76.804,1721663999999,188519.8617,1808,28.704,70458.6387,0,2024-07-22 12:00:00
1721664000000,2457.1,2473.0,2452.4,2471.2,67.156,1721678399999,165399.9058,1528,36.119,89022.7686,0,2024-07-22 16:00:00
1721678400000,2470.6,2492.5,2465.7,2488.6,168.671,1721692799999,418705.1189,3545,104.165,258609.3524,0,2024-07-22 20:00:00
1721692800000,2488.7,2495.4,2459.1,2467.4,195.416,1721707199999,483286.6617,3583,83.859,207673.8058,0,2024-07-23 00:00:00
1721707200000,2467.2,2476.5,2461.2,2463.3,113.113,1721721599999,279205.4456,3023,62.861,155182.0428,0,2024-07-23 04:00:00
1721721600000,2463.4,2464.6,2429.4,2437.2,264.593,1721735999999,645851.9294,4814,118.930,290244.1041,0,2024-07-23 08:00:00
1721736000000,2436.7,2466.9,2433.5,2459.0,217.866,1721750399999,534538.0337,4144,105.018,257841.5749,0,2024-07-23 12:00:00
1721750400000,2459.1,2482.3,2425.1,2432.0,316.051,1721764799999,776452.6091,5004,103.297,254414.4897,0,2024-07-23 16:00:00
1721764800000,2432.0,2444.3,2424.6,2435.8,154.606,1721779199999,376452.6484,3188,55.182,134386.0523,0,2024-07-23 20:00:00
1721779200000,2435.6,2448.0,2430.4,2447.6,101.993,1721793599999,248897.5655,2235,54.774,133710.3432,0,2024-07-24 00:00:00
1721793600000,2447.5,2451.0,2445.4,2447.1,65.494,1721807999999,160319.0831,1426,27.065,66273.5512,0,2024-07-24 04:00:00
1721808000000,2447.7,2449.3,2439.8,2440.8,48.321,1721822399999,118105.4303,1165,14.424,35259.9424,0,2024-07-24 08:00:00
1721822400000,2440.8,2465.6,2438.8,2458.9,165.540,1721836799999,406255.4507,3150,77.116,189420.5895,0,2024-07-24 12:00:00
1721836800000,2459.3,2470.9,2457.8,2466.3,81.716,1721851199999,201267.7845,2358,47.335,116607.8861,0,2024-07-24 16:00:00
1721851200000,2464.7,2492.7,2463.9,2474.5,205.751,1721865599999,510442.8162,4348,119.773,297293.6208,0,2024-07-24 20:00:00
1721865600000,2474.7,2545.1,2473.3,2535.6,874.529,1721879999999,2204107.4207,16675,506.377,1275549.2437,0,2024-07-25 00:00:00
1721880000000,2535.6,2546.7,2522.0,2529.6,500.584,1721894399999,1267315.8510,10470,209.530,530442.2573,0,2024-07-25 04:00:00
1721894400000,2529.6,2539.8,2522.3,2527.6,312.761,1721908799999,791975.7549,7552,154.350,390923.5888,0,2024-07-25 08:00:00
1721908800000,2528.1,2564.0,2525.4,2563.0,754.074,1721923199999,1920144.7214,13172,410.289,1045010.5378,0,2024-07-25 12:00:00
1721923200000,2563.1,2587.7,2549.2,2579.6,1007.894,1721937599999,2591711.9758,17102,558.285,1435666.1483,0,2024-07-25 16:00:00
1721937600000,2580.1,2609.8,2571.1,2581.4,1059.977,1721951999999,2742827.1206,17314,568.294,1471076.7404,0,2024-07-25 20:00:00
1721952000000,2581.5,2597.0,2577.2,2583.4,341.995,1721966399999,884394.5534,7208,159.440,412426.5009,0,2024-07-26 00:00:00
1721966400000,2583.5,2583.8,2554.6,2567.5,431.193,1721980799999,1106700.1674,7150,209.818,538756.1587,0,2024-07-26 04:00:00
1721980800000,2567.6,2587.9,2565.6,2582.5,198.204,1721995199999,510832.9942,4030,120.738,311208.1844,0,2024-07-26 08:00:00
1721995200000,2582.5,2603.2,2579.6,2582.8,506.086,1722009599999,1310137.1214,8106,268.981,696475.4194,0,2024-07-26 12:00:00
1722009600000,2582.9,2585.2,2572.0,2583.5,149.619,1722023999999,385759.7330,3279,93.074,239964.3581,0,2024-07-26 16:00:00
1722024000000,2582.5,2588.3,2571.0,2577.6,145.567,1722038399999,375416.9622,2963,85.137,219504.4685,0,2024-07-26 20:00:00
1722038400000,2577.6,2594.7,2577.6,2588.3,159.432,1722052799999,412685.7272,3438,101.946,263916.0221,0,2024-07-27 00:00:00
1722052800000,2588.4,2589.4,2578.6,2578.9,83.051,1722067199999,214700.4345,1929,44.131,114105.9495,0,2024-07-27 04:00:00
1722067200000,2578.9,2586.1,2572.6,2580.6,103.513,1722081599999,266840.5744,2302,43.747,112814.8363,0,2024-07-27 08:00:00
1722081600000,2580.6,2610.0,2575.5,2609.0,335.619,1722095999999,870659.5687,5864,197.173,511652.6773,0,2024-07-27 12:00:00
1722096000000,2608.5,2621.8,2590.5,2594.6,367.538,1722110399999,959572.6934,7192,210.248,549106.8652,0,2024-07-27 16:00:00
1722110400000,2594.6,2608.2,2576.3,2590.2,505.992,1722124799999,1312005.4464,9343,244.578,634472.6851,0,2024-07-27 20:00:00
1722124800000,2590.1,2600.0,2585.7,2597.6,85.478,1722139199999,221794.5072,2285,48.414,125624.9706,0,2024-07-28 00:00:00
1722139200000,2597.6,2599.6,2589.0,2590.2,83.702,1722153599999,217264.6606,2237,33.153,86044.6588,0,2024-07-28 04:00:00
1722153600000,2590.2,2591.7,2572.7,2583.1,91.313,1722167999999,235761.3714,2328,49.164,126976.2176,0,2024-07-28 08:00:00
1722168000000,2583.1,2585.3,2573.9,2575.6,75.111,1722182399999,193823.7070,2723,34.601,89310.3385,0,2024-07-28 12:00:00
1722182400000,2575.6,2591.0,2572.8,2587.5,99.125,1722196799999,255989.2053,2156,50.819,131371.0151,0,2024-07-28 16:00:00
1722196800000,2587.3,2598.0,2587.0,2594.2,81.146,1722211199999,210393.2544,2164,42.959,111396.8029,0,2024-07-28 20:00:00
1722211200000,2593.4,2605.0,2572.5,2575.8,281.551,1722225599999,729186.3828,5120,137.065,355171.1546,0,2024-07-29 00:00:00
1722225600000,2576.2,2584.3,2565.8,2569.9,215.197,1722239999999,554424.1281,3567,119.857,308872.7380,0,2024-07-29 04:00:00
1722240000000,2570.4,2576.7,2557.0,2572.1,246.064,1722254399999,631200.3523,4244,137.831,353511.2331,0,2024-07-29 08:00:00
1722254400000,2572.0,2582.3,2553.1,2564.7,273.215,1722268799999,701712.1845,6232,136.015,349386.8894,0,2024-07-29 12:00:00
1722268800000,2564.8,2566.2,2522.6,2538.2,374.850,1722283199999,952558.3128,8973,177.525,451315.0335,0,2024-07-29 16:00:00
1722283200000,2538.4,2538.8,2520.7,2528.7,109.448,1722297599999,277095.0414,2723,44.419,112467.6937,0,2024-07-29 20:00:00
1722297600000,2528.7,2529.6,2511.1,2518.0,174.536,1722311999999,439523.9141,4491,90.405,227694.9427,0,2024-07-30 00:00:00
1722312000000,2517.8,2528.8,2515.8,2522.7,55.209,1722326399999,139292.9425,2232,29.860,75348.3943,0,2024-07-30 04:00:00
1722326400000,2522.7,2524.5,2502.3,2506.7,170.210,1722340799999,427373.5741,3490,76.963,193352.5035,0,2024-07-30 08:00:00
1722340800000,2506.5,2511.0,2497.4,2504.9,160.933,1722355199999,402821.1003,3408,69.252,173348.4593,0,2024-07-30 12:00:00
1722355200000,2505.2,2526.3,2501.9,2522.4,129.629,1722369599999,325890.3644,3786,79.026,198699.6903,0,2024-07-30 16:00:00
1722369600000,2522.5,2533.2,2519.2,2519.4,164.307,1722383999999,415175.9916,3684,101.360,256162.8384,0,2024-07-30 20:00:00
1722384000000,2519.4,2524.5,2502.5,2504.6,125.412,1722398399999,315556.6802,2581,68.912,173473.4360,0,2024-07-31 00:00:00
1722398400000,2503.4,2511.0,2481.0,2493.3,277.910,1722412799999,693716.4626,4787,129.290,322917.0776,0,2024-07-31 04:00:00
1722412800000,2493.0,2497.2,2483.3,2491.0,90.707,1722427199999,226183.0108,2087,32.154,80166.7979,0,2024-07-31 08:00:00
1722427200000,2490.9,2516.2,2489.5,2514.8,131.608,1722441599999,329801.5747,3268,81.710,204843.8447,0,2024-07-31 12:00:00
1722441600000,2515.0,2525.5,2504.7,2505.7,150.614,1722455999999,378944.1509,4645,72.965,183601.9126,0,2024-07-31 16:00:00
1722456000000,2504.8,2517.3,2501.1,2509.8,136.516,1722470399999,342717.8553,3707,63.310,158927.3689,0,2024-07-31 20:00:00
1722470400000,2509.7,2520.2,2502.6,2519.3,132.117,1722484799999,331924.9863,4193,64.161,161222.6868,0,2024-08-01 00:00:00
1722484800000,2519.5,2545.0,2516.9,2543.9,243.630,1722499199999,617490.9955,5115,142.340,360758.0594,0,2024-08-01 04:00:00
1722499200000,2543.8,2545.5,2533.3,2538.5,106.204,1722513599999,269669.4053,3495,42.355,107551.4372,0,2024-08-01 08:00:00
1722513600000,2538.5,2560.6,2532.8,2538.3,407.203,1722527999999,1036835.1679,9221,204.277,520171.3100,0,2024-08-01 12:00:00
1722528000000,2538.4,2578.3,2538.3,2557.2,668.461,1722542399999,1710634.7296,13614,364.729,933318.2695,0,2024-08-01 16:00:00
1722542400000,2557.1,2579.7,2551.1,2567.7,362.392,1722556799999,930768.1797,7253,184.652,474306.2016,0,2024-08-01 20:00:00
1722556800000,2567.7,2572.6,2552.7,2566.9,279.061,1722571199999,715612.5349,5344,149.984,384800.3822,0,2024-08-02 00:00:00
1722571200000,2567.6,2595.0,2562.2,2573.9,341.582,1722585599999,881653.5555,6029,198.454,512389.5128,0,2024-08-02 04:00:00
1722585600000,2574.3,2584.0,2571.7,2580.6,148.323,1722599999999,382429.4411,2876,62.593,161420.2275,0,2024-08-02 08:00:00
1722600000000,2580.3,2646.4,2579.2,2620.1,868.418,1722614399999,2267979.2396,15439,491.286,1283960.5929,0,2024-08-02 12:00:00
1722614400000,2620.3,2635.8,2610.0,2615.1,335.847,1722628799999,880944.5654,8373,167.013,438237.6769,0,2024-08-02 16:00:00
1722628800000,2615.1,2623.1,2585.8,2589.8,409.173,1722643199999,1064560.5458,8829,191.442,497927.5735,0,2024-08-02 20:00:00
1722643200000,2590.0,2617.4,2580.7,2601.9,533.325,1722657599999,1388300.8449,10807,271.056,705930.6139,0,2024-08-03 00:00:00
1722657600000,2601.8,2606.7,2587.5,2593.2,144.305,1722671999999,374821.3134,3760,65.923,171269.3596,0,2024-08-03 04:00:00
1722672000000,2593.1,2604.3,2592.0,2597.6,158.565,1722686399999,412135.9158,3856,75.036,195047.8410,0,2024-08-03 08:00:00
1722686400000,2597.1,2616.5,2591.2,2612.4,235.050,1722700799999,611611.5561,5128,110.025,286382.6714,0,2024-08-03 12:00:00
1722700800000,2612.6,2644.6,2612.4,2640.8,845.200,1722715199999,2222487.0589,17621,463.428,1218896.2424,0,2024-08-03 16:00:00
1722715200000,2640.8,2650.6,2627.6,2636.9,591.515,1722729599999,1561063.7450,14509,317.139,837276.9770,0,2024-08-03 20:00:00
1722729600000,2636.9,2641.2,2623.3,2627.4,297.987,1722743999999,783959.5692,8749,147.336,387697.3320,0,2024-08-04 00:00:00
1722744000000,2627.4,2642.5,2620.4,2639.5,298.274,1722758399999,784749.6736,8425,155.420,409109.4688,0,2024-08-04 04:00:00
1722758400000,2639.5,2646.3,2631.0,2645.0,299.484,1722772799999,790426.8671,8422,160.112,422629.8008,0,2024-08-04 08:00:00
1722772800000,2645.1,2665.4,2630.6,2662.5,888.046,1722787199999,2355497.4704,17248,467.643,1240797.2301,0,2024-08-04 12:00:00
1722787200000,2662.2,2722.0,2654.6,2681.6,1795.272,1722801599999,4826361.3241,33300,988.171,2657560.1871,0,2024-08-04 16:00:00
1722801600000,2682.0,2710.2,2671.1,2697.0,420.329,1722815999999,1128860.9128,11582,226.211,607802.4727,0,2024-08-04 20:00:00
1722816000000,2697.0,3005.8,2687.8,2851.9,5331.291,1722830399999,15134926.5823,106575,2913.471,8282811.2889,0,2024-08-05 00:00:00
1722830400000,2852.3,2871.4,2767.8,2768.2,2940.675,1722844799999,8289341.1852,58660,1499.641,4227764.5161,0,2024-08-05 04:00:00
1722844800000,2769.4,2847.8,2769.4,2793.0,1723.546,1722859199999,4844809.9450,38022,877.342,2466851.0034,0,2024-08-05 08:00:00
1722859200000,2793.0,2832.6,2732.1,2737.3,2479.222,1722873599999,6888129.4013,54958,1204.267,3346383.9762,0,2024-08-05 12:00:00
1722873600000,2737.2,2751.0,2712.9,2741.1,1421.995,1722887999999,3882999.9524,37268,658.219,1797630.2788,0,2024-08-05 16:00:00
1722888000000,2740.8,2755.8,2723.1,2741.6,421.490,1722902399999,1155885.6663,13981,197.110,540521.7397,0,2024-08-05 20:00:00
1722902400000,2742.6,2750.0,2700.0,2729.6,750.829,1722916799999,2040105.6779,20258,336.868,915769.7940,0,2024-08-06 00:00:00
1722916800000,2729.7,2732.9,2690.3,2704.9,504.234,1722931199999,1364294.5931,14207,230.552,624000.3176,0,2024-08-06 04:00:00
1722931200000,2705.5,2735.9,2702.9,2729.8,501.246,1722945599999,1365395.5249,14330,266.381,725771.3537,0,2024-08-06 08:00:00
1722945600000,2730.2,2747.2,2697.0,2714.6,651.940,1722959999999,1774254.8857,17939,281.892,767118.5915,0,2024-08-06 12:00:00
1722960000000,2714.8,2757.7,2711.0,2755.0,342.636,1722974399999,938254.5379,12247,178.180,487954.3156,0,2024-08-06 16:00:00
1722974400000,2755.0,2759.5,2729.5,2751.5,240.099,1722988799999,659848.2284,9527,116.506,320265.8083,0,2024-08-06 20:00:00
1722988800000,2751.6,2776.5,2731.1,2733.4,322.428,1723003199999,887459.6626,11918,159.384,438790.0084,0,2024-08-07 00:00:00
1723003200000,2733.7,2743.2,2714.1,2732.9,246.209,1723017599999,672225.4525,9017,104.195,284435.5216,0,2024-08-07 04:00:00
1723017600000,2733.0,2764.6,2726.9,2763.6,318.623,1723031999999,874964.2693,10015,150.465,413322.0681,0,2024-08-07 08:00:00
1723032000000,2763.6,2814.8,2762.3,2783.2,920.025,1723046399999,2567811.1947,24512,468.862,1309828.8072,0,2024-08-07 12:00:00
1723046400000,2783.0,2811.6,2768.3,2772.2,509.067,1723060799999,1421318.7895,16216,270.881,756477.6068,0,2024-08-07 16:00:00
1723060800000,2771.8,2793.4,2754.2,2775.2,390.785,1723075199999,1083283.5409,14280,198.372,550169.4617,0,2024-08-07 20:00:00
1723075200000,2775.5,2796.8,2753.2,2774.0,458.929,1723089599999,1272718.4636,14955,233.038,646496.6301,0,2024-08-08 00:00:00
1723089600000,2773.8,2792.5,2764.3,2790.1,328.006,1723103999999,911001.3106,10059,121.257,336922.6132,0,2024-08-08 04:00:00
1723104000000,2790.1,2791.9,2764.2,2772.3,239.895,1723118399999,666601.2299,9423,129.226,359098.6412,0,2024-08-08 08:00:00
1723118400000,2772.7,2810.0,2752.2,2804.2,684.914,1723132799999,1907406.4593,17417,366.130,1020146.0081,0,2024-08-08 12:00:00
1723132800000,2804.2,2805.1,2752.5,2776.5,430.972,1723147199999,1193911.3048,13292,190.914,529021.6596,0,2024-08-08 16:00:00
1723147200000,2776.6,2802.3,2775.0,2776.4,453.706,1723161599999,1266069.7519,14187,207.700,579617.8479,0,2024-08-08 20:00:00
1723161600000,2776.6,2787.7,2761.7,2770.1,405.672,1723175999999,1126433.8218,12687,172.216,478291.8254,0,2024-08-09 00:00:00
1723176000000,2770.8,2786.9,2764.4,2776.6,210.357,1723190399999,583147.7442,6622,93.440,259075.8193,0,2024-08-09 04:00:00
1723190400000,2776.5,2803.0,2770.3,2797.7,225.791,1723204799999,629776.5304,9002,135.839,378850.8908,0,2024-08-09 08:00:00
1723204800000,2797.8,2830.0,2795.1,2825.8,548.242,1723219199999,1540844.8332,16305,256.239,720277.5128,0,2024-08-09 12:00:00
1723219200000,2825.8,2832.3,2806.5,2832.3,231.294,1723233599999,652440.4773,7703,156.759,442279.2213,0,2024-08-09 16:00:00
1723233600000,2832.3,2835.3,2815.8,2825.7,185.768,1723247999999,525161.7701,7120,96.475,272791.6806,0,2024-08-09 20:00:00
1723248000000,2825.2,2834.2,2803.7,2806.5,227.959,1723262399999,642031.4295,7406,124.784,351398.2859,0,2024-08-10 00:00:00
1723262400000,2807.2,2813.9,2794.6,2804.7,105.869,1723276799999,296739.9937,4284,53.007,148572.4898,0,2024-08-10 04:00:00
1723276800000,2804.6,2809.4,2798.5,2799.5,79.253,1723291199999,222196.3195,3467,36.870,103389.1045,0,2024-08-10 08:00:00
1723291200000,2799.5,2804.3,2793.0,2804.2,138.090,1723305599999,386425.2081,6528,71.431,199900.0806,0,2024-08-10 12:00:00
1723305600000,2803.7,2821.1,2803.7,2819.7,131.295,1723319999999,369095.6275,5275,75.880,213325.9945,0,2024-08-10 16:00:00
1723320000000,2819.7,2824.4,2810.8,2815.0,73.150,1723334399999,205982.6495,3487,43.121,121428.6034,0,2024-08-10 20:00:00
1723334400000,2814.9,2821.1,2780.6,2789.3,176.397,1723348799999,493549.6754,5720,61.497,172064.9228,0,2024-08-11 00:00:00
1723348800000,2789.2,2790.7,2768.2,2770.2,274.929,1723363199999,764579.5479,5563,170.517,474317.5883,0,2024-08-11 04:00:00
1723363200000,2770.1,2783.3,2760.1,2781.2,260.354,1723377599999,721292.5108,8680,138.686,384206.9260,0,2024-08-11 08:00:00
1723377600000,2782.2,2816.6,2781.6,2805.4,237.553,1723391999999,665115.6412,9992,126.033,353013.4522,0,2024-08-11 12:00:00
1723392000000,2805.5,2813.1,2791.2,2812.2,162.871,1723406399999,456557.8204,7142,82.818,232216.8519,0,2024-08-11 16:00:00
1723406400000,2812.6,2825.0,2793.1,2817.1,317.819,1723420799999,894077.1109,11300,193.632,544914.0405,0,2024-08-11 20:00:00
1723420800000,2817.1,2830.3,2799.7,2802.0,332.583,1723435199999,934336.9569,10476,168.340,473114.1705,0,2024-08-12 00:00:00
1723435200000,2801.9,2808.3,2778.6,2782.2,248.600,1723449599999,694391.3403,7900,108.126,302060.2066,0,2024-08-12 04:00:00
1723449600000,2782.6,2782.6,2733.6,2750.5,521.063,1723463999999,1435383.5656,16957,192.701,531070.2701,0,2024-08-12 08:00:00
1723464000000,2750.5,2765.2,2733.4,2763.7,519.011,1723478399999,1426658.9947,15909,230.154,632997.1248,0,2024-08-12 12:00:00
1723478400000,2763.9,2768.6,2746.9,2751.9,144.001,1723492799999,396751.4050,5084,98.854,272346.3060,0,2024-08-12 16:00:00
1723492800000,2751.2,2754.8,2695.2,2715.3,312.787,1723507199999,851291.5036,10354,124.966,340288.0325,0,2024-08-12 20:00:00
1723507200000,2715.2,2752.2,2713.7,2750.2,205.863,1723521599999,562927.3494,8176,115.203,315038.3782,0,2024-08-13 00:00:00
1723521600000,2750.8,2758.0,2744.8,2750.5,78.401,1723535999999,215684.1835,4215,41.715,114772.1215,0,2024-08-13 04:00:00
1723536000000,2750.7,2755.2,2738.6,2739.3,155.723,1723550399999,427835.5441,4742,47.625,130858.1710,0,2024-08-13 08:00:00
1723550400000,2739.3,2765.5,2727.0,2761.0,445.773,1723564799999,1222454.6030,9659,283.618,777792.9485,0,2024-08-13 12:00:00
1723564800000,2761.0,2796.6,2758.1,2782.0,314.565,1723579199999,875363.5737,10043,150.747,419558.9278,0,2024-08-13 16:00:00
1723579200000,2781.7,2787.3,2763.6,2773.3,81.569,1723593599999,226218.8095,4225,36.477,101144.5402,0,2024-08-13 20:00:00
1723593600000,2773.3,2792.9,2772.7,2788.5,235.525,1723607999999,655474.1203,6295,132.863,369860.6964,0,2024-08-14 00:00:00
1723608000000,2789.1,2795.0,2764.5,2779.9,149.784,1723622399999,415935.0850,5546,72.847,202294.6136,0,2024-08-14 04:00:00
1723622400000,2779.9,2781.2,2765.3,2772.8,101.353,1723636799999,281092.7727,4178,43.075,119477.8688,0,2024-08-14 08:00:00
1723636800000,2773.0,2780.0,2740.5,2740.6,325.567,1723651199999,899572.5372,12810,139.942,386608.6048,0,2024-08-14 12:00:00
1723651200000,2740.7,2751.6,2730.7,2730.7,199.049,1723665599999,545575.5015,6570,124.048,339980.6081,0,2024-08-14 16:00:00
1723665600000,2731.0,2739.5,2725.0,2725.5,90.302,1723679999999,246779.9054,3310,33.518,91632.9291,0,2024-08-14 20:00:00
1723680000000,2725.5,2737.7,2710.7,2715.5,132.795,1723694399999,361429.3416,4909,59.234,161267.3940,0,2024-08-15 00:00:00
1723694400000,2715.5,2738.4,2713.5,2729.2,192.152,1723708799999,524038.2584,5406,90.363,246335.6218,0,2024-08-15 04:00:00
1723708800000,2728.6,2746.5,2728.0,2740.7,118.977,1723723199999,325620.1500,4635,73.977,202455.1078,0,2024-08-15 08:00:00
1723723200000,2740.8,2754.8,2732.8,2749.1,178.363,1723737599999,489226.3228,5531,114.831,314980.2060,0,2024-08-15 12:00:00
1723737600000,2749.0,2783.4,2738.3,2739.2,352.246,1723751999999,973397.8247,11586,181.784,502403.6094,0,2024-08-15 16:00:00
1723752000000,2738.7,2751.6,2721.5,2741.7,215.091,1723766399999,588698.8374,7260,97.647,267368.5911,0,2024-08-15 20:00:00
1723766400000,2741.0,2761.6,2727.1,2750.5,186.793,1723780799999,512493.9650,4800,99.438,273000.9240,0,2024-08-16 00:00:00
1723780800000,2750.5,2756.6,2738.0,2740.4,69.870,1723795199999,192073.6711,2665,31.428,86430.4379,0,2024-08-16 04:00:00
1723795200000,2740.4,2750.0,2733.6,2750.0,44.451,1723809599999,121814.2040,1946,28.114,77060.3368,0,2024-08-16 08:00:00
1723809600000,2749.9,2782.0,2748.0,2780.5,350.410,1723823999999,969457.2614,8976,175.370,485321.5893,0,2024-08-16 12:00:00
1723824000000,2780.9,2807.3,2771.6,2802.3,252.263,1723838399999,704508.8532,7454,152.352,425585.8840,0,2024-08-16 16:00:00
1723838400000,2801.7,2803.3,2785.2,2792.4,93.722,1723852799999,261726.8761,4138,39.014,108992.4200,0,2024-08-16 20:00:00
1723852800000,2792.7,2803.4,2790.2,2803.4,119.496,1723867199999,334255.9834,3337,65.838,184209.0340,0,2024-08-17 00:00:00
1723867200000,2802.7,2804.2,2792.5,2799.4,64.311,1723881599999,180027.9007,2021,42.562,119170.7830,0,2024-08-17 04:00:00
1723881600000,2799.2,2806.0,2788.7,2790.6,86.096,1723895999999,240916.4012,3089,33.457,93666.9211,0,2024-08-17 08:00:00
1723896000000,2790.6,2796.8,2782.0,2791.5,121.608,1723910399999,339172.2280,3467,49.583,138332.4439,0,2024-08-17 12:00:00
1723910400000,2791.5,2791.5,2778.1,2778.6,77.888,1723924799999,216866.9074,2838,33.951,94547.9852,0,2024-08-17 16:00:00
1723924800000,2778.6,2782.7,2774.3,2780.6,49.794,1723939199999,138352.3977,1892,27.349,76010.6473,0,2024-08-17 20:00:00
1723939200000,2781.3,2801.4,2778.0,2785.5,95.890,1723953599999,267385.1446,3437,51.853,144665.6041,0,2024-08-18 00:00:00
1723953600000,2784.7,2797.6,2784.0,2791.6,70.486,1723967999999,196874.8896,2227,30.682,85688.9627,0,2024-08-18 04:00:00
1723968000000,2792.5,2797.5,2771.7,2778.0,117.905,1723982399999,328062.4512,3984,58.276,162233.5707,0,2024-08-18 08:00:00
1723982400000,2778.0,2783.2,2754.0,2754.3,172.664,1723996799999,477716.7141,5169,70.883,195912.8835,0,2024-08-18 12:00:00
1723996800000,2754.3,2760.5,2746.3,2747.2,92.124,1724011199999,253756.2969,3291,42.592,117344.2053,0,2024-08-18 16:00:00
1724011200000,2747.4,2758.1,2742.8,2745.1,68.081,1724025599999,187254.8169,3081,33.483,92126.3690,0,2024-08-18 20:00:00
1724025600000,2745.3,2746.8,2731.5,2732.4,74.274,1724039999999,203405.6880,3281,38.459,105337.5633,0,2024-08-19 00:00:00
1724040000000,2732.4,2742.8,2728.5,2741.8,120.832,1724054399999,330483.8009,3301,60.299,164990.8105,0,2024-08-19 04:00:00
1724054400000,2742.5,2755.7,2731.3,2744.6,134.931,1724068799999,370027.5265,4040,72.475,198817.2094,0,2024-08-19 08:00:00
1724068800000,2744.9,2755.7,2742.6,2747.5,122.382,1724083199999,336368.4382,3527,67.163,184540.1692,0,2024-08-19 12:00:00
1724083200000,2748.1,2750.6,2734.0,2740.9,66.159,1724097599999,181458.4332,2673,36.297,99595.2780,0,2024-08-19 16:00:00
1724097600000,2741.1,2741.7,2730.0,2735.4,77.235,1724111999999,211290.4327,2574,39.844,108998.1416,0,2024-08-19 20:00:00
1724112000000,2735.3,2765.0,2730.1,2756.0,149.998,1724126399999,412775.8504,4180,91.045,250501.7625,0,2024-08-20 00:00:00
1724126400000,2756.0,2766.0,2752.9,2754.9,93.345,1724140799999,257501.1035,3397,50.173,138419.8043,0,2024-08-20 04:00:00
1724140800000,2754.6,2767.8,2753.4,2763.1,65.163,1724155199999,179976.1618,2392,36.637,101202.6013,0,2024-08-20 08:00:00
1724155200000,2762.9,2776.1,2742.8,2746.0,270.874,1724169599999,748511.9410,7154,112.583,311234.6269,0,2024-08-20 12:00:00
1724169600000,2746.0,2751.8,2735.0,2741.6,96.768,1724183999999,265390.0583,2935,47.189,129392.5594,0,2024-08-20 16:00:00
1724184000000,2742.8,2750.4,2739.7,2741.7,53.521,1724198399999,146824.2164,2117,23.900,65581.7938,0,2024-08-20 20:00:00
1724198400000,2741.7,2752.7,2740.3,2746.8,66.641,1724212799999,183089.2270,2019,29.289,80475.5716,0,2024-08-21 00:00:00
1724212800000,2746.8,2755.9,2745.5,2753.5,61.367,1724227199999,168709.9726,2283,47.576,130801.5606,0,2024-08-21 04:00:00
1724227200000,2753.5,2761.9,2753.1,2760.6,90.295,1724241599999,248933.2714,2788,66.271,182716.8599,0,2024-08-21 08:00:00
1724241600000,2760.6,2784.8,2757.6,2758.4,261.518,1724255999999,724622.7808,6311,138.847,384959.4760,0,2024-08-21 12:00:00
1724256000000,2758.3,2791.5,2744.8,2789.6,162.467,1724270399999,449837.1331,4597,101.365,280834.9638,0,2024-08-21 16:00:00
1724270400000,2790.0,2794.2,2777.5,2787.9,118.774,1724284799999,330889.2227,3454,70.438,196246.5880,0,2024-08-21 20:00:00
1724284800000,2787.9,2794.4,2770.0,2775.3,95.526,1724299199999,265475.2696,2672,49.637,137981.1596,0,2024-08-22 00:00:00
1724299200000,2776.0,2783.5,2771.1,2775.3,70.184,1724313599999,194745.6998,1412,24.529,68080.7010,0,2024-08-22 04:00:00
1724313600000,2774.9,2780.6,2771.5,2773.4,50.314,1724327999999,139675.9860,1839,20.932,58126.7071,0,2024-08-22 08:00:00
1724328000000,2773.8,2778.7,2756.4,2766.4,177.256,1724342399999,490443.9691,4342,49.593,137143.2208,0,2024-08-22 12:00:00
1724342400000,2765.7,2766.7,2754.1,2755.2,47.204,1724356799999,130244.1664,2028,21.038,58078.9978,0,2024-08-22 16:00:00
1724356800000,2755.4,2757.8,2743.2,2746.5,77.198,1724371199999,212268.5847,2460,32.250,88674.1617,0,2024-08-22 20:00:00
1724371200000,2746.5,2752.2,2740.8,2747.3,106.936,1724385599999,293666.4251,3065,48.248,132526.9775,0,2024-08-23 00:00:00
1724385600000,2747.4,2752.6,2730.0,2743.1,167.830,1724399999999,460058.5435,3593,73.377,201134.1835,0,2024-08-23 04:00:00
1724400000000,2743.1,2752.8,2742.2,2745.8,88.266,1724414399999,242492.0336,2458,50.859,139753.1637,0,2024-08-23 08:00:00
1724414400000,2745.7,2768.0,2743.5,2759.0,250.170,1724428799999,689159.1159,4657,168.775,464870.8132,0,2024-08-23 12:00:00
1724428800000,2758.7,2791.8,2751.4,2784.2,287.574,1724443199999,797843.1250,5808,180.262,500272.7148,0,2024-08-23 16:00:00
1724443200000,2784.8,2809.3,2775.4,2782.1,236.980,1724457599999,661091.9148,6900,117.707,328524.9591,0,2024-08-23 20:00:00
1724457600000,2781.4,2792.6,2778.8,2791.5,72.289,1724471999999,201319.6494,2649,40.676,113296.6742,0,2024-08-24 00:00:00
1724472000000,2791.5,2803.7,2785.6,2802.5,163.478,1724486399999,457336.0099,3555,98.851,276714.7502,0,2024-08-24 04:00:00
1724486400000,2803.1,2804.5,2777.7,2783.7,131.569,1724500799999,367065.4629,3889,49.048,136784.2165,0,2024-08-24 08:00:00
1724500800000,2784.0,2789.4,2772.9,2775.0,149.069,1724515199999,415005.7595,3239,87.279,243092.5527,0,2024-08-24 12:00:00
1724515200000,2775.0,2777.2,2746.1,2753.5,264.508,1724529599999,728759.4504,7801,112.550,310051.5232,0,2024-08-24 16:00:00
1724529600000,2753.1,2786.7,2746.7,2775.1,264.954,1724543999999,733647.3205,8261,146.135,404784.5934,0,2024-08-24 20:00:00
1724544000000,2775.2,2801.2,2772.9,2788.9,397.527,1724558399999,1110147.5699,7188,197.026,550395.9560,0,2024-08-25 00:00:00
1724558400000,2788.3,2828.6,2783.2,2809.0,423.868,1724572799999,1189276.8305,6032,218.626,613476.1404,0,2024-08-25 04:00:00
1724572800000,2809.2,2812.0,2793.3,2799.4,208.209,1724587199999,583560.8956,4819,69.168,193897.5625,0,2024-08-25 08:00:00
1724587200000,2799.1,2801.2,2786.4,2788.4,120.299,1724601599999,336183.8568,4085,35.256,98518.4767,0,2024-08-25 12:00:00
1724601600000,2788.4,2798.5,2786.9,2798.1,79.927,1724615999999,223169.7572,2715,35.726,99766.6574,0,2024-08-25 16:00:00
1724616000000,2798.1,2814.2,2785.1,2808.4,253.009,1724630399999,708319.4366,4810,130.713,366149.2689,0,2024-08-25 20:00:00
1724630400000,2808.4,2816.9,2800.6,2810.1,171.678,1724644799999,482485.6791,4146,79.087,222255.1594,0,2024-08-26 00:00:00
1724644800000,2810.1,2814.9,2798.9,2804.0,130.938,1724659199999,367326.3264,3539,57.210,160604.2809,0,2024-08-26 04:00:00
1724659200000,2804.3,2809.1,2798.3,2805.9,64.490,1724673599999,180720.8506,2372,32.465,90980.0279,0,2024-08-26 08:00:00
1724673600000,2805.8,2820.4,2805.2,2814.6,236.181,1724687999999,664522.9577,5749,140.248,394576.4984,0,2024-08-26 12:00:00
1724688000000,2814.7,2846.9,2813.9,2842.5,472.265,1724702399999,1338503.8174,11103,273.820,775982.3557,0,2024-08-26 16:00:00
1724702400000,2842.6,2848.4,2823.0,2830.0,229.680,1724716799999,651696.3956,7083,117.117,332389.7688,0,2024-08-26 20:00:00
1724716800000,2829.9,2831.6,2819.0,2823.7,183.067,1724731199999,517104.4320,5568,81.981,231597.3123,0,2024-08-27 00:00:00
1724731200000,2823.7,2825.2,2813.2,2815.0,182.309,1724745599999,514092.5440,4466,62.236,175495.4446,0,2024-08-27 04:00:00
1724745600000,2815.3,2850.0,2814.5,2845.0,431.728,1724759999999,1223471.9742,9085,263.328,746139.0586,0,2024-08-27 08:00:00
1724760000000,2845.0,2862.9,2829.5,2843.2,462.051,1724774399999,1314136.1716,10910,233.436,664144.3596,0,2024-08-27 12:00:00
1724774400000,2843.2,2852.3,2842.0,2851.1,185.763,1724788799999,528955.4550,6426,112.826,321317.6914,0,2024-08-27 16:00:00
1724788800000,2851.6,2903.5,2847.9,2860.0,734.418,1724803199999,2105895.4049,19020,386.090,1107389.3211,0,2024-08-27 20:00:00
1724803200000,2859.9,2876.4,2847.1,2848.4,392.040,1724817599999,1122070.3845,12609,223.227,638901.5769,0,2024-08-28 00:00:00
1724817600000,2848.4,2850.5,2833.4,2845.0,298.718,1724831999999,848645.3499,7069,140.467,399139.4033,0,2024-08-28 04:00:00
1724832000000,2845.0,2851.5,2817.5,2826.9,307.364,1724846399999,871561.1214,9375,156.918,445235.1645,0,2024-08-28 08:00:00
1724846400000,2826.7,2841.5,2806.4,2822.6,381.461,1724860799999,1077529.0376,8880,188.775,533500.1358,0,2024-08-28 12:00:00
1724860800000,2822.7,2831.8,2806.1,2814.2,226.708,1724875199999,639302.0839,8412,113.000,318731.2004,0,2024-08-28 16:00:00
1724875200000,2814.2,2817.2,2800.3,2803.7,176.707,1724889599999,496474.3884,6160,85.548,240381.1349,0,2024-08-28 20:00:00
1724889600000,2804.0,2810.8,2799.7,2806.9,100.640,1724903999999,282243.6006,4052,54.437,152672.4826,0,2024-08-29 00:00:00
1724904000000,2806.8,2812.5,2796.9,2805.7,124.763,1724918399999,349884.7046,3783,54.085,151746.2971,0,2024-08-29 04:00:00
1724918400000,2805.7,2821.4,2803.0,2818.7,102.696,1724932799999,288756.4447,4464,62.367,175349.4082,0,2024-08-29 08:00:00
1724932800000,2818.7,2847.3,2815.0,2838.7,181.264,1724947199999,513737.6380,6440,107.525,304708.9840,0,2024-08-29 12:00:00
1724947200000,2838.8,2839.3,2824.1,2826.0,206.319,1724961599999,584228.0751,7379,82.957,234933.3127,0,2024-08-29 16:00:00
1724961600000,2826.3,2840.8,2825.2,2831.8,113.567,1724975999999,321518.6196,5056,57.225,162055.2246,0,2024-08-29 20:00:00
1724976000000,2831.8,2836.2,2820.3,2829.1,125.637,1724990399999,355323.6052,4834,64.646,182850.0201,0,2024-08-30 00:00:00
1724990400000,2829.1,2833.7,2820.2,2832.7,64.555,1725004799999,182435.3655,3109,38.346,108371.4027,0,2024-08-30 04:00:00
1725004800000,2832.2,2842.7,2832.2,2841.4,65.584,1725019199999,186113.4651,2894,37.898,107548.5778,0,2024-08-30 08:00:00
1725019200000,2841.3,2864.9,2829.3,2859.4,473.448,1725033599999,1348573.4761,14450,254.638,725270.6453,0,2024-08-30 12:00:00
1725033600000,2859.3,2867.7,2822.0,2827.9,343.494,1725047999999,978626.6834,12584,188.142,536333.8899,0,2024-08-30 16:00:00
1725048000000,2827.9,2834.2,2819.7,2822.2,101.901,1725062399999,288058.5395,4136,48.052,135862.6712,0,2024-08-30 20:00:00
1725062400000,2822.2,2832.7,2819.0,2826.1,82.860,1725076799999,234199.3320,3602,37.414,105773.9744,0,2024-08-31 00:00:00
1725076800000,2826.1,2828.8,2820.4,2826.5,48.362,1725091199999,136638.3948,2628,21.524,60817.8355,0,2024-08-31 04:00:00
1725091200000,2826.4,2832.3,2819.7,2824.6,63.939,1725105599999,180698.0959,3400,31.287,88438.1888,0,2024-08-31 08:00:00
1725105600000,2824.6,2834.0,2823.9,2828.2,83.747,1725119999999,237061.0724,3304,40.276,114011.0002,0,2024-08-31 12:00:00
1725120000000,2828.0,2844.6,2827.8,2837.0,81.014,1725134399999,229912.2529,3625,45.891,130199.5750,0,2024-08-31 16:00:00
1725134400000,2837.6,2841.6,2830.1,2834.4,47.097,1725148799999,133541.9794,2385,24.616,69796.8490,0,2024-08-31 20:00:00
1725148800000,2834.4,2858.2,2834.4,2839.9,186.628,1725163199999,531451.3385,6460,102.517,291964.6136,0,2024-09-01 00:00:00
1725163200000,2839.9,2853.2,2832.1,2846.2,146.620,1725177599999,417031.1504,5272,77.220,219675.4505,0,2024-09-01 04:00:00
1725177600000,2846.2,2849.7,2839.5,2846.6,66.060,1725191999999,187998.0937,3196,33.415,95107.7904,0,2024-09-01 08:00:00
1725192000000,2846.6,2860.1,2838.3,2838.4,243.804,1725206399999,695140.3321,7413,123.329,351672.8049,0,2024-09-01 12:00:00
1725206400000,2838.3,2855.2,2836.0,2836.5,155.554,1725220799999,442603.6152,5929,76.512,217700.5895,0,2024-09-01 16:00:00
1725220800000,2836.6,2883.1,2830.0,2861.3,342.307,1725235199999,979152.6787,11315,173.600,496670.9601,0,2024-09-01 20:00:00
1725235200000,2861.5,2868.0,2848.7,2858.6,301.998,1725249599999,863141.0615,11693,156.698,447837.3520,0,2024-09-02 00:00:00
1725249600000,2858.6,2879.0,2855.4,2877.5,192.990,1725263999999,553918.3332,7383,103.026,295698.6948,0,2024-09-02 04:00:00
1725264000000,2877.6,2878.4,2826.2,2837.0,401.407,1725278399999,1144057.1137,13479,197.771,563600.8615,0,2024-09-02 08:00:00
1725278400000,2837.1,2854.0,2832.3,2843.0,138.420,1725292799999,393409.1332,6118,66.702,189583.2747,0,2024-09-02 12:00:00
1725292800000,2843.3,2845.0,2826.6,2826.6,84.079,1725307199999,238221.9482,4302,35.567,100775.6980,0,2024-09-02 16:00:00
1725307200000,2826.6,2843.2,2817.9,2839.2,198.066,1725321599999,560420.1145,7174,92.496,261840.8481,0,2024-09-02 20:00:00
1725321600000,2839.6,2848.0,2836.8,2841.4,104.779,1725335999999,297854.6153,4783,53.809,152983.6214,0,2024-09-03 00:00:00
1725336000000,2841.5,2848.0,2836.5,2838.5,73.947,1725350399999,210142.4105,3248,30.478,86644.5625,0,2024-09-03 04:00:00
1725350400000,2838.9,2853.8,2838.5,2846.2,76.186,1725364799999,216934.5519,3350,45.807,130441.4445,0,2024-09-03 08:00:00
1725364800000,2845.9,2866.5,2845.4,2858.0,190.568,1725379199999,544439.2625,6259,93.864,268151.6362,0,2024-09-03 12:00:00
1725379200000,2858.1,2864.7,2852.3,2862.7,106.824,1725393599999,305437.0074,4325,58.409,167013.3026,0,2024-09-03 16:00:00
1725393600000,2862.9,2872.7,2851.8,2867.4,81.181,1725407999999,232310.1039,3090,42.580,121830.1612,0,2024-09-03 20:00:00
1725408000000,2867.6,2910.0,2864.6,2866.4,576.673,1725422399999,1663784.0458,16080,289.611,835748.4555,0,2024-09-04 00:00:00
1725422400000,2866.5,2871.3,2838.3,2847.1,267.422,1725436799999,763292.5888,7743,115.698,330266.4796,0,2024-09-04 04:00:00
1725436800000,2847.1,2867.7,2828.6,2862.9,1488.320,1725451199999,4229407.0237,34320,767.797,2182147.7155,0,2024-09-04 08:00:00
1725451200000,2862.8,2869.0,2836.0,2866.8,442.872,1725465599999,1265473.1669,14209,236.986,677229.0987,0,2024-09-04 12:00:00
1725465600000,2866.5,2870.0,2850.8,2859.8,111.935,1725479999999,320328.2844,5094,51.124,146287.9674,0,2024-09-04 16:00:00
1725480000000,2859.1,2870.9,2857.9,2865.8,55.199,1725494399999,158085.1603,3041,28.416,81379.4617,0,2024-09-04 20:00:00
1725494400000,2865.8,2867.7,2852.0,2862.1,70.649,1725508799999,202162.6306,3344,32.952,94300.5105,0,2024-09-05 00:00:00
1725508800000,2862.1,2867.7,2850.9,2851.4,105.294,1725523199999,301149.6046,3073,50.577,144669.4947,0,2024-09-05 04:00:00
1725523200000,2851.6,2861.0,2851.1,2851.6,36.136,1725537599999,103189.0669,1956,20.382,58204.0961,0,2024-09-05 08:00:00
1725537600000,2851.2,2864.6,2838.3,2838.3,189.769,1725551999999,541210.0384,5480,76.056,216980.8036,0,2024-09-05 12:00:00
1725552000000,2838.6,2860.0,2838.3,2856.8,87.680,1725566399999,250147.0286,3270,45.019,128431.7289,0,2024-09-05 16:00:00
1725566400000,2857.0,2861.2,2845.4,2850.1,64.275,1725580799999,183382.4446,3279,23.438,66887.9965,0,2024-09-05 20:00:00
1725580800000,2851.6,2857.9,2838.7,2839.3,58.934,1725595199999,167780.2323,2816,34.722,98881.4735,0,2024-09-06 00:00:00
1725595200000,2839.2,2863.6,2839.2,2859.0,82.540,1725609599999,235409.9888,2917,46.467,132563.9302,0,2024-09-06 04:00:00
1725609600000,2860.9,2863.6,2840.0,2840.0,54.352,1725623999999,154887.6461,1893,14.714,41969.4292,0,2024-09-06 08:00:00
1725624000000,2840.0,2855.8,2821.7,2821.7,210.477,1725638399999,597088.5111,5557,87.975,249707.9682,0,2024-09-06 12:00:00
1725638400000,2821.8,2877.5,2821.7,2867.1,287.294,1725652799999,821853.1969,7490,167.912,480287.5010,0,2024-09-06 16:00:00
1725652800000,2867.3,2887.4,2858.6,2868.8,255.358,1725667199999,733613.9413,7108,138.621,398374.3768,0,2024-09-06 20:00:00
1725667200000,2868.8,2873.1,2857.4,2859.4,140.926,1725681599999,404069.4949,3397,71.340,204565.7405,0,2024-09-07 00:00:00
1725681600000,2859.2,2862.6,2830.7,2832.9,116.087,1725695999999,330168.6319,4087,48.502,138072.1669,0,2024-09-07 04:00:00
1725696000000,2832.9,2845.7,2831.3,2836.7,79.966,1725710399999,226920.7606,2974,42.314,120099.2413,0,2024-09-07 08:00:00
1725710400000,2836.7,2848.1,2828.6,2836.3,86.799,1725724799999,246222.4454,2365,41.579,118010.1767,0,2024-09-07 12:00:00
1725724800000,2836.4,2839.0,2832.2,2833.5,42.777,1725739199999,121265.4069,1934,19.772,56049.1620,0,2024-09-07 16:00:00
1725739200000,2833.6,2844.7,2828.6,2833.1,47.802,1725753599999,135527.5818,1949,22.779,64594.6455,0,2024-09-07 20:00:00
1725753600000,2833.0,2835.0,2825.6,2826.0,48.997,1725767999999,138691.7722,1509,21.005,59483.8079,0,2024-09-08 00:00:00
1725768000000,2826.6,2828.1,2801.3,2812.0,185.452,1725782399999,521938.7845,2506,65.684,184938.0750,0,2024-09-08 04:00:00
1725782400000,2812.7,2817.3,2802.3,2815.4,115.069,1725796799999,323367.0601,3653,47.060,132290.4131,0,2024-09-08 08:00:00
1725796800000,2815.6,2835.6,2814.0,2830.1,199.715,1725811199999,563714.3431,3619,93.265,263295.9763,0,2024-09-08 12:00:00
1725811200000,2830.1,2836.5,2824.5,2831.9,74.258,1725825599999,210225.4482,1683,34.696,98246.5872,0,2024-09-08 16:00:00
1725825600000,2831.9,2835.2,2815.3,2828.2,76.915,1725839999999,217234.7793,2263,38.305,108190.8597,0,2024-09-08 20:00:00
1725840000000,2827.9,2841.3,2822.3,2836.8,61.105,1725854399999,172897.3225,2129,33.751,95554.2587,0,2024-09-09 00:00:00
1725854400000,2837.1,2839.4,2819.0,2819.9,46.784,1725868799999,132409.0479,1620,20.018,56677.6477,0,2024-09-09 04:00:00
1725868800000,2819.9,2831.0,2818.4,2830.4,47.032,1725883199999,132847.0560,1451,24.242,68499.0136,0,2024-09-09 08:00:00
1725883200000,2830.2,2855.0,2829.0,2852.8,212.781,1725897599999,605206.4439,4471,127.209,361938.1517,0,2024-09-09 12:00:00
1725897600000,2852.7,2867.0,2834.5,2866.1,214.351,1725911999999,611387.5180,4304,110.908,316495.7850,0,2024-09-09 16:00:00
1725912000000,2864.7,2881.0,2857.9,2857.9,240.301,1725926399999,689279.1673,4156,128.859,369885.3383,0,2024-09-09 20:00:00
1725926400000,2858.9,2873.2,2855.2,2858.0,74.221,1725940799999,212442.3597,1736,33.953,97253.5157,0,2024-09-10 00:00:00
1725940800000,2858.0,2868.6,2850.0,2865.4,85.316,1725955199999,244123.5773,1761,45.780,131062.4115,0,2024-09-10 04:00:00
1725955200000,2865.4,2871.8,2859.7,2870.5,33.481,1725969599999,96003.0157,1361,18.758,53798.2521,0,2024-09-10 08:00:00
1725969600000,2870.5,2875.0,2862.2,2869.3,71.156,1725983999999,204186.7428,1730,31.981,91780.5129,0,2024-09-10 12:00:00
1725984000000,2869.3,2878.8,2862.2,2878.7,96.738,1725998399999,277828.3509,2394,53.757,154442.6922,0,2024-09-10 16:00:00
1725998400000,2878.7,2880.0,2859.1,2867.3,59.694,1726012799999,171171.7935,1739,22.646,64926.4576,0,2024-09-10 20:00:00
1726012800000,2867.3,2876.0,2859.0,2863.9,104.645,1726027199999,300015.2229,1951,36.114,103584.3965,0,2024-09-11 00:00:00
1726027200000,2864.2,2870.0,2858.6,2868.5,40.060,1726041599999,114786.3186,1600,21.615,61943.5115,0,2024-09-11 04:00:00
1726041600000,2867.5,2886.0,2866.7,2880.5,149.177,1726055999999,429569.7227,2522,95.634,275385.0744,0,2024-09-11 08:00:00
1726056000000,2880.4,2883.7,2864.3,2879.2,258.835,1726070399999,743709.4283,3955,119.702,344048.9663,0,2024-09-11 12:00:00
1726070400000,2879.2,2897.2,2871.2,2891.2,237.195,1726084799999,684448.8564,3772,169.656,489723.6343,0,2024-09-11 16:00:00
1726084800000,2890.6,2890.6,2878.7,2879.3,75.978,1726099199999,219035.0051,1713,42.424,122291.4516,0,2024-09-11 20:00:00
1726099200000,2879.4,2884.4,2871.9,2884.0,118.741,1726113599999,341705.5223,2473,65.415,188267.4225,0,2024-09-12 00:00:00
1726113600000,2883.9,2887.4,2880.5,2886.7,87.492,1726127999999,252255.2983,1631,29.117,83967.6409,0,2024-09-12 04:00:00
1726128000000,2886.6,2892.5,2883.8,2889.5,73.596,1726142399999,212587.0686,1846,37.486,108297.4764,0,2024-09-12 08:00:00
1726142400000,2889.3,2893.0,2861.8,2890.4,209.324,1726156799999,602297.8979,3994,103.904,299115.8945,0,2024-09-12 12:00:00
1726156800000,2890.4,2897.7,2882.7,2890.3,159.454,1726171199999,461180.3607,3078,71.366,206480.7740,0,2024-09-12 16:00:00
1726171200000,2891.2,2893.1,2874.6,2876.8,93.215,1726185599999,268711.1089,2066,36.888,106343.3482,0,2024-09-12 20:00:00
1726185600000,2876.7,2883.3,2873.7,2875.1,39.150,1726199999999,112731.5970,1445,19.630,56536.3670,0,2024-09-13 00:00:00
1726200000000,2874.0,2889.0,2872.8,2888.0,60.505,1726214399999,174328.7919,1467,40.396,116416.1996,0,2024-09-13 04:00:00
1726214400000,2888.1,2888.7,2877.0,2878.1,49.337,1726228799999,142215.9591,1305,19.348,55793.2039,0,2024-09-13 08:00:00
1726228800000,2878.2,2899.0,2870.9,2894.8,165.535,1726243199999,477672.8845,3437,96.175,277774.3024,0,2024-09-13 12:00:00
1726243200000,2895.8,2899.9,2888.9,2892.5,126.852,1726257599999,367215.7183,3279,77.337,223902.6017,0,2024-09-13 16:00:00
1726257600000,2891.6,2933.3,2885.5,2913.9,346.407,1726271999999,1007653.2944,5471,197.523,574816.8133,0,2024-09-13 20:00:00
1726272000000,2913.4,2924.4,2907.8,2908.3,125.545,1726286399999,366053.6218,3457,57.182,166778.4215,0,2024-09-14 00:00:00
1726286400000,2908.4,2913.6,2902.7,2912.2,71.980,1726300799999,209312.1430,2482,43.258,125823.1375,0,2024-09-14 04:00:00
1726300800000,2911.6,2914.9,2900.3,2901.5,69.240,1726315199999,201398.9368,2427,40.588,118085.0415,0,2024-09-14 08:00:00
1726315200000,2901.5,2909.2,2897.5,2904.5,85.167,1726329599999,247175.3337,2604,46.978,136357.5681,0,2024-09-14 12:00:00
1726329600000,2904.9,2914.0,2901.2,2909.3,61.828,1726343999999,179794.0305,2012,33.493,97401.8110,0,2024-09-14 16:00:00
1726344000000,2908.6,2913.9,2905.9,2909.4,30.777,1726358399999,89548.7935,1493,16.413,47755.4502,0,2024-09-14 20:00:00
1726358400000,2909.1,2911.7,2900.0,2911.7,38.103,1726372799999,110782.4631,1558,20.929,60858.8490,0,2024-09-15 00:00:00
1726372800000,2911.9,2918.6,2908.3,2912.7,49.591,1726387199999,144509.0872,1979,28.312,82509.7260,0,2024-09-15 04:00:00
1726387200000,2912.7,2924.3,2909.6,2923.1,93.900,1726401599999,274028.7787,2330,67.278,196342.6491,0,2024-09-15 08:00:00
1726401600000,2923.1,2930.0,2916.2,2926.9,98.505,1726415999999,287974.2534,2684,63.394,185353.9481,0,2024-09-15 12:00:00
1726416000000,2926.9,2949.2,2925.6,2943.8,186.688,1726430399999,548247.0636,4596,96.545,283464.6917,0,2024-09-15 16:00:00
1726430400000,2944.2,2966.3,2937.9,2962.3,355.885,1726444799999,1050658.8482,6637,199.709,589742.9749,0,2024-09-15 20:00:00
1726444800000,2962.7,2987.5,2950.4,2974.6,353.504,1726459199999,1050787.2609,9450,173.870,516841.2249,0,2024-09-16 00:00:00
1726459200000,2974.4,2976.1,2958.7,2962.2,179.305,1726473599999,532001.2657,5202,94.604,280706.3503,0,2024-09-16 04:00:00
1726473600000,2962.2,2971.8,2949.8,2951.7,179.656,1726487999999,531817.8842,6607,90.160,266923.6962,0,2024-09-16 08:00:00
1726488000000,2952.4,2961.2,2934.9,2943.2,311.624,1726502399999,918637.5505,8547,126.074,371799.8393,0,2024-09-16 12:00:00
1726502400000,2943.7,2954.1,2934.6,2953.4,238.839,1726516799999,702802.2974,6850,132.708,390570.1798,0,2024-09-16 16:00:00
1726516800000,2953.4,2959.4,2946.4,2950.5,122.260,1726531199999,361141.5535,4432,67.857,200468.2175,0,2024-09-16 20:00:00
1726531200000,2950.1,2958.4,2948.1,2949.7,114.896,1726545599999,339277.4611,4723,71.036,209765.8944,0,2024-09-17 00:00:00
1726545600000,2949.5,2959.8,2944.0,2958.6,127.997,1726559999999,377939.2239,4925,67.646,199778.3224,0,2024-09-17 04:00:00
1726560000000,2958.7,2978.6,2953.8,2977.3,133.324,1726574399999,395859.6733,4120,80.963,240327.9883,0,2024-09-17 08:00:00
1726574400000,2975.4,3015.1,2970.0,3001.8,540.743,1726588799999,1619469.6716,11339,322.320,965481.5046,0,2024-09-17 12:00:00
1726588800000,3002.0,3030.0,2984.0,2987.0,527.679,1726603199999,1588653.8748,9640,274.846,827983.9295,0,2024-09-17 16:00:00
1726603200000,2986.6,3014.2,2980.5,3012.2,193.441,1726617599999,580549.8718,4830,94.481,283632.0120,0,2024-09-17 20:00:00
1726617600000,3012.7,3031.0,3010.3,3025.3,166.720,1726631999999,503808.5158,4883,84.741,256125.2055,0,2024-09-18 00:00:00
1726632000000,3025.5,3049.1,3025.3,3032.0,416.335,1726646399999,1264264.9460,7241,224.143,680783.2119,0,2024-09-18 04:00:00
1726646400000,3031.6,3044.0,3023.7,3038.2,128.138,1726660799999,388602.9954,4622,59.626,180875.7833,0,2024-09-18 08:00:00
1726660800000,3038.3,3039.8,3023.6,3033.6,110.926,1726675199999,336207.6955,4248,51.132,155039.2362,0,2024-09-18 12:00:00
1726675200000,3033.5,3044.0,3026.5,3028.8,320.819,1726689599999,973727.7689,7214,164.372,498945.0896,0,2024-09-18 16:00:00
1726689600000,3028.7,3034.5,3012.6,3031.8,226.964,1726703999999,686125.1271,5311,109.955,332515.8405,0,2024-09-18 20:00:00
1726704000000,3031.7,3041.0,3009.6,3017.7,310.783,1726718399999,940212.0700,6953,162.527,491720.2109,0,2024-09-19 00:00:00
1726718400000,3017.9,3018.2,2988.5,2993.5,204.640,1726732799999,614398.2710,5121,73.382,220355.7283,0,2024-09-19 04:00:00
1726732800000,2993.9,3022.7,2991.0,3017.1,178.052,1726747199999,535425.9994,5566,107.008,321855.5803,0,2024-09-19 08:00:00
1726747200000,3017.6,3041.6,3015.7,3025.0,226.875,1726761599999,687225.4755,6655,122.322,370541.3148,0,2024-09-19 12:00:00
1726761600000,3025.0,3025.2,2997.0,3009.8,232.465,1726775999999,699945.1592,8232,121.698,366486.5323,0,2024-09-19 16:00:00
1726776000000,3010.0,3010.1,2993.2,2995.4,190.294,1726790399999,570988.5300,5194,85.442,256380.2578,0,2024-09-19 20:00:00
1726790400000,2995.2,3016.6,2985.4,2986.7,199.004,1726804799999,597402.5735,5935,87.240,262108.9185,0,2024-09-20 00:00:00
1726804800000,2986.2,2989.3,2930.0,2931.0,438.774,1726819199999,1299227.4987,11075,179.984,533214.5997,0,2024-09-20 04:00:00
1726819200000,2931.0,2960.0,2926.8,2950.2,216.854,1726833599999,638579.5250,6827,131.016,385916.9963,0,2024-09-20 08:00:00
1726833600000,2950.7,2951.2,2937.5,2938.8,268.679,1726847999999,791124.7115,8661,125.422,369336.9076,0,2024-09-20 12:00:00
1726848000000,2938.5,2945.9,2928.9,2938.1,192.555,1726862399999,565830.2604,6193,92.556,272002.2066,0,2024-09-20 16:00:00
1726862400000,2937.4,2948.5,2930.7,2940.6,106.900,1726876799999,314563.7012,3476,48.406,142409.4971,0,2024-09-20 20:00:00
1726876800000,2940.5,2949.0,2925.0,2939.8,164.465,1726891199999,482755.9382,5066,76.194,223734.9125,0,2024-09-21 00:00:00
1726891200000,2940.5,2952.5,2926.4,2927.4,97.304,1726905599999,286001.2199,3634,56.456,165968.6519,0,2024-09-21 04:00:00
1726905600000,2927.4,2932.6,2925.0,2927.7,58.365,1726919999999,170893.4062,2745,30.071,88058.8721,0,2024-09-21 08:00:00
1726920000000,2927.7,2930.2,2905.0,2918.8,258.226,1726934399999,753364.8956,5393,127.305,371478.4400,0,2024-09-21 12:00:00
1726934400000,2918.8,2921.0,2906.7,2908.7,84.098,1726948799999,244931.7014,3668,35.089,102211.0922,0,2024-09-21 16:00:00
1726948800000,2908.6,2913.2,2881.3,2883.7,136.048,1726963199999,394117.2844,4091,46.478,134676.3827,0,2024-09-21 20:00:00
1726963200000,2884.0,2895.8,2875.2,2892.9,216.844,1726977599999,625150.8622,5519,96.522,278324.6191,0,2024-09-22 00:00:00
1726977600000,2893.0,2902.9,2888.4,2895.7,106.855,1726991999999,309481.5944,3165,53.059,153685.5440,0,2024-09-22 04:00:00
1726992000000,2895.4,2901.1,2881.1,2900.6,158.513,1727006399999,458770.2076,4702,82.882,239925.0379,0,2024-09-22 08:00:00
1727006400000,2900.6,2917.6,2895.5,2912.3,174.209,1727020799999,506776.3454,4643,78.701,228818.8013,0,2024-09-22 12:00:00
1727020800000,2912.3,2921.3,2906.6,2920.3,106.520,1727035199999,310415.2396,3901,56.954,166017.9119,0,2024-09-22 16:00:00
1727035200000,2920.6,2945.0,2915.0,2935.2,244.901,1727049599999,718194.3386,7427,129.908,380927.0431,0,2024-09-22 20:00:00
1727049600000,2935.2,2938.7,2891.9,2894.6,256.945,1727063999999,748761.6434,8543,106.805,311286.1091,0,2024-09-23 00:00:00
1727064000000,2894.8,2899.8,2876.6,2891.8,245.007,1727078399999,707491.0680,7497,120.841,348979.4956,0,2024-09-23 04:00:00
1727078400000,2890.8,2900.0,2887.3,2890.7,83.817,1727092799999,242506.6923,4449,45.396,131375.0736,0,2024-09-23 08:00:00
1727092800000,2890.9,2892.4,2867.0,2869.5,192.542,1727107199999,554236.5807,6088,79.106,227769.7259,0,2024-09-23 12:00:00
1727107200000,2869.5,2872.9,2846.0,2850.3,268.100,1727121599999,765769.0487,6627,100.934,288396.7879,0,2024-09-23 16:00:00
1727121600000,2850.4,2868.8,2847.1,2866.4,78.932,1727135999999,225815.6062,3266,45.448,130028.0370,0,2024-09-23 20:00:00
1727136000000,2866.9,2872.1,2861.4,2863.4,131.429,1727150399999,376741.6139,5169,49.839,142881.0318,0,2024-09-24 00:00:00
1727150400000,2863.4,2874.4,2862.4,2872.0,70.897,1727164799999,203519.0545,3231,30.345,87120.6399,0,2024-09-24 04:00:00
1727164800000,2871.8,2876.5,2865.1,2869.2,69.075,1727179199999,198302.3596,3008,32.635,93715.4680,0,2024-09-24 08:00:00
1727179200000,2869.2,2880.8,2863.0,2874.7,122.464,1727193599999,351933.2071,4763,66.780,191959.9776,0,2024-09-24 12:00:00
1727193600000,2874.5,2888.9,2864.1,2887.0,111.543,1727207999999,320270.3326,3346,79.218,227423.3070,0,2024-09-24 16:00:00
1727208000000,2886.3,2891.6,2871.1,2872.8,94.331,1727222399999,271753.6530,3939,45.438,130949.3561,0,2024-09-24 20:00:00
1727222400000,2872.4,2885.0,2870.1,2884.6,82.067,1727236799999,236202.2433,2945,30.684,88296.4025,0,2024-09-25 00:00:00
1727236800000,2884.7,2899.9,2880.3,2888.1,98.497,1727251199999,284744.0936,3780,52.060,150526.3522,0,2024-09-25 04:00:00
1727251200000,2888.4,2890.1,2874.5,2878.6,95.890,1727265599999,276287.7827,4086,32.894,94813.8287,0,2024-09-25 08:00:00
1727265600000,2879.0,2886.1,2876.7,2884.7,54.880,1727279999999,158074.2352,2892,31.383,90410.6845,0,2024-09-25 12:00:00
1727280000000,2884.7,2895.0,2879.8,2894.4,61.572,1727294399999,177879.8096,2715,33.834,97779.4139,0,2024-09-25 16:00:00
1727294400000,2893.8,2907.0,2891.7,2896.4,59.372,1727308799999,172173.2056,2507,28.071,81427.4551,0,2024-09-25 20:00:00
1727308800000,2896.5,2904.7,2886.1,2894.7,75.539,1727323199999,218696.5178,3372,30.562,88530.2399,0,2024-09-26 00:00:00
1727323200000,2894.7,2897.4,2868.4,2871.4,77.299,1727337599999,222968.7577,3343,28.610,82595.1969,0,2024-09-26 04:00:00
1727337600000,2871.5,2895.0,2870.3,2891.9,61.071,1727351999999,176167.4769,2687,37.388,107879.9690,0,2024-09-26 08:00:00
1727352000000,2890.8,2905.1,2888.1,2893.3,188.608,1727366399999,546463.3389,7159,93.935,272274.7932,0,2024-09-26 12:00:00
1727366400000,2893.0,2910.3,2883.3,2884.1,76.028,1727380799999,220347.4183,4265,32.769,95030.6618,0,2024-09-26 16:00:00
1727380800000,2884.8,2911.0,2883.5,2909.5,79.920,1727395199999,231775.5449,3934,45.140,130953.5046,0,2024-09-26 20:00:00
1727395200000,2909.5,2914.1,2902.5,2907.7,87.536,1727409599999,254641.4254,3903,49.955,145358.5606,0,2024-09-27 00:00:00
1727409600000,2907.6,2908.5,2880.8,2890.9,126.755,1727423999999,366469.4197,5351,57.244,165530.7461,0,2024-09-27 04:00:00
1727424000000,2890.9,2910.5,2881.4,2897.0,110.781,1727438399999,321075.2022,5125,58.552,169754.9508,0,2024-09-27 08:00:00
1727438400000,2897.3,2904.8,2885.3,2890.5,91.732,1727452799999,265545.5625,4693,37.190,107691.7258,0,2024-09-27 12:00:00
1727452800000,2890.1,2892.9,2872.5,2874.9,86.984,1727467199999,250455.4134,4096,31.323,90197.6929,0,2024-09-27 16:00:00
1727467200000,2874.6,2885.2,2874.0,2882.3,39.119,1727481599999,112648.1942,2207,23.149,66675.3771,0,2024-09-27 20:00:00
1727481600000,2882.1,2887.9,2874.0,2885.9,44.548,1727495999999,128382.3826,2698,20.231,58321.0373,0,2024-09-28 00:00:00
1727496000000,2885.6,2905.4,2881.3,2898.6,96.039,1727510399999,278127.7704,3819,44.284,128237.1102,0,2024-09-28 04:00:00
1727510400000,2898.5,2915.0,2889.5,2890.4,102.498,1727524799999,297358.1290,4057,47.324,137399.3753,0,2024-09-28 08:00:00
1727524800000,2891.1,2900.0,2878.5,2885.0,97.770,1727539199999,282373.9355,2990,31.995,92474.3393,0,2024-09-28 12:00:00
1727539200000,2884.7,2887.1,2878.1,2884.0,41.896,1727553599999,120816.7821,2302,18.346,52913.7750,0,2024-09-28 16:00:00
1727553600000,2883.8,2896.4,2883.8,2894.4,31.632,1727567999999,91446.6324,1858,19.369,56000.1694,0,2024-09-28 20:00:00
1727568000000,2895.2,2898.5,2889.1,2891.7,54.727,1727582399999,158385.7052,2426,34.724,100507.1095,0,2024-09-29 00:00:00
1727582400000,2891.4,2921.0,2888.8,2910.3,194.476,1727596799999,565868.0953,4026,117.902,343242.4897,0,2024-09-29 04:00:00
1727596800000,2910.1,2916.2,2902.0,2906.2,88.020,1727611199999,255987.9195,3369,33.267,96757.7235,0,2024-09-29 08:00:00
1727611200000,2906.2,2916.4,2888.0,2889.2,120.178,1727625599999,348695.4709,4416,54.058,156889.7966,0,2024-09-29 12:00:00
1727625600000,2889.2,2898.3,2885.1,2888.5,63.708,1727639999999,184148.8418,3311,28.429,82190.2183,0,2024-09-29 16:00:00
1727640000000,2887.9,2902.7,2882.6,2893.1,88.595,1727654399999,256357.9773,3321,50.617,146529.5590,0,2024-09-29 20:00:00
1727654400000,2893.1,2908.6,2883.2,2886.1,190.798,1727668799999,552379.0481,5025,81.283,235490.2858,0,2024-09-30 00:00:00
1727668800000,2886.2,2889.0,2873.0,2875.6,87.458,1727683199999,251790.5574,3657,32.887,94668.5757,0,2024-09-30 04:00:00
1727683200000,2876.1,2879.3,2852.2,2864.1,228.995,1727697599999,656274.7936,8771,105.388,301957.2790,0,2024-09-30 08:00:00
1727697600000,2864.1,2887.0,2861.7,2885.6,100.871,1727711999999,289726.7128,4100,50.025,143729.6102,0,2024-09-30 12:00:00
1727712000000,2886.2,2890.0,2873.7,2879.5,118.584,1727726399999,341564.0382,4720,62.774,180866.9267,0,2024-09-30 16:00:00
1727726400000,2879.4,2889.8,2870.4,2886.9,124.951,1727740799999,359977.2776,4656,61.854,178179.4337,0,2024-09-30 20:00:00
1727740800000,2886.9,2887.8,2860.7,2864.1,88.625,1727755199999,254576.1473,3921,42.772,122959.5964,0,2024-10-01 00:00:00
1727755200000,2863.9,2865.1,2851.0,2858.9,82.169,1727769599999,234800.3201,3050,40.521,115811.5237,0,2024-10-01 04:00:00
1727769600000,2859.0,2861.2,2854.2,2858.5,41.982,1727783999999,119987.5898,2099,20.372,58236.2487,0,2024-10-01 08:00:00
1727784000000,2858.6,2950.6,2857.2,2924.4,826.704,1727798399999,2403143.4074,19176,425.225,1236708.9269,0,2024-10-01 12:00:00
1727798400000,2924.7,2974.0,2918.1,2938.1,764.191,1727812799999,2245767.7497,19445,381.279,1120763.3806,0,2024-10-01 16:00:00
1727812800000,2938.0,2938.0,2912.6,2924.2,328.860,1727827199999,961815.1893,11159,163.661,478742.2495,0,2024-10-01 20:00:00
1727827200000,2924.5,2932.4,2917.6,2923.9,357.579,1727841599999,1046134.2980,8917,169.205,495121.9412,0,2024-10-02 00:00:00
1727841600000,2924.4,2929.4,2912.8,2925.7,155.472,1727855999999,454178.9163,5779,68.308,199632.9735,0,2024-10-02 04:00:00
1727856000000,2926.1,2944.2,2923.1,2938.8,304.052,1727870399999,893076.4478,8954,156.402,459518.9120,0,2024-10-02 08:00:00
1727870400000,2938.7,2964.7,2934.0,2962.8,515.524,1727884799999,1522351.4714,12435,239.878,708643.3592,0,2024-10-02 12:00:00
1727884800000,2962.6,3002.2,2960.7,2978.8,643.207,1727899199999,1918914.0924,14375,344.736,1028789.3469,0,2024-10-02 16:00:00
1727899200000,2978.5,3020.0,2977.8,3010.2,355.869,1727913599999,1067852.4490,10476,204.328,612932.6320,0,2024-10-02 20:00:00
1727913600000,3010.3,3025.9,3000.0,3008.7,334.469,1727927999999,1007397.6963,9436,184.490,555745.0658,0,2024-10-03 00:00:00
1727928000000,3008.8,3031.8,3001.8,3030.0,272.514,1727942399999,822169.5004,6909,141.246,426209.8766,0,2024-10-03 04:00:00
1727942400000,3030.0,3054.0,3024.0,3042.0,835.969,1727956799999,2540041.6315,18692,420.518,1278082.4599,0,2024-10-03 08:00:00
1727956800000,3041.5,3060.7,3020.0,3044.7,635.173,1727971199999,1932627.9583,15633,351.669,1070568.9847,0,2024-10-03 12:00:00
1727971200000,3044.7,3056.7,3034.3,3043.3,288.995,1727985599999,879688.3381,9052,144.400,439610.3514,0,2024-10-03 16:00:00
1727985600000,3043.0,3049.0,3032.9,3034.4,173.484,1727999999999,527445.5824,5949,91.774,279088.3583,0,2024-10-03 20:00:00
1728000000000,3034.4,3039.3,3020.9,3027.4,152.597,1728014399999,462388.3478,5597,72.064,218378.7482,0,2024-10-04 00:00:00
1728014400000,3027.4,3028.7,3013.4,3027.5,131.100,1728028799999,396117.5608,4616,72.360,218630.7196,0,2024-10-04 04:00:00
1728028800000,3027.6,3029.3,3018.4,3021.7,119.103,1728043199999,360154.7177,4497,62.631,189418.4196,0,2024-10-04 08:00:00
1728043200000,3021.1,3034.1,3011.5,3013.1,180.791,1728057599999,547022.6340,6903,96.010,290570.5285,0,2024-10-04 12:00:00
1728057600000,3012.6,3021.9,2998.0,3017.1,269.497,1728071999999,811237.7158,8136,131.283,395279.4496,0,2024-10-04 16:00:00
1728072000000,3016.5,3024.5,3015.1,3017.2,57.944,1728086399999,174956.9265,2878,30.583,92357.2304,0,2024-10-04 20:00:00
1728086400000,3016.9,3030.0,3007.6,3027.6,78.861,1728100799999,238157.7047,3374,43.276,130751.9827,0,2024-10-05 00:00:00
1728100800000,3027.5,3031.3,3008.1,3011.7,61.719,1728115199999,186208.7884,3259,27.632,83399.3757,0,2024-10-05 04:00:00
1728115200000,3011.7,3016.6,3005.9,3014.7,74.346,1728129599999,223799.6874,3378,36.825,110872.7775,0,2024-10-05 08:00:00
1728129600000,3014.8,3027.7,3013.4,3015.4,75.708,1728143999999,228712.5623,3515,39.751,120075.2059,0,2024-10-05 12:00:00
1728144000000,3015.4,3026.9,3014.4,3022.7,120.559,1728158399999,364244.2104,3546,33.929,102517.4721,0,2024-10-05 16:00:00
1728158400000,3022.7,3028.6,3009.0,3017.8,58.277,1728172799999,175933.5530,3244,26.027,78593.7269,0,2024-10-05 20:00:00
1728172800000,3017.6,3020.5,3006.0,3012.7,58.447,1728187199999,175989.8255,2305,21.207,63871.5065,0,2024-10-06 00:00:00
1728187200000,3012.6,3016.2,3007.8,3010.9,58.667,1728201599999,176691.2247,2109,27.307,82262.4750,0,2024-10-06 04:00:00
1728201600000,3010.5,3013.7,3005.0,3008.2,90.576,1728215999999,272479.8518,3124,48.788,146774.5356,0,2024-10-06 08:00:00
1728216000000,3008.9,3013.4,3002.1,3009.0,117.622,1728230399999,353773.6356,6018,53.981,162382.2317,0,2024-10-06 12:00:00
1728230400000,3009.1,3016.7,3006.5,3011.4,71.135,1728244799999,214258.0186,3254,37.379,112596.6058,0,2024-10-06 16:00:00
1728244800000,3012.0,3023.3,3007.7,3013.0,89.261,1728259199999,269208.4049,3294,57.163,172413.9962,0,2024-10-06 20:00:00
1728259200000,3013.1,3014.8,2985.0,2991.3,274.255,1728273599999,822817.0058,7808,127.419,382255.3343,0,2024-10-07 00:00:00
1728273600000,2991.3,3013.3,2990.6,3008.0,156.552,1728287999999,469817.3807,4137,107.596,322992.9700,0,2024-10-07 04:00:00
1728288000000,3008.2,3029.4,3001.6,3003.3,207.365,1728302399999,624840.1929,5566,110.953,334370.4744,0,2024-10-07 08:00:00
1728302400000,3003.3,3018.0,2998.2,3017.5,263.948,1728316799999,793896.0180,5119,142.944,430074.0762,0,2024-10-07 12:00:00
1728316800000,3017.5,3035.9,3009.9,3030.0,181.092,1728331199999,547354.2248,4694,95.843,289860.1929,0,2024-10-07 16:00:00
1728331200000,3029.5,3031.6,3014.1,3014.9,119.743,1728345599999,361628.1730,3614,45.716,138115.1819,0,2024-10-07 20:00:00
1728345600000,3014.4,3019.6,3008.9,3014.4,96.109,1728359999999,289706.1748,3527,55.504,167329.3551,0,2024-10-08 00:00:00
1728360000000,3014.9,3031.5,3013.4,3023.2,207.520,1728374399999,627247.1237,4748,73.912,223506.5233,0,2024-10-08 04:00:00
1728374400000,3023.4,3027.5,3012.1,3013.1,64.539,1728388799999,194827.8892,3051,33.732,101824.9832,0,2024-10-08 08:00:00
1728388800000,3013.0,3028.0,3012.7,3020.2,157.596,1728403199999,476236.3458,5181,81.127,245178.3052,0,2024-10-08 12:00:00
1728403200000,3020.0,3022.5,2989.9,2994.5,257.704,1728417599999,774998.5916,5675,89.935,270248.3943,0,2024-10-08 16:00:00
1728417600000,2994.4,2999.6,2988.3,2992.6,85.883,1728431999999,257193.5508,3007,37.994,113807.0339,0,2024-10-08 20:00:00
1728432000000,2992.5,2999.5,2977.5,2997.1,86.224,1728446399999,257710.4783,3436,39.198,117199.2946,0,2024-10-09 00:00:00
1728446400000,2997.1,3001.2,2994.0,2997.7,84.340,1728460799999,252840.5894,2696,39.502,118455.7116,0,2024-10-09 04:00:00
1728460800000,2997.7,3000.0,2989.7,2989.9,83.267,1728475199999,249418.1278,2926,43.203,129459.9942,0,2024-10-09 08:00:00
1728475200000,2989.9,3001.8,2966.6,2985.2,324.207,1728489599999,967571.2467,6286,131.205,391700.1674,0,2024-10-09 12:00:00
1728489600000,2985.1,2991.3,2965.8,2967.2,119.409,1728503999999,356030.7067,4243,55.374,165137.1000,0,2024-10-09 16:00:00
1728504000000,2967.3,2998.4,2965.6,2988.8,364.969,1728518399999,1091253.7738,7127,199.454,596344.2899,0,2024-10-09 20:00:00
1728518400000,2988.8,2993.9,2975.8,2981.5,279.880,1728532799999,835144.7476,5002,101.540,303136.2829,0,2024-10-10 00:00:00
1728532800000,2981.6,2986.4,2972.4,2984.6,94.320,1728547199999,281106.0696,2743,52.027,155112.8438,0,2024-10-10 04:00:00
1728547200000,2984.5,3002.2,2981.4,2993.9,191.418,1728561599999,573334.8985,5650,122.267,366216.8838,0,2024-10-10 08:00:00
1728561600000,2993.5,3002.3,2981.8,2983.5,172.502,1728575999999,515994.8052,5966,92.620,277114.6224,0,2024-10-10 12:00:00
1728576000000,2983.9,2988.7,2959.0,2962.3,269.424,1728590399999,800418.4888,7959,106.820,317388.0756,0,2024-10-10 16:00:00
1728590400000,2962.3,2972.7,2960.6,2969.4,83.059,1728604799999,246397.3741,2985,46.106,136765.6452,0,2024-10-10 20:00:00
1728604800000,2969.3,2971.7,2956.8,2957.1,57.297,1728619199999,169684.8706,3043,27.659,81913.5528,0,2024-10-11 00:00:00
1728619200000,2956.8,2966.2,2956.2,2963.6,53.173,1728633599999,157470.4751,2491,25.509,75551.3044,0,2024-10-11 04:00:00
1728633600000,2963.9,2968.6,2949.9,2966.0,88.025,1728647999999,260511.6460,4034,38.044,112657.8396,0,2024-10-11 08:00:00
1728648000000,2966.1,2983.9,2961.1,2981.9,121.277,1728662399999,360651.1533,5222,72.571,215882.0717,0,2024-10-11 12:00:00
1728662400000,2981.9,3008.1,2979.1,3000.6,225.329,1728676799999,675012.1339,10317,130.477,390830.2247,0,2024-10-11 16:00:00
1728676800000,3000.1,3005.0,2985.1,2994.3,132.758,1728691199999,397367.9161,4970,64.696,193695.4636,0,2024-10-11 20:00:00
1728691200000,2994.4,3003.1,2989.9,2991.8,150.691,1728705599999,451616.2956,4887,91.713,274894.9591,0,2024-10-12 00:00:00
1728705600000,2991.8,2996.6,2984.3,2996.0,47.073,1728719999999,140754.4752,2203,23.893,71446.3072,0,2024-10-12 04:00:00
1728720000000,2996.6,2996.8,2990.7,2992.8,27.772,1728734399999,83141.6874,1690,18.934,56680.2983,0,2024-10-12 08:00:00
1728734400000,2992.8,2996.0,2988.3,2993.0,32.878,1728748799999,98376.0296,2323,18.131,54257.6798,0,2024-10-12 12:00:00
1728748800000,2992.9,2992.9,2981.4,2982.4,37.013,1728763199999,110582.1103,2585,13.529,40417.6813,0,2024-10-12 16:00:00
1728763200000,2982.4,2995.3,2982.2,2991.6,37.229,1728777599999,111277.0882,2102,24.881,74391.5634,0,2024-10-12 20:00:00
1728777600000,2991.0,2996.0,2983.3,2988.1,89.242,1728791999999,266766.2056,3143,42.579,127282.9501,0,2024-10-13 00:00:00
1728792000000,2988.1,2992.2,2983.3,2987.1,32.249,1728806399999,96358.7657,1850,18.916,56533.4900,0,2024-10-13 04:00:00
1728806400000,2987.0,2989.9,2978.1,2984.9,42.222,1728820799999,125973.9579,2527,18.941,56538.3480,0,2024-10-13 08:00:00
1728820800000,2985.0,2993.7,2979.8,2992.7,87.895,1728835199999,262532.4425,3840,44.186,132027.0980,0,2024-10-13 12:00:00
1728835200000,2992.6,3003.7,2991.4,2999.3,121.509,1728849599999,364144.4293,3671,59.106,177214.2069,0,2024-10-13 16:00:00
1728849600000,2999.8,3000.8,2988.3,2989.5,45.110,1728863999999,135080.7868,2337,24.167,72381.9422,0,2024-10-13 20:00:00
1728864000000,2989.5,3000.0,2988.2,2997.2,133.644,1728878399999,399923.7121,3558,99.282,297063.6310,0,2024-10-14 00:00:00
1728878400000,2997.2,3006.9,2980.1,3004.8,143.444,1728892799999,429130.0720,5212,70.100,209746.4407,0,2024-10-14 04:00:00
1728892800000,3004.8,3018.7,3002.9,3015.3,165.831,1728907199999,499470.3215,5091,95.569,287937.2614,0,2024-10-14 08:00:00
1728907200000,3015.2,3017.0,2978.6,2979.6,283.135,1728921599999,849324.2504,7366,150.948,453025.9036,0,2024-10-14 12:00:00
1728921600000,2979.6,2994.6,2974.8,2992.2,161.070,1728935999999,480464.5961,5334,83.602,249470.3019,0,2024-10-14 16:00:00
1728936000000,2992.1,2993.3,2983.9,2985.9,52.348,1728950399999,156396.8103,2724,24.659,73680.6473,0,2024-10-14 20:00:00
1728950400000,2985.8,2990.4,2967.8,2975.7,76.122,1728964799999,226616.4268,3493,28.661,85381.5565,0,2024-10-15 00:00:00
1728964800000,2975.3,2992.4,2972.7,2989.0,64.205,1728979199999,191650.1743,3291,42.787,127757.5890,0,2024-10-15 04:00:00
1728979200000,2989.2,3014.0,2983.7,3011.2,157.800,1728993599999,473261.0861,5495,87.612,262885.3767,0,2024-10-15 08:00:00
1728993600000,3011.3,3040.3,3000.0,3039.0,686.072,1729007999999,2074916.0217,16259,361.982,1095086.5069,0,2024-10-15 12:00:00
1729008000000,3039.0,3071.3,3037.9,3058.0,438.657,1729022399999,1340067.9463,10495,248.914,760463.6669,0,2024-10-15 16:00:00
1729022400000,3058.0,3074.0,3043.7,3051.8,312.742,1729036799999,956259.7687,8719,168.512,515391.4105,0,2024-10-15 20:00:00
1729036800000,3051.9,3060.3,3046.5,3050.1,145.863,1729051199999,445490.3168,5471,75.413,230409.1258,0,2024-10-16 00:00:00
1729051200000,3049.9,3063.5,3046.9,3060.1,111.771,1729065599999,341659.5262,4759,63.564,194338.3042,0,2024-10-16 04:00:00
1729065600000,3060.1,3076.8,3048.0,3062.4,172.830,1729079999999,529522.8301,6452,92.917,284814.8160,0,2024-10-16 08:00:00
1729080000000,3062.3,3077.3,3052.2,3074.7,204.744,1729094399999,627629.4341,6640,102.684,314918.5878,0,2024-10-16 12:00:00
1729094400000,3074.8,3088.3,3066.6,3068.0,264.982,1729108799999,815650.3041,5713,134.569,414360.7144,0,2024-10-16 16:00:00
1729108800000,3067.6,3071.4,3060.9,3069.6,65.985,1729123199999,202258.4797,2958,31.375,96180.2355,0,2024-10-16 20:00:00
1729123200000,3069.6,3070.1,3042.6,3045.0,117.461,1729137599999,358731.6627,3956,42.514,129893.3384,0,2024-10-17 00:00:00
1729137600000,3044.9,3057.9,3035.3,3054.8,163.112,1729151999999,497043.0992,5369,105.968,323004.2628,0,2024-10-17 04:00:00
1729152000000,3054.5,3067.2,3054.5,3066.1,113.113,1729166399999,346402.0705,4085,59.661,182730.0150,0,2024-10-17 08:00:00
1729166400000,3066.2,3073.9,3056.6,3066.4,143.074,1729180799999,438808.5982,5282,83.993,257609.0561,0,2024-10-17 12:00:00
1729180800000,3066.5,3093.6,3063.5,3074.2,308.693,1729195199999,951935.6795,7725,169.265,521995.6011,0,2024-10-17 16:00:00
1729195200000,3075.0,3082.4,3068.2,3081.9,97.928,1729209599999,301184.8371,3372,54.909,168907.8073,0,2024-10-17 20:00:00
1729209600000,3081.9,3083.5,3063.2,3074.2,114.515,1729223999999,351991.5897,4431,54.388,167224.6256,0,2024-10-18 00:00:00
1729224000000,3074.2,3083.3,3062.0,3062.5,71.359,1729238399999,219325.2119,3180,35.167,108085.8316,0,2024-10-18 04:00:00
1729238400000,3062.0,3073.9,3058.5,3070.7,104.147,1729252799999,319312.2335,4084,51.388,157610.0325,0,2024-10-18 08:00:00
1729252800000,3070.6,3087.0,3069.5,3081.1,169.241,1729267199999,521425.6947,5637,107.252,330467.9745,0,2024-10-18 12:00:00
1729267200000,3081.1,3086.6,3070.6,3078.7,156.838,1729281599999,482712.7339,4639,99.214,305312.4777,0,2024-10-18 16:00:00
1729281600000,3078.7,3082.8,3072.7,3077.2,45.389,1729295999999,139703.8210,2200,21.676,66714.7204,0,2024-10-18 20:00:00
1729296000000,3077.1,3078.5,3062.7,3069.7,90.368,1729310399999,277436.6530,2752,29.539,90689.5572,0,2024-10-19 00:00:00
1729310400000,3069.0,3072.4,3064.1,3069.9,53.278,1729324799999,163473.8241,2115,26.625,81696.5237,0,2024-10-19 04:00:00
1729324800000,3069.9,3073.9,3062.1,3073.8,64.331,1729339199999,197407.4465,2236,22.954,70427.3163,0,2024-10-19 08:00:00
1729339200000,3073.8,3074.9,3055.7,3061.2,64.706,1729353599999,198194.5168,2543,23.846,73053.2051,0,2024-10-19 12:00:00
1729353600000,3061.3,3066.2,3055.6,3065.9,39.624,1729367999999,121339.4245,1988,19.841,60759.5840,0,2024-10-19 16:00:00
1729368000000,3066.0,3066.5,3054.9,3060.0,32.904,1729382399999,100701.6269,1718,16.276,49813.5570,0,2024-10-19 20:00:00
1729382400000,3060.0,3066.2,3055.4,3060.8,48.167,1729396799999,147432.4229,2213,29.549,90440.4371,0,2024-10-20 00:00:00
1729396800000,3061.1,3068.3,3057.6,3063.3,47.846,1729411199999,146553.9704,2347,27.937,85571.3190,0,2024-10-20 04:00:00
1729411200000,3063.3,3073.9,3061.9,3064.1,42.731,1729425599999,131060.4071,2253,22.503,69028.2325,0,2024-10-20 08:00:00
1729425600000,3063.6,3071.0,3026.6,3031.6,437.913,1729439999999,1331796.4436,10620,211.891,643963.7654,0,2024-10-20 12:00:00
1729440000000,3032.0,3039.1,3025.4,3031.1,121.579,1729454399999,368608.7492,4228,59.789,181311.1599,0,2024-10-20 16:00:00
1729454400000,3031.5,3032.1,3001.0,3003.4,202.321,1729468799999,610242.5747,5817,77.656,234188.1796,0,2024-10-20 20:00:00
1729468800000,3003.3,3007.8,2992.4,2999.2,192.834,1729483199999,578450.7300,6460,79.428,238316.1120,0,2024-10-21 00:00:00
1729483200000,2999.2,3007.2,2984.5,2989.3,107.458,1729497599999,321753.6388,4425,57.341,171723.0314,0,2024-10-21 04:00:00
1729497600000,2989.2,2999.9,2974.1,2993.8,286.080,1729511999999,854585.8920,5733,106.577,318431.2166,0,2024-10-21 08:00:00
1729512000000,2993.8,3008.0,2985.9,2990.2,330.410,1729526399999,990556.0179,6363,104.872,314601.5050,0,2024-10-21 12:00:00
1729526400000,2990.3,3002.9,2989.4,2996.3,99.182,1729540799999,297225.9681,4624,48.799,146267.5786,0,2024-10-21 16:00:00
1729540800000,2998.0,3002.1,2990.5,2993.9,62.936,1729555199999,188572.7288,3034,28.448,85240.7030,0,2024-10-21 20:00:00
1729555200000,2993.8,3011.0,2984.6,3003.3,165.781,1729569599999,497640.8022,5071,86.922,260927.3578,0,2024-10-22 00:00:00
1729569600000,3003.2,3008.0,2997.1,2998.0,47.966,1729583999999,144000.0676,2542,21.720,65206.7110,0,2024-10-22 04:00:00
1729584000000,2998.0,3016.6,2996.2,3010.4,111.349,1729598399999,335006.3463,4425,62.351,187557.4920,0,2024-10-22 08:00:00
1729598400000,3010.4,3020.0,3005.2,3016.9,99.906,1729612799999,301195.9297,4463,50.398,151958.7047,0,2024-10-22 12:00:00
1729612800000,3016.4,3026.3,3011.5,3024.0,65.711,1729627199999,198604.4866,3250,39.459,119252.6031,0,2024-10-22 16:00:00
1729627200000,3024.3,3029.4,3019.3,3028.5,67.692,1729641599999,204712.8469,2730,39.513,119511.3082,0,2024-10-22 20:00:00
1729641600000,3028.4,3033.3,3022.9,3026.0,56.001,1729655999999,169591.8269,2759,33.443,101289.7971,0,2024-10-23 00:00:00
1729656000000,3026.0,3036.4,3025.1,3032.3,81.366,1729670399999,246625.1397,3305,39.057,118424.8201,0,2024-10-23 04:00:00
1729670400000,3032.1,3044.2,3031.4,3032.7,124.038,1729684799999,376716.5628,5068,66.634,202377.5470,0,2024-10-23 08:00:00
1729684800000,3033.2,3052.0,3032.2,3048.4,179.541,1729699199999,546335.0977,7033,77.983,237233.8782,0,2024-10-23 12:00:00
1729699200000,3049.5,3083.3,3043.3,3062.7,611.006,1729713599999,1875067.6503,16077,321.335,986069.5910,0,2024-10-23 16:00:00
1729713600000,3062.8,3074.1,3056.7,3061.0,223.969,1729727999999,686620.9125,7372,119.462,366250.1874,0,2024-10-23 20:00:00
1729728000000,3061.0,3073.3,3057.4,3061.9,206.053,1729742399999,631550.3334,6026,119.548,366478.2156,0,2024-10-24 00:00:00
1729742400000,3062.0,3066.4,3057.0,3063.3,99.140,1729756799999,303428.3364,3818,48.413,148191.3490,0,2024-10-24 04:00:00
1729756800000,3063.3,3078.2,3060.2,3073.6,179.125,1729771199999,550033.4899,5890,104.856,322091.4861,0,2024-10-24 08:00:00
1729771200000,3073.6,3102.2,3073.3,3088.8,363.244,1729785599999,1122454.2245,7755,211.322,653127.9433,0,2024-10-24 12:00:00
1729785600000,3088.9,3098.1,3085.2,3095.0,173.553,1729799999999,536437.8020,4710,96.524,298371.8516,0,2024-10-24 16:00:00
1729800000000,3095.1,3100.0,3091.3,3095.3,110.342,1729814399999,341640.2671,3595,70.690,218882.6502,0,2024-10-24 20:00:00
1729814400000,3095.2,3107.5,3090.6,3102.6,186.668,1729828799999,578781.8853,5357,127.684,395973.3856,0,2024-10-25 00:00:00
1729828800000,3102.6,3130.7,3101.7,3122.3,801.383,1729843199999,2501625.4949,9865,441.909,1378855.5875,0,2024-10-25 04:00:00
1729843200000,3122.3,3126.0,3091.8,3104.4,250.413,1729857599999,777455.7616,6986,119.343,370612.0523,0,2024-10-25 08:00:00
1729857600000,3104.0,3117.9,3101.8,3110.5,158.737,1729871999999,493712.9972,5604,82.852,257684.5695,0,2024-10-25 12:00:00
1729872000000,3110.4,3133.9,3103.8,3122.8,306.150,1729886399999,954914.7453,8749,165.282,515697.1473,0,2024-10-25 16:00:00
1729886400000,3123.2,3270.0,3114.8,3182.2,1278.777,1729900799999,4056828.1218,21877,751.766,2386599.9963,0,2024-10-25 20:00:00
1729900800000,3182.3,3200.0,3161.9,3165.3,577.758,1729915199999,1836583.1893,12489,300.793,956412.3390,0,2024-10-26 00:00:00
1729915200000,3165.3,3167.0,3150.2,3158.6,161.349,1729929599999,509334.7728,5367,83.135,262447.0836,0,2024-10-26 04:00:00
1729929600000,3158.6,3159.6,3146.5,3150.8,376.957,1729943999999,1189827.4406,5900,92.316,291164.7537,0,2024-10-26 08:00:00
1729944000000,3150.9,3173.2,3145.4,3160.8,509.968,1729958399999,1611488.0331,9319,224.135,708530.2988,0,2024-10-26 12:00:00
1729958400000,3160.9,3160.9,3137.2,3139.6,207.839,1729972799999,654344.1829,5927,91.122,286958.5993,0,2024-10-26 16:00:00
1729972800000,3139.3,3141.5,3127.8,3139.4,75.809,1729987199999,237707.8516,2989,30.434,95436.1834,0,2024-10-26 20:00:00
1729987200000,3139.4,3143.6,3133.0,3137.3,52.394,1730001599999,164477.4986,2423,27.575,86564.9861,0,2024-10-27 00:00:00
1730001600000,3137.3,3139.7,3134.3,3136.0,34.616,1730015999999,108587.3972,2185,19.212,60271.2576,0,2024-10-27 04:00:00
1730016000000,3135.7,3147.7,3132.6,3145.4,126.834,1730030399999,398605.2544,4214,60.756,190933.2956,0,2024-10-27 08:00:00
1730030400000,3144.7,3147.0,3134.1,3137.6,62.972,1730044799999,197802.7851,3031,28.676,90081.2954,0,2024-10-27 12:00:00
1730044800000,3137.8,3144.9,3129.6,3141.4,333.546,1730059199999,1045164.2375,3549,284.699,892039.3870,0,2024-10-27 16:00:00
1730059200000,3141.4,3143.7,3129.8,3136.3,42.963,1730073599999,134727.1900,2314,19.148,60040.7729,0,2024-10-27 20:00:00
1730073600000,3136.7,3162.7,3132.4,3156.7,166.281,1730087999999,523115.3802,4246,94.818,298509.6978,0,2024-10-28 00:00:00
1730088000000,3156.6,3164.4,3151.3,3155.5,125.154,1730102399999,395129.6508,4119,61.597,194523.7302,0,2024-10-28 04:00:00
1730102400000,3156.0,3158.0,3133.4,3153.9,109.991,1730116799999,345980.8904,3594,48.170,151532.2798,0,2024-10-28 08:00:00
1730116800000,3153.9,3183.3,3153.8,3177.6,341.457,1730131199999,1082078.6609,8163,184.890,585971.3005,0,2024-10-28 12:00:00
1730131200000,3177.5,3203.5,3170.4,3197.4,391.675,1730145599999,1249458.0762,8221,241.326,769947.8027,0,2024-10-28 16:00:00
1730145600000,3187.0,3188.9,3151.0,3163.5,424.850,1730159999999,1344052.4230,8115,204.177,645986.5128,0,2024-10-28 20:00:00
1730160000000,3163.5,3168.0,3133.1,3153.1,410.608,1730174399999,1293832.3504,7623,175.191,552309.7188,0,2024-10-29 00:00:00
1730174400000,3153.1,3172.6,3147.2,3160.6,145.649,1730188799999,460413.9430,4014,82.742,261652.1236,0,2024-10-29 04:00:00
1730188800000,3161.0,3165.1,3150.6,3161.7,138.578,1730203199999,437568.7837,3712,69.466,219432.9819,0,2024-10-29 08:00:00
1730203200000,3161.0,3187.8,3154.9,3179.9,276.872,1730217599999,878677.6496,6888,161.949,514035.4231,0,2024-10-29 12:00:00
1730217600000,3179.9,3223.0,3163.6,3212.8,620.349,1730231999999,1982057.7208,13217,358.592,1145723.1001,0,2024-10-29 16:00:00
1730232000000,3213.6,3215.8,3192.4,3201.3,179.904,1730246399999,576788.5801,5287,94.927,304346.2531,0,2024-10-29 20:00:00
1730246400000,3201.7,3212.1,3177.1,3181.1,249.551,1730260799999,797874.6994,6227,104.304,333718.8603,0,2024-10-30 00:00:00
1730260800000,3181.1,3195.4,3164.4,3175.8,202.351,1730275199999,643321.5318,5287,100.930,320947.8280,0,2024-10-30 04:00:00
1730275200000,3175.4,3195.7,3172.9,3191.9,233.213,1730289599999,742436.8067,6114,123.833,394326.9779,0,2024-10-30 08:00:00
1730289600000,3192.1,3196.5,3148.9,3178.8,387.002,1730303999999,1226247.5759,9110,164.786,522225.0565,0,2024-10-30 12:00:00
1730304000000,3178.8,3184.4,3168.1,3183.8,116.771,1730318399999,370829.8390,4096,68.454,217399.6651,0,2024-10-30 16:00:00
1730318400000,3183.8,3205.6,3182.5,3200.1,206.260,1730332799999,659303.7260,5582,115.886,370364.3767,0,2024-10-30 20:00:00
1730332800000,3200.3,3207.6,3188.6,3205.9,118.284,1730347199999,378546.3231,4090,61.397,196490.3077,0,2024-10-31 00:00:00
1730347200000,3205.9,3233.6,3201.6,3219.7,347.913,1730361599999,1120198.3168,6919,175.213,564202.4094,0,2024-10-31 04:00:00
1730361600000,3220.1,3235.2,3218.9,3223.5,242.259,1730375999999,782070.4342,7419,134.694,434904.8894,0,2024-10-31 08:00:00
1730376000000,3223.6,3252.0,3212.9,3229.3,795.601,1730390399999,2574480.7033,15148,447.386,1448088.7267,0,2024-10-31 12:00:00
1730390400000,3229.8,3269.0,3229.7,3257.9,795.063,1730404799999,2587675.5791,15696,463.439,1508562.7315,0,2024-10-31 16:00:00
1730404800000,3258.9,3270.0,3247.3,3254.4,352.407,1730419199999,1148046.3249,8900,167.598,546184.5962,0,2024-10-31 20:00:00
1730419200000,3254.5,3256.0,3226.7,3227.6,409.946,1730433599999,1328721.9560,9574,213.813,693327.6058,0,2024-11-01 00:00:00
1730433600000,3227.6,3251.9,3225.5,3236.3,272.667,1730447999999,882587.2129,6665,135.187,437589.5107,0,2024-11-01 04:00:00
1730448000000,3236.3,3247.2,3228.8,3241.3,248.598,1730462399999,804669.0851,5937,130.298,421838.6334,0,2024-11-01 08:00:00
1730462400000,3241.4,3252.1,3227.2,3241.4,332.615,1730476799999,1078085.7056,7557,168.737,546956.7777,0,2024-11-01 12:00:00
1730476800000,3241.6,3252.9,3215.5,3223.4,437.315,1730491199999,1414351.4765,9050,219.444,710082.5610,0,2024-11-01 16:00:00
1730491200000,3222.4,3241.7,3216.7,3236.0,178.628,1730505599999,577060.2530,4995,75.467,243907.4001,0,2024-11-01 20:00:00
1730505600000,3236.2,3238.9,3226.7,3236.5,81.860,1730519999999,264604.8593,3063,41.082,132815.1930,0,2024-11-02 00:00:00
1730520000000,3236.3,3246.0,3232.1,3243.6,174.949,1730534399999,566995.1621,3786,97.422,315816.1503,0,2024-11-02 04:00:00
1730534400000,3243.4,3255.5,3240.5,3250.4,236.060,1730548799999,766946.9272,4490,142.547,463244.4204,0,2024-11-02 08:00:00
1730548800000,3250.3,3278.5,3248.4,3263.8,612.566,1730563199999,2000721.7849,11903,342.284,1118028.8892,0,2024-11-02 12:00:00
1730563200000,3263.8,3268.6,3256.0,3256.3,220.829,1730577599999,720295.9910,4844,127.233,414961.7233,0,2024-11-02 16:00:00
1730577600000,3256.3,3259.6,3248.1,3248.7,107.443,1730591999999,349703.2811,3057,51.537,167780.6167,0,2024-11-02 20:00:00
1730592000000,3248.6,3281.0,3243.0,3265.2,648.401,1730606399999,2115364.7571,12154,320.968,1047803.0640,0,2024-11-03 00:00:00
1730606400000,3265.2,3274.4,3256.2,3259.4,233.759,1730620799999,763069.8382,6025,131.710,429994.5286,0,2024-11-03 04:00:00
1730620800000,3259.3,3266.7,3254.4,3263.9,194.589,1730635199999,634471.7397,5556,95.710,312073.3839,0,2024-11-03 08:00:00
1730635200000,3263.9,3292.3,3261.3,3284.8,850.017,1730649599999,2787205.5265,17102,458.697,1504074.7189,0,2024-11-03 12:00:00
1730649600000,3284.8,3302.7,3281.1,3292.6,568.740,1730663999999,1871880.3893,14082,282.205,929120.4512,0,2024-11-03 16:00:00
1730664000000,3292.5,3296.5,3282.6,3286.4,295.167,1730678399999,970918.3889,8668,154.002,506648.3335,0,2024-11-03 20:00:00
1730678400000,3286.3,3297.6,3275.5,3282.2,298.885,1730692799999,981742.5037,7977,141.024,463418.9904,0,2024-11-04 00:00:00
1730692800000,3282.2,3295.8,3280.5,3283.0,147.102,1730707199999,483781.9557,4981,79.243,260571.6070,0,2024-11-04 04:00:00
1730707200000,3282.9,3291.7,3264.5,3267.3,249.916,1730721599999,818769.2961,6595,110.571,362355.9559,0,2024-11-04 08:00:00
1730721600000,3267.4,3284.2,3264.4,3281.7,200.455,1730735999999,655953.2178,7593,94.983,310881.8367,0,2024-11-04 12:00:00
1730736000000,3281.6,3287.3,3260.5,3271.2,278.874,1730750399999,912834.7187,8892,155.248,508359.5859,0,2024-11-04 16:00:00
1730750400000,3270.5,3316.9,3261.8,3299.9,567.734,1730764799999,1872639.3534,12120,348.041,1147980.8856,0,2024-11-04 20:00:00
1730764800000,3300.0,3305.4,3289.1,3293.0,193.699,1730779199999,638671.9189,6212,87.056,287078.7318,0,2024-11-05 00:00:00
1730779200000,3293.4,3301.9,3288.7,3291.2,145.939,1730793599999,481182.7670,4524,74.232,244778.9190,0,2024-11-05 04:00:00
1730793600000,3291.3,3298.5,3287.3,3289.0,114.862,1730807999999,378201.1654,3857,48.912,161056.3407,0,2024-11-05 08:00:00
1730808000000,3288.9,3307.1,3281.3,3304.7,444.607,1730822399999,1464202.0106,10262,222.282,732321.4729,0,2024-11-05 12:00:00
1730822400000,3304.5,3318.0,3296.5,3314.3,435.636,1730836799999,1440438.8289,10280,230.771,763202.8442,0,2024-11-05 16:00:00
1730836800000,3313.9,3316.3,3296.8,3305.4,167.348,1730851199999,553405.0501,7068,79.281,262192.7544,0,2024-11-05 20:00:00
1730851200000,3305.3,3316.7,3284.1,3312.0,866.714,1730865599999,2861820.0561,16902,417.069,1377702.8395,0,2024-11-06 00:00:00
1730865600000,3312.0,3320.5,3256.6,3267.5,871.622,1730879999999,2873949.7077,16821,379.243,1251279.2156,0,2024-11-06 04:00:00
1730880000000,3267.2,3286.8,3258.0,3273.9,732.654,1730894399999,2397229.0213,15759,335.528,1098020.8431,0,2024-11-06 08:00:00
1730894400000,3274.2,3284.0,3260.9,3282.0,385.570,1730908799999,1261572.6214,9802,201.350,659078.7338,0,2024-11-06 12:00:00
1730908800000,3281.9,3303.7,3260.8,3298.5,386.797,1730923199999,1269721.6824,10631,212.004,696036.2108,0,2024-11-06 16:00:00
1730923200000,3298.7,3317.8,3242.5,3259.2,595.349,1730937599999,1950726.7253,13751,282.967,927397.2906,0,2024-11-06 20:00:00
1730937600000,3258.5,3267.0,3120.4,3137.3,2067.675,1730951999999,6560773.5014,32055,858.857,2723667.1123,0,2024-11-07 00:00:00
1730952000000,3137.0,3184.5,3128.3,3164.6,743.715,1730966399999,2346647.5117,17112,403.373,1272844.5381,0,2024-11-07 04:00:00
1730966400000,3164.5,3185.8,3160.2,3185.8,292.220,1730980799999,927052.4690,8540,165.370,524671.7843,0,2024-11-07 08:00:00
1730980800000,3185.9,3197.0,3169.2,3179.7,390.492,1730995199999,1242697.3804,9827,230.221,732745.2820,0,2024-11-07 12:00:00
1730995200000,3179.7,3185.6,3158.9,3166.9,513.934,1731009599999,1630078.1604,11924,257.525,817005.2733,0,2024-11-07 16:00:00
1731009600000,3166.9,3170.8,3130.8,3136.0,477.381,1731023999999,1502145.5795,10980,220.753,694840.1581,0,2024-11-07 20:00:00
1731024000000,3136.0,3142.2,3100.0,3131.2,800.613,1731038399999,2499270.5485,15291,382.677,1194981.6803,0,2024-11-08 00:00:00
1731038400000,3131.2,3134.2,3112.6,3124.3,250.464,1731052799999,782379.6319,6395,104.872,327618.7343,0,2024-11-08 04:00:00
1731052800000,3124.3,3133.2,3109.8,3113.5,242.407,1731067199999,756087.8595,5629,121.553,379081.9064,0,2024-11-08 08:00:00
1731067200000,3113.4,3122.9,3086.4,3114.3,569.952,1731081599999,1768978.2343,11323,273.099,848111.7489,0,2024-11-08 12:00:00
1731081600000,3115.1,3149.1,3110.4,3129.9,552.061,1731095999999,1729241.2659,11598,269.159,842867.5031,0,2024-11-08 16:00:00
1731096000000,3130.0,3138.2,3097.7,3100.6,267.899,1731110399999,835190.0522,7292,126.760,395385.3251,0,2024-11-08 20:00:00
1731110400000,3100.6,3108.0,3066.0,3080.4,490.152,1731124799999,1509918.0702,9779,263.348,810993.7293,0,2024-11-09 00:00:00
1731124800000,3080.5,3085.9,3027.7,3042.7,678.360,1731139199999,2068208.3953,12126,265.883,809129.0712,0,2024-11-09 04:00:00
1731139200000,3042.7,3046.2,3021.5,3025.9,426.419,1731153599999,1292123.7285,9635,175.849,533018.2147,0,2024-11-09 08:00:00
1731153600000,3026.2,3052.9,3024.1,3039.5,536.195,1731167999999,1630166.1108,11117,242.033,736089.9693,0,2024-11-09 12:00:00
1731168000000,3039.7,3061.5,3006.7,3021.2,683.314,1731182399999,2073364.0717,13702,321.714,976742.9886,0,2024-11-09 16:00:00
1731182400000,3021.1,3023.6,2967.8,2977.2,436.489,1731196799999,1305129.4876,10053,194.646,581940.7744,0,2024-11-09 20:00:00
1731196800000,2977.2,2993.3,2964.3,2973.3,918.025,1731211199999,2733654.2012,15732,423.363,1260755.1881,0,2024-11-10 00:00:00
1731211200000,2973.3,3030.8,2963.1,2986.1,1190.045,1731225599999,3563556.2810,21157,588.115,1762329.9384,0,2024-11-10 04:00:00
1731225600000,2986.5,3008.9,2985.0,2989.1,710.234,1731239999999,2129051.5481,15536,319.175,956991.0604,0,2024-11-10 08:00:00
1731240000000,2989.2,3004.0,2967.2,2967.9,872.836,1731254399999,2607610.3176,18130,359.522,1074152.7439,0,2024-11-10 12:00:00
1731254400000,2968.0,3002.1,2956.7,2999.0,1098.590,1731268799999,3269099.3000,21550,620.789,1848591.1662,0,2024-11-10 16:00:00
1731268800000,2998.4,3064.1,2986.7,3015.9,1449.479,1731283199999,4379982.1642,28036,770.835,2330258.5347,0,2024-11-10 20:00:00
1731283200000,3016.0,3040.7,2994.5,3037.1,520.600,1731297599999,1568538.5205,13901,264.982,798978.1197,0,2024-11-11 00:00:00
1731297600000,3037.6,3091.9,3033.5,3085.6,1258.071,1731311999999,3866865.8930,24338,697.206,2142892.2790,0,2024-11-11 04:00:00
1731312000000,3085.6,3090.2,3049.9,3051.6,696.058,1731326399999,2136838.1564,15276,309.718,950926.6039,0,2024-11-11 08:00:00
1731326400000,3051.5,3098.5,3047.0,3096.5,906.542,1731340799999,2789009.6923,19697,463.155,1425092.3068,0,2024-11-11 12:00:00
1731340800000,3096.1,3132.4,3046.9,3123.6,1109.752,1731355199999,3424852.2267,22314,591.160,1825701.9723,0,2024-11-11 16:00:00
1731355200000,3123.6,3194.8,3098.7,3131.9,1699.283,1731369599999,5348152.1910,30288,906.732,2854456.7855,0,2024-11-11 20:00:00
1731369600000,3132.2,3206.6,3128.0,3133.6,1335.781,1731383999999,4227969.4907,25018,788.557,2497652.0837,0,2024-11-12 00:00:00
1731384000000,3133.5,3172.2,3132.0,3142.3,650.320,1731398399999,2051176.6819,14862,352.002,1110673.4423,0,2024-11-12 04:00:00
1731398400000,3141.8,3180.0,3070.0,3160.2,2025.876,1731412799999,6344630.6315,36093,957.708,3001147.7880,0,2024-11-12 08:00:00
1731412800000,3160.5,3190.8,3135.0,3155.2,1263.431,1731427199999,3995069.9047,26133,641.803,2030078.6635,0,2024-11-12 12:00:00
1731427200000,3155.3,3219.5,3150.2,3201.8,794.724,1731441599999,2530559.2106,18277,463.755,1477333.9548,0,2024-11-12 16:00:00
1731441600000,3202.2,3223.9,3161.7,3195.7,631.474,1731455999999,2020057.1300,12550,276.759,884661.5436,0,2024-11-12 20:00:00
1731456000000,3195.2,3245.4,3184.1,3241.4,827.987,1731470399999,2659601.4431,19390,483.461,1553876.6424,0,2024-11-13 00:00:00
1731470400000,3241.3,3295.9,3228.8,3271.0,1193.726,1731484799999,3899144.6967,24647,616.925,2015899.6015,0,2024-11-13 04:00:00
1731484800000,3270.8,3288.0,3255.9,3265.8,678.947,1731499199999,2220396.6388,16423,368.221,1204134.0883,0,2024-11-13 08:00:00
1731499200000,3266.0,3309.5,3244.4,3300.0,1192.781,1731513599999,3903419.5146,27315,656.534,2149721.2383,0,2024-11-13 12:00:00
1731513600000,3300.1,3362.5,3289.3,3355.6,1217.327,1731527999999,4044170.8080,24841,699.010,2321604.6448,0,2024-11-13 16:00:00
1731528000000,3355.8,3359.0,3298.1,3319.2,612.388,1731542399999,2035490.7500,17244,312.317,1038048.2026,0,2024-11-13 20:00:00
1731542400000,3319.2,3330.5,3270.0,3270.0,473.814,1731556799999,1565903.0380,13746,230.024,760438.6744,0,2024-11-14 00:00:00
1731556800000,3270.2,3294.1,3247.6,3273.8,607.769,1731571199999,1984866.4551,14418,329.120,1074939.4776,0,2024-11-14 04:00:00
1731571200000,3273.6,3349.1,3266.3,3338.3,559.969,1731585599999,1857636.9818,16382,319.266,1058949.9366,0,2024-11-14 08:00:00
1731585600000,3338.5,3345.2,3297.8,3300.5,875.859,1731599999999,2909344.5892,21511,417.077,1385318.1065,0,2024-11-14 12:00:00
1731600000000,3300.2,3305.8,3250.0,3270.7,599.635,1731614399999,1962342.7357,15877,280.203,917081.2955,0,2024-11-14 16:00:00
1731614400000,3270.6,3308.4,3230.8,3291.3,756.168,1731628799999,2472341.2570,19346,368.409,1204933.0247,0,2024-11-14 20:00:00
1731628800000,3291.3,3314.8,3280.2,3289.9,644.230,1731643199999,2123233.4500,18022,295.015,972324.4017,0,2024-11-15 00:00:00
1731643200000,3289.4,3336.5,3286.7,3308.8,803.647,1731657599999,2661315.7654,20366,405.917,1343770.5335,0,2024-11-15 04:00:00
1731657600000,3309.6,3325.8,3290.3,3312.7,426.077,1731671999999,1409397.7627,12366,212.688,703370.9219,0,2024-11-15 08:00:00
1731672000000,3313.3,3337.0,3298.0,3337.0,627.461,1731686399999,2082161.1335,17397,342.435,1136572.3121,0,2024-11-15 12:00:00
1731686400000,3336.9,3372.0,3330.3,3361.3,616.654,1731700799999,2067156.0252,16276,344.217,1154044.0044,0,2024-11-15 16:00:00
1731700800000,3361.5,3367.0,3320.5,3327.8,333.075,1731715199999,1113987.8536,12151,153.798,514530.3771,0,2024-11-15 20:00:00
1731715200000,3327.9,3344.4,3282.9,3282.9,856.159,1731729599999,2844110.7253,16714,396.355,1317369.3789,0,2024-11-16 00:00:00
1731729600000,3282.8,3310.8,3281.1,3303.4,496.227,1731743999999,1635696.0215,14012,256.769,846662.5235,0,2024-11-16 04:00:00
1731744000000,3303.0,3310.0,3234.4,3234.5,523.390,1731758399999,1713665.0035,13881,204.639,671143.0846,0,2024-11-16 08:00:00
1731758400000,3234.4,3259.8,3212.6,3248.1,995.676,1731772799999,3221512.3548,22890,455.483,1474094.6909,0,2024-11-16 12:00:00
1731772800000,3248.5,3259.0,3220.3,3225.8,357.574,1731787199999,1157447.7397,12964,175.688,568756.7019,0,2024-11-16 16:00:00
1731787200000,3226.0,3249.7,3219.0,3243.4,236.412,1731801599999,764780.1694,8900,131.235,424611.9521,0,2024-11-16 20:00:00
1731801600000,3244.4,3317.3,3225.1,3282.6,836.724,1731815999999,2743870.6830,21956,462.397,1516583.3408,0,2024-11-17 00:00:00
1731816000000,3282.6,3283.9,3196.6,3210.5,682.097,1731830399999,2205447.2066,18575,293.804,950448.5017,0,2024-11-17 04:00:00
1731830400000,3211.1,3254.7,3189.6,3254.2,518.293,1731844799999,1670092.4638,15968,264.891,854244.2140,0,2024-11-17 08:00:00
1731844800000,3254.1,3261.4,3236.3,3241.9,400.403,1731859199999,1299845.5300,12931,206.654,670986.6824,0,2024-11-17 12:00:00
1731859200000,3242.3,3257.1,3230.5,3241.9,236.083,1731873599999,765972.7716,10218,129.629,420642.4823,0,2024-11-17 16:00:00
1731873600000,3242.0,3253.7,3225.4,3237.8,330.786,1731887999999,1071530.2298,12338,142.573,462051.5779,0,2024-11-17 20:00:00
1731888000000,3237.8,3241.6,3208.6,3208.6,308.589,1731902399999,994941.1522,11880,138.683,447314.2785,0,2024-11-18 00:00:00
1731902400000,3208.6,3234.6,3197.4,3225.2,339.700,1731916799999,1091426.3321,10839,163.697,526146.9678,0,2024-11-18 04:00:00
1731916800000,3225.2,3252.8,3224.0,3245.8,333.358,1731931199999,1081216.2200,11439,182.117,590795.4819,0,2024-11-18 08:00:00
1731931200000,3245.0,3252.9,3210.0,3236.5,475.748,1731945599999,1536074.3705,15628,222.639,719041.8369,0,2024-11-18 12:00:00
1731945600000,3236.7,3241.4,3174.1,3220.8,651.011,1731959999999,2086501.8502,18494,286.175,917279.1492,0,2024-11-18 16:00:00
1731960000000,3221.2,3228.4,3150.0,3159.2,478.157,1731974399999,1525580.6115,12693,176.896,565302.5335,0,2024-11-18 20:00:00
1731974400000,3159.3,3212.4,3150.7,3210.6,494.547,1731988799999,1576531.9956,13733,289.081,921551.0875,0,2024-11-19 00:00:00
1731988800000,3209.8,3233.9,3203.0,3231.0,231.384,1732003199999,745954.5275,8471,113.392,365572.7728,0,2024-11-19 04:00:00
1732003200000,3231.1,3249.6,3225.3,3227.6,240.111,1732017599999,777222.0206,8532,126.060,408200.6980,0,2024-11-19 08:00:00
1732017600000,3227.6,3272.9,3225.7,3270.7,416.505,1732031999999,1355437.9477,12405,229.949,748504.3169,0,2024-11-19 12:00:00
1732032000000,3269.6,3291.0,3256.6,3276.5,396.851,1732046399999,1298789.1424,12926,216.898,710133.0763,0,2024-11-19 16:00:00
1732046400000,3276.5,3302.2,3259.1,3270.1,535.250,1732060799999,1757930.4558,14911,321.283,1055378.9898,0,2024-11-19 20:00:00
1732060800000,3270.1,3313.8,3261.0,3289.1,737.513,1732075199999,2423736.9497,17606,374.525,1231251.6011,0,2024-11-20 00:00:00
1732075200000,3289.2,3300.5,3280.3,3298.1,208.712,1732089599999,686978.3789,8423,109.866,361650.3579,0,2024-11-20 04:00:00
1732089600000,3298.2,3316.4,3281.5,3312.0,374.465,1732103999999,1234261.8753,10167,209.355,690045.8618,0,2024-11-20 08:00:00
1732104000000,3312.1,3349.4,3289.2,3334.5,1180.989,1732118399999,3926717.2229,28492,591.718,1968068.8560,0,2024-11-20 12:00:00
1732118400000,3334.6,3406.0,3331.0,3396.7,1507.843,1732132799999,5093056.1449,33816,819.197,2766438.7160,0,2024-11-20 16:00:00
1732132800000,3396.6,3413.1,3360.0,3384.1,769.532,1732147199999,2601783.3135,20025,407.310,1376741.1463,0,2024-11-20 20:00:00
1732147200000,3383.9,3446.4,3371.3,3442.3,1178.818,1732161599999,4028539.1505,26760,588.023,2008499.8788,0,2024-11-21 00:00:00
1732161600000,3442.3,3468.0,3397.7,3409.7,1173.408,1732175999999,4029155.8727,29761,577.460,1984056.7135,0,2024-11-21 04:00:00
1732176000000,3409.9,3458.3,3390.0,3443.4,869.336,1732190399999,2981204.8834,20943,465.018,1595651.5343,0,2024-11-21 08:00:00
1732190400000,3443.7,3445.5,3279.1,3323.6,2965.062,1732204799999,9874677.1871,50266,1529.331,5095641.5664,0,2024-11-21 12:00:00
1732204800000,3323.5,3325.4,3265.2,3295.4,1022.392,1732219199999,3372604.1609,27380,508.654,1678562.0231,0,2024-11-21 16:00:00
1732219200000,3295.3,3311.3,3276.5,3283.9,668.778,1732233599999,2204608.8051,18516,308.890,1018548.8640,0,2024-11-21 20:00:00
1732233600000,3283.7,3293.1,3229.4,3236.9,863.278,1732247999999,2812113.7575,23906,391.890,1277555.2352,0,2024-11-22 00:00:00
1732248000000,3236.9,3268.5,3201.6,3267.2,778.135,1732262399999,2515094.6386,21303,385.286,1245782.9238,0,2024-11-22 04:00:00
1732262400000,3267.4,3273.1,3230.5,3237.1,539.036,1732276799999,1752340.7439,17723,262.513,853665.3544,0,2024-11-22 08:00:00
1732276800000,3237.2,3281.0,3209.2,3242.3,1192.488,1732291199999,3862589.3154,28513,596.012,1931091.0160,0,2024-11-22 12:00:00
1732291200000,3243.0,3302.5,3231.1,3273.1,763.996,1732305599999,2501893.8192,18206,453.272,1484780.4272,0,2024-11-22 16:00:00
1732305600000,3273.8,3279.5,3207.6,3207.6,499.222,1732319999999,1619601.9591,15339,199.529,647947.6921,0,2024-11-22 20:00:00
1732320000000,3207.5,3208.5,3137.3,3139.6,1106.749,1732334399999,3502008.7121,26079,479.347,1516072.6685,0,2024-11-23 00:00:00
1732334400000,3139.5,3142.8,3105.4,3110.5,1238.027,1732348799999,3864187.1019,28173,590.059,1842416.9464,0,2024-11-23 04:00:00
1732348800000,3110.6,3110.8,3069.8,3094.8,963.438,1732363199999,2978639.9780,23572,427.603,1322464.5157,0,2024-11-23 08:00:00
1732363200000,3094.8,3101.7,3014.2,3028.4,1739.090,1732377599999,5290582.7952,39223,709.377,2157045.9918,0,2024-11-23 12:00:00
1732377600000,3027.9,3103.3,3014.2,3075.7,1710.348,1732391999999,5243172.9058,39832,855.018,2621992.2548,0,2024-11-23 16:00:00
1732392000000,3075.9,3104.6,3064.6,3085.4,867.914,1732406399999,2674633.2258,26625,406.309,1252751.3568,0,2024-11-23 20:00:00
1732406400000,3085.0,3091.5,3050.0,3054.6,635.304,1732420799999,1945452.0096,20488,276.864,847874.3978,0,2024-11-24 00:00:00
1732420800000,3054.6,3084.6,3051.2,3067.5,617.517,1732435199999,1896733.4893,20830,276.708,850046.9848,0,2024-11-24 04:00:00
1732435200000,3067.6,3140.0,3057.1,3137.0,1440.099,1732449599999,4466295.7674,36649,694.786,2155685.7704,0,2024-11-24 08:00:00
1732449600000,3136.9,3200.4,3119.3,3166.2,1939.715,1732463999999,6129111.5609,45073,945.986,2989589.7716,0,2024-11-24 12:00:00
1732464000000,3166.5,3170.0,3107.3,3119.7,825.462,1732478399999,2586646.7400,23104,353.498,1107814.4862,0,2024-11-24 16:00:00
1732478400000,3119.3,3123.8,3095.4,3114.7,674.052,1732492799999,2095902.1175,17184,308.471,959713.2935,0,2024-11-24 20:00:00
1732492800000,3114.5,3166.5,3111.1,3125.8,875.902,1732507199999,2748698.5086,20479,452.659,1420962.7444,0,2024-11-25 00:00:00
1732507200000,3125.9,3128.0,3070.0,3093.8,656.399,1732521599999,2035621.6873,15929,285.842,887006.2676,0,2024-11-25 04:00:00
1732521600000,3093.4,3094.0,3032.4,3061.2,826.101,1732535999999,2527291.9029,20671,343.916,1052482.3370,0,2024-11-25 08:00:00
1732536000000,3060.9,3100.0,3015.0,3020.4,1667.750,1732550399999,5108153.3723,38048,749.061,2296668.6858,0,2024-11-25 12:00:00
1732550400000,3021.1,3059.3,3006.1,3015.4,1284.432,1732564799999,3898048.9358,29616,617.129,1874267.7024,0,2024-11-25 16:00:00
1732564800000,3016.0,3065.9,3007.6,3024.1,766.957,1732579199999,2325573.4041,24804,375.907,1140161.3831,0,2024-11-25 20:00:00
1732579200000,3024.0,3043.7,3014.4,3035.8,639.267,1732593599999,1936726.8520,20172,286.050,866783.0488,0,2024-11-26 00:00:00
1732593600000,3036.0,3052.4,3029.5,3042.7,429.488,1732607999999,1305868.8175,13735,211.401,642978.8293,0,2024-11-26 04:00:00
1732608000000,3043.0,3134.6,3039.1,3103.7,1623.923,1732622399999,5014638.6898,38513,776.341,2397837.8870,0,2024-11-26 08:00:00
1732622400000,3103.7,3125.8,3083.4,3122.7,973.738,1732636799999,3020684.9235,25736,490.507,1522198.1246,0,2024-11-26 12:00:00
1732636800000,3122.3,3149.8,3075.4,3079.7,906.336,1732651199999,2828522.0681,22952,406.756,1270926.1480,0,2024-11-26 16:00:00
1732651200000,3079.3,3079.8,3030.7,3056.0,466.170,1732665599999,1424394.2869,13568,206.694,631505.1948,0,2024-11-26 20:00:00
1732665600000,3056.1,3086.7,3046.9,3060.8,503.246,1732679999999,1543664.7952,15366,246.752,757272.9635,0,2024-11-27 00:00:00
1732680000000,3061.0,3062.2,3026.0,3034.9,400.720,1732694399999,1218492.2811,12991,161.561,491445.6652,0,2024-11-27 04:00:00
1732694400000,3035.6,3044.8,3000.0,3007.7,630.134,1732708799999,1903356.8077,16523,303.645,917328.3577,0,2024-11-27 08:00:00
1732708800000,3007.7,3024.5,2992.3,3002.6,790.201,1732723199999,2376618.7594,20325,394.681,1187469.1188,0,2024-11-27 12:00:00
1732723200000,3001.4,3026.0,2996.5,3021.3,420.298,1732737599999,1266132.5196,15265,202.918,611465.8311,0,2024-11-27 16:00:00
1732737600000,3021.3,3024.8,2957.7,2967.1,672.623,1732751999999,2006816.7424,19089,263.130,785187.2598,0,2024-11-27 20:00:00
1732752000000,2967.4,2989.3,2956.0,2978.4,581.281,1732766399999,1730514.4164,18644,272.562,811662.3045,0,2024-11-28 00:00:00
1732766400000,2978.2,2993.1,2975.0,2991.6,350.257,1732780799999,1045637.0585,12124,171.999,513518.9971,0,2024-11-28 04:00:00
1732780800000,2991.7,2996.5,2967.0,2981.7,409.830,1732795199999,1220622.5095,15078,199.141,593207.9695,0,2024-11-28 08:00:00
1732795200000,2981.6,3027.0,2971.1,3024.4,612.995,1732809599999,1841107.9557,16938,360.850,1084316.3038,0,2024-11-28 12:00:00
1732809600000,3024.0,3024.1,2980.4,2984.9,293.893,1732823999999,881107.3540,9478,113.495,340376.9022,0,2024-11-28 16:00:00
1732824000000,2984.9,2992.9,2970.4,2980.0,233.010,1732838399999,694246.2685,8885,112.274,334602.8412,0,2024-11-28 20:00:00
1732838400000,2980.0,2995.3,2972.6,2993.7,266.395,1732852799999,795291.7120,9565,120.196,358884.9859,0,2024-11-29 00:00:00
1732852800000,2993.9,2999.5,2976.3,2990.7,440.745,1732867199999,1317243.6487,12059,194.329,580903.9601,0,2024-11-29 04:00:00
1732867200000,2990.6,2990.8,2973.2,2983.2,223.085,1732881599999,664878.7526,7241,110.748,330140.6023,0,2024-11-29 08:00:00
1732881600000,2983.1,2989.3,2965.0,2984.6,471.030,1732895999999,1403031.2952,15195,225.331,671297.9515,0,2024-11-29 12:00:00
1732896000000,2984.4,3005.3,2970.7,2977.2,341.139,1732910399999,1019346.2257,10898,156.362,467354.0451,0,2024-11-29 16:00:00
1732910400000,2977.2,2977.5,2950.8,2958.8,291.282,1732924799999,863141.8040,8896,119.676,354715.4832,0,2024-11-29 20:00:00
1732924800000,2958.9,2973.2,2908.4,2910.9,691.153,1732939199999,2032569.2203,18335,256.949,756653.6189,0,2024-11-30 00:00:00
1732939200000,2910.9,2927.8,2857.0,2862.7,1229.083,1732953599999,3551686.2421,26756,518.791,1500276.4213,0,2024-11-30 04:00:00
1732953600000,2862.9,2904.9,2855.8,2888.0,1078.445,1732967999999,3109714.0840,24284,611.936,1763723.1093,0,2024-11-30 08:00:00
1732968000000,2888.0,2910.0,2879.9,2893.9,441.178,1732982399999,1276699.4075,13944,259.018,749864.4819,0,2024-11-30 12:00:00
1732982400000,2894.5,2902.8,2884.7,2887.3,485.258,1732996799999,1404881.4270,11489,267.976,775940.4323,0,2024-11-30 16:00:00
1732996800000,2887.3,2889.7,2859.9,2873.6,409.372,1733011199999,1175767.2181,12901,196.366,564099.2160,0,2024-11-30 20:00:00
1733011200000,2873.4,2902.8,2863.6,2889.3,753.856,1733025599999,2174351.7498,21212,402.093,1159681.0447,0,2024-12-01 00:00:00
1733025600000,2889.0,2906.2,2885.7,2894.6,307.657,1733039999999,890712.4859,9317,126.062,365032.2986,0,2024-12-01 04:00:00
1733040000000,2894.8,2907.4,2890.1,2900.3,481.236,1733054399999,1395661.9664,15761,236.347,685492.5481,0,2024-12-01 08:00:00
1733054400000,2900.3,2907.7,2868.0,2872.0,539.692,1733068799999,1560521.3662,14517,224.357,649423.4447,0,2024-12-01 12:00:00
1733068800000,2871.9,2910.0,2868.1,2870.7,1668.558,1733083199999,4813361.3454,22796,854.933,2467344.3036,0,2024-12-01 16:00:00
1733083200000,2870.9,2887.6,2842.6,2847.8,552.368,1733097599999,1581420.4165,16132,261.358,748745.3405,0,2024-12-01 20:00:00
1733097600000,2847.9,2857.9,2817.1,2842.3,1062.804,1733111999999,3017048.8362,24175,459.787,1305478.3675,0,2024-12-02 00:00:00
1733112000000,2843.6,2868.2,2835.6,2841.8,1074.773,1733126399999,3061372.8516,28711,575.836,1640443.1952,0,2024-12-02 04:00:00
1733126400000,2842.2,2907.8,2837.7,2891.6,1186.817,1733140799999,3419633.6347,30947,650.131,1873362.0715,0,2024-12-02 08:00:00
1733140800000,2891.9,2894.9,2834.0,2840.4,853.084,1733155199999,2441856.2539,23778,370.722,1061228.3482,0,2024-12-02 12:00:00
1733155200000,2840.1,2864.4,2831.0,2839.4,649.438,1733169599999,1848573.3534,18058,343.035,976692.9861,0,2024-12-02 16:00:00
1733169600000,2839.5,2842.1,2800.9,2803.9,415.279,1733183999999,1170941.6766,15043,166.873,470664.7554,0,2024-12-02 20:00:00
1733184000000,2803.8,2818.8,2789.0,2795.5,547.927,1733198399999,1535548.0116,16822,272.335,763488.4907,0,2024-12-03 00:00:00
1733198400000,2795.6,2815.4,2774.1,2801.3,794.483,1733212799999,2221344.2945,20298,356.714,997514.3908,0,2024-12-03 04:00:00
1733212800000,2801.2,2810.0,2772.0,2772.6,656.825,1733227199999,1835321.1024,18732,288.046,805173.3080,0,2024-12-03 08:00:00
1733227200000,2772.7,2874.6,2767.0,2845.6,3958.360,1733241599999,11180894.6487,71463,1951.914,5513883.6213,0,2024-12-03 12:00:00
1733241600000,2845.5,2848.0,2795.0,2797.8,569.606,1733255999999,1607823.4476,19026,229.834,649135.5254,0,2024-12-03 16:00:00
1733256000000,2797.2,2798.6,2742.1,2754.5,1009.226,1733270399999,2789501.3106,24355,459.413,1269994.2782,0,2024-12-03 20:00:00
1733270400000,2754.5,2754.5,2700.0,2720.5,1149.130,1733284799999,3127380.5069,24417,468.295,1274739.6425,0,2024-12-04 00:00:00
1733284800000,2720.3,2728.6,2700.9,2707.1,541.045,1733299199999,1467980.0201,16276,251.534,682592.4375,0,2024-12-04 04:00:00
1733299200000,2707.1,2725.7,2685.0,2690.1,1092.768,1733313599999,2960038.8551,28011,485.950,1317213.9437,0,2024-12-04 08:00:00
1733313600000,2690.0,2706.6,2651.6,2663.2,2209.774,1733327999999,5918378.1250,40727,1061.604,2845102.9751,0,2024-12-04 12:00:00
1733328000000,2663.2,2722.7,2656.6,2710.3,1640.633,1733342399999,4421743.3821,32880,818.099,2206016.3012,0,2024-12-04 16:00:00
1733342400000,2710.3,2797.1,2710.1,2761.3,1640.113,1733356799999,4521051.6346,35871,797.473,2198442.4750,0,2024-12-04 20:00:00
1733356800000,2761.4,2916.0,2755.0,2900.6,3293.598,1733371199999,9329499.4442,56810,1784.100,5055322.0942,0,2024-12-05 00:00:00
1733371200000,2900.4,2915.8,2827.2,2845.9,1454.275,1733385599999,4166804.8299,33251,783.264,2244820.6118,0,2024-12-05 04:00:00
1733385600000,2845.4,2855.7,2800.0,2801.7,1155.582,1733399999999,3263889.0986,22453,434.409,1227633.0084,0,2024-12-05 08:00:00
1733400000000,2801.7,2845.7,2789.6,2795.4,996.036,1733414399999,2809104.4124,22105,446.897,1261648.2436,0,2024-12-05 12:00:00
1733414400000,2795.4,2807.0,2746.8,2775.2,938.521,1733428799999,2602078.8296,17938,473.336,1312540.6192,0,2024-12-05 16:00:00
1733428800000,2775.5,2793.3,2685.0,2754.1,1241.017,1733443199999,3406637.5413,29405,585.966,1608676.7594,0,2024-12-05 20:00:00
1733443200000,2754.2,2756.4,2697.1,2699.4,614.888,1733457599999,1673667.1311,16258,223.715,609295.8276,0,2024-12-06 00:00:00
1733457600000,2699.4,2724.4,2695.0,2719.9,425.499,1733471999999,1151042.5676,12838,193.751,524317.8246,0,2024-12-06 04:00:00
1733472000000,2719.9,2767.5,2716.8,2751.9,812.065,1733486399999,2232641.4084,22411,449.764,1237064.8417,0,2024-12-06 08:00:00
1733486400000,2753.0,2778.9,2700.6,2724.4,1375.374,1733500799999,3769395.9373,30207,612.140,1678113.4521,0,2024-12-06 12:00:00
1733500800000,2724.3,2757.6,2695.5,2739.2,795.448,1733515199999,2166668.9054,19137,387.596,1056499.7068,0,2024-12-06 16:00:00
1733515200000,2739.3,2748.6,2706.4,2713.1,325.446,1733529599999,886448.4685,11659,165.406,450373.6759,0,2024-12-06 20:00:00
1733529600000,2712.9,2728.8,2702.9,2704.5,436.391,1733543999999,1185597.6975,10499,216.250,587486.2236,0,2024-12-07 00:00:00
1733544000000,2704.8,2707.1,2686.2,2699.3,1209.183,1733558399999,3257972.2917,21126,584.266,1574466.3022,0,2024-12-07 04:00:00
1733558400000,2699.7,2709.0,2688.3,2695.7,381.605,1733572799999,1030539.4245,9037,177.916,480495.0421,0,2024-12-07 08:00:00
1733572800000,2695.7,2701.1,2671.7,2675.2,337.302,1733587199999,906127.0033,9184,140.312,377153.0549,0,2024-12-07 12:00:00
1733587200000,2674.7,2694.8,2670.0,2684.0,420.899,1733601599999,1129400.2378,11041,210.902,565912.5663,0,2024-12-07 16:00:00
1733601600000,2683.6,2694.9,2671.1,2677.9,334.319,1733615999999,897230.9421,8562,171.250,459799.4443,0,2024-12-07 20:00:00
1733616000000,2677.9,2686.0,2670.0,2678.1,356.770,1733630399999,955298.8873,8158,140.721,376856.6064,0,2024-12-08 00:00:00
1733630400000,2678.1,2703.2,2674.5,2688.3,605.203,1733644799999,1629718.4447,10270,237.910,640389.3575,0,2024-12-08 04:00:00
1733644800000,2688.2,2720.8,2688.2,2699.7,768.841,1733659199999,2079301.7210,17587,369.389,999094.6931,0,2024-12-08 08:00:00
1733659200000,2699.5,2711.9,2691.6,2695.5,1345.716,1733673599999,3634072.3429,24611,662.844,1790244.6576,0,2024-12-08 12:00:00
1733673600000,2695.2,2702.3,2686.9,2697.6,476.523,1733687999999,1284188.6725,10558,233.368,629090.2315,0,2024-12-08 16:00:00
1733688000000,2697.7,2710.0,2684.1,2707.7,418.472,1733702399999,1126895.7640,8061,242.840,653900.9744,0,2024-12-08 20:00:00
1733702400000,2707.7,2740.0,2701.5,2728.0,1042.431,1733716799999,2834617.7152,16924,442.254,1203247.0552,0,2024-12-09 00:00:00
1733716800000,2728.3,2761.8,2718.2,2754.2,1246.382,1733731199999,3418432.5855,20377,697.593,1913862.7622,0,2024-12-09 04:00:00
1733731200000,2754.3,2796.8,2754.3,2784.3,2097.601,1733745599999,5828440.2057,32488,1003.739,2788909.3948,0,2024-12-09 08:00:00
1733745600000,2784.4,2794.8,2753.0,2779.3,1256.504,1733759999999,3483614.8919,23814,573.806,1591119.7243,0,2024-12-09 12:00:00
1733760000000,2779.8,2784.5,2752.3,2767.4,566.304,1733774399999,1567049.5441,16114,268.525,743081.6102,0,2024-12-09 16:00:00
1733774400000,2767.7,3024.0,2766.4,2909.2,5384.080,1733788799999,15654556.4934,94963,2911.666,8470379.6614,0,2024-12-09 20:00:00
1733788800000,2909.3,2989.3,2877.1,2941.7,2376.843,1733803199999,6957260.1550,42713,1265.673,3705754.3841,0,2024-12-10 00:00:00
1733803200000,2941.7,2962.8,2886.9,2896.0,1124.111,1733817599999,3280123.2574,25689,523.997,1530170.9311,0,2024-12-10 04:00:00
1733817600000,2896.1,2912.5,2872.6,2900.6,837.204,1733831999999,2420900.6333,20069,382.807,1107334.1633,0,2024-12-10 08:00:00
1733832000000,2900.9,3019.7,2897.4,3014.4,2668.156,1733846399999,7913608.6614,49132,1415.644,4201447.0088,0,2024-12-10 12:00:00
1733846400000,3014.4,3050.0,2951.2,2957.0,3071.948,1733860799999,9232452.0680,49588,1643.033,4939259.3195,0,2024-12-10 16:00:00
1733860800000,2957.5,2961.4,2893.3,2916.4,1147.602,1733875199999,3358426.0316,25899,483.967,1416429.1967,0,2024-12-10 20:00:00
1733875200000,2915.5,2969.9,2910.3,2929.9,831.536,1733889599999,2447298.6284,20976,409.996,1207092.0164,0,2024-12-11 00:00:00
1733889600000,2929.9,2955.1,2912.5,2943.2,594.209,1733903999999,1740893.4832,12907,317.000,929651.9610,0,2024-12-11 04:00:00
1733904000000,2943.0,2944.3,2888.4,2902.7,640.297,1733918399999,1867724.6249,14288,268.062,781602.4802,0,2024-12-11 08:00:00
1733918400000,2902.4,2904.4,2870.0,2885.0,1196.602,1733932799999,3449912.0104,23129,593.354,1711353.6729,0,2024-12-11 12:00:00
1733932800000,2885.2,2903.6,2878.5,2894.6,547.696,1733947199999,1583296.8814,16478,247.796,716553.4900,0,2024-12-11 16:00:00
1733947200000,2894.7,2900.7,2878.2,2889.3,431.165,1733961599999,1246136.6181,10833,240.449,695039.0497,0,2024-12-11 20:00:00
1733961600000,2889.3,2894.6,2816.1,2825.6,1030.926,1733975999999,2955222.2249,19696,530.683,1522509.1869,0,2024-12-12 00:00:00
1733976000000,2825.5,2825.5,2790.3,2812.8,1054.684,1733990399999,2960403.8848,21085,499.797,1403487.7757,0,2024-12-12 04:00:00
1733990400000,2812.7,2830.9,2801.5,2818.7,881.274,1734004799999,2482483.4994,19613,457.709,1289721.9385,0,2024-12-12 08:00:00
1734004800000,2818.3,2833.3,2787.4,2831.2,1146.990,1734019199999,3228642.4189,22485,557.970,1571482.5202,0,2024-12-12 12:00:00
1734019200000,2831.3,2840.5,2802.1,2829.5,833.496,1734033599999,2355244.6996,16709,387.836,1096220.9228,0,2024-12-12 16:00:00
1734033600000,2829.8,2857.6,2816.4,2837.1,727.359,1734047999999,2063680.6296,18233,351.772,998169.8454,0,2024-12-12 20:00:00
1734048000000,2837.0,2858.9,2796.6,2808.0,653.508,1734062399999,1846400.2102,16210,278.475,787040.8118,0,2024-12-13 00:00:00
1734062400000,2808.0,2859.5,2805.9,2857.8,641.122,1734076799999,1820852.9902,14279,320.274,909668.1659,0,2024-12-13 04:00:00
1734076800000,2857.7,2866.4,2833.3,2844.2,790.524,1734091199999,2252222.7187,15879,380.113,1083558.2342,0,2024-12-13 08:00:00
1734091200000,2844.3,2846.6,2813.4,2841.8,860.793,1734105599999,2433747.0410,16140,437.122,1236218.6563,0,2024-12-13 12:00:00
1734105600000,2841.8,2872.1,2836.0,2857.6,512.543,1734119999999,1462045.8872,11648,253.178,722386.3822,0,2024-12-13 16:00:00
1734120000000,2857.7,2862.1,2845.6,2849.8,180.498,1734134399999,514945.4160,8367,79.800,227698.2393,0,2024-12-13 20:00:00
1734134400000,2849.7,2864.2,2836.5,2857.0,317.209,1734148799999,904155.8290,8768,144.115,410928.4238,0,2024-12-14 00:00:00
1734148800000,2857.0,2860.1,2832.1,2842.4,199.432,1734163199999,567601.9132,6450,94.614,269198.5357,0,2024-12-14 04:00:00
1734163200000,2842.9,2866.2,2836.2,2865.5,203.421,1734177599999,580127.8512,6956,115.261,328744.4171,0,2024-12-14 08:00:00
1734177600000,2865.5,2902.0,2863.6,2887.7,1158.298,1734191999999,3344615.4097,23723,598.428,1728363.0345,0,2024-12-14 12:00:00
1734192000000,2888.5,2919.9,2885.1,2909.7,762.565,1734206399999,2214127.5585,18555,367.843,1068408.6598,0,2024-12-14 16:00:00
1734206400000,2909.8,2923.7,2893.0,2901.2,415.516,1734220799999,1209065.7548,12303,204.360,594963.5329,0,2024-12-14 20:00:00
1734220800000,2901.3,2918.0,2895.3,2908.9,374.994,1734235199999,1089534.2239,10937,177.392,515361.7591,0,2024-12-15 00:00:00
1734235200000,2908.9,2943.2,2902.9,2934.3,685.505,1734249599999,2003791.1070,15158,361.357,1056260.9942,0,2024-12-15 04:00:00
1734249600000,2934.3,2939.4,2920.3,2931.8,467.263,1734263999999,1368415.9279,12640,228.344,668952.6299,0,2024-12-15 08:00:00
1734264000000,2931.5,2947.4,2904.5,2914.3,543.816,1734278399999,1589373.7738,12920,273.638,799423.2894,0,2024-12-15 12:00:00
1734278400000,2914.3,2929.8,2909.7,2923.2,243.012,1734292799999,709158.2796,7543,115.403,336807.0366,0,2024-12-15 16:00:00
1734292800000,2923.4,2961.9,2914.5,2922.4,674.603,1734307199999,1983448.3875,16441,343.012,1008821.6021,0,2024-12-15 20:00:00
1734307200000,2922.5,2962.9,2912.1,2955.2,631.231,1734321599999,1851613.8134,16142,364.112,1068495.6249,0,2024-12-16 00:00:00
1734321600000,2954.9,2967.4,2925.0,2946.9,784.540,1734335999999,2313976.2026,16049,381.722,1126209.3380,0,2024-12-16 04:00:00
1734336000000,2947.1,2988.7,2943.6,2983.1,978.369,1734350399999,2903822.3565,18266,552.266,1638845.0882,0,2024-12-16 08:00:00
1734350400000,2982.7,3021.1,2970.0,3018.0,962.755,1734364799999,2885801.4299,21276,415.963,1247206.0081,0,2024-12-16 12:00:00
1734364800000,3018.3,3018.9,2941.1,2958.0,1210.873,1734379199999,3602132.8486,24478,587.300,1747615.4650,0,2024-12-16 16:00:00
1734379200000,2957.5,2978.4,2940.7,2978.2,405.344,1734393599999,1197352.9734,10711,214.157,632632.6318,0,2024-12-16 20:00:00
1734393600000,2978.4,3012.5,2977.4,2985.3,709.602,1734407999999,2124797.4737,16447,368.289,1102776.4368,0,2024-12-17 00:00:00
1734408000000,2985.4,3007.5,2984.7,3000.7,396.811,1734422399999,1188173.7021,9785,226.914,679577.3735,0,2024-12-17 04:00:00
1734422400000,3000.6,3003.0,2948.9,2957.0,509.218,1734436799999,1514772.0446,13133,230.624,686054.8404,0,2024-12-17 08:00:00
1734436800000,2956.8,3001.4,2942.4,2995.5,861.619,1734451199999,2566811.1932,18925,477.794,1423903.1239,0,2024-12-17 12:00:00
1734451200000,2995.5,3000.0,2975.1,2978.1,608.998,1734465599999,1818654.5393,13781,252.495,754073.8617,0,2024-12-17 16:00:00
1734465600000,2978.2,3028.9,2971.4,3013.2,838.506,1734479999999,2519390.7794,20205,456.670,1372555.9386,0,2024-12-17 20:00:00
1734480000000,3013.5,3029.4,2989.8,3010.6,1144.593,1734494399999,3449456.2486,20044,509.095,1534389.1437,0,2024-12-18 00:00:00
1734494400000,3010.6,3021.7,2989.8,3009.6,968.179,1734508799999,2910635.8453,20930,451.955,1358839.8501,0,2024-12-18 04:00:00
1734508800000,3009.9,3010.7,2982.4,2996.0,585.730,1734523199999,1754580.0498,14457,306.453,918468.9791,0,2024-12-18 08:00:00
1734523200000,2996.1,3027.6,2994.4,3016.0,773.443,1734537599999,2332158.8292,17114,411.168,1240048.8392,0,2024-12-18 12:00:00
1734537600000,3016.4,3037.4,2985.1,3037.2,811.201,1734551999999,2441215.4961,17186,423.982,1276153.7706,0,2024-12-18 16:00:00
1734552000000,3037.2,3114.0,3030.3,3072.4,2127.422,1734566399999,6522343.7294,38917,1140.850,3499267.9409,0,2024-12-18 20:00:00
1734566400000,3072.6,3143.3,3063.2,3067.3,1720.704,1734580799999,5327966.7973,39282,855.678,2650429.7745,0,2024-12-19 00:00:00
1734580800000,3067.2,3074.6,3055.4,3063.9,440.865,1734595199999,1350702.2357,15700,226.210,693148.7293,0,2024-12-19 04:00:00
1734595200000,3064.0,3103.5,3062.3,3068.2,722.591,1734609599999,2224628.7255,18484,364.734,1123468.2095,0,2024-12-19 08:00:00
1734609600000,3068.4,3120.9,3067.4,3106.0,1116.062,1734623999999,3456547.6732,23718,637.821,1975742.1196,0,2024-12-19 12:00:00
1734624000000,3106.5,3199.2,3093.1,3172.6,2186.861,1734638399999,6905344.8100,49368,1148.826,3628092.8968,0,2024-12-19 16:00:00
1734638400000,3173.0,3217.0,3146.1,3177.6,1248.010,1734652799999,3958749.4331,35412,617.200,1958739.6385,0,2024-12-19 20:00:00
1734652800000,3177.2,3194.3,3105.0,3133.9,1005.959,1734667199999,3163302.7732,27651,492.147,1548208.4324,0,2024-12-20 00:00:00
1734667200000,3133.9,3212.6,3127.4,3190.8,960.951,1734681599999,3048074.3412,28333,475.902,1510137.3840,0,2024-12-20 04:00:00
1734681600000,3191.0,3386.1,3190.8,3365.5,3724.535,1734695999999,12252497.8948,80589,1926.335,6338546.7759,0,2024-12-20 08:00:00
1734696000000,3365.5,3370.6,3192.8,3217.7,2837.419,1734710399999,9218147.5534,64414,1345.417,4372939.6207,0,2024-12-20 12:00:00
1734710400000,3217.8,3224.9,3125.5,3138.9,1096.081,1734724799999,3478958.6271,28837,450.699,1431305.5233,0,2024-12-20 16:00:00
1734724800000,3138.5,3153.0,3111.7,3132.0,735.131,1734739199999,2304238.5527,22322,373.882,1172288.9001,0,2024-12-20 20:00:00
1734739200000,3132.1,3142.4,3101.2,3115.0,619.559,1734753599999,1932247.3119,18651,290.868,907280.2729,0,2024-12-21 00:00:00
1734753600000,3115.5,3115.6,3067.0,3087.0,649.563,1734767999999,2005056.1033,19744,257.186,793559.9904,0,2024-12-21 04:00:00
1734768000000,3087.5,3147.0,3080.1,3137.9,754.834,1734782399999,2352314.0687,23846,415.382,1294525.9303,0,2024-12-21 08:00:00
1734782400000,3138.0,3214.0,3137.9,3187.1,1490.684,1734796799999,4742120.4735,42297,799.967,2545301.2001,0,2024-12-21 12:00:00
1734796800000,3187.2,3247.1,3181.8,3220.2,981.675,1734811199999,3158650.3269,30909,537.320,1729533.4016,0,2024-12-21 16:00:00
1734811200000,3220.2,3251.3,3213.9,3232.7,574.222,1734825599999,1854790.7037,22117,297.035,959670.2248,0,2024-12-21 20:00:00
1734825600000,3232.3,3245.3,3200.4,3209.0,613.904,1734839999999,1975130.8885,22612,289.605,931931.4579,0,2024-12-22 00:00:00
1734840000000,3209.2,3251.4,3191.9,3199.8,708.104,1734854399999,2279359.6328,23007,378.300,1218200.5221,0,2024-12-22 04:00:00
1734854400000,3200.5,3201.5,3162.9,3181.9,656.071,1734868799999,2087191.4342,20376,333.310,1060562.3422,0,2024-12-22 08:00:00
1734868800000,3181.9,3225.4,3170.6,3199.6,684.192,1734883199999,2189178.1796,22549,360.541,1154046.9683,0,2024-12-22 12:00:00
1734883200000,3199.0,3231.6,3177.4,3226.6,406.108,1734897599999,1300246.8929,16362,182.235,583504.1836,0,2024-12-22 16:00:00
1734897600000,3226.6,3245.6,3196.0,3210.7,546.342,1734911999999,1760026.1708,22109,283.460,913414.2762,0,2024-12-22 20:00:00
1734912000000,3211.0,3236.9,3155.4,3166.2,750.144,1734926399999,2397303.6073,22852,290.350,929094.3792,0,2024-12-23 00:00:00
1734926400000,3166.1,3215.0,3161.9,3201.5,475.811,1734940799999,1516462.9297,17868,236.920,754932.9035,0,2024-12-23 04:00:00
1734940800000,3201.3,3203.2,3168.6,3182.6,333.012,1734955199999,1060097.9238,12596,164.595,524118.4027,0,2024-12-23 08:00:00
1734955200000,3182.6,3188.6,3141.0,3156.6,1013.813,1734969599999,3201890.2390,23284,491.863,1553583.4504,0,2024-12-23 12:00:00
1734969600000,3155.6,3160.4,3077.0,3077.7,1046.536,1734983999999,3255645.1121,28385,475.474,1479664.7610,0,2024-12-23 16:00:00
1734984000000,3078.0,3078.5,3007.1,3061.2,1288.678,1734998399999,3916551.6191,36123,620.599,1885566.1250,0,2024-12-23 20:00:00
1734998400000,3060.6,3075.6,3048.6,3059.4,591.730,1735012799999,1812377.7663,17716,336.046,1029519.4692,0,2024-12-24 00:00:00
1735012800000,3059.7,3061.4,3041.2,3053.9,287.104,1735027199999,875621.9068,10848,132.378,403765.5554,0,2024-12-24 04:00:00
1735027200000,3054.0,3064.8,3044.0,3052.5,393.112,1735041599999,1201303.0261,11637,196.728,601279.2263,0,2024-12-24 08:00:00
1735041600000,3052.5,3101.0,3040.8,3093.3,1146.166,1735055999999,3522805.8416,28191,563.006,1731329.7904,0,2024-12-24 12:00:00
1735056000000,3093.3,3120.0,3072.1,3097.5,851.446,1735070399999,2639687.8448,23674,414.843,1286868.0580,0,2024-12-24 16:00:00
1735070400000,3096.8,3125.3,3096.7,3104.6,379.251,1735084799999,1180392.4041,20542,204.479,636417.5007,0,2024-12-24 20:00:00
1735084800000,3105.0,3113.7,3085.7,3098.9,251.928,1735099199999,781054.3162,11924,130.784,405469.2955,0,2024-12-25 00:00:00
1735099200000,3098.7,3107.8,3093.2,3104.5,167.897,1735113599999,520541.2291,8709,82.962,257242.1818,0,2024-12-25 04:00:00
1735113600000,3104.4,3115.3,3084.1,3113.1,305.391,1735127999999,945753.8644,11040,156.925,486050.2393,0,2024-12-25 08:00:00
1735128000000,3113.7,3128.6,3107.4,3123.1,372.698,1735142399999,1161771.1918,12682,178.320,555938.9620,0,2024-12-25 12:00:00
1735142400000,3122.9,3145.5,3119.2,3127.2,435.719,1735156799999,1365068.9095,14451,252.640,791531.3840,0,2024-12-25 16:00:00
1735156800000,3127.2,3149.9,3126.2,3139.7,240.374,1735171199999,754087.4607,9928,127.993,401745.1337,0,2024-12-25 20:00:00
1735171200000,3139.8,3157.8,3132.5,3157.5,448.749,1735185599999,1411666.2925,14562,258.469,813268.5785,0,2024-12-26 00:00:00
1735185600000,3157.4,3170.0,3145.3,3155.9,375.953,1735199999999,1187184.0725,15178,193.160,610105.5069,0,2024-12-26 04:00:00
1735200000000,3155.6,3169.1,3135.0,3139.3,816.799,1735214399999,2573849.0463,25163,381.833,1203172.2793,0,2024-12-26 08:00:00
1735214400000,3139.7,3178.0,3139.1,3178.0,515.337,1735228799999,1628017.3195,19084,280.170,885122.5879,0,2024-12-26 12:00:00
1735228800000,3177.9,3199.8,3168.0,3180.7,550.963,1735243199999,1753493.0810,22188,275.604,877433.6430,0,2024-12-26 16:00:00
1735243200000,3181.3,3195.1,3165.5,3180.1,266.028,1735257599999,846475.4087,14259,129.337,411530.5474,0,2024-12-26 20:00:00
1735257600000,3179.5,3189.6,3158.5,3168.7,310.421,1735271999999,984526.5222,15151,151.551,480688.9022,0,2024-12-27 00:00:00
1735272000000,3168.1,3175.0,3146.3,3163.7,449.263,1735286399999,1420068.8142,18668,240.442,759922.5677,0,2024-12-27 04:00:00
1735286400000,3163.5,3168.3,3114.1,3133.2,782.262,1735300799999,2450436.9437,26719,404.392,1266444.2781,0,2024-12-27 08:00:00
1735300800000,3132.7,3164.7,3129.6,3153.6,502.386,1735315199999,1582269.5559,22713,246.732,777269.2343,0,2024-12-27 12:00:00
1735315200000,3153.5,3168.4,3110.1,3124.1,573.951,1735329599999,1800848.3134,18147,271.502,851955.9557,0,2024-12-27 16:00:00
1735329600000,3124.3,3159.4,3120.5,3143.9,322.752,1735343999999,1014879.8523,15593,157.988,496946.3428,0,2024-12-27 20:00:00
1735344000000,3143.9,3153.1,3132.4,3140.7,264.926,1735358399999,832807.1445,13297,124.494,391458.3669,0,2024-12-28 00:00:00
1735358400000,3141.2,3147.8,3132.4,3142.1,150.270,1735372799999,471653.5664,8948,72.943,229001.2002,0,2024-12-28 04:00:00
1735372800000,3142.0,3142.9,3126.2,3127.5,102.232,1735387199999,320348.6296,7934,44.622,139848.1757,0,2024-12-28 08:00:00
1735387200000,3127.4,3132.1,3090.6,3100.3,453.687,1735401599999,1410495.9777,16912,242.734,754825.5882,0,2024-12-28 12:00:00
1735401600000,3100.2,3100.2,3080.4,3083.5,303.934,1735415999999,939100.6762,12339,149.796,462878.9169,0,2024-12-28 16:00:00
1735416000000,3083.2,3095.6,3075.6,3092.3,195.646,1735430399999,603854.8063,9870,109.973,339503.6603,0,2024-12-28 20:00:00
1735430400000,3092.0,3104.5,3089.7,3095.4,220.331,1735444799999,682325.6510,9669,93.507,289600.2726,0,2024-12-29 00:00:00
1735444800000,3095.0,3102.1,3082.5,3083.2,165.145,1735459199999,511007.2897,7227,71.382,220805.5917,0,2024-12-29 04:00:00
1735459200000,3083.3,3096.9,3083.3,3090.8,190.506,1735473599999,588683.5905,6774,86.016,265806.5577,0,2024-12-29 08:00:00
1735473600000,3090.7,3104.6,3084.0,3094.7,289.842,1735487999999,897424.3513,12503,145.387,450118.6380,0,2024-12-29 12:00:00
1735488000000,3094.7,3105.3,3084.4,3088.1,239.617,1735502399999,742058.4910,10426,128.629,398365.7858,0,2024-12-29 16:00:00
1735502400000,3088.4,3126.1,3087.7,3118.5,332.401,1735516799999,1033933.1886,12949,172.661,536978.7830,0,2024-12-29 20:00:00
1735516800000,3118.6,3122.8,3057.2,3085.6,432.392,1735531199999,1331355.0168,16204,200.406,616887.6274,0,2024-12-30 00:00:00
1735531200000,3086.0,3096.9,3075.2,3081.6,274.584,1735545599999,846523.5471,10726,135.137,416653.2605,0,2024-12-30 04:00:00
1735545600000,3081.7,3099.2,3073.2,3085.1,187.515,1735559999999,579121.0516,10252,97.528,301198.6157,0,2024-12-30 08:00:00
1735560000000,3085.7,3139.5,3081.5,3114.3,1017.941,1735574399999,3167499.2380,28281,485.935,1512036.9070,0,2024-12-30 12:00:00
1735574400000,3114.4,3119.4,3092.4,3095.4,533.237,1735588799999,1656745.7048,16207,277.346,861377.9616,0,2024-12-30 16:00:00
1735588800000,3095.5,3110.9,3087.1,3092.1,391.639,1735603199999,1213098.4012,14101,206.186,638702.5060,0,2024-12-30 20:00:00
1735603200000,3092.0,3117.4,3088.2,3109.2,370.904,1735617599999,1150384.8128,12228,186.365,578123.6216,0,2024-12-31 00:00:00
1735617600000,3109.3,3122.0,3103.6,3113.0,237.230,1735631999999,738609.3946,10921,105.760,329305.5704,0,2024-12-31 04:00:00
1735632000000,3113.0,3120.7,3103.2,3111.6,321.527,1735646399999,1000499.3298,12439,155.818,484935.2856,0,2024-12-31 08:00:00
1735646400000,3111.5,3125.0,3106.6,3113.0,421.696,1735660799999,1314633.1163,14948,239.149,745585.6447,0,2024-12-31 12:00:00
1735660800000,3112.9,3127.5,3095.9,3127.3,478.944,1735675199999,1492396.6188,14734,221.463,690257.1793,0,2024-12-31 16:00:00
1735675200000,3127.4,3133.7,3109.9,3130.7,280.620,1735689599999,876817.5818,9001,139.317,435221.4822,0,2024-12-31 20:00:00
1735689600000,3130.7,3135.5,3114.2,3119.2,164.774,1735703999999,514716.6253,7866,67.139,209689.5739,0,2025-01-01 00:00:00
1735704000000,3119.3,3126.7,3111.2,3117.9,161.073,1735718399999,502162.9205,7766,74.346,231828.6063,0,2025-01-01 04:00:00
1735718400000,3117.2,3130.5,3108.4,3109.9,213.194,1735732799999,664905.5264,9710,115.270,359565.4331,0,2025-01-01 08:00:00
1735732800000,3109.9,3120.2,3098.6,3104.0,363.409,1735747199999,1129971.6700,9601,176.160,547558.9554,0,2025-01-01 12:00:00
1735747200000,3104.7,3107.2,3065.1,3076.0,389.963,1735761599999,1203385.8915,13134,179.409,553588.4833,0,2025-01-01 16:00:00
1735761600000,3075.7,3081.6,3065.0,3065.5,209.739,1735775999999,644558.3831,9049,97.594,299995.4511,0,2025-01-01 20:00:00
1735776000000,3065.3,3066.3,3031.0,3038.2,489.082,1735790399999,1489446.0390,14744,209.632,638248.8599,0,2025-01-02 00:00:00
1735790400000,3038.2,3051.6,3032.3,3042.9,190.311,1735804799999,578729.0592,9911,96.415,293210.9384,0,2025-01-02 04:00:00
1735804800000,3042.9,3042.9,3024.1,3025.3,261.063,1735819199999,791541.8107,10472,106.758,323709.0528,0,2025-01-02 08:00:00
1735819200000,3025.7,3041.7,3020.6,3032.1,384.084,1735833599999,1163263.5386,13948,183.659,556369.8674,0,2025-01-02 12:00:00
1735833600000,3031.9,3065.4,3029.5,3062.7,336.284,1735847999999,1025372.0394,12434,172.944,527464.8635,0,2025-01-02 16:00:00
1735848000000,3062.8,3072.5,3044.6,3049.2,193.010,1735862399999,591008.0287,8324,86.646,265358.9646,0,2025-01-02 20:00:00
1735862400000,3049.3,3053.4,3023.0,3023.8,183.039,1735876799999,556665.1165,8971,80.565,245114.1891,0,2025-01-03 00:00:00
1735876800000,3023.7,3037.8,3021.7,3031.8,207.423,1735891199999,628442.3843,9332,92.303,279679.2164,0,2025-01-03 04:00:00
1735891200000,3031.6,3036.8,2998.7,3003.5,322.880,1735905599999,973178.3451,10981,124.036,374019.9791,0,2025-01-03 08:00:00
1735905600000,3003.4,3006.6,2954.7,2959.9,659.522,1735919999999,1965058.3209,19764,325.122,968410.9126,0,2025-01-03 12:00:00
1735920000000,2960.1,2974.1,2905.0,2955.3,616.277,1735934399999,1820660.3392,19557,264.870,783498.7978,0,2025-01-03 16:00:00
1735934400000,2954.9,2968.5,2946.2,2950.1,235.152,1735948799999,695278.8445,8459,107.444,317548.0909,0,2025-01-03 20:00:00
1735948800000,2950.0,2961.0,2901.0,2949.6,483.399,1735963199999,1423373.4975,17834,249.615,735529.4559,0,2025-01-04 00:00:00
1735963200000,2949.3,2958.9,2945.1,2958.0,234.183,1735977599999,691221.2822,10648,118.218,348987.0875,0,2025-01-04 04:00:00
1735977600000,2957.5,2970.0,2947.0,2948.6,340.170,1735991999999,1005605.7384,11427,164.296,485707.3743,0,2025-01-04 08:00:00
1735992000000,2948.7,2960.5,2916.9,2955.0,843.566,1736006399999,2473519.5774,22064,459.011,1345303.0961,0,2025-01-04 12:00:00
1736006400000,2955.0,2956.0,2940.1,2950.6,271.860,1736020799999,801611.1953,12206,125.625,370400.9403,0,2025-01-04 16:00:00
1736020800000,2950.7,2954.1,2933.4,2937.7,145.018,1736035199999,426763.3773,9037,68.115,200497.8285,0,2025-01-04 20:00:00
1736035200000,2937.5,2959.8,2930.0,2955.1,288.802,1736049599999,852051.3370,9257,128.199,378207.6099,0,2025-01-05 00:00:00
1736049600000,2955.1,2967.6,2950.3,2959.1,283.448,1736063999999,838566.4697,12344,123.502,365339.8632,0,2025-01-05 04:00:00
1736064000000,2958.9,2975.0,2953.9,2963.1,324.526,1736078399999,961675.7522,13044,166.740,494171.6808,0,2025-01-05 08:00:00
1736078400000,2963.5,2973.8,2956.0,2965.1,257.659,1736092799999,764225.1108,11655,137.803,408802.7691,0,2025-01-05 12:00:00
1736092800000,2965.3,2971.0,2952.3,2962.3,185.263,1736107199999,548685.2760,9276,99.145,293719.1158,0,2025-01-05 16:00:00
1736107200000,2962.4,2967.7,2957.0,2960.5,114.849,1736121599999,340326.8441,6824,57.214,169552.3688,0,2025-01-05 20:00:00
1736121600000,2960.6,2976.2,2946.9,2958.7,374.201,1736135999999,1108298.6773,13385,179.210,530945.9254,0,2025-01-06 00:00:00
1736136000000,2958.7,2985.7,2958.7,2983.5,331.460,1736150399999,985651.1111,9644,170.818,508047.3489,0,2025-01-06 04:00:00
1736150400000,2983.4,2989.6,2970.3,2973.7,237.700,1736164799999,708482.2534,9616,105.429,314361.9917,0,2025-01-06 08:00:00
1736164800000,2973.3,3024.4,2972.3,3009.4,922.612,1736179199999,2764599.2309,18245,493.067,1478507.2848,0,2025-01-06 12:00:00
1736179200000,3009.5,3029.9,2992.0,3012.9,575.187,1736193599999,1731782.6642,17385,321.541,968080.3278,0,2025-01-06 16:00:00
1736193600000,3013.0,3037.6,3012.9,3031.9,349.240,1736207999999,1057265.5650,10583,163.051,493585.7050,0,2025-01-06 20:00:00
1736208000000,3032.1,3041.7,3018.4,3025.1,453.000,1736222399999,1371994.5248,12055,250.416,758431.2235,0,2025-01-07 00:00:00
1736222400000,3025.5,3035.0,3021.2,3025.6,375.501,1736236799999,1137394.4954,9473,185.006,560485.0202,0,2025-01-07 04:00:00
1736236800000,3026.2,3028.1,3012.9,3018.9,287.432,1736251199999,867857.1015,9289,139.470,421174.3526,0,2025-01-07 08:00:00
1736251200000,3018.9,3102.9,3010.5,3066.5,1736.131,1736265599999,5305192.9378,35491,932.482,2850393.9817,0,2025-01-07 12:00:00
1736265600000,3066.5,3092.4,3044.3,3082.9,1189.313,1736279999999,3649261.4351,32362,651.003,1997533.8107,0,2025-01-07 16:00:00
1736280000000,3083.1,3116.3,3075.0,3114.3,1039.563,1736294399999,3221223.1739,28494,513.969,1592717.3896,0,2025-01-07 20:00:00
1736294400000,3114.8,3130.4,3083.6,3108.8,1188.094,1736308799999,3686883.4783,31290,646.347,2006518.0936,0,2025-01-08 00:00:00
1736308800000,3108.7,3143.0,3098.6,3106.6,1612.053,1736323199999,5033487.9775,43213,831.865,2598194.1135,0,2025-01-08 04:00:00
1736323200000,3106.7,3106.8,3077.1,3084.2,1281.341,1736337599999,3957812.6858,31482,617.562,1907903.4228,0,2025-01-08 08:00:00
1736337600000,3083.7,3099.3,3068.9,3095.5,751.443,1736351999999,2315767.9094,22604,353.752,1090418.3298,0,2025-01-08 12:00:00
1736352000000,3095.2,3145.3,3086.6,3106.5,1663.599,1736366399999,5183010.9788,42479,874.128,2723996.3073,0,2025-01-08 16:00:00
1736366400000,3106.8,3110.4,3075.8,3083.7,458.866,1736380799999,1418683.9409,16877,221.744,685774.3927,0,2025-01-08 20:00:00
1736380800000,3083.3,3087.3,3056.7,3066.5,399.252,1736395199999,1226140.7377,15091,192.978,592617.9951,0,2025-01-09 00:00:00
1736395200000,3067.7,3097.0,3061.0,3084.0,381.502,1736409599999,1175575.2841,13189,210.580,649014.0695,0,2025-01-09 04:00:00
1736409600000,3083.5,3091.6,3052.1,3079.6,587.115,1736423999999,1804831.2104,17444,284.831,875628.2028,0,2025-01-09 08:00:00
1736424000000,3080.7,3116.0,3075.7,3086.6,773.282,1736438399999,2392642.0805,23028,453.820,1403925.2537,0,2025-01-09 12:00:00
1736438400000,3086.7,3117.2,3085.1,3112.4,390.349,1736452799999,1209566.0505,16408,200.879,622405.8866,0,2025-01-09 16:00:00
1736452800000,3111.5,3129.3,3097.0,3118.0,527.657,1736467199999,1642478.1312,17826,255.071,793932.4037,0,2025-01-09 20:00:00
1736467200000,3116.9,3123.9,3105.5,3116.3,286.313,1736481599999,891646.1871,11092,143.079,445619.3103,0,2025-01-10 00:00:00
1736481600000,3116.3,3125.0,3093.0,3098.7,419.147,1736495999999,1304249.7795,14780,180.388,561268.5492,0,2025-01-10 04:00:00
1736496000000,3098.4,3111.1,3093.7,3109.6,283.134,1736510399999,879157.0960,10464,159.160,494318.4448,0,2025-01-10 08:00:00
1736510400000,3109.7,3130.0,3103.1,3119.6,794.773,1736524799999,2479213.9808,22047,418.241,1304727.2183,0,2025-01-10 12:00:00
1736524800000,3119.5,3130.9,3106.9,3116.0,514.962,1736539199999,1606572.4553,14863,285.978,892134.9850,0,2025-01-10 16:00:00
1736539200000,3116.1,3126.8,3111.8,3119.7,156.340,1736553599999,487988.6447,6481,61.811,192906.2287,0,2025-01-10 20:00:00
1736553600000,3119.4,3129.5,3113.6,3127.1,270.770,1736567999999,845713.0894,7247,178.572,557698.8522,0,2025-01-11 00:00:00
1736568000000,3127.1,3136.4,3116.5,3128.2,175.118,1736582399999,547326.7128,6435,88.129,275515.4991,0,2025-01-11 04:00:00
1736582400000,3128.3,3134.7,3096.0,3099.2,287.370,1736596799999,895957.1341,6848,132.157,411949.0566,0,2025-01-11 08:00:00
1736596800000,3099.7,3113.6,3096.1,3101.1,221.086,1736611199999,686156.8827,6655,105.732,328184.8831,0,2025-01-11 12:00:00
1736611200000,3101.2,3107.6,3069.4,3070.2,317.045,1736625599999,978516.1795,7723,137.621,424682.9208,0,2025-01-11 16:00:00
1736625600000,3069.3,3072.2,3036.4,3061.1,710.893,1736639999999,2170210.8328,13584,322.623,984900.4164,0,2025-01-11 20:00:00
1736640000000,3061.1,3073.7,3056.2,3066.0,251.171,1736654399999,769948.3684,7376,104.439,320204.5809,0,2025-01-12 00:00:00
1736654400000,3065.8,3081.9,3059.8,3069.6,147.605,1736668799999,453322.9567,5063,75.046,230529.2638,0,2025-01-12 04:00:00
1736668800000,3069.4,3095.6,3066.0,3084.8,399.100,1736683199999,1231783.4003,8182,181.625,560460.1811,0,2025-01-12 08:00:00
1736683200000,3084.6,3095.7,3080.2,3083.0,498.075,1736697599999,1537447.9936,8564,280.574,865862.2640,0,2025-01-12 12:00:00
1736697600000,3083.7,3089.3,3074.3,3074.6,217.320,1736711999999,669932.0264,5836,89.569,276085.4727,0,2025-01-12 16:00:00
1736712000000,3074.5,3100.0,3071.7,3090.4,272.525,1736726399999,841876.5270,7668,134.506,415587.5180,0,2025-01-12 20:00:00
1736726400000,3090.9,3113.2,3071.0,3112.7,710.491,1736740799999,2197005.5976,15144,369.459,1142832.3850,0,2025-01-13 00:00:00
1736740800000,3113.3,3153.4,3102.7,3132.3,974.640,1736755199999,3051315.5773,19892,542.724,1700017.2656,0,2025-01-13 04:00:00
1736755200000,3132.2,3180.7,3131.2,3177.1,1505.358,1736769599999,4746042.7505,27494,782.502,2467373.8396,0,2025-01-13 08:00:00
1736769600000,3177.4,3216.9,3153.5,3172.0,2036.551,1736783999999,6463372.5495,40628,1040.546,3303883.2874,0,2025-01-13 12:00:00
1736784000000,3171.8,3220.5,3159.4,3198.4,1379.592,1736798399999,4407651.4573,25623,676.145,2160575.1084,0,2025-01-13 16:00:00
1736798400000,3198.4,3203.0,3162.2,3169.1,629.410,1736812799999,2000849.3024,15799,291.819,927809.0033,0,2025-01-13 20:00:00
1736812800000,3169.6,3182.8,3158.4,3163.5,390.187,1736827199999,1237140.6593,10707,204.302,648058.5052,0,2025-01-14 00:00:00
1736827200000,3163.1,3169.6,3146.4,3160.2,336.238,1736841599999,1061977.1160,9358,151.662,479212.1010,0,2025-01-14 04:00:00
1736841600000,3160.0,3178.0,3149.8,3168.6,479.436,1736855999999,1516570.4532,11067,251.634,796145.1900,0,2025-01-14 08:00:00
1736856000000,3168.7,3184.5,3159.6,3166.8,453.881,1736870399999,1439376.8675,11820,229.801,728953.2727,0,2025-01-14 12:00:00
1736870400000,3166.6,3169.0,3130.0,3146.9,347.510,1736884799999,1093685.0615,10220,149.713,471298.0790,0,2025-01-14 16:00:00
1736884800000,3147.7,3155.4,3132.9,3139.0,263.428,1736899199999,827544.7416,6746,129.906,408112.0444,0,2025-01-14 20:00:00
1736899200000,3139.1,3153.8,3121.5,3121.8,340.071,1736913599999,1066150.6576,9772,159.995,501554.6068,0,2025-01-15 00:00:00
1736913600000,3122.0,3134.2,3108.2,3115.1,277.722,1736927999999,866755.2215,7205,132.915,414933.8554,0,2025-01-15 04:00:00
1736928000000,3115.4,3167.0,3112.0,3152.7,619.484,1736942399999,1945378.7946,12550,322.119,1011355.7097,0,2025-01-15 08:00:00
1736942400000,3152.6,3164.2,3077.2,3083.2,1183.136,1736956799999,3689897.3606,22114,588.322,1834737.4292,0,2025-01-15 12:00:00
1736956800000,3083.0,3094.6,3045.2,3052.6,674.935,1736971199999,2071969.0383,13808,294.176,903433.8222,0,2025-01-15 16:00:00
1736971200000,3052.6,3055.9,3005.0,3023.0,827.340,1736985599999,2508558.2979,16645,454.514,1378485.6528,0,2025-01-15 20:00:00
1736985600000,3022.7,3072.0,3005.1,3058.5,752.854,1736999999999,2295022.0771,16235,360.910,1100096.9411,0,2025-01-16 00:00:00
1737000000000,3058.5,3059.0,3036.4,3047.2,199.904,1737014399999,609384.4884,6209,100.790,307266.4044,0,2025-01-16 04:00:00
1737014400000,3047.8,3079.2,3007.6,3008.6,1088.713,1737028799999,3320062.0602,17972,566.461,1728552.5000,0,2025-01-16 08:00:00
1737028800000,3008.2,3020.0,2961.1,2998.2,1508.711,1737043199999,4519576.5806,24410,731.307,2190419.6771,0,2025-01-16 12:00:00
1737043200000,2998.2,3000.9,2972.6,3000.6,599.373,1737057599999,1790058.7266,11317,316.229,944491.2328,0,2025-01-16 16:00:00
1737057600000,3000.8,3060.0,2998.3,3038.4,764.701,1737071999999,2315099.6663,14477,405.256,1226900.2354,0,2025-01-16 20:00:00
1737072000000,3038.3,3046.0,3013.5,3023.7,541.400,1737086399999,1639761.6780,11961,265.439,804336.6836,0,2025-01-17 00:00:00
1737086400000,3023.7,3032.5,3019.7,3023.4,289.604,1737100799999,876478.1488,7308,135.967,411543.9768,0,2025-01-17 04:00:00
1737100800000,3023.5,3037.5,2997.4,3006.2,450.033,1737115199999,1357985.1576,9571,215.193,649203.4252,0,2025-01-17 08:00:00
1737115200000,3006.9,3083.0,3006.9,3074.8,969.360,1737129599999,2950572.9737,14186,398.291,1214260.5552,0,2025-01-17 12:00:00
1737129600000,3075.6,3117.0,3065.8,3115.9,720.813,1737143999999,2226914.6216,12472,385.761,1191983.7386,0,2025-01-17 16:00:00
1737144000000,3116.1,3122.0,3030.0,3037.6,732.053,1737158399999,2242831.4321,14923,375.405,1150183.8674,0,2025-01-17 20:00:00
1737158400000,3036.8,3089.1,3033.8,3079.6,528.650,1737172799999,1617921.6560,10792,291.038,890878.9526,0,2025-01-18 00:00:00
1737172800000,3079.8,3154.6,3071.6,3127.9,1365.755,1737187199999,4256183.6225,27079,738.928,2302900.9874,0,2025-01-18 04:00:00
1737187200000,3127.9,3160.3,3114.0,3118.3,1070.962,1737201599999,3359293.1880,21108,520.542,1633592.0004,0,2025-01-18 08:00:00
1737201600000,3117.8,3138.0,3107.5,3131.0,644.410,1737215999999,2011790.3369,15240,295.346,922351.2369,0,2025-01-18 12:00:00
1737216000000,3130.1,3153.2,3121.2,3127.1,861.685,1737230399999,2704718.3104,19739,479.690,1505606.2381,0,2025-01-18 16:00:00
1737230400000,3127.6,3145.5,3094.2,3106.3,401.788,1737244799999,1254860.4727,10756,184.913,577600.0325,0,2025-01-18 20:00:00
1737244800000,3106.2,3117.8,3068.4,3115.6,577.215,1737259199999,1786068.1074,15505,273.615,846950.5785,0,2025-01-19 00:00:00
1737259200000,3115.5,3167.3,3115.0,3157.7,924.383,1737273599999,2903444.7181,18784,544.237,1709492.7748,0,2025-01-19 04:00:00
1737273600000,3158.0,3261.7,3152.5,3244.0,2574.774,1737287999999,8256052.5467,47197,1364.930,4376440.0248,0,2025-01-19 08:00:00
1737288000000,3244.5,3251.7,3088.7,3117.3,2132.377,1737302399999,6740314.1500,47812,1091.037,3451088.2237,0,2025-01-19 12:00:00
1737302400000,3117.2,3123.8,3080.1,3115.0,693.497,1737316799999,2147993.1313,19398,369.865,1145678.5238,0,2025-01-19 16:00:00
1737316800000,3114.0,3223.6,3101.5,3179.0,2687.185,1737331199999,8542142.0564,53443,1407.023,4472778.2943,0,2025-01-19 20:00:00
1737331200000,3178.4,3203.3,3135.5,3149.4,1799.065,1737345599999,5706339.4219,42816,885.214,2808874.2705,0,2025-01-20 00:00:00
1737345600000,3149.3,3235.3,3139.4,3184.3,1533.143,1737359999999,4896306.7366,36006,763.564,2437088.9639,0,2025-01-20 04:00:00
1737360000000,3184.3,3227.1,3172.3,3200.9,903.949,1737374399999,2894478.4855,24529,506.752,1622541.2490,0,2025-01-20 08:00:00
1737374400000,3200.5,3241.0,3154.6,3159.7,1499.791,1737388799999,4808375.2347,33951,757.839,2428673.6065,0,2025-01-20 12:00:00
1737388800000,3159.4,3196.2,3132.5,3158.9,1974.157,1737403199999,6255857.5277,45006,1009.925,3200973.4196,0,2025-01-20 16:00:00
1737403200000,3158.8,3188.4,3154.5,3160.2,602.588,1737417599999,1911139.0307,19893,312.182,990354.3987,0,2025-01-20 20:00:00
1737417600000,3159.9,3217.6,3155.1,3205.9,671.803,1737431999999,2138762.7665,21142,333.106,1060605.1927,0,2025-01-21 00:00:00
1737432000000,3206.2,3231.0,3185.2,3196.9,813.221,1737446399999,2608258.0929,20936,420.246,1348083.4547,0,2025-01-21 04:00:00
1737446400000,3196.9,3212.3,3172.2,3178.8,544.104,1737460799999,1736085.7174,15181,318.803,1017344.2504,0,2025-01-21 08:00:00
1737460800000,3178.3,3211.3,3173.9,3187.4,507.489,1737475199999,1620251.9621,14545,259.456,828537.0628,0,2025-01-21 12:00:00
1737475200000,3188.0,3221.2,3177.6,3216.9,571.429,1737489599999,1828755.8704,16281,275.930,882924.0726,0,2025-01-21 16:00:00
1737489600000,3216.4,3224.2,3195.0,3212.8,374.487,1737503999999,1202233.8136,12102,207.827,667395.8653,0,2025-01-21 20:00:00
1737504000000,3213.0,3215.9,3181.4,3189.6,405.388,1737518399999,1295424.3519,11423,193.835,619467.1082,0,2025-01-22 00:00:00
1737518400000,3189.1,3204.8,3181.3,3199.2,222.969,1737532799999,712609.3260,8504,130.643,417589.9807,0,2025-01-22 04:00:00
1737532800000,3199.2,3210.3,3165.5,3167.1,395.408,1737547199999,1261317.9392,11085,168.222,537066.3648,0,2025-01-22 08:00:00
1737547200000,3167.2,3191.9,3160.1,3182.7,402.356,1737561599999,1277603.3819,13432,220.979,701770.7438,0,2025-01-22 12:00:00
1737561600000,3182.6,3199.6,3161.3,3181.6,524.092,1737575999999,1666388.3747,13653,261.238,830729.0352,0,2025-01-22 16:00:00
1737576000000,3181.5,3201.1,3154.2,3183.0,535.639,1737590399999,1704339.3054,14617,297.188,946156.6469,0,2025-01-22 20:00:00
1737590400000,3183.0,3195.0,3162.3,3181.0,441.748,1737604799999,1405045.0423,15938,231.584,736691.8240,0,2025-01-23 00:00:00
1737604800000,3181.0,3199.8,3172.3,3187.8,436.316,1737619199999,1391812.9461,12703,239.986,765559.2582,0,2025-01-23 04:00:00
1737619200000,3188.4,3208.7,3182.5,3196.9,309.729,1737633599999,990035.3581,10612,178.154,569518.2941,0,2025-01-23 08:00:00
1737633600000,3197.4,3245.0,3186.5,3244.0,1384.948,1737647999999,4455891.3763,28891,752.331,2420570.1777,0,2025-01-23 12:00:00
1737648000000,3244.3,3283.0,3233.4,3256.6,1099.337,1737662399999,3582534.6133,29905,580.272,1890917.0207,0,2025-01-23 16:00:00
1737662400000,3256.2,3287.7,3175.5,3177.6,1818.018,1737676799999,5847565.6386,44159,901.864,2902107.3741,0,2025-01-23 20:00:00
1737676800000,3177.1,3210.1,3167.9,3198.6,806.850,1737691199999,2578160.8287,22856,372.576,1190626.3707,0,2025-01-24 00:00:00
1737691200000,3198.8,3205.7,3156.2,3174.7,767.713,1737705599999,2435036.1748,22198,365.485,1159526.9710,0,2025-01-24 04:00:00
1737705600000,3174.1,3180.3,3150.6,3156.5,362.476,1737719999999,1146114.9489,13702,187.604,593336.1040,0,2025-01-24 08:00:00
1737720000000,3156.7,3201.5,3148.2,3190.6,482.739,1737734399999,1528163.2322,14355,219.481,695426.0838,0,2025-01-24 12:00:00
1737734400000,3191.2,3217.2,3180.0,3203.4,603.101,1737748799999,1927609.9063,15295,291.853,933312.0980,0,2025-01-24 16:00:00
1737748800000,3203.3,3232.5,3197.0,3230.7,592.705,1737763199999,1908111.7986,17228,323.303,1041081.6306,0,2025-01-24 20:00:00
1737763200000,3230.7,3246.1,3211.1,3220.0,688.721,1737777599999,2225704.3203,18642,340.529,1100643.8159,0,2025-01-25 00:00:00
1737777600000,3220.4,3236.4,3217.8,3229.4,479.685,1737791999999,1547446.7845,11967,315.941,1019210.1535,0,2025-01-25 04:00:00
1737792000000,3229.7,3243.6,3220.8,3224.3,361.565,1737806399999,1168495.0856,11838,208.042,672450.5615,0,2025-01-25 08:00:00
1737806400000,3224.0,3235.4,3201.0,3205.2,424.290,1737820799999,1365847.6096,12631,209.538,674796.9629,0,2025-01-25 12:00:00
1737820800000,3205.4,3208.7,3195.9,3203.5,299.376,1737835199999,958620.2092,10804,155.351,497503.4811,0,2025-01-25 16:00:00
1737835200000,3203.2,3217.2,3198.2,3215.0,172.622,1737849599999,553180.3838,7319,86.316,276619.4713,0,2025-01-25 20:00:00
1737849600000,3214.2,3220.8,3192.0,3198.5,259.589,1737863999999,831163.3442,8998,109.161,349728.0078,0,2025-01-26 00:00:00
1737864000000,3198.8,3202.4,3190.1,3197.0,137.387,1737878399999,439275.7160,6193,71.614,228997.2960,0,2025-01-26 04:00:00
1737878400000,3196.9,3219.4,3194.6,3213.7,317.645,1737892799999,1020136.9062,8944,176.981,568411.0283,0,2025-01-26 08:00:00
1737892800000,3213.8,3229.5,3210.1,3223.1,366.630,1737907199999,1180282.9865,10740,173.497,558755.5396,0,2025-01-26 12:00:00
1737907200000,3223.1,3228.5,3203.2,3205.5,186.125,1737921599999,598307.4124,7293,98.746,317364.5149,0,2025-01-26 16:00:00
1737921600000,3205.4,3258.3,3204.0,3249.5,826.594,1737935999999,2677724.3107,17389,405.182,1313116.4578,0,2025-01-26 20:00:00
1737936000000,3250.0,3283.2,3245.3,3262.3,1403.940,1737950399999,4582929.6253,30110,731.744,2388794.4889,0,2025-01-27 00:00:00
1737950400000,3261.6,3331.7,3255.5,3320.1,2116.110,1737964799999,6990139.8065,46149,1208.342,3992469.4453,0,2025-01-27 04:00:00
1737964800000,3320.0,3358.2,3303.5,3326.0,1677.530,1737979199999,5599099.2929,39425,910.001,3038052.3110,0,2025-01-27 08:00:00
1737979200000,3326.1,3346.8,3285.0,3292.0,1300.037,1737993599999,4305002.0436,31964,620.334,2054722.1283,0,2025-01-27 12:00:00
1737993600000,3291.2,3311.3,3265.1,3299.1,966.875,1738007999999,3178009.9371,23165,445.525,1464889.8014,0,2025-01-27 16:00:00
1738008000000,3299.0,3299.2,3238.0,3261.2,621.853,1738022399999,2029244.8594,19007,297.783,971853.1712,0,2025-01-27 20:00:00
1738022400000,3260.8,3277.0,3247.8,3257.3,388.117,1738036799999,1265960.2703,13816,188.614,615192.9670,0,2025-01-28 00:00:00
1738036800000,3257.1,3262.3,3241.0,3257.4,357.131,1738051199999,1161339.7208,10983,178.071,579175.6444,0,2025-01-28 04:00:00
1738051200000,3257.6,3272.2,3254.0,3259.0,283.186,1738065599999,924764.9676,9880,127.224,415432.2335,0,2025-01-28 08:00:00
1738065600000,3259.0,3274.6,3252.2,3259.8,420.379,1738079999999,1372314.4126,12155,177.184,578582.9448,0,2025-01-28 12:00:00
1738080000000,3260.8,3302.2,3257.3,3296.5,803.518,1738094399999,2636625.1549,19280,384.034,1260700.8589,0,2025-01-28 16:00:00
1738094400000,3295.9,3338.6,3280.0,3329.8,1318.071,1738108799999,4367222.9124,33546,676.551,2242167.8350,0,2025-01-28 20:00:00
1738108800000,3330.1,3334.5,3299.2,3300.6,436.614,1738123199999,1447443.2231,14745,205.877,682657.7413,0,2025-01-29 00:00:00
1738123200000,3299.6,3308.9,3289.7,3294.1,295.161,1738137599999,973719.2637,9862,153.260,505732.7616,0,2025-01-29 04:00:00
1738137600000,3294.2,3317.3,3289.7,3312.2,225.821,1738151999999,746649.5660,9394,113.793,376320.9822,0,2025-01-29 08:00:00
1738152000000,3312.1,3345.0,3309.8,3329.5,447.618,1738166399999,1491518.8158,14308,245.323,817417.1353,0,2025-01-29 12:00:00
1738166400000,3329.5,3378.8,3324.0,3349.9,1148.469,1738180799999,3846318.4874,30003,596.639,1998781.5429,0,2025-01-29 16:00:00
1738180800000,3350.0,3373.7,3323.6,3370.8,813.869,1738195199999,2723840.2760,25215,439.826,1472341.0115,0,2025-01-29 20:00:00
1738195200000,3370.7,3378.7,3325.0,3325.4,541.543,1738209599999,1816322.5223,16362,254.102,852607.3130,0,2025-01-30 00:00:00
1738209600000,3325.5,3338.9,3315.6,3329.7,315.779,1738223999999,1050616.5386,11964,150.494,500706.2934,0,2025-01-30 04:00:00
1738224000000,3330.0,3339.2,3313.5,3317.7,299.246,1738238399999,994596.2405,9444,141.908,471695.2672,0,2025-01-30 08:00:00
1738238400000,3317.4,3324.9,3283.3,3302.0,592.199,1738252799999,1954222.9630,17244,297.432,981416.1687,0,2025-01-30 12:00:00
1738252800000,3302.2,3308.5,3282.8,3296.5,383.279,1738267199999,1261546.7528,11321,206.477,679754.6459,0,2025-01-30 16:00:00
1738267200000,3296.3,3304.1,3278.0,3287.0,196.819,1738281599999,648248.4326,7564,111.267,366628.2380,0,2025-01-30 20:00:00
1738281600000,3286.9,3304.7,3278.0,3302.0,223.422,1738295999999,735148.1015,9277,118.910,391330.3912,0,2025-01-31 00:00:00
1738296000000,3301.4,3310.9,3277.5,3289.5,255.946,1738310399999,842786.3184,11415,138.082,454879.5431,0,2025-01-31 04:00:00
1738310400000,3289.6,3299.2,3248.0,3248.2,389.876,1738324799999,1274802.3710,12262,176.785,578485.3008,0,2025-01-31 08:00:00
1738324800000,3249.2,3256.7,3217.8,3220.6,744.636,1738339199999,2409279.3811,20167,346.396,1121116.7450,0,2025-01-31 12:00:00
1738339200000,3220.6,3258.7,3211.0,3214.1,631.112,1738353599999,2038626.2555,17110,319.118,1030881.4904,0,2025-01-31 16:00:00
1738353600000,3214.8,3239.4,3205.3,3231.8,355.189,1738367999999,1144455.1071,13103,180.462,581537.6123,0,2025-01-31 20:00:00
1738368000000,3231.7,3237.0,3212.2,3226.3,159.625,1738382399999,514646.4546,7591,81.809,263719.9829,0,2025-02-01 00:00:00
1738382400000,3226.0,3240.6,3217.2,3237.7,207.932,1738396799999,671291.8064,7808,118.262,382014.9634,0,2025-02-01 04:00:00
1738396800000,3237.5,3271.6,3232.4,3258.8,354.378,1738411199999,1154334.3882,12805,182.153,593346.3366,0,2025-02-01 08:00:00
1738411200000,3258.8,3286.7,3253.0,3275.2,425.987,1738425599999,1393841.2043,12879,230.342,754048.9563,0,2025-02-01 12:00:00
1738425600000,3275.3,3326.0,3264.1,3314.9,631.815,1738439999999,2082791.3923,18163,365.209,1204244.2488,0,2025-02-01 16:00:00
1738440000000,3314.9,3375.7,3314.9,3364.2,1261.758,1738454399999,4220320.8444,33758,688.620,2303224.9872,0,2025-02-01 20:00:00
1738454400000,3364.2,3383.0,3327.3,3377.5,1251.842,1738468799999,4201982.9265,33672,586.557,1969517.9609,0,2025-02-02 00:00:00
1738468800000,3377.2,3379.0,3340.0,3353.7,551.359,1738483199999,1851921.5018,20905,264.440,888211.4572,0,2025-02-02 04:00:00
1738483200000,3353.5,3386.3,3332.7,3382.8,813.680,1738497599999,2735153.0429,20567,473.572,1592168.0262,0,2025-02-02 08:00:00
1738497600000,3382.9,3388.7,3347.6,3378.7,1338.954,1738511999999,4516002.5520,28717,681.935,2300526.4456,0,2025-02-02 12:00:00
1738512000000,3378.5,3588.8,3378.4,3507.1,5418.904,1738526399999,18861400.5979,106640,2949.576,10263896.6071,0,2025-02-02 16:00:00
1738526400000,3507.5,3750.0,3475.1,3573.8,3834.962,1738540799999,13733347.1807,106865,2057.677,7371250.5932,0,2025-02-02 20:00:00
1738540800000,3573.7,4689.9,3570.6,3886.4,14351.411,1738555199999,56460427.6887,340132,7656.084,30129928.8757,0,2025-02-03 00:00:00
1738555200000,3885.9,3991.0,3731.7,3740.3,4032.143,1738569599999,15634530.1766,112386,2126.890,8247833.9785,0,2025-02-03 04:00:00
1738569600000,3741.0,3869.6,3740.9,3779.9,2181.334,1738583999999,8284861.8056,72774,1122.554,4263298.5140,0,2025-02-03 08:00:00
1738584000000,3778.1,3894.0,3704.3,3731.8,3389.883,1738598399999,12866793.2901,87186,1650.439,6263909.4397,0,2025-02-03 12:00:00
1738598400000,3732.3,3743.4,3673.2,3699.0,1929.050,1738612799999,7145169.9294,51290,959.582,3553388.2928,0,2025-02-03 16:00:00
1738612800000,3700.6,3773.8,3603.2,3622.6,1788.790,1738627199999,6575343.2238,53903,889.931,3270517.6621,0,2025-02-03 20:00:00
1738627200000,3622.5,3677.5,3608.7,3651.1,1309.183,1738641599999,4764673.6444,43287,602.662,2193763.9184,0,2025-02-04 00:00:00
1738641600000,3651.3,3816.8,3622.8,3793.0,2045.696,1738655999999,7661322.1124,58804,1029.213,3857666.6686,0,2025-02-04 04:00:00
1738656000000,3792.6,3803.9,3689.2,3717.5,1136.945,1738670399999,4262933.1713,36801,536.964,2013140.3389,0,2025-02-04 08:00:00
1738670400000,3716.8,3720.7,3647.5,3683.9,1442.709,1738684799999,5304056.8514,43515,725.293,2667027.0601,0,2025-02-04 12:00:00
1738684800000,3683.6,3698.6,3628.7,3698.6,956.456,1738699199999,3504835.6821,28223,463.325,1698223.3497,0,2025-02-04 16:00:00
1738699200000,3698.6,3780.8,3684.4,3714.1,1906.636,1738713599999,7120172.0618,50284,970.025,3623133.2492,0,2025-02-04 20:00:00
1738713600000,3713.7,3740.0,3697.9,3730.6,740.864,1738727999999,2757676.0263,25937,375.655,1398517.8781,0,2025-02-05 00:00:00
1738728000000,3730.7,3749.1,3677.2,3701.2,762.790,1738742399999,2830781.9544,24290,374.311,1388761.3425,0,2025-02-05 04:00:00
1738742400000,3701.3,3713.0,3656.9,3674.4,489.783,1738756799999,1805906.8367,19169,246.778,909865.1031,0,2025-02-05 08:00:00
1738756800000,3674.4,3729.1,3670.7,3713.1,614.779,1738771199999,2274070.3907,21459,324.497,1200270.5537,0,2025-02-05 12:00:00
1738771200000,3713.4,3783.3,3710.4,3726.0,938.638,1738785599999,3519621.9153,31857,461.906,1731951.8513,0,2025-02-05 16:00:00
1738785600000,3725.1,3760.5,3707.3,3722.3,480.500,1738799999999,1794237.1709,19600,227.185,848491.1366,0,2025-02-05 20:00:00
1738800000000,3722.7,3749.2,3684.8,3702.5,503.322,1738814399999,1868065.2081,20123,246.593,915206.1386,0,2025-02-06 00:00:00
1738814400000,3702.3,3707.7,3679.5,3704.1,421.966,1738828799999,1559075.1340,13173,211.046,779793.0528,0,2025-02-06 04:00:00
1738828800000,3703.9,3759.0,3689.1,3746.9,549.136,1738843199999,2047197.3888,19317,263.532,982693.4508,0,2025-02-06 08:00:00
1738843200000,3746.9,3859.6,3738.4,3839.0,1917.085,1738857599999,7271498.6680,52514,990.255,3757796.9620,0,2025-02-06 12:00:00
1738857600000,3839.2,3854.1,3797.0,3821.6,1118.639,1738871999999,4276868.1006,39104,523.426,2001574.3302,0,2025-02-06 16:00:00
1738872000000,3821.9,3843.2,3781.2,3826.7,560.392,1738886399999,2135079.3129,21852,262.483,1000064.5433,0,2025-02-06 20:00:00
1738886400000,3827.5,3831.0,3784.5,3815.1,663.780,1738900799999,2526375.2389,22704,321.379,1223298.2648,0,2025-02-07 00:00:00
1738900800000,3814.3,3860.7,3794.7,3814.9,637.793,1738915199999,2436860.8621,20782,347.446,1327407.2276,0,2025-02-07 04:00:00
1738915200000,3814.9,3821.8,3751.4,3760.1,437.640,1738929599999,1654410.4028,17434,192.342,727092.5377,0,2025-02-07 08:00:00
1738929600000,3760.3,3795.8,3742.3,3785.9,900.112,1738943999999,3392721.7178,31301,439.181,1655467.6781,0,2025-02-07 12:00:00
1738944000000,3786.0,3823.4,3773.4,3803.9,465.499,1738958399999,1767964.5738,20164,230.291,874764.6143,0,2025-02-07 16:00:00
1738958400000,3802.6,3891.7,3800.2,3834.7,1026.774,1738972799999,3957483.3936,37100,510.060,1966211.4866,0,2025-02-07 20:00:00
1738972800000,3834.7,3850.0,3804.6,3839.9,637.319,1738987199999,2441438.7276,21682,327.114,1253262.7133,0,2025-02-08 00:00:00
1738987200000,3839.6,3860.0,3812.1,3820.8,557.470,1739001599999,2139933.6018,16203,295.958,1136020.6129,0,2025-02-08 04:00:00
1739001600000,3820.6,3847.5,3813.7,3822.6,294.387,1739015999999,1127527.1362,11568,133.182,509987.6295,0,2025-02-08 08:00:00
1739016000000,3823.0,3837.1,3787.5,3816.3,417.773,1739030399999,1592157.5467,16557,183.872,700920.0542,0,2025-02-08 12:00:00
1739030400000,3817.0,3830.8,3770.9,3780.0,456.084,1739044799999,1731253.6354,16868,228.445,867152.8058,0,2025-02-08 16:00:00
1739044800000,3780.1,3791.6,3762.4,3779.7,258.489,1739059199999,975685.9214,10423,137.045,517268.8764,0,2025-02-08 20:00:00
1739059200000,3779.9,3787.8,3714.5,3728.5,411.503,1739073599999,1543269.5726,15509,192.942,723903.6426,0,2025-02-09 00:00:00
1739073600000,3728.9,3758.2,3726.8,3736.3,358.817,1739087999999,1342604.6556,13651,210.288,786781.5219,0,2025-02-09 04:00:00
1739088000000,3736.3,3753.7,3721.8,3750.7,282.657,1739102399999,1056788.1659,12014,150.689,563397.5143,0,2025-02-09 08:00:00
1739102400000,3750.6,3785.0,3742.2,3750.4,530.227,1739116799999,1994241.7725,22592,271.567,1021600.1834,0,2025-02-09 12:00:00
1739116800000,3750.0,3780.7,3730.2,3772.6,225.970,1739131199999,847404.5110,12075,112.042,420180.7101,0,2025-02-09 16:00:00
1739131200000,3772.3,3865.0,3760.6,3787.0,1039.851,1739145599999,3965424.2423,35575,475.656,1815435.7674,0,2025-02-09 20:00:00
1739145600000,3787.3,3844.9,3754.2,3806.4,871.505,1739159999999,3316749.0860,31355,425.416,1619602.6259,0,2025-02-10 00:00:00
1739160000000,3806.4,3817.3,3786.5,3799.6,277.572,1739174399999,1054968.1637,13420,139.048,528610.4856,0,2025-02-10 04:00:00
1739174400000,3800.0,3810.0,3781.8,3788.8,288.533,1739188799999,1094982.5489,13686,159.622,605844.9903,0,2025-02-10 08:00:00
1739188800000,3788.8,3807.3,3755.4,3774.9,608.335,1739203199999,2296762.4806,24019,288.566,1089505.0454,0,2025-02-10 12:00:00
1739203200000,3774.9,3778.0,3739.0,3761.5,308.958,1739217599999,1160058.8646,12658,148.530,557694.2770,0,2025-02-10 16:00:00
1739217600000,3762.2,3779.1,3747.6,3763.9,150.602,1739231999999,566979.1325,8033,78.958,297340.5399,0,2025-02-10 20:00:00
1739232000000,3764.4,3772.5,3718.0,3739.0,447.636,1739246399999,1675177.7658,16481,203.715,762173.5200,0,2025-02-11 00:00:00
1739246400000,3738.5,3739.2,3674.9,3688.6,534.650,1739260799999,1976952.7817,17751,216.679,801143.0673,0,2025-02-11 04:00:00
1739260800000,3688.9,3705.4,3658.2,3690.2,470.985,1739275199999,1734512.7111,14445,222.565,820062.1071,0,2025-02-11 08:00:00
1739275200000,3690.0,3739.9,3688.0,3708.4,515.531,1739289599999,1913964.8428,18947,280.019,1039993.6392,0,2025-02-11 12:00:00
1739289600000,3707.3,3743.2,3697.0,3731.6,432.987,1739303999999,1610031.4415,17867,204.721,761251.4122,0,2025-02-11 16:00:00
1739304000000,3731.9,3745.7,3712.2,3726.2,273.363,1739318399999,1018559.8090,11898,128.932,480479.4310,0,2025-02-11 20:00:00
1739318400000,3726.1,3756.3,3719.5,3745.8,213.234,1739332799999,797290.4075,10603,115.866,433430.7507,0,2025-02-12 00:00:00
1739332800000,3745.7,3765.6,3736.1,3744.1,347.792,1739347199999,1304538.9345,14071,179.239,672412.2470,0,2025-02-12 04:00:00
1739347200000,3744.6,3751.4,3714.9,3722.3,337.079,1739361599999,1258171.3006,11425,146.933,548253.7906,0,2025-02-12 08:00:00
1739361600000,3722.2,3778.3,3693.8,3736.0,1336.493,1739375999999,4997618.4368,30081,685.687,2565134.6779,0,2025-02-12 12:00:00
1739376000000,3735.7,3748.7,3688.1,3692.6,464.116,1739390399999,1727391.6327,13599,244.575,910503.0887,0,2025-02-12 16:00:00
1739390400000,3692.3,3695.7,3615.5,3662.0,599.743,1739404799999,2193902.7742,17472,315.363,1153920.6406,0,2025-02-12 20:00:00
1739404800000,3661.8,3676.0,3631.3,3632.5,272.545,1739419199999,995567.3186,11586,114.594,418586.0372,0,2025-02-13 00:00:00
1739419200000,3632.1,3662.0,3627.5,3651.4,314.675,1739433599999,1146916.1717,11635,144.428,526362.5133,0,2025-02-13 04:00:00
1739433600000,3651.5,3673.4,3649.1,3663.9,210.810,1739447999999,771794.0199,9484,109.373,400506.2127,0,2025-02-13 08:00:00
1739448000000,3663.7,3706.2,3647.1,3671.8,461.822,1739462399999,1698095.3351,18253,236.146,868514.5873,0,2025-02-13 12:00:00
1739462400000,3672.0,3713.1,3671.8,3685.2,270.806,1739476799999,1000104.5471,13098,131.100,484201.6141,0,2025-02-13 16:00:00
1739476800000,3685.0,3691.0,3648.8,3669.5,211.085,1739491199999,774834.5821,9752,97.478,357816.9126,0,2025-02-13 20:00:00
1739491200000,3669.6,3680.4,3629.1,3633.0,198.132,1739505599999,724102.3060,8232,93.717,342623.2704,0,2025-02-14 00:00:00
1739505600000,3633.0,3663.4,3631.5,3653.8,227.589,1739519999999,830860.0865,8901,151.034,551490.6299,0,2025-02-14 04:00:00
1739520000000,3653.4,3653.5,3582.0,3611.6,558.879,1739534399999,2014969.8059,18323,240.853,868425.7036,0,2025-02-14 08:00:00
1739534400000,3611.6,3625.3,3577.2,3582.4,407.966,1739548799999,1470412.2318,15884,164.523,593246.5322,0,2025-02-14 12:00:00
1739548800000,3582.6,3600.0,3573.0,3595.8,346.202,1739563199999,1242008.6953,15223,158.501,568685.0837,0,2025-02-14 16:00:00
1739563200000,3595.8,3628.9,3583.3,3618.1,337.504,1739577599999,1219416.9876,13254,190.252,687450.6132,0,2025-02-14 20:00:00
1739577600000,3618.1,3634.5,3593.5,3601.2,264.422,1739591999999,955723.6628,9831,105.093,379983.1845,0,2025-02-15 00:00:00
1739592000000,3601.1,3639.2,3598.5,3628.0,204.424,1739606399999,739535.5174,8909,109.246,395229.6255,0,2025-02-15 04:00:00
1739606400000,3628.0,3641.2,3613.5,3629.6,292.379,1739620799999,1060015.0247,9436,124.887,452903.0554,0,2025-02-15 08:00:00
1739620800000,3629.7,3663.7,3622.0,3642.5,303.925,1739635199999,1107036.2746,11848,181.471,661275.5561,0,2025-02-15 12:00:00
1739635200000,3642.5,3656.8,3630.5,3654.0,277.726,1739649599999,1012078.5016,9296,101.901,371471.1904,0,2025-02-15 16:00:00
1739649600000,3653.6,3672.9,3645.9,3650.6,199.142,1739663999999,728766.9121,7299,95.974,351313.4923,0,2025-02-15 20:00:00
1739664000000,3651.0,3657.7,3635.7,3642.6,267.170,1739678399999,974705.2028,7906,134.872,492123.8107,0,2025-02-16 00:00:00
1739678400000,3642.6,3656.1,3621.9,3653.1,325.070,1739692799999,1182196.3217,9449,114.779,417529.8948,0,2025-02-16 04:00:00
1739692800000,3652.5,3654.5,3623.4,3627.7,158.744,1739707199999,577660.5360,7358,63.325,230412.6334,0,2025-02-16 08:00:00
1739707200000,3627.1,3661.0,3624.1,3636.2,291.198,1739721599999,1060744.0574,10420,150.520,548211.4555,0,2025-02-16 12:00:00
1739721600000,3636.1,3672.8,3634.1,3657.0,230.914,1739735999999,843651.1106,9127,128.036,467887.3964,0,2025-02-16 16:00:00
1739736000000,3657.6,3672.2,3622.9,3637.7,266.119,1739750399999,970371.6235,10012,120.771,440437.8103,0,2025-02-16 20:00:00
1739750400000,3637.4,3649.7,3617.2,3639.6,177.767,1739764799999,646128.2673,6928,98.091,356600.2377,0,2025-02-17 00:00:00
1739764800000,3639.6,3683.0,3639.6,3657.5,431.499,1739779199999,1578128.0574,13635,201.447,736942.0523,0,2025-02-17 04:00:00
1739779200000,3657.4,3669.5,3588.7,3595.3,642.079,1739793599999,2327176.3590,17694,320.522,1161821.4657,0,2025-02-17 08:00:00
1739793600000,3595.3,3610.9,3535.8,3603.3,712.585,1739807999999,2549771.8767,20825,307.316,1100494.5954,0,2025-02-17 12:00:00
1739808000000,3603.5,3669.3,3596.3,3642.3,527.890,1739822399999,1919075.1934,17779,256.338,932173.9417,0,2025-02-17 16:00:00
1739822400000,3642.5,3642.8,3609.9,3627.8,200.428,1739836799999,727004.2506,7705,94.953,344506.3498,0,2025-02-17 20:00:00
1739836800000,3627.8,3666.0,3626.0,3661.0,244.211,1739851199999,891460.7680,8599,136.245,497394.6630,0,2025-02-18 00:00:00
1739851200000,3661.1,3756.6,3659.4,3741.8,868.601,1739865599999,3232401.1544,27569,454.172,1689709.7967,0,2025-02-18 04:00:00
1739865600000,3741.7,3758.5,3704.6,3730.9,746.727,1739879999999,2786256.9936,21075,389.012,1451671.7945,0,2025-02-18 08:00:00
1739880000000,3731.1,3768.2,3703.0,3761.7,750.753,1739894399999,2802451.2403,20808,378.151,1412177.5239,0,2025-02-18 12:00:00
1739894400000,3761.9,3806.4,3718.7,3743.6,999.462,1739908799999,3768496.7065,25765,499.092,1882076.7023,0,2025-02-18 16:00:00
1739908800000,3743.3,3761.6,3732.0,3742.8,360.873,1739923199999,1352355.5603,12872,191.160,716465.3941,0,2025-02-18 20:00:00
1739923200000,3742.8,3762.3,3724.6,3730.7,468.516,1739937599999,1753306.3020,13519,225.750,844828.4166,0,2025-02-19 00:00:00
1739937600000,3730.7,3764.3,3705.6,3711.1,472.813,1739951999999,1763157.5374,12384,208.231,776668.2559,0,2025-02-19 04:00:00
1739952000000,3711.4,3723.4,3688.0,3694.1,468.101,1739966399999,1735213.6561,11759,213.587,792229.8351,0,2025-02-19 08:00:00
1739966400000,3694.0,3732.0,3692.4,3717.0,436.868,1739980799999,1622920.2523,13474,249.325,926221.3180,0,2025-02-19 12:00:00
1739980800000,3716.9,3720.0,3687.8,3711.0,401.682,1739995199999,1485636.1238,11796,215.649,797630.4622,0,2025-02-19 16:00:00
1739995200000,3710.8,3726.0,3694.3,3699.0,397.287,1740009599999,1473456.4622,11198,184.382,684085.8704,0,2025-02-19 20:00:00
1740009600000,3699.1,3722.6,3687.7,3691.0,479.480,1740023999999,1776793.6147,9422,220.727,816818.7504,0,2025-02-20 00:00:00
1740024000000,3691.0,3717.3,3677.5,3708.5,411.455,1740038399999,1521336.9310,7336,202.119,746623.1595,0,2025-02-20 04:00:00
1740038400000,3708.4,3720.8,3699.0,3705.9,260.147,1740052799999,965429.1341,6315,111.049,412070.6066,0,2025-02-20 08:00:00
1740052800000,3705.9,3728.0,3685.8,3727.7,384.972,1740067199999,1427482.3533,9677,191.266,709021.2620,0,2025-02-20 12:00:00
1740067200000,3727.5,3740.6,3712.7,3723.6,300.109,1740081599999,1118828.9542,9272,134.191,500296.5966,0,2025-02-20 16:00:00
1740081600000,3723.6,3747.1,3719.0,3724.7,201.769,1740095999999,752596.1360,6899,108.163,403402.3802,0,2025-02-20 20:00:00
1740096000000,3725.0,3748.1,3723.2,3739.8,202.701,1740110399999,757477.2054,6219,131.916,493044.2293,0,2025-02-21 00:00:00
1740110400000,3739.9,3741.8,3719.0,3719.4,206.890,1740124799999,771656.9724,5527,123.684,461314.1601,0,2025-02-21 04:00:00
1740124800000,3719.4,3725.4,3673.8,3710.8,655.274,1740139199999,2422959.8830,14588,331.060,1224492.5315,0,2025-02-21 08:00:00
1740139200000,3710.9,3779.9,3674.2,3756.8,1213.755,1740153599999,4514148.8897,26065,553.936,2058347.9476,0,2025-02-21 12:00:00
1740153600000,3757.2,3802.4,3730.9,3780.0,1174.146,1740167999999,4423012.1996,28013,572.277,2154822.5614,0,2025-02-21 16:00:00
1740168000000,3779.9,3786.7,3755.8,3771.7,357.884,1740182399999,1349635.8312,11534,196.131,739766.9574,0,2025-02-21 20:00:00
1740182400000,3771.2,3781.2,3738.5,3758.9,454.024,1740196799999,1703559.7254,9000,243.165,912452.2461,0,2025-02-22 00:00:00
1740196800000,3759.5,3764.1,3736.5,3747.6,203.529,1740211199999,762807.9957,6547,99.044,371254.6983,0,2025-02-22 04:00:00
1740211200000,3747.7,3754.4,3702.6,3716.8,389.970,1740225599999,1452801.9256,9885,177.332,660711.6407,0,2025-02-22 08:00:00
1740225600000,3716.8,3728.4,3687.6,3692.6,411.424,1740239999999,1527824.2783,9423,214.869,798033.6295,0,2025-02-22 12:00:00
1740240000000,3692.4,3697.5,3671.6,3684.0,577.391,1740254399999,2126261.4648,12582,295.374,1087671.9920,0,2025-02-22 16:00:00
1740254400000,3683.5,3699.1,3681.2,3699.1,351.450,1740268799999,1296904.0581,7138,202.393,746907.3561,0,2025-02-22 20:00:00
1740268800000,3699.2,3719.2,3690.7,3708.9,157.776,1740283199999,584348.0596,6674,78.888,292176.3240,0,2025-02-23 00:00:00
1740283200000,3708.9,3714.8,3646.1,3651.7,331.508,1740297599999,1218783.1160,9280,156.691,576007.2845,0,2025-02-23 04:00:00
1740297600000,3651.5,3681.2,3641.7,3674.1,409.996,1740311999999,1501793.1953,10777,223.096,817260.2534,0,2025-02-23 08:00:00
1740312000000,3673.5,3698.6,3654.0,3690.7,355.491,1740326399999,1306470.1951,12660,162.680,597886.8200,0,2025-02-23 12:00:00
1740326400000,3691.0,3691.7,3654.0,3672.9,250.122,1740340799999,918524.4433,8117,120.160,441342.2002,0,2025-02-23 16:00:00
1740340800000,3673.0,3683.2,3648.0,3671.0,290.175,1740355199999,1065558.8916,7908,111.400,408972.3474,0,2025-02-23 20:00:00
1740355200000,3670.9,3778.0,3656.5,3772.2,511.679,1740369599999,1907473.8402,18540,260.048,969471.6454,0,2025-02-24 00:00:00
1740369600000,3771.9,3820.0,3766.5,3780.2,868.151,1740383999999,3288637.4876,24049,444.186,1683318.8893,0,2025-02-24 04:00:00
1740384000000,3780.0,3844.5,3779.1,3812.1,835.901,1740398399999,3191921.1326,26120,414.834,1584615.9585,0,2025-02-24 08:00:00
1740398400000,3811.6,3851.0,3804.6,3825.3,574.030,1740412799999,2195978.9084,18990,312.175,1194494.8837,0,2025-02-24 12:00:00
1740412800000,3825.4,3870.3,3811.0,3844.3,399.595,1740427199999,1530677.0718,14453,192.003,735922.9505,0,2025-02-24 16:00:00
1740427200000,3844.1,3997.1,3824.0,3927.9,1840.327,1740441599999,7215424.5607,53263,1005.660,3942571.4249,0,2025-02-24 20:00:00
1740441600000,3927.9,3987.1,3905.3,3982.4,1624.305,1740455999999,6423515.3697,48737,779.907,3084398.9714,0,2025-02-25 00:00:00
1740456000000,3982.4,4081.2,3946.9,4020.0,2308.184,1740470399999,9250973.7236,63132,1189.079,4766289.6958,0,2025-02-25 04:00:00
1740470400000,4020.7,4029.1,3927.6,3934.7,1406.165,1740484799999,5600347.5816,38374,671.333,2674028.1720,0,2025-02-25 08:00:00
1740484800000,3934.6,3946.5,3854.7,3868.8,1113.195,1740499199999,4354963.8165,33255,521.533,2039845.1188,0,2025-02-25 12:00:00
1740499200000,3869.1,3875.9,3799.7,3800.3,760.668,1740513599999,2920212.1878,22579,358.593,1377278.3091,0,2025-02-25 16:00:00
1740513600000,3800.2,3812.1,3759.1,3787.0,709.551,1740527999999,2686088.8276,20391,358.565,1357632.6076,0,2025-02-25 20:00:00
1740528000000,3786.6,3812.8,3778.7,3791.3,278.757,1740542399999,1058083.3625,12275,136.764,519267.5866,0,2025-02-26 00:00:00
1740542400000,3790.9,3824.0,3786.7,3815.5,232.580,1740556799999,885538.4231,9430,126.838,482921.9833,0,2025-02-26 04:00:00
1740556800000,3815.5,3832.5,3799.1,3827.3,248.899,1740571199999,950458.9848,10052,125.503,479208.3340,0,2025-02-26 08:00:00
1740571200000,3827.5,3853.9,3795.6,3798.6,934.701,1740585599999,3574252.7361,24488,488.398,1867499.4151,0,2025-02-26 12:00:00
1740585600000,3798.4,3879.0,3795.5,3828.7,1097.504,1740599999999,4213826.3142,28970,571.663,2195259.5691,0,2025-02-26 16:00:00
1740600000000,3828.7,3833.8,3750.9,3777.3,662.305,1740614399999,2505469.5605,22587,315.404,1193315.2236,0,2025-02-26 20:00:00
1740614400000,3777.3,3816.9,3770.1,3803.4,315.416,1740628799999,1195448.6575,12864,160.783,609434.0027,0,2025-02-27 00:00:00
1740628800000,3803.4,3827.9,3790.1,3805.0,225.845,1740643199999,861337.2270,9571,121.103,461963.0559,0,2025-02-27 04:00:00
1740643200000,3805.3,3828.1,3786.2,3823.5,221.372,1740657599999,842923.0385,10394,115.142,438475.7744,0,2025-02-27 08:00:00
1740657600000,3823.6,3838.0,3811.9,3819.0,297.562,1740671999999,1137829.9901,11850,155.893,596178.2766,0,2025-02-27 12:00:00
1740672000000,3819.0,3825.5,3772.5,3803.7,257.642,1740686399999,978940.9190,9809,135.165,513719.4245,0,2025-02-27 16:00:00
1740686400000,3803.6,3846.4,3783.3,3813.3,572.848,1740700799999,2186803.3698,15092,316.604,1208379.2160,0,2025-02-27 20:00:00
1740700800000,3813.4,3894.8,3809.0,3893.0,1206.137,1740715199999,4647705.5491,31257,602.773,2323184.7018,0,2025-02-28 00:00:00
1740715200000,3891.6,3916.3,3868.4,3876.5,961.394,1740729599999,3742928.1149,29175,464.705,1809655.1440,0,2025-02-28 04:00:00
1740729600000,3876.4,3895.0,3832.7,3891.0,616.980,1740743999999,2384861.0650,18068,312.824,1209676.3604,0,2025-02-28 08:00:00
1740744000000,3891.0,3899.5,3832.1,3862.6,686.384,1740758399999,2651213.3080,21859,355.041,1370553.9058,0,2025-02-28 12:00:00
1740758400000,3861.6,3884.9,3855.3,3867.4,276.112,1740772799999,1068351.2655,12221,141.627,548127.0074,0,2025-02-28 16:00:00
1740772800000,3867.3,3876.6,3851.0,3856.5,167.225,1740787199999,646550.8693,8844,69.409,268443.5600,0,2025-02-28 20:00:00
1740787200000,3854.9,3869.3,3827.6,3863.0,285.110,1740801599999,1097804.5342,11517,125.783,484408.4224,0,2025-03-01 00:00:00
1740801600000,3863.2,3892.5,3861.4,3879.0,276.202,1740815999999,1071569.7419,9935,144.776,561704.6234,0,2025-03-01 04:00:00
1740816000000,3878.9,3930.8,3877.4,3923.9,366.389,1740830399999,1432669.0467,11348,218.760,855544.9855,0,2025-03-01 08:00:00
1740830400000,3922.1,3963.8,3915.6,3934.1,567.958,1740844799999,2238442.1254,15176,236.881,933713.7461,0,2025-03-01 12:00:00
1740844800000,3934.0,3945.8,3896.9,3914.6,249.069,1740859199999,976962.1095,10761,118.700,465690.0029,0,2025-03-01 16:00:00
1740859200000,3914.5,3938.4,3898.3,3921.8,164.599,1740873599999,644661.2365,8404,76.263,298796.9832,0,2025-03-01 20:00:00
1740873600000,3921.6,3930.0,3884.0,3889.4,192.017,1740887999999,750735.3113,8580,86.968,340168.5989,0,2025-03-02 00:00:00
1740888000000,3889.0,3898.3,3867.8,3894.9,112.954,1740902399999,438877.7353,6835,62.050,241160.3855,0,2025-03-02 04:00:00
1740902400000,3894.9,3897.6,3855.0,3876.5,239.322,1740916799999,927198.4274,9020,97.377,377510.2853,0,2025-03-02 08:00:00
1740916800000,3876.5,3922.0,3715.0,3784.8,1411.211,1740931199999,5385201.6163,34219,621.960,2376199.8230,0,2025-03-02 12:00:00
1740931200000,3784.0,3787.5,3603.6,3706.1,2913.902,1740945599999,10770928.7861,68905,1356.107,5017118.9850,0,2025-03-02 16:00:00
1740945600000,3706.8,3727.7,3672.0,3674.8,403.420,1740959999999,1492711.5813,14942,190.689,705395.2350,0,2025-03-02 20:00:00
1740960000000,3674.8,3768.2,3660.0,3742.5,611.999,1740974399999,2278347.3625,18507,255.138,950572.9220,0,2025-03-03 00:00:00
1740974400000,3741.4,3839.4,3734.3,3823.2,563.379,1740988799999,2143856.8435,19222,299.193,1138490.5326,0,2025-03-03 04:00:00
1740988800000,3823.3,3906.8,3820.6,3888.4,939.570,1741003199999,3641012.7328,25318,506.102,1961724.5905,0,2025-03-03 08:00:00
1741003200000,3889.0,3898.1,3837.0,3861.0,696.613,1741017599999,2692700.5469,20310,332.589,1285649.1870,0,2025-03-03 12:00:00
1741017600000,3861.5,3990.0,3855.4,3972.6,1403.764,1741031999999,5489216.7615,33365,805.296,3150525.2520,0,2025-03-03 16:00:00
1741032000000,3972.8,4001.9,3927.6,3961.6,1043.380,1741046399999,4134958.7001,32914,535.158,2121505.2811,0,2025-03-03 20:00:00
1741046400000,3961.6,4068.5,3938.7,4001.8,1589.048,1741060799999,6365092.1186,42253,801.787,3211760.5778,0,2025-03-04 00:00:00
1741060800000,4002.1,4004.9,3941.7,3948.0,524.576,1741075199999,2080237.2290,19387,248.417,985146.5883,0,2025-03-04 04:00:00
1741075200000,3948.0,3970.0,3922.9,3947.6,453.155,1741089599999,1787312.9042,16058,249.684,984878.0903,0,2025-03-04 08:00:00
1741089600000,3947.7,3975.4,3860.5,3906.6,1488.990,1741103999999,5851469.9561,34627,758.493,2982321.6906,0,2025-03-04 12:00:00
1741104000000,3906.6,4026.0,3905.8,3989.0,1401.639,1741118399999,5556889.2867,33828,744.636,2952950.7251,0,2025-03-04 16:00:00
1741118400000,3988.6,4002.6,3949.2,3954.4,490.176,1741132799999,1946557.5373,16940,243.600,967483.3655,0,2025-03-04 20:00:00
1741132800000,3954.4,3961.0,3919.1,3956.6,288.140,1741147199999,1136181.8459,12543,150.539,593571.5544,0,2025-03-05 00:00:00
1741147200000,3957.6,3967.6,3934.2,3937.6,211.555,1741161599999,836042.7456,8703,106.297,420101.7149,0,2025-03-05 04:00:00
1741161600000,3938.0,3991.8,3896.1,3986.9,422.990,1741175999999,1664028.5276,14276,206.121,811032.4017,0,2025-03-05 08:00:00
1741176000000,3987.1,4025.2,3984.5,3984.8,741.120,1741190399999,2966476.6752,21179,391.842,1568620.1083,0,2025-03-05 12:00:00
1741190400000,3984.8,4027.0,3972.2,3980.9,440.046,1741204799999,1758505.9570,14698,242.533,969469.1637,0,2025-03-05 16:00:00
1741204800000,3980.5,3996.0,3975.9,3988.3,143.203,1741219199999,570698.9318,6783,68.860,274471.0515,0,2025-03-05 20:00:00
1741219200000,3988.3,3998.5,3965.6,3975.3,318.411,1741233599999,1267942.7455,11717,145.110,577960.2356,0,2025-03-06 00:00:00
1741233600000,3975.3,3989.2,3958.1,3970.2,255.606,1741247999999,1016262.4633,9918,120.409,478687.3506,0,2025-03-06 04:00:00
1741248000000,3970.5,3974.7,3904.2,3921.8,425.138,1741262399999,1670036.2370,15263,186.960,734380.7068,0,2025-03-06 08:00:00
1741262400000,3921.7,3958.2,3904.7,3932.4,419.485,1741276799999,1649487.5120,15700,202.035,794455.6355,0,2025-03-06 12:00:00
1741276800000,3932.6,3949.6,3918.5,3927.5,254.110,1741291199999,1000112.9312,11680,135.811,534619.8751,0,2025-03-06 16:00:00
1741291200000,3927.6,3991.2,3927.6,3976.7,212.328,1741305599999,842185.1288,9780,115.178,456786.0555,0,2025-03-06 20:00:00
1741305600000,3976.8,4017.4,3950.0,3956.5,1058.232,1741319999999,4212719.5431,27649,505.675,2013774.5079,0,2025-03-07 00:00:00
1741320000000,3957.3,3968.8,3941.9,3944.5,181.825,1741334399999,719434.0996,8607,85.800,339585.9946,0,2025-03-07 04:00:00
1741334400000,3944.1,3972.4,3936.0,3955.0,176.719,1741348799999,698551.2654,8195,87.028,343986.4794,0,2025-03-07 08:00:00
1741348800000,3955.1,3991.0,3930.7,3932.1,521.665,1741363199999,2070288.7227,17182,249.060,988427.3515,0,2025-03-07 12:00:00
1741363200000,3932.2,3999.0,3922.3,3930.7,855.545,1741377599999,3390588.7348,22379,434.903,1724302.2958,0,2025-03-07 16:00:00
1741377600000,3930.7,3998.0,3905.2,3987.2,594.022,1741391999999,2348132.7337,19125,299.367,1183921.0671,0,2025-03-07 20:00:00
1741392000000,3987.0,3994.8,3952.6,3966.4,213.578,1741406399999,848351.5888,9501,109.790,436129.6598,0,2025-03-08 00:00:00
1741406400000,3966.2,3990.8,3956.7,3971.5,238.294,1741420799999,947223.5787,9433,115.747,460215.9430,0,2025-03-08 04:00:00
1741420800000,3971.5,4006.1,3969.0,3992.1,290.376,1741435199999,1158723.4170,9435,153.248,611599.9969,0,2025-03-08 08:00:00
1741435200000,3992.1,3998.5,3949.0,3964.1,392.743,1741449599999,1557928.3531,12652,201.944,801095.4645,0,2025-03-08 12:00:00
1741449600000,3963.5,3983.1,3919.2,3921.7,460.611,1741463999999,1816596.9394,12247,215.558,850164.5554,0,2025-03-08 16:00:00
1741464000000,3921.9,3970.3,3920.0,3962.6,200.548,1741478399999,791066.0067,7952,98.107,387045.6906,0,2025-03-08 20:00:00
1741478400000,3962.8,3991.4,3950.2,3980.1,300.307,1741492799999,1193370.5000,7913,147.400,585598.9803,0,2025-03-09 00:00:00
1741492800000,3980.1,3985.0,3958.8,3964.2,208.953,1741507199999,830088.2798,6089,91.965,365361.4980,0,2025-03-09 04:00:00
1741507200000,3964.2,4022.8,3961.6,4009.5,425.577,1741521599999,1702070.8437,10700,232.541,930070.3689,0,2025-03-09 08:00:00
1741521600000,4009.9,4037.5,3993.5,4026.0,553.522,1741535999999,2222692.1760,15746,263.491,1058319.0334,0,2025-03-09 12:00:00
1741536000000,4025.9,4176.6,4024.8,4093.2,1713.830,1741550399999,7043646.5021,44160,923.907,3797696.9887,0,2025-03-09 16:00:00
1741550400000,4093.5,4111.5,4030.9,4049.2,607.036,1741564799999,2474640.0887,21686,284.832,1161410.0703,0,2025-03-09 20:00:00
1741564800000,4049.1,4076.3,4024.4,4049.3,560.078,1741579199999,2265474.0090,15579,296.484,1199509.0991,0,2025-03-10 00:00:00
1741579200000,4049.3,4053.6,4033.6,4036.8,250.569,1741593599999,1013232.0986,8211,109.404,442503.1018,0,2025-03-10 04:00:00
1741593600000,4036.3,4055.2,3970.3,4022.8,633.018,1741607999999,2538370.3373,17693,322.587,1292809.7155,0,2025-03-10 08:00:00
1741608000000,4022.9,4079.0,4007.2,4052.1,807.997,1741622399999,3271093.4878,21742,432.078,1749031.6165,0,2025-03-10 12:00:00
1741622400000,4052.5,4240.9,4036.2,4184.2,1356.978,1741636799999,5631002.7366,36520,745.137,3093393.1160,0,2025-03-10 16:00:00
1741636800000,4184.2,4243.6,4172.3,4218.9,530.651,1741651199999,2231537.2139,18117,333.825,1403766.1961,0,2025-03-10 20:00:00
1741651200000,4218.8,4344.0,4187.4,4249.9,1350.573,1741665599999,5766576.2689,38773,716.742,3062718.0501,0,2025-03-11 00:00:00
1741665600000,4249.4,4259.9,4163.3,4183.6,470.038,1741679999999,1973886.8816,17478,254.923,1070313.7609,0,2025-03-11 04:00:00
1741680000000,4183.6,4226.0,4166.8,4206.8,396.195,1741694399999,1662614.9628,13703,200.307,840478.0380,0,2025-03-11 08:00:00
1741694400000,4206.6,4260.9,4185.4,4192.5,1057.884,1741708799999,4464150.3378,29703,498.801,2105081.9513,0,2025-03-11 12:00:00
1741708800000,4192.6,4238.3,4174.5,4192.4,458.650,1741723199999,1927846.9714,17362,231.959,975447.0999,0,2025-03-11 16:00:00
1741723200000,4192.0,4250.0,4188.3,4246.1,270.587,1741737599999,1141519.9723,11107,138.349,584075.9335,0,2025-03-11 20:00:00
1741737600000,4245.3,4286.0,4224.4,4283.2,375.797,1741751999999,1597426.1441,12839,180.181,766178.3642,0,2025-03-12 00:00:00
1741752000000,4283.2,4298.0,4200.0,4229.2,378.841,1741766399999,1609516.4184,14749,173.316,736583.8562,0,2025-03-12 04:00:00
1741766400000,4229.1,4255.0,4172.1,4216.7,664.661,1741780799999,2804758.3746,19113,338.587,1428885.2172,0,2025-03-12 08:00:00
1741780800000,4216.0,4256.2,4195.9,4223.5,637.804,1741795199999,2697463.5276,21892,316.750,1339726.6948,0,2025-03-12 12:00:00
1741795200000,4223.3,4249.2,4203.4,4238.0,233.993,1741809599999,989097.1882,10070,134.295,567778.2460,0,2025-03-12 16:00:00
1741809600000,4238.6,4244.0,4213.5,4234.2,147.198,1741823999999,622561.7381,6492,61.971,262258.4341,0,2025-03-12 20:00:00
1741824000000,4234.2,4274.2,4232.5,4253.5,196.962,1741838399999,837112.1880,9143,121.910,518133.2320,0,2025-03-13 00:00:00
1741838400000,4254.2,4276.7,4245.0,4258.7,146.500,1741852799999,624770.2216,8406,68.761,293254.8144,0,2025-03-13 04:00:00
1741852800000,4258.7,4261.7,4185.0,4185.0,378.353,1741867199999,1597092.0732,13598,179.189,756535.4213,0,2025-03-13 08:00:00
1741867200000,4185.1,4194.5,4127.4,4133.4,676.275,1741881599999,2811739.3766,22400,302.986,1260116.5366,0,2025-03-13 12:00:00
1741881600000,4133.8,4182.9,4123.4,4155.0,510.392,1741895999999,2122393.9018,14035,206.499,858346.0650,0,2025-03-13 16:00:00
1741896000000,4155.6,4198.3,4151.4,4166.6,210.979,1741910399999,880244.7757,9843,92.992,388004.7985,0,2025-03-13 20:00:00
1741910400000,4166.4,4170.5,4150.3,4155.3,145.220,1741924799999,604197.4761,7864,70.477,293271.7888,0,2025-03-14 00:00:00
1741924800000,4154.9,4170.9,4139.5,4169.6,118.758,1741939199999,493315.4320,6463,55.849,232102.0805,0,2025-03-14 04:00:00
1741939200000,4169.8,4194.6,4156.0,4192.5,318.500,1741953599999,1330754.1067,8239,227.607,951179.4720,0,2025-03-14 08:00:00
1741953600000,4191.9,4211.0,4134.3,4194.2,522.714,1741967999999,2181338.9073,15570,268.841,1122442.6313,0,2025-03-14 12:00:00
1741968000000,4194.9,4203.6,4163.5,4172.1,165.082,1741982399999,689828.3244,7801,82.761,345792.2927,0,2025-03-14 16:00:00
1741982400000,4172.3,4184.7,4155.5,4165.6,104.606,1741996799999,436204.3284,6186,53.711,224007.9191,0,2025-03-14 20:00:00
1741996800000,4165.0,4169.7,4142.2,4144.2,109.841,1742011199999,456833.6665,6070,55.447,230645.3266,0,2025-03-15 00:00:00
1742011200000,4143.7,4150.0,4110.9,4137.8,412.200,1742025599999,1700560.4704,11048,127.372,525878.9178,0,2025-03-15 04:00:00
1742025600000,4137.6,4142.1,4111.2,4116.2,155.831,1742039999999,642596.9252,6931,86.014,354773.4497,0,2025-03-15 08:00:00
1742040000000,4115.8,4120.8,4100.1,4100.2,197.071,1742054399999,809905.4345,8688,80.208,329761.1579,0,2025-03-15 12:00:00
1742054400000,4100.3,4113.8,4086.3,4103.5,303.349,1742068799999,1243807.5737,11608,150.611,617557.6739,0,2025-03-15 16:00:00
1742068800000,4103.5,4105.2,4067.6,4095.2,260.404,1742083199999,1063205.1584,7900,170.560,696210.8358,0,2025-03-15 20:00:00
1742083200000,4095.2,4121.1,4081.3,4117.4,188.006,1742097599999,771822.1144,7915,99.118,407049.4524,0,2025-03-16 00:00:00
1742097600000,4117.4,4126.0,4104.8,4122.0,88.202,1742111999999,363229.3739,5325,37.114,152839.3418,0,2025-03-16 04:00:00
1742112000000,4122.5,4170.5,4121.0,4160.3,368.500,1742126399999,1529190.7997,13385,187.069,776143.5828,0,2025-03-16 08:00:00
1742126400000,4160.3,4189.3,4149.5,4184.4,311.297,1742140799999,1299194.6863,12826,164.307,685962.3348,0,2025-03-16 12:00:00
1742140800000,4184.6,4207.1,4165.8,4198.8,348.088,1742155199999,1458584.6296,13904,195.582,819893.2272,0,2025-03-16 16:00:00
1742155200000,4198.6,4206.8,4145.6,4163.0,291.426,1742169599999,1215231.7034,11423,139.705,582579.7177,0,2025-03-16 20:00:00
1742169600000,4163.3,4165.2,4123.4,4138.2,283.629,1742183999999,1174498.2090,11355,142.478,590316.3663,0,2025-03-17 00:00:00
1742184000000,4137.6,4151.0,4125.1,4136.3,241.429,1742198399999,998484.8905,8894,132.769,549158.6649,0,2025-03-17 04:00:00
1742198400000,4136.9,4141.5,4103.2,4123.9,251.702,1742212799999,1037101.3092,9497,118.692,489084.5624,0,2025-03-17 08:00:00
1742212800000,4123.9,4134.0,4096.4,4116.4,243.054,1742227199999,1001443.3390,11415,118.271,487288.7890,0,2025-03-17 12:00:00
1742227200000,4116.4,4139.4,4110.5,4125.8,148.241,1742241599999,611369.4961,8435,76.874,317141.5211,0,2025-03-17 16:00:00
1742241600000,4126.6,4136.3,4113.5,4129.3,139.281,1742255999999,574212.1475,6870,66.307,273385.1072,0,2025-03-17 20:00:00
1742256000000,4129.5,4163.8,4124.1,4157.9,148.386,1742270399999,615541.3443,9197,79.555,330038.7538,0,2025-03-18 00:00:00
1742270400000,4159.0,4160.0,4129.0,4142.9,322.254,1742284799999,1334480.1075,11147,150.719,624075.0183,0,2025-03-18 04:00:00
1742284800000,4143.0,4148.1,4122.5,4147.8,223.637,1742299199999,924722.8539,7970,137.728,569566.6756,0,2025-03-18 08:00:00
1742299200000,4147.8,4152.6,4114.0,4133.3,462.351,1742313599999,1910060.0431,10526,178.767,738177.5273,0,2025-03-18 12:00:00
1742313600000,4133.3,4137.5,4112.0,4117.8,98.202,1742327999999,404877.5719,6290,41.768,172254.6801,0,2025-03-18 16:00:00
1742328000000,4117.7,4117.7,4091.9,4099.1,177.737,1742342399999,729342.9696,7549,66.987,274928.5369,0,2025-03-18 20:00:00
1742342400000,4099.1,4117.0,4087.4,4100.7,175.039,1742356799999,717967.3284,7697,70.206,288119.5710,0,2025-03-19 00:00:00
1742356800000,4100.4,4124.5,4098.0,4123.9,191.836,1742371199999,789527.8472,6084,128.582,529390.3378,0,2025-03-19 04:00:00
1742371200000,4123.6,4134.6,4033.2,4044.2,943.317,1742385599999,3836568.0050,21297,434.755,1768768.8696,0,2025-03-19 08:00:00
1742385600000,4044.9,4085.3,3961.7,3983.2,1582.253,1742399999999,6345341.0600,40422,743.394,2985794.6188,0,2025-03-19 12:00:00
1742400000000,3982.8,4045.1,3973.4,4044.9,565.871,1742414399999,2268356.0402,21505,278.100,1115076.7807,0,2025-03-19 16:00:00
1742414400000,4043.5,4056.6,4024.4,4051.7,154.701,1742428799999,625163.6281,8845,75.942,306958.5443,0,2025-03-19 20:00:00
1742428800000,4051.7,4075.0,4043.8,4060.4,325.077,1742443199999,1320839.2126,11258,98.778,401122.4383,0,2025-03-20 00:00:00
1742443200000,4061.0,4083.3,4056.9,4076.9,227.636,1742457599999,927233.7519,7852,156.444,637477.6664,0,2025-03-20 04:00:00
1742457600000,4077.0,4079.5,4036.8,4076.4,468.757,1742471999999,1905060.3872,14375,198.889,808233.8823,0,2025-03-20 08:00:00
1742472000000,4076.7,4112.3,4065.0,4083.0,348.628,1742486399999,1424135.4795,12643,194.131,793840.0893,0,2025-03-20 12:00:00
1742486400000,4083.5,4094.9,4060.8,4063.6,165.864,1742500799999,676654.9219,9263,73.104,298218.1216,0,2025-03-20 16:00:00
1742500800000,4063.9,4070.5,4053.6,4055.5,128.520,1742515199999,521878.9318,7196,61.365,249213.3483,0,2025-03-20 20:00:00
1742515200000,4055.5,4080.6,4051.9,4078.7,130.909,1742529599999,531958.3582,8142,67.652,274977.7508,0,2025-03-21 00:00:00
1742529600000,4079.0,4087.4,4058.1,4058.8,251.671,1742543999999,1025647.1956,11461,124.289,506586.3712,0,2025-03-21 04:00:00
1742544000000,4059.3,4103.7,4055.0,4085.9,419.920,1742558399999,1712541.9173,15590,210.039,856614.4501,0,2025-03-21 08:00:00
1742558400000,4085.5,4127.0,4078.7,4093.4,430.113,1742572799999,1764086.1635,17836,227.550,933458.1726,0,2025-03-21 12:00:00
1742572800000,4093.4,4103.9,4065.4,4065.9,201.868,1742587199999,824325.9981,9141,101.017,412530.2685,0,2025-03-21 16:00:00
1742587200000,4065.4,4111.9,4062.1,4090.8,355.241,1742601599999,1450938.4002,12904,208.820,853208.7311,0,2025-03-21 20:00:00
1742601600000,4090.7,4093.0,4065.6,4077.7,233.545,1742615999999,952692.9365,11916,118.631,484009.0555,0,2025-03-22 00:00:00
1742616000000,4078.1,4110.0,4064.9,4075.9,296.227,1742630399999,1207672.6912,12705,148.112,603993.9060,0,2025-03-22 04:00:00
1742630400000,4076.0,4085.9,4043.5,4066.9,267.418,1742644799999,1086247.9943,10958,124.632,506468.6958,0,2025-03-22 08:00:00
1742644800000,4067.0,4087.7,4059.1,4076.8,180.271,1742659199999,734097.2128,8696,84.635,344780.4084,0,2025-03-22 12:00:00
1742659200000,4077.3,4087.5,4045.8,4063.7,254.070,1742673599999,1033522.4570,11684,127.228,517660.0764,0,2025-03-22 16:00:00
1742673600000,4063.8,4090.4,4046.5,4076.1,247.046,1742687999999,1005642.7921,11221,124.427,506505.8786,0,2025-03-22 20:00:00
1742688000000,4076.1,4086.5,4046.1,4057.0,335.419,1742702399999,1364606.4804,13647,164.994,671414.3201,0,2025-03-23 00:00:00
1742702400000,4056.6,4074.6,4043.6,4054.0,203.865,1742716799999,827886.6804,9347,100.531,408342.5801,0,2025-03-23 04:00:00
1742716800000,4053.8,4068.0,4047.1,4065.2,205.054,1742731199999,831447.3142,8859,105.407,427438.7511,0,2025-03-23 08:00:00
1742731200000,4065.0,4091.8,4060.0,4091.8,155.193,1742745599999,632108.6931,8006,89.372,364071.8839,0,2025-03-23 12:00:00
1742745600000,4091.8,4117.6,4088.5,4105.7,374.873,1742759999999,1538949.1562,12891,163.303,670598.6030,0,2025-03-23 16:00:00
1742760000000,4105.8,4130.0,4102.1,4119.2,169.892,1742774399999,699152.1905,8595,96.180,395888.3424,0,2025-03-23 20:00:00
1742774400000,4119.1,4143.1,4090.7,4114.9,539.380,1742788799999,2223854.0259,17174,264.290,1089729.1812,0,2025-03-24 00:00:00
1742788800000,4113.8,4119.1,4035.5,4081.2,777.328,1742803199999,3170787.6215,20463,371.458,1514704.9813,0,2025-03-24 04:00:00
1742803200000,4081.2,4081.3,4040.3,4068.8,268.165,1742817599999,1089621.8360,11132,119.955,487599.8841,0,2025-03-24 08:00:00
1742817600000,4068.3,4089.3,4060.5,4086.1,197.395,1742831999999,804506.3101,10766,96.417,393070.4156,0,2025-03-24 12:00:00
1742832000000,4086.5,4092.8,4071.0,4076.6,96.124,1742846399999,392505.7347,6818,43.854,179086.9466,0,2025-03-24 16:00:00
1742846400000,4075.5,4086.9,4062.7,4066.2,148.774,1742860799999,605989.6656,7100,71.074,289640.2540,0,2025-03-24 20:00:00
1742860800000,4067.4,4071.9,4048.1,4070.8,128.825,1742875199999,523254.2338,8016,56.335,228865.7299,0,2025-03-25 00:00:00
1742875200000,4070.9,4073.7,4043.1,4046.8,120.205,1742889599999,487348.5791,6772,49.984,202711.2033,0,2025-03-25 04:00:00
1742889600000,4046.8,4058.9,4038.9,4058.4,169.468,1742903999999,686132.0589,7573,58.687,237632.0477,0,2025-03-25 08:00:00
1742904000000,4058.5,4071.9,4042.8,4066.5,153.463,1742918399999,623111.7177,9701,80.021,324984.6880,0,2025-03-25 12:00:00
1742918400000,4066.3,4084.2,4052.0,4072.1,169.637,1742932799999,690063.1184,8306,86.441,351613.7913,0,2025-03-25 16:00:00
1742932800000,4072.1,4082.0,4052.8,4055.6,103.976,1742947199999,422988.4487,5506,48.552,197620.8419,0,2025-03-25 20:00:00
1742947200000,4055.7,4077.6,4046.0,4069.4,144.728,1742961599999,587648.6778,7350,69.539,282319.8646,0,2025-03-26 00:00:00
1742961600000,4069.5,4071.0,4055.1,4057.4,85.493,1742975999999,347364.8179,5116,42.915,174379.4555,0,2025-03-26 04:00:00
1742976000000,4057.5,4062.0,4046.2,4052.2,107.706,1742990399999,436830.8789,4812,67.208,272653.1925,0,2025-03-26 08:00:00
1742990400000,4052.3,4096.0,4050.4,4092.4,464.291,1743004799999,1892571.9945,13788,291.401,1188135.8904,0,2025-03-26 12:00:00
1743004800000,4092.4,4122.1,4080.0,4122.1,269.917,1743019199999,1107628.0002,10820,126.983,521575.8234,0,2025-03-26 16:00:00
1743019200000,4122.1,4160.0,4122.1,4137.1,298.204,1743033599999,1234976.4771,11209,169.059,700137.0529,0,2025-03-26 20:00:00
1743033600000,4135.9,4143.9,4110.4,4118.8,150.908,1743047999999,622667.0647,6828,76.047,313823.3662,0,2025-03-27 00:00:00
1743048000000,4118.3,4129.0,4107.4,4111.2,68.145,1743062399999,280625.3374,4615,35.987,148243.8024,0,2025-03-27 04:00:00
1743062400000,4111.0,4123.0,4105.0,4119.7,118.683,1743076799999,488319.8286,6858,63.726,262233.2207,0,2025-03-27 08:00:00
1743076800000,4119.7,4130.0,4098.6,4124.2,287.166,1743091199999,1181827.8968,10509,162.753,670046.3662,0,2025-03-27 12:00:00
1743091200000,4124.4,4140.9,4116.0,4124.2,142.563,1743105599999,588705.9449,6202,83.983,346860.4864,0,2025-03-27 16:00:00
1743105600000,4124.8,4136.3,4119.2,4135.0,63.814,1743119999999,263430.7850,3962,27.118,111986.3791,0,2025-03-27 20:00:00
1743120000000,4135.0,4159.8,4129.8,4140.0,194.549,1743134399999,806212.9208,6543,85.632,354820.9301,0,2025-03-28 00:00:00
1743134400000,4140.6,4250.0,4136.1,4220.1,1118.521,1743148799999,4710157.6031,22266,463.260,1949432.5202,0,2025-03-28 04:00:00
1743148800000,4220.4,4259.8,4205.7,4225.5,488.303,1743163199999,2065015.3445,14454,238.049,1007283.3702,0,2025-03-28 08:00:00
1743163200000,4224.7,4256.9,4208.8,4230.0,365.845,1743177599999,1547987.1685,12946,195.988,829283.4690,0,2025-03-28 12:00:00
1743177600000,4228.3,4241.7,4211.3,4226.4,250.955,1743191999999,1059529.1448,9430,120.464,509000.3542,0,2025-03-28 16:00:00
1743192000000,4225.9,4240.8,4212.5,4219.9,136.862,1743206399999,578291.6246,7334,60.513,255730.2351,0,2025-03-28 20:00:00
1743206400000,4220.4,4257.7,4202.7,4231.1,524.192,1743220799999,2219195.3929,10808,350.505,1485883.8335,0,2025-03-29 00:00:00
1743220800000,4231.1,4285.6,4222.2,4274.4,325.184,1743235199999,1385653.3087,11947,177.916,758336.9170,0,2025-03-29 04:00:00
1743235200000,4274.5,4299.8,4263.8,4276.1,350.200,1743249599999,1499756.7529,13021,173.657,743863.6377,0,2025-03-29 08:00:00
1743249600000,4275.8,4275.8,4242.0,4263.4,384.002,1743263999999,1635245.9788,12761,193.701,824933.2759,0,2025-03-29 12:00:00
1743264000000,4263.3,4306.8,4252.9,4284.4,392.013,1743278399999,1679725.7482,16933,208.313,892886.8581,0,2025-03-29 16:00:00
1743278400000,4284.5,4314.6,4282.0,4286.2,242.185,1743292799999,1041034.6847,11485,139.211,598563.3993,0,2025-03-29 20:00:00
1743292800000,4285.7,4312.2,4253.5,4266.6,249.465,1743307199999,1067524.7999,11273,129.524,554375.8712,0,2025-03-30 00:00:00
1743307200000,4267.2,4271.2,4248.7,4266.8,144.617,1743321599999,616197.9467,7566,64.119,273298.8787,0,2025-03-30 04:00:00
1743321600000,4266.8,4293.5,4259.3,4283.4,273.711,1743335999999,1169318.9224,7704,94.026,402248.4451,0,2025-03-30 08:00:00
1743336000000,4283.4,4324.9,4278.3,4299.6,472.160,1743350399999,2031698.4681,11738,190.318,819161.6709,0,2025-03-30 12:00:00
1743350400000,4300.0,4321.7,4256.0,4282.1,204.800,1743364799999,878218.6316,9732,96.458,413813.2142,0,2025-03-30 16:00:00
1743364800000,4282.0,4320.4,4275.9,4293.4,222.300,1743379199999,955546.1938,10911,117.283,504206.7158,0,2025-03-30 20:00:00
1743379200000,4293.2,4319.2,4260.0,4295.5,363.545,1743393599999,1557554.9501,14045,165.515,709425.8747,0,2025-03-31 00:00:00
1743393600000,4295.9,4338.0,4280.1,4328.2,252.389,1743407999999,1087937.9729,11740,146.794,632999.8858,0,2025-03-31 04:00:00
1743408000000,4328.0,4366.4,4315.2,4328.0,562.492,1743422399999,2442149.3786,19267,261.546,1136180.9334,0,2025-03-31 08:00:00
1743422400000,4327.7,4340.5,4303.5,4313.5,425.240,1743436799999,1837933.8692,17418,188.911,816617.7704,0,2025-03-31 12:00:00
1743436800000,4313.6,4329.8,4295.5,4297.5,193.904,1743451199999,836138.1165,10705,81.765,352637.7283,0,2025-03-31 16:00:00
1743451200000,4297.6,4310.7,4289.9,4308.1,228.281,1743465599999,981567.0836,10993,97.000,417111.6042,0,2025-03-31 20:00:00
1743465600000,4308.1,4322.6,4291.0,4298.9,238.521,1743479999999,1026733.1280,11882,109.016,469357.5853,0,2025-04-01 00:00:00
1743480000000,4298.8,4306.4,4279.4,4303.4,217.728,1743494399999,934932.3725,9892,98.600,423346.6639,0,2025-04-01 04:00:00
1743494400000,4303.4,4306.5,4240.0,4294.6,579.451,1743508799999,2473198.1311,23488,288.433,1231364.8617,0,2025-04-01 08:00:00
1743508800000,4294.6,4295.2,4250.1,4276.0,448.962,1743523199999,1916441.0141,20911,213.292,910561.5150,0,2025-04-01 12:00:00
1743523200000,4276.1,4316.2,4272.8,4301.8,188.883,1743537599999,811187.7788,10612,112.642,483795.2877,0,2025-04-01 16:00:00
1743537600000,4301.7,4323.3,4294.1,4314.2,301.877,1743551999999,1300997.3355,9307,87.551,377345.7985,0,2025-04-01 20:00:00
1743552000000,4314.2,4375.4,4314.2,4353.7,496.816,1743566399999,2159682.7123,16567,278.728,1211765.1156,0,2025-04-02 00:00:00
1743566400000,4353.8,4379.4,4348.7,4356.5,509.129,1743580799999,2222482.6059,12576,247.879,1082128.1628,0,2025-04-02 04:00:00
1743580800000,4356.5,4360.4,4344.6,4349.9,361.643,1743595199999,1574234.0229,8927,170.793,743481.4746,0,2025-04-02 08:00:00
1743595200000,4349.8,4397.0,4349.3,4367.0,966.486,1743609599999,4227143.8086,22058,477.768,2089841.9984,0,2025-04-02 12:00:00
1743609600000,4366.9,4405.0,4354.8,4372.2,752.962,1743623999999,3298061.3436,15979,399.259,1749362.8127,0,2025-04-02 16:00:00
1743624000000,4372.1,4457.6,4338.0,4419.4,2665.114,1743638399999,11719889.1394,59173,1362.989,5995067.8381,0,2025-04-02 20:00:00
1743638400000,4419.4,4428.6,4387.6,4391.1,668.245,1743652799999,2941714.0530,17789,323.182,1422676.5192,0,2025-04-03 00:00:00
1743652800000,4390.9,4424.5,4365.8,4416.2,566.790,1743667199999,2488900.3411,13891,306.494,1345779.6165,0,2025-04-03 04:00:00
1743667200000,4416.3,4480.6,4411.0,4459.1,1338.049,1743681599999,5960454.5954,29402,631.609,2813651.1526,0,2025-04-03 08:00:00
1743681600000,4459.1,4500.0,4442.0,4449.8,1452.960,1743695999999,6494573.3937,35089,700.689,3132498.9118,0,2025-04-03 12:00:00
1743696000000,4449.7,4457.1,4406.0,4411.8,857.334,1743710399999,3802579.5287,21271,386.613,1715185.8697,0,2025-04-03 16:00:00
1743710400000,4411.8,4433.0,4398.5,4416.4,524.930,1743724799999,2315612.0619,15146,284.324,1254494.5211,0,2025-04-03 20:00:00
1743724800000,4416.3,4466.3,4414.2,4437.0,1472.643,1743739199999,6532089.3205,34785,765.216,3394378.0223,0,2025-04-04 00:00:00
1743739200000,4437.0,4441.6,4381.0,4424.8,581.972,1743753599999,2573535.6414,15335,279.486,1236468.8521,0,2025-04-04 04:00:00
1743753600000,4424.9,4459.0,4424.9,4459.0,1117.712,1743767999999,4963714.2159,19992,461.793,2050095.2472,0,2025-04-04 08:00:00
1743768000000,4459.0,4464.9,4370.0,4385.6,1830.320,1743782399999,8084378.9741,38479,862.001,3807128.6940,0,2025-04-04 12:00:00
1743782400000,4385.4,4420.8,4382.8,4412.1,645.815,1743796799999,2845227.6637,16253,338.776,1492469.3880,0,2025-04-04 16:00:00
1743796800000,4412.1,4412.2,4390.4,4396.6,261.826,1743811199999,1151797.7468,8575,105.136,462480.2267,0,2025-04-04 20:00:00
1743811200000,4396.6,4416.7,4375.0,4408.1,352.922,1743825599999,1552913.0471,9274,171.373,754408.5557,0,2025-04-05 00:00:00
1743825600000,4407.9,4413.2,4391.0,4392.7,238.637,1743839999999,1050539.4921,6758,162.428,714987.1787,0,2025-04-05 04:00:00
1743840000000,4392.8,4399.5,4380.3,4386.0,151.445,1743854399999,664890.5885,7012,72.871,319952.8135,0,2025-04-05 08:00:00
1743854400000,4386.1,4410.4,4384.4,4408.0,338.715,1743868799999,1491909.8685,10201,119.122,524325.0693,0,2025-04-05 12:00:00
1743868800000,4408.0,4416.1,4399.4,4415.2,399.822,1743883199999,1760316.1177,6196,319.851,1407876.5404,0,2025-04-05 16:00:00
1743883200000,4415.2,4431.6,4389.8,4406.5,389.235,1743897599999,1714502.3374,11555,234.715,1033426.6388,0,2025-04-05 20:00:00
1743897600000,4406.6,4421.7,4394.5,4412.0,122.358,1743911999999,539192.1317,6717,65.768,289812.7420,0,2025-04-06 00:00:00
1743912000000,4411.9,4438.7,4411.0,4436.3,312.594,1743926399999,1382832.4525,12141,164.065,725827.7998,0,2025-04-06 04:00:00
1743926400000,4436.3,4445.1,4328.5,4435.8,656.977,1743940799999,2906396.5687,21967,330.145,1462343.9581,0,2025-04-06 08:00:00
1743940800000,4435.9,4502.8,4433.0,4484.0,841.168,1743955199999,3767928.5915,29098,472.712,2118279.9934,0,2025-04-06 12:00:00
1743955200000,4484.1,4597.7,4479.9,4592.0,1633.538,1743969599999,7431244.8161,51271,850.105,3865722.1423,0,2025-04-06 16:00:00
1743969600000,4592.1,4677.4,4587.2,4641.7,1760.148,1743983999999,8149540.0252,46164,962.559,4456462.7261,0,2025-04-06 20:00:00
1743984000000,4641.8,4766.7,4603.5,4726.9,1702.740,1743998399999,7956978.3253,44669,928.267,4341653.1520,0,2025-04-07 00:00:00
1743998400000,4726.3,5000.0,4679.6,4841.9,4220.882,1744012799999,20291848.6902,111035,2398.897,11543122.7621,0,2025-04-07 04:00:00
1744012800000,4841.9,4856.6,4746.1,4801.4,2292.411,1744027199999,10975561.5482,72721,1127.162,5397454.5773,0,2025-04-07 08:00:00
1744027200000,4801.5,4816.5,4619.1,4680.3,3931.842,1744041599999,18474126.4060,97770,1840.063,8644736.8358,0,2025-04-07 12:00:00
1744041600000,4680.5,4712.6,4663.7,4671.6,829.213,1744055999999,3886517.6579,28488,446.910,2094281.1749,0,2025-04-07 16:00:00
1744056000000,4671.7,4709.1,4629.9,4686.9,762.944,1744070399999,3564600.3875,27259,429.155,2005319.9877,0,2025-04-07 20:00:00
1744070400000,4686.9,4717.9,4561.0,4651.8,1283.399,1744084799999,5995334.4663,43335,607.275,2839662.7735,0,2025-04-08 00:00:00
1744084800000,4651.9,4697.0,4629.1,4677.8,1094.104,1744099199999,5094585.0850,39388,582.621,2713341.1843,0,2025-04-08 04:00:00
1744099200000,4677.9,4699.4,4600.7,4609.6,716.544,1744113599999,3331622.4899,24173,299.295,1392642.7405,0,2025-04-08 08:00:00
1744113600000,4609.5,4677.7,4605.0,4662.9,1611.575,1744127999999,7474717.9809,44922,774.594,3592996.7863,0,2025-04-08 12:00:00
1744128000000,4662.9,4754.7,4652.9,4741.7,1849.980,1744142399999,8733621.2248,48759,835.275,3941706.9687,0,2025-04-08 16:00:00
1744142400000,4741.6,4752.1,4708.9,4710.3,602.682,1744156799999,2851517.1762,26439,319.985,1514204.9752,0,2025-04-08 20:00:00
1744156800000,4710.3,4820.4,4697.3,4762.5,1740.130,1744171199999,8285147.7100,56115,993.205,4728511.3107,0,2025-04-09 00:00:00
1744171200000,4762.6,4775.4,4724.8,4727.2,723.444,1744185599999,3434397.9495,28993,353.782,1679639.7544,0,2025-04-09 04:00:00
1744185600000,4727.3,4746.6,4690.8,4741.7,731.340,1744199999999,3452277.1452,25418,348.374,1644759.8693,0,2025-04-09 08:00:00
1744200000000,4741.7,4770.5,4691.8,4704.3,806.021,1744214399999,3813921.1522,31384,400.905,1897296.8447,0,2025-04-09 12:00:00
1744214400000,4704.3,4711.1,4540.4,4597.1,3475.018,1744228799999,16027797.0799,96564,1724.529,7949686.1127,0,2025-04-09 16:00:00
1744228800000,4597.1,4600.7,4552.2,4555.5,994.860,1744243199999,4549106.4057,41574,448.512,2050642.8776,0,2025-04-09 20:00:00
1744243200000,4555.5,4659.1,4555.2,4628.8,669.946,1744257599999,3087754.1000,26518,339.844,1566482.4231,0,2025-04-10 00:00:00
1744257600000,4628.9,4655.4,4621.0,4646.1,401.453,1744271999999,1861049.5784,18632,199.810,926389.6548,0,2025-04-10 04:00:00
1744272000000,4646.1,4676.7,4641.6,4668.8,301.921,1744286399999,1406737.3725,15970,153.206,713866.6688,0,2025-04-10 08:00:00
1744286400000,4668.7,4719.0,4624.7,4680.4,1102.787,1744300799999,5151017.4499,43595,566.006,2644428.8702,0,2025-04-10 12:00:00
1744300800000,4680.4,4712.3,4657.5,4671.6,526.787,1744315199999,2467164.4029,24106,266.617,1248946.0727,0,2025-04-10 16:00:00
1744315200000,4671.7,4672.2,4638.4,4645.6,306.648,1744329599999,1426728.9643,15173,131.335,611190.9546,0,2025-04-10 20:00:00
1744329600000,4645.5,4652.4,4600.0,4647.5,486.002,1744343999999,2251882.5332,17969,185.721,861255.2751,0,2025-04-11 00:00:00
1744344000000,4647.6,4654.1,4626.4,4650.6,284.734,1744358399999,1321764.3271,11501,113.535,527106.2302,0,2025-04-11 04:00:00
1744358400000,4650.7,4699.3,4641.3,4683.5,476.623,1744372799999,2225528.6727,18311,209.009,976746.2008,0,2025-04-11 08:00:00
1744372800000,4683.4,4702.9,4669.4,4691.5,372.884,1744387199999,1746952.8674,16763,185.254,867954.3396,0,2025-04-11 12:00:00
1744387200000,4691.5,4726.6,4681.8,4724.0,292.329,1744401599999,1375517.5303,14812,160.560,755648.5564,0,2025-04-11 16:00:00
1744401600000,4724.1,4725.8,4699.3,4713.4,182.955,1744415999999,862134.6744,13557,97.616,459975.0412,0,2025-04-11 20:00:00
1744416000000,4713.5,4742.8,4711.3,4718.0,253.261,1744430399999,1197419.3905,15465,127.847,604433.5855,0,2025-04-12 00:00:00
1744430400000,4718.1,4722.8,4673.2,4673.8,290.872,1744444799999,1365812.3915,13560,129.752,609273.7306,0,2025-04-12 04:00:00
1744444800000,4673.9,4676.2,4635.1,4638.7,1048.148,1744459199999,4868669.0354,34406,473.432,2198783.5410,0,2025-04-12 08:00:00
1744459200000,4638.7,4654.0,4530.9,4564.5,2712.796,1744473599999,12432620.5817,68829,1308.942,5997997.2649,0,2025-04-12 12:00:00
1744473600000,4564.5,4605.0,4553.8,4592.3,445.887,1744487999999,2043042.1774,20366,231.653,1061313.8070,0,2025-04-12 16:00:00
1744488000000,4592.3,4596.5,4575.7,4580.5,310.465,1744502399999,1423335.0410,14462,150.159,688456.1784,0,2025-04-12 20:00:00
1744502400000,4580.5,4635.8,4580.3,4627.4,626.610,1744516799999,2894448.7362,16526,208.515,961944.0220,0,2025-04-13 00:00:00
1744516800000,4627.5,4646.7,4609.6,4610.5,1124.212,1744531199999,5202139.0018,34680,607.140,2809391.2283,0,2025-04-13 04:00:00
1744531200000,4610.6,4622.3,4550.0,4594.4,1306.287,1744545599999,5978109.1617,45095,601.304,2751910.4054,0,2025-04-13 08:00:00
1744545600000,4594.3,4645.6,4591.7,4620.7,2192.451,1744559999999,10134012.9524,62264,1153.886,5333166.0363,0,2025-04-13 12:00:00
1744560000000,4620.6,5650.0,4574.5,5286.6,7997.792,1744574399999,40647264.3638,179543,4351.316,22072704.5678,0,2025-04-13 16:00:00
1744574400000,5285.6,5296.2,4860.3,5191.1,8276.321,1744588799999,42040280.5195,179021,4250.061,21608574.9252,0,2025-04-13 20:00:00
1744588800000,5191.1,5285.8,5096.5,5132.5,2508.525,1744603199999,12912814.0865,67128,1283.358,6604312.3917,0,2025-04-14 00:00:00
1744603200000,5132.6,5175.4,5114.6,5137.6,869.555,1744617599999,4474322.1507,35080,403.916,2077850.1698,0,2025-04-14 04:00:00
1744617600000,5137.4,5149.9,5046.6,5081.3,1582.741,1744631999999,8067528.5409,55827,715.950,3649891.6679,0,2025-04-14 08:00:00
1744632000000,5081.1,5180.1,5077.2,5168.7,732.438,1744646399999,3750551.8653,31507,367.266,1880628.5685,0,2025-04-14 12:00:00
1744646400000,5168.3,5209.7,5129.0,5154.3,1630.668,1744660799999,8446892.3739,57482,794.136,4114287.2013,0,2025-04-14 16:00:00
1744660800000,5154.4,5231.6,5154.3,5178.0,1022.581,1744675199999,5308351.2001,37785,566.851,2941667.3705,0,2025-04-14 20:00:00
1744675200000,5178.0,5219.8,5174.4,5179.4,509.833,1744689599999,2648619.7990,21629,233.391,1211758.8692,0,2025-04-15 00:00:00
1744689600000,5179.5,5220.7,5179.5,5190.3,373.012,1744703999999,1938445.5461,14055,130.641,679015.4788,0,2025-04-15 04:00:00
1744704000000,5190.3,5333.0,5172.6,5221.5,667.909,1744718399999,3482399.3164,26779,339.414,1769090.3010,0,2025-04-15 08:00:00
1744718400000,5221.6,5324.6,5183.1,5231.1,1017.845,1744732799999,5322446.7690,39881,440.988,2307045.3506,0,2025-04-15 12:00:00
1744732800000,5230.9,5253.1,5210.0,5211.2,357.599,1744747199999,1870621.1354,18998,150.573,787605.3209,0,2025-04-15 16:00:00
1744747200000,5211.1,5255.2,5182.2,5248.7,323.796,1744761599999,1690963.4610,16064,140.142,732158.0915,0,2025-04-15 20:00:00
1744761600000,5248.9,5265.3,5218.5,5236.5,670.319,1744775999999,3516281.9926,19401,215.802,1132060.4610,0,2025-04-16 00:00:00
1744776000000,5236.5,5289.3,5229.7,5282.0,367.713,1744790399999,1935582.9145,21001,196.232,1033035.3726,0,2025-04-16 04:00:00
1744790400000,5282.0,5311.8,5268.5,5278.6,400.205,1744804799999,2115286.6309,17514,197.005,1041496.9914,0,2025-04-16 08:00:00
1744804800000,5278.7,5309.0,5268.9,5288.1,382.648,1744819199999,2022568.5988,18773,182.382,964018.9253,0,2025-04-16 12:00:00
1744819200000,5288.2,5337.7,5233.7,5249.0,750.734,1744833599999,3975230.2420,31425,337.380,1788491.0352,0,2025-04-16 16:00:00
1744833600000,5249.1,5284.0,5239.9,5256.2,337.274,1744847999999,1773978.2103,17231,177.783,935347.9357,0,2025-04-16 20:00:00
1744848000000,5256.5,5275.5,5246.7,5262.3,248.986,1744862399999,1310393.1991,12904,120.289,633070.8217,0,2025-04-17 00:00:00
1744862400000,5262.3,5264.4,5224.6,5236.1,229.624,1744876799999,1203156.8026,11880,115.596,605666.3235,0,2025-04-17 04:00:00
1744876800000,5235.9,5257.8,5231.7,5236.6,258.199,1744891199999,1353562.5045,12024,130.672,685072.8993,0,2025-04-17 08:00:00
1744891200000,5236.5,5275.9,5228.4,5252.4,346.500,1744905599999,1820118.6675,16510,195.219,1025299.6666,0,2025-04-17 12:00:00
1744905600000,5252.4,5274.2,5205.0,5269.5,1270.871,1744919999999,6650796.3967,46552,603.979,3161871.0939,0,2025-04-17 16:00:00
1744920000000,5269.0,5273.9,5250.4,5268.7,252.816,1744934399999,1330009.4449,10719,175.141,921364.2768,0,2025-04-17 20:00:00
1744934400000,5268.8,5295.7,5266.7,5270.6,325.078,1744948799999,1715716.5693,13326,210.500,1110919.0250,0,2025-04-18 00:00:00
1744948800000,5270.7,5285.8,5251.7,5251.7,471.340,1744963199999,2485714.5540,17975,274.793,1449094.4782,0,2025-04-18 04:00:00
1744963200000,5251.8,5255.9,5236.0,5241.7,225.095,1744977599999,1181079.7826,8763,128.702,675281.2415,0,2025-04-18 08:00:00
1744977600000,5241.7,5257.0,5225.7,5249.7,182.147,1744991999999,954684.0912,9337,100.312,525862.6052,0,2025-04-18 12:00:00
1744992000000,5249.7,5251.7,5216.1,5223.4,181.484,1745006399999,949689.8834,8288,93.103,487080.8719,0,2025-04-18 16:00:00
1745006400000,5223.4,5246.3,5214.9,5240.6,112.589,1745020799999,588327.5749,7516,58.466,305461.8426,0,2025-04-18 20:00:00
1745020800000,5240.7,5249.2,5213.5,5214.7,156.288,1745035199999,817256.0375,8262,85.283,445956.1228,0,2025-04-19 00:00:00
1745035200000,5214.5,5230.0,5200.8,5220.0,209.399,1745049599999,1092463.8639,8493,75.896,396072.5303,0,2025-04-19 04:00:00
1745049600000,5220.1,5246.3,5216.9,5239.2,144.725,1745063999999,757487.2898,6804,70.807,370477.6790,0,2025-04-19 08:00:00
1745064000000,5239.3,5253.7,5229.1,5233.8,116.324,1745078399999,609747.8698,6881,59.704,312927.0675,0,2025-04-19 12:00:00
1745078400000,5233.8,5239.0,5201.4,5209.3,194.773,1745092799999,1016037.4049,10512,86.010,448639.2982,0,2025-04-19 16:00:00
1745092800000,5209.3,5212.8,5200.0,5204.0,204.930,1745107199999,1066091.5852,7189,53.307,277464.9992,0,2025-04-19 20:00:00
1745107200000,5204.1,5207.4,5150.0,5200.1,876.934,1745121599999,4550949.8630,28747,385.232,1999452.7007,0,2025-04-20 00:00:00
1745121600000,5200.0,5231.7,5191.6,5212.4,255.252,1745135999999,1328967.6434,14926,127.048,661698.3701,0,2025-04-20 04:00:00
1745136000000,5212.8,5251.9,5202.5,5248.0,566.027,1745150399999,2962625.2417,20847,288.715,1511263.5591,0,2025-04-20 08:00:00
1745150400000,5248.5,5251.4,5235.6,5248.3,315.653,1745164799999,1655312.8949,13860,159.752,837782.8565,0,2025-04-20 12:00:00
1745164800000,5248.4,5250.8,5214.4,5218.3,112.018,1745179199999,586869.5967,7322,45.460,238205.1391,0,2025-04-20 16:00:00
1745179200000,5218.4,5258.9,5212.7,5245.0,201.295,1745193599999,1055086.4109,8649,123.692,648427.3501,0,2025-04-20 20:00:00
1745193600000,5245.1,5291.9,5234.5,5263.1,814.340,1745207999999,4292394.3039,25547,437.077,2304006.6282,0,2025-04-21 00:00:00
1745208000000,5263.2,5269.4,5216.6,5232.7,644.617,1745222399999,3373627.7429,23112,329.616,1725440.6581,0,2025-04-21 04:00:00
1745222400000,5232.7,5265.1,5225.6,5252.7,547.524,1745236799999,2875620.6132,20484,289.393,1519841.4352,0,2025-04-21 08:00:00
1745236800000,5252.7,5325.6,5252.4,5316.4,627.204,1745251199999,3325193.2757,20079,390.459,2070103.4236,0,2025-04-21 12:00:00
1745251200000,5316.0,5381.0,5314.7,5374.6,584.800,1745265599999,3132298.6662,20011,299.099,1601862.4059,0,2025-04-21 16:00:00
1745265600000,5375.0,5391.9,5363.4,5381.4,160.351,1745279999999,862083.8728,9524,90.146,484751.3592,0,2025-04-21 20:00:00
1745280000000,5381.4,5436.0,5381.3,5411.2,616.960,1745294399999,3337279.1508,19031,295.595,1599265.4149,0,2025-04-22 00:00:00
1745294400000,5411.9,5426.6,5349.3,5353.1,344.846,1745308799999,1861217.7178,13168,154.229,832764.3351,0,2025-04-22 04:00:00
1745308800000,5353.7,5368.2,5326.9,5341.6,453.958,1745323199999,2426493.0612,14679,201.090,1075166.4771,0,2025-04-22 08:00:00
1745323200000,5341.7,5396.9,5291.0,5315.2,860.657,1745337599999,4596404.4803,26191,435.615,2326596.7279,0,2025-04-22 12:00:00
1745337600000,5315.3,5371.8,5297.9,5359.5,165.030,1745351999999,880345.4319,11294,93.305,497671.1063,0,2025-04-22 16:00:00
1745352000000,5358.9,5369.9,5291.0,5322.3,365.768,1745366399999,1946680.8235,18814,180.869,962777.5150,0,2025-04-22 20:00:00
1745366400000,5322.0,5334.6,5241.9,5253.9,473.096,1745380799999,2503095.3483,19914,172.739,913860.4377,0,2025-04-23 00:00:00
1745380800000,5253.9,5287.0,5220.0,5281.7,538.786,1745395199999,2833616.9730,21252,252.987,1330371.9527,0,2025-04-23 04:00:00
1745395200000,5281.7,5289.1,5217.2,5237.7,391.690,1745409599999,2059894.2462,15919,148.163,778956.7006,0,2025-04-23 08:00:00
1745409600000,5237.5,5275.2,5209.8,5255.5,500.722,1745423999999,2623384.4591,24580,272.293,1426874.5898,0,2025-04-23 12:00:00
1745424000000,5255.6,5311.2,5253.0,5300.4,338.056,1745438399999,1785556.4304,14096,236.507,1249243.5139,0,2025-04-23 16:00:00
1745438400000,5300.3,5314.0,5268.8,5293.9,263.085,1745452799999,1391603.6754,11498,106.830,564938.1898,0,2025-04-23 20:00:00
1745452800000,5293.9,5329.8,5279.5,5323.9,237.746,1745467199999,1261265.9652,13917,135.916,721206.3171,0,2025-04-24 00:00:00
1745467200000,5324.0,5330.1,5282.4,5318.5,683.021,1745481599999,3624903.1975,25424,334.853,1777477.8901,0,2025-04-24 04:00:00
1745481600000,5318.5,5379.1,5301.1,5348.6,490.068,1745495999999,2623119.7989,17471,243.928,1305590.1823,0,2025-04-24 08:00:00
1745496000000,5348.6,5356.8,5264.7,5287.6,363.320,1745510399999,1928499.1136,17345,178.821,948689.7124,0,2025-04-24 12:00:00
1745510400000,5287.5,5317.2,5261.2,5302.3,215.190,1745524799999,1137712.3303,14179,109.797,580580.9252,0,2025-04-24 16:00:00
1745524800000,5302.3,5319.0,5287.2,5297.8,204.579,1745539199999,1084034.2143,11899,95.087,504046.5426,0,2025-04-24 20:00:00
1745539200000,5297.7,5341.4,5270.8,5307.5,266.058,1745553599999,1413257.3721,14467,130.064,691024.5256,0,2025-04-25 00:00:00
1745553600000,5307.6,5312.6,5252.0,5260.1,406.152,1745567999999,2142424.0398,16752,190.210,1003548.1107,0,2025-04-25 04:00:00
1745568000000,5260.1,5293.4,5233.3,5285.2,1234.680,1745582399999,6491338.0564,32604,610.960,3212296.4223,0,2025-04-25 08:00:00
1745582400000,5285.2,5329.6,5278.0,5309.0,392.608,1745596799999,2084072.6407,18819,204.860,1087674.6709,0,2025-04-25 12:00:00
1745596800000,5309.7,5355.0,5307.5,5342.7,231.479,1745611199999,1233886.4002,13622,125.114,667099.3675,0,2025-04-25 16:00:00
1745611200000,5342.8,5353.2,5311.8,5349.4,198.069,1745625599999,1057062.7263,12172,93.061,496640.7159,0,2025-04-25 20:00:00
1745625600000,5349.3,5349.3,5289.0,5310.9,159.918,1745639999999,849808.5175,9765,70.563,374978.3601,0,2025-04-26 00:00:00
1745640000000,5311.4,5327.7,5267.8,5288.4,173.812,1745654399999,919948.3191,10227,91.641,485008.6233,0,2025-04-26 04:00:00
1745654400000,5289.7,5326.3,5238.4,5319.5,299.832,1745668799999,1584611.5241,14810,141.582,748848.6980,0,2025-04-26 08:00:00
1745668800000,5318.8,5321.7,5289.0,5302.3,169.194,1745683199999,897422.5351,10859,97.774,518502.6936,0,2025-04-26 12:00:00
1745683200000,5302.3,5304.4,5277.0,5280.3,79.179,1745697599999,418757.4374,6461,34.197,180873.8452,0,2025-04-26 16:00:00
1745697600000,5280.3,5300.6,5270.0,5286.3,72.618,1745711999999,383905.8593,6815,36.866,194933.3400,0,2025-04-26 20:00:00
1745712000000,5286.3,5332.2,5264.3,5310.0,243.435,1745726399999,1291434.0972,13783,108.334,574588.4093,0,2025-04-27 00:00:00
1745726400000,5310.0,5338.1,5309.9,5319.3,155.626,1745740799999,829017.4859,8754,89.129,474767.7912,0,2025-04-27 04:00:00
1745740800000,5319.3,5324.6,5287.1,5299.3,139.313,1745755199999,739098.7889,8441,58.627,311084.8803,0,2025-04-27 08:00:00
1745755200000,5299.3,5312.6,5257.2,5295.6,204.136,1745769599999,1078962.2731,11781,102.438,541619.2026,0,2025-04-27 12:00:00
1745769600000,5295.6,5307.8,5260.0,5260.1,94.118,1745783999999,497356.4927,7324,40.734,215314.8343,0,2025-04-27 16:00:00
1745784000000,5260.1,5281.4,5256.0,5275.5,88.078,1745798399999,463915.0965,7204,46.426,244581.0353,0,2025-04-27 20:00:00
1745798400000,5275.4,5327.1,5265.3,5287.3,271.181,1745812799999,1436393.0417,13685,136.050,720743.2666,0,2025-04-28 00:00:00
1745812800000,5286.5,5289.6,5240.0,5241.0,228.343,1745827199999,1201104.2127,8795,67.505,355380.8380,0,2025-04-28 04:00:00
1745827200000,5241.5,5268.3,5220.5,5263.6,422.551,1745841599999,2215475.8985,17734,209.188,1097161.2221,0,2025-04-28 08:00:00
1745841600000,5263.6,5348.4,5263.6,5327.1,512.849,1745855999999,2721682.7241,18744,309.072,1640852.4136,0,2025-04-28 12:00:00
1745856000000,5327.1,5341.5,5288.2,5295.8,209.580,1745870399999,1113695.8497,12370,97.270,516792.6855,0,2025-04-28 16:00:00
1745870400000,5295.8,5316.0,5281.0,5310.0,147.367,1745884799999,781083.8578,9340,74.330,394080.1607,0,2025-04-28 20:00:00
1745884800000,5310.0,5313.9,5287.1,5287.6,190.218,1745899199999,1008495.6719,9308,105.376,558805.7275,0,2025-04-29 00:00:00
1745899200000,5287.7,5309.8,5269.2,5273.6,152.981,1745913599999,808369.4330,8325,59.916,316676.1312,0,2025-04-29 04:00:00
1745913600000,5274.7,5287.1,5255.4,5281.9,156.420,1745927999999,824623.9725,9933,73.658,388408.3928,0,2025-04-29 08:00:00
1745928000000,5281.8,5313.2,5280.1,5297.2,228.543,1745942399999,1210622.6924,11236,106.925,566671.1149,0,2025-04-29 12:00:00
1745942400000,5297.3,5311.2,5287.1,5308.1,88.049,1745956799999,466470.2383,6351,51.520,272938.3074,0,2025-04-29 16:00:00
1745956800000,5308.8,5344.9,5305.3,5325.9,361.820,1745971199999,1927758.4558,15276,212.220,1130917.8450,0,2025-04-29 20:00:00
1745971200000,5326.4,5353.8,5314.5,5335.5,278.907,1745985599999,1488609.9016,10830,158.047,843721.5756,0,2025-04-30 00:00:00
1745985600000,5336.0,5370.0,5330.1,5362.4,277.499,1745999999999,1483864.3351,15155,144.726,774056.0905,0,2025-04-30 04:00:00
1746000000000,5362.3,5371.7,5340.7,5344.8,157.554,1746014399999,843783.9968,8013,79.565,426254.9229,0,2025-04-30 08:00:00
1746014400000,5344.8,5470.0,5343.2,5431.4,801.357,1746028799999,4347528.6447,27589,441.386,2393972.8566,0,2025-04-30 12:00:00
1746028800000,5431.3,5446.0,5371.0,5381.5,176.462,1746043199999,954439.0402,11722,89.362,483535.5710,0,2025-04-30 16:00:00
1746043200000,5381.2,5386.5,5346.4,5366.3,138.281,1746057599999,742033.7416,8618,67.207,360768.8984,0,2025-04-30 20:00:00
1746057600000,5366.3,5373.8,5338.8,5369.1,145.750,1746071999999,780455.5170,7604,61.830,331284.5062,0,2025-05-01 00:00:00
1746072000000,5369.1,5382.4,5355.4,5364.1,114.523,1746086399999,615139.0148,6564,48.213,259087.2071,0,2025-05-01 04:00:00
1746086400000,5364.1,5368.7,5318.6,5333.7,375.209,1746100799999,2004054.6127,17573,178.156,951884.2568,0,2025-05-01 08:00:00
1746100800000,5333.0,5375.0,5321.0,5369.4,821.012,1746115199999,4386085.0501,24248,415.748,2221265.0956,0,2025-05-01 12:00:00
1746115200000,5368.6,5379.8,5355.8,5377.8,120.430,1746129599999,646371.8245,7851,70.840,380187.5810,0,2025-05-01 16:00:00
1746129600000,5377.4,5396.0,5371.9,5390.0,157.401,1746143999999,847536.7830,8323,76.950,414461.5616,0,2025-05-01 20:00:00
1746144000000,5390.0,5415.2,5385.6,5408.2,241.856,1746158399999,1306242.1674,11581,146.630,791976.0655,0,2025-05-02 00:00:00
1746158400000,5408.2,5444.8,5393.4,5443.1,184.262,1746172799999,998350.0007,9339,99.439,539071.3444,0,2025-05-02 04:00:00
1746172800000,5443.2,5446.8,5415.4,5424.8,157.877,1746187199999,856982.9867,7886,65.164,353760.4803,0,2025-05-02 08:00:00
1746187200000,5424.6,5440.0,5408.2,5437.8,194.647,1746201599999,1055831.8235,9270,89.838,487381.5289,0,2025-05-02 12:00:00
1746201600000,5437.5,5449.0,5405.5,5442.9,161.697,1746215999999,877197.2635,8521,72.702,394620.2828,0,2025-05-02 16:00:00
1746216000000,5442.6,5447.5,5425.9,5431.5,90.290,1746230399999,490722.0076,8096,36.073,196051.1791,0,2025-05-02 20:00:00
1746230400000,5431.5,5441.1,5407.5,5409.9,125.084,1746244799999,678640.6760,7540,58.546,317783.1578,0,2025-05-03 00:00:00
1746244800000,5409.9,5436.9,5405.0,5432.2,75.698,1746259199999,410176.3966,5356,37.587,203733.2435,0,2025-05-03 04:00:00
1746259200000,5432.2,5444.6,5420.8,5434.3,143.102,1746273599999,777760.8513,7810,75.632,411159.2208,0,2025-05-03 08:00:00
1746273600000,5434.8,5435.6,5405.4,5416.2,161.003,1746287999999,872086.6204,6660,50.297,272447.0395,0,2025-05-03 12:00:00
1746288000000,5416.3,5462.8,5415.8,5434.4,258.560,1746302399999,1407513.1894,11609,148.912,810663.8306,0,2025-05-03 16:00:00
1746302400000,5433.1,5443.1,5416.0,5420.6,76.644,1746316799999,416141.1888,5764,37.291,202460.6004,0,2025-05-03 20:00:00
1746316800000,5420.5,5430.7,5407.5,5422.1,120.255,1746331199999,651733.6444,8186,69.628,377375.7096,0,2025-05-04 00:00:00
1746331200000,5422.1,5436.8,5410.3,5422.1,90.784,1746345599999,492253.1108,6856,46.251,250819.5405,0,2025-05-04 04:00:00
1746345600000,5421.6,5447.7,5413.0,5427.5,209.921,1746359999999,1140562.0525,9844,100.335,545164.4418,0,2025-05-04 08:00:00
1746360000000,5427.6,5452.8,5423.8,5427.8,169.212,1746374399999,920084.9195,8931,82.824,450326.8072,0,2025-05-04 12:00:00
1746374400000,5427.7,5458.5,5422.1,5456.8,148.161,1746388799999,806247.8444,7571,78.514,427309.2333,0,2025-05-04 16:00:00
1746388800000,5456.9,5464.1,5433.6,5433.6,151.185,1746403199999,823420.5735,8550,66.533,362385.0410,0,2025-05-04 20:00:00
1746403200000,5433.5,5451.4,5420.0,5429.1,188.500,1746417599999,1023899.6049,10068,92.654,503377.6001,0,2025-05-05 00:00:00
1746417600000,5429.0,5430.1,5381.6,5390.0,335.532,1746431999999,1811866.2851,11260,124.422,671621.4291,0,2025-05-05 04:00:00
1746432000000,5390.3,5423.8,5365.3,5419.7,243.276,1746446399999,1312468.3000,11811,132.419,714523.1789,0,2025-05-05 08:00:00
1746446400000,5419.8,5439.5,5397.0,5420.3,214.878,1746460799999,1164899.9455,12271,108.990,591003.6422,0,2025-05-05 12:00:00
1746460800000,5420.3,5425.7,5396.2,5403.1,144.460,1746475199999,781406.7637,9183,68.022,367966.7783,0,2025-05-05 16:00:00
1746475200000,5402.5,5444.4,5401.8,5441.4,159.728,1746489599999,867575.5596,7647,99.411,539824.9319,0,2025-05-05 20:00:00
1746489600000,5442.4,5473.2,5431.2,5456.9,354.465,1746503999999,1932836.3207,9921,237.385,1294306.0646,0,2025-05-06 00:00:00
1746504000000,5456.9,5463.3,5445.0,5455.4,120.433,1746518399999,657074.6636,5851,62.964,343603.3094,0,2025-05-06 04:00:00
1746518400000,5455.3,5524.7,5454.6,5506.2,475.038,1746532799999,2606639.8350,21147,276.126,1515531.5382,0,2025-05-06 08:00:00
1746532800000,5505.8,5529.2,5488.5,5524.6,492.852,1746547199999,2715075.0881,17944,225.041,1239706.6199,0,2025-05-06 12:00:00
1746547200000,5524.5,5537.3,5483.4,5499.2,213.500,1746561599999,1177038.9674,11025,93.022,512789.4399,0,2025-05-06 16:00:00
1746561600000,5500.2,5529.8,5489.9,5522.4,284.109,1746575999999,1565540.4020,12553,127.766,703964.1048,0,2025-05-06 20:00:00
1746576000000,5522.3,5532.2,5493.9,5502.0,176.505,1746590399999,972407.7836,11701,85.445,470793.0287,0,2025-05-07 00:00:00
1746590400000,5501.7,5530.8,5494.2,5512.0,120.078,1746604799999,661976.9770,9373,68.062,375260.1197,0,2025-05-07 04:00:00
1746604800000,5512.1,5529.9,5500.1,5519.6,205.570,1746619199999,1133465.6365,9663,75.508,416456.3696,0,2025-05-07 08:00:00
1746619200000,5519.6,5575.9,5515.8,5570.3,368.884,1746633599999,2046371.0177,13666,227.324,1261425.3258,0,2025-05-07 12:00:00
1746633600000,5570.4,5596.3,5552.0,5566.7,370.743,1746647999999,2068317.8033,15516,138.141,770407.9196,0,2025-05-07 16:00:00
1746648000000,5567.6,5591.0,5547.7,5556.6,160.638,1746662399999,894184.2684,9512,81.367,452897.4333,0,2025-05-07 20:00:00
1746662400000,5556.7,5578.6,5486.2,5486.9,398.979,1746676799999,2209466.8408,16807,167.065,925870.9110,0,2025-05-08 00:00:00
1746676800000,5487.8,5488.2,5426.8,5442.3,605.383,1746691199999,3310407.7386,18673,210.194,1149514.2116,0,2025-05-08 04:00:00
1746691200000,5441.9,5448.7,5375.2,5388.4,807.702,1746705599999,4368092.7003,25258,368.362,1992523.4599,0,2025-05-08 08:00:00
1746705600000,5389.6,5392.5,5271.0,5317.2,1340.191,1746719999999,7165022.2637,46969,672.923,3598732.8662,0,2025-05-08 12:00:00
1746720000000,5317.3,5351.5,5246.6,5265.7,772.068,1746734399999,4098507.3652,27634,389.781,2069856.5206,0,2025-05-08 16:00:00
1746734400000,5265.5,5289.1,5194.2,5208.5,1024.675,1746748799999,5374285.6127,31760,456.943,2396899.5800,0,2025-05-08 20:00:00
1746748800000,5209.4,5236.4,5150.0,5227.1,1414.785,1746763199999,7340166.0096,52300,656.488,3406312.5891,0,2025-05-09 00:00:00
1746763200000,5226.8,5230.2,5071.9,5084.6,884.846,1746777599999,4560906.3806,31099,350.641,1809575.6459,0,2025-05-09 04:00:00
1746777600000,5084.0,5090.8,4922.7,5001.8,2182.471,1746791999999,10939794.1182,67610,1053.185,5282634.4846,0,2025-05-09 08:00:00
1746792000000,5001.8,5101.0,4977.6,5063.7,1052.886,1746806399999,5309062.2972,38578,458.200,2309824.4686,0,2025-05-09 12:00:00
1746806400000,5064.5,5101.0,5023.9,5048.8,343.336,1746820799999,1735780.1755,20186,164.556,832086.1900,0,2025-05-09 16:00:00
1746820800000,5048.1,5055.1,4998.3,5005.6,331.348,1746835199999,1664513.4015,13017,174.471,876750.6930,0,2025-05-09 20:00:00
1746835200000,5005.3,5029.5,4935.5,4997.3,618.569,1746849599999,3084869.1003,25810,290.508,1449248.3502,0,2025-05-10 00:00:00
1746849600000,4997.4,5021.7,4941.5,4952.1,495.139,1746863999999,2465711.6879,19934,241.917,1204981.3802,0,2025-05-10 04:00:00
1746864000000,4953.4,4999.0,4916.6,4987.0,712.535,1746878399999,3531630.1640,25441,318.961,1580980.6154,0,2025-05-10 08:00:00
1746878400000,4987.7,4987.7,4905.5,4912.0,437.872,1746892799999,2159833.1514,18615,231.938,1143367.2370,0,2025-05-10 12:00:00
1746892800000,4912.0,4916.4,4821.9,4849.0,671.827,1746907199999,3267898.2568,25962,298.340,1449932.9583,0,2025-05-10 16:00:00
1746907200000,4848.8,4876.3,4755.9,4771.6,566.417,1746921599999,2724268.8211,23804,243.582,1171675.8362,0,2025-05-10 20:00:00
1746921600000,4772.6,4865.3,4755.0,4824.8,974.228,1746935999999,4684452.6483,26315,411.845,1980506.3826,0,2025-05-11 00:00:00
1746936000000,4824.8,4937.6,4805.5,4902.7,867.378,1746950399999,4216304.8843,25027,414.463,2021562.4163,0,2025-05-11 04:00:00
1746950400000,4902.8,4934.7,4883.8,4890.9,483.301,1746964799999,2372011.9539,17085,218.312,1071560.8512,0,2025-05-11 08:00:00
1746964800000,4891.0,4989.2,4890.9,4963.9,614.885,1746979199999,3037802.1496,21485,315.390,1558553.3598,0,2025-05-11 12:00:00
1746979200000,4963.4,4992.0,4901.6,4915.3,496.549,1746993599999,2454491.6705,17795,273.740,1353042.1255,0,2025-05-11 16:00:00
1746993600000,4915.4,4928.3,4895.0,4904.6,157.644,1747007999999,773498.8876,7853,60.883,298811.3419,0,2025-05-11 20:00:00
1747008000000,4903.8,4918.9,4852.4,4863.6,442.065,1747022399999,2158921.9005,16057,177.639,868217.2081,0,2025-05-12 00:00:00
1747022400000,4862.0,4886.7,4785.2,4821.1,683.823,1747036799999,3305129.7449,25539,263.768,1275904.9734,0,2025-05-12 04:00:00
1747036800000,4818.1,4847.7,4751.9,4781.6,671.951,1747051199999,3219221.4422,22590,316.569,1516582.7074,0,2025-05-12 08:00:00
1747051200000,4782.7,4784.0,4663.6,4724.0,1151.457,1747065599999,5433545.3344,38208,530.097,2501791.4717,0,2025-05-12 12:00:00
1747065600000,4725.3,4825.0,4704.6,4768.6,658.222,1747079999999,3137986.0697,25897,350.927,1673767.3827,0,2025-05-12 16:00:00
1747080000000,4768.0,4790.0,4755.0,4758.2,195.756,1747094399999,934078.4877,9994,80.844,385852.4130,0,2025-05-12 20:00:00
1747094400000,4758.5,4891.9,4755.6,4891.9,646.037,1747108799999,3127245.1477,26153,376.501,1822819.9456,0,2025-05-13 00:00:00
1747108800000,4892.0,4900.9,4825.3,4851.6,475.761,1747123199999,2312291.2982,15145,157.445,766008.5497,0,2025-05-13 04:00:00
1747123200000,4852.2,4859.9,4801.0,4824.3,467.694,1747137599999,2258969.2886,13083,209.815,1013568.6677,0,2025-05-13 08:00:00
1747137600000,4823.1,4843.2,4765.4,4770.9,576.352,1747151999999,2763490.0191,18865,272.223,1304850.1812,0,2025-05-13 12:00:00
1747152000000,4771.7,4774.9,4638.1,4680.3,721.748,1747166399999,3403798.5536,27344,297.721,1403712.2132,0,2025-05-13 16:00:00
1747166400000,4681.4,4699.4,4600.0,4650.3,874.542,1747180799999,4079246.2693,22772,386.595,1804908.7011,0,2025-05-13 20:00:00
1747180800000,4651.0,4703.0,4610.0,4675.1,785.582,1747195199999,3665969.9521,23274,405.787,1893800.3301,0,2025-05-14 00:00:00
1747195200000,4675.2,4689.5,4636.0,4655.3,444.198,1747209599999,2068314.5993,16316,209.527,975634.5703,0,2025-05-14 04:00:00
1747209600000,4655.1,4730.0,4646.6,4683.8,613.144,1747223999999,2878844.6867,25788,317.193,1489187.7521,0,2025-05-14 08:00:00
1747224000000,4683.7,4755.5,4680.7,4733.4,661.439,1747238399999,3129705.8672,23995,299.195,1415428.0862,0,2025-05-14 12:00:00
1747238400000,4733.5,4768.5,4718.1,4723.8,386.587,1747252799999,1833058.7750,16458,211.800,1004393.4386,0,2025-05-14 16:00:00
1747252800000,4723.9,4769.2,4722.6,4740.2,219.712,1747267199999,1042228.8144,10907,119.609,567359.2190,0,2025-05-14 20:00:00
1747267200000,4740.0,4793.6,4714.1,4765.6,468.737,1747281599999,2227599.4856,20422,219.197,1041950.8370,0,2025-05-15 00:00:00
1747281600000,4766.5,4830.0,4736.3,4813.5,759.173,1747295999999,3631464.1340,25328,370.424,1772227.8790,0,2025-05-15 04:00:00
1747296000000,4813.6,4831.4,4755.3,4801.3,865.369,1747310399999,4144082.7845,29435,460.428,2203977.0217,0,2025-05-15 08:00:00
1747310400000,4800.6,4892.6,4784.3,4829.5,1297.796,1747324799999,6283284.6629,38795,582.599,2821335.0162,0,2025-05-15 12:00:00
1747324800000,4829.6,4891.0,4791.8,4869.0,672.605,1747339199999,3259137.1789,23032,328.676,1592664.9974,0,2025-05-15 16:00:00
1747339200000,4868.6,4961.0,4861.6,4913.3,1466.366,1747353599999,7221451.3557,32437,777.665,3825653.2878,0,2025-05-15 20:00:00
1747353600000,4912.6,4940.2,4862.0,4865.9,564.950,1747367999999,2773015.6315,21780,243.682,1196317.3576,0,2025-05-16 00:00:00
1747368000000,4865.8,4883.4,4828.3,4832.9,536.824,1747382399999,2605216.9325,17083,249.127,1209213.6197,0,2025-05-16 04:00:00
1747382400000,4833.0,4888.9,4792.1,4814.6,518.823,1747396799999,2510714.6750,19306,267.662,1296399.2461,0,2025-05-16 08:00:00
1747396800000,4814.9,4864.1,4807.9,4859.0,440.022,1747411199999,2128673.6439,15462,259.682,1256626.9781,0,2025-05-16 12:00:00
1747411200000,4859.2,4892.0,4858.0,4868.5,413.669,1747425599999,2016121.4770,13724,231.061,1126456.8655,0,2025-05-16 16:00:00
1747425600000,4869.6,4947.0,4867.1,4924.8,477.513,1747439999999,2346886.6323,15648,281.477,1384260.9519,0,2025-05-16 20:00:00
1747440000000,4925.0,5033.5,4916.8,4982.8,1479.146,1747454399999,7378070.6767,50184,720.111,3591292.3371,0,2025-05-17 00:00:00
1747454400000,4982.8,5000.2,4934.7,4970.3,867.976,1747468799999,4313649.3303,26817,387.022,1924434.7248,0,2025-05-17 04:00:00
1747468800000,4969.6,5000.0,4960.4,4973.0,442.427,1747483199999,2202191.5714,19780,204.370,1017520.7456,0,2025-05-17 08:00:00
1747483200000,4973.1,5027.4,4968.4,4995.7,515.149,1747497599999,2574864.1979,22315,273.170,1365669.3874,0,2025-05-17 12:00:00
1747497600000,4995.3,5060.4,4989.6,5018.8,640.375,1747511999999,3214904.4758,24445,363.782,1826050.7036,0,2025-05-17 16:00:00
1747512000000,5018.9,5035.5,4984.1,5007.6,354.086,1747526399999,1773591.9147,17909,169.081,847107.8568,0,2025-05-17 20:00:00
1747526400000,5007.7,5023.9,4977.1,5008.9,262.050,1747540799999,1310343.7865,12459,119.894,599480.8332,0,2025-05-18 00:00:00
1747540800000,5008.9,5009.6,4948.5,4955.8,341.338,1747555199999,1695338.8346,12918,159.618,792678.1789,0,2025-05-18 04:00:00
1747555200000,4956.6,4964.9,4933.4,4961.8,312.640,1747569599999,1547168.8198,14482,135.606,671278.8567,0,2025-05-18 08:00:00
1747569600000,4961.9,4975.2,4903.5,4908.4,426.312,1747583999999,2107778.9595,16514,176.198,871373.7182,0,2025-05-18 12:00:00
1747584000000,4908.4,5098.2,4891.1,5085.0,1135.165,1747598399999,5673950.5607,37181,646.402,3234305.3476,0,2025-05-18 16:00:00
1747598400000,5085.5,5166.0,5029.8,5047.9,1030.879,1747612799999,5260514.0356,42223,540.478,2759727.1129,0,2025-05-18 20:00:00
1747612800000,5047.8,5131.0,5047.3,5116.6,965.254,1747627199999,4922487.1946,33290,485.646,2477316.1835,0,2025-05-19 00:00:00
1747627200000,5116.6,5148.9,5086.4,5117.8,955.337,1747641599999,4882632.3932,37922,475.972,2433251.8954,0,2025-05-19 04:00:00
1747641600000,5117.8,5131.9,5082.0,5088.8,427.227,1747655999999,2182298.8594,18984,216.979,1108307.2390,0,2025-05-19 08:00:00
1747656000000,5088.7,5114.2,5060.6,5096.2,517.402,1747670399999,2633892.2594,24985,248.160,1263453.3178,0,2025-05-19 12:00:00
1747670400000,5096.2,5114.6,5027.1,5048.7,657.622,1747684799999,3336145.2542,26698,306.896,1557406.2833,0,2025-05-19 16:00:00
1747684800000,5048.8,5077.8,5041.7,5048.3,269.768,1747699199999,1364264.0017,13461,129.473,654880.1045,0,2025-05-19 20:00:00
1747699200000,5047.3,5074.7,5005.4,5022.6,411.422,1747713599999,2070689.8256,19000,168.177,847193.7423,0,2025-05-20 00:00:00
1747713600000,5022.6,5052.2,5011.3,5039.4,313.564,1747727999999,1577027.7853,13999,178.714,899166.9990,0,2025-05-20 04:00:00
1747728000000,5039.4,5084.5,5031.8,5075.5,301.191,1747742399999,1524919.1998,15048,140.217,709803.3315,0,2025-05-20 08:00:00
1747742400000,5076.0,5098.2,5065.6,5096.9,423.837,1747756799999,2154599.4082,18311,230.100,1169841.9243,0,2025-05-20 12:00:00
1747756800000,5097.0,5173.8,5091.8,5139.9,830.798,1747771199999,4262607.6893,26261,474.434,2433513.7832,0,2025-05-20 16:00:00
1747771200000,5139.9,5185.0,5092.7,5103.8,511.382,1747785599999,2622099.3907,19585,253.160,1298875.5385,0,2025-05-20 20:00:00
1747785600000,5103.8,5121.8,5073.2,5075.8,375.623,1747799999999,1914688.4815,15267,170.223,867746.8651,0,2025-05-21 00:00:00
1747800000000,5075.9,5089.7,5039.5,5061.2,645.978,1747814399999,3270398.8631,21243,325.192,1646960.0814,0,2025-05-21 04:00:00
1747814400000,5061.3,5099.1,5053.3,5076.8,357.666,1747828799999,1817654.2012,16246,172.393,876083.9229,0,2025-05-21 08:00:00
1747828800000,5076.9,5120.0,5071.6,5105.3,697.434,1747843199999,3558769.7473,18853,478.603,2443069.6131,0,2025-05-21 12:00:00
1747843200000,5105.4,5162.0,5051.9,5142.5,1955.543,1747857599999,10017276.2452,58053,1073.072,5499067.0831,0,2025-05-21 16:00:00
1747857600000,5143.0,5152.5,5116.2,5139.0,397.582,1747871999999,2041069.7487,17886,197.517,1014189.9951,0,2025-05-21 20:00:00
1747872000000,5138.7,5149.0,5099.3,5127.8,750.348,1747886399999,3845570.0054,25667,306.338,1569521.9540,0,2025-05-22 00:00:00
1747886400000,5127.8,5131.8,5064.2,5082.0,455.029,1747900799999,2322482.3091,18531,199.748,1019883.8402,0,2025-05-22 04:00:00
1747900800000,5081.7,5087.4,4986.1,5048.9,1020.210,1747915199999,5132813.2365,28666,384.423,1934860.5871,0,2025-05-22 08:00:00
1747915200000,5049.1,5102.9,5030.8,5060.2,656.008,1747929599999,3324174.0893,23411,338.001,1712887.8103,0,2025-05-22 12:00:00
1747929600000,5060.1,5102.2,5055.6,5089.5,535.686,1747943999999,2718427.5617,15065,182.028,924237.4603,0,2025-05-22 16:00:00
1747944000000,5089.5,5092.1,5048.3,5059.6,551.352,1747958399999,2796368.6799,14691,358.858,1819735.9520,0,2025-05-22 20:00:00
1747958400000,5059.1,5072.3,4944.5,4950.0,585.101,1747972799999,2919610.1527,21926,237.133,1184026.4222,0,2025-05-23 00:00:00
1747972800000,4950.2,5033.0,4934.9,5028.3,570.873,1747987199999,2850524.3931,20429,282.823,1412544.9852,0,2025-05-23 04:00:00
1747987200000,5028.2,5123.3,4976.0,5096.8,780.282,1748001599999,3940959.2992,28720,411.368,2077867.1301,0,2025-05-23 08:00:00
1748001600000,5096.7,5136.8,5067.4,5087.4,1374.672,1748015999999,7024297.0948,49535,676.212,3456245.2315,0,2025-05-23 12:00:00
1748016000000,5087.1,5103.0,5070.0,5100.4,351.887,1748030399999,1792241.6327,11899,220.907,1125582.9249,0,2025-05-23 16:00:00
1748030400000,5100.4,5152.0,5099.1,5137.4,453.110,1748044799999,2323174.5629,17370,293.257,1504167.6318,0,2025-05-23 20:00:00
1748044800000,5137.7,5144.7,5102.1,5123.3,532.985,1748059199999,2732354.8762,14900,324.231,1663022.3537,0,2025-05-24 00:00:00
1748059200000,5123.3,5127.6,5099.2,5100.8,219.841,1748073599999,1124445.1945,12169,111.049,568025.7294,0,2025-05-24 04:00:00
1748073600000,5101.3,5133.4,5099.4,5131.0,320.979,1748087999999,1641250.6539,13182,155.944,797423.0055,0,2025-05-24 08:00:00
1748088000000,5131.1,5148.0,5120.8,5139.6,274.965,1748102399999,1411284.3458,10663,141.317,725343.0312,0,2025-05-24 12:00:00
1748102400000,5139.6,5149.4,5129.5,5138.4,293.276,1748116799999,1507352.7548,10837,126.748,651479.2989,0,2025-05-24 16:00:00
1748116800000,5138.5,5160.0,5125.0,5126.2,227.603,1748131199999,1171333.5874,10150,122.674,631383.6045,0,2025-05-24 20:00:00
1748131200000,5126.1,5200.0,5121.7,5166.3,667.514,1748145599999,3456379.3935,20264,349.157,1807961.6105,0,2025-05-25 00:00:00
1748145600000,5165.6,5187.3,5160.0,5179.2,335.487,1748159999999,1735221.6617,9611,220.192,1138892.4020,0,2025-05-25 04:00:00
1748160000000,5179.6,5232.8,5174.4,5188.6,713.135,1748174399999,3710756.9463,21393,316.405,1646722.0393,0,2025-05-25 08:00:00
1748174400000,5188.7,5208.1,5156.5,5169.6,418.794,1748188799999,2167430.3847,17526,231.312,1196926.0474,0,2025-05-25 12:00:00
1748188800000,5169.6,5188.5,5155.1,5162.9,144.174,1748203199999,745445.7361,8387,56.247,290867.4833,0,2025-05-25 16:00:00
1748203200000,5163.0,5176.0,5151.1,5159.2,170.947,1748217599999,882929.9902,9272,81.862,422913.2056,0,2025-05-25 20:00:00
1748217600000,5159.3,5173.2,5132.4,5169.2,350.888,1748231999999,1809176.8327,12590,183.311,945435.2117,0,2025-05-26 00:00:00
1748232000000,5169.3,5171.3,5140.0,5157.1,264.878,1748246399999,1364894.3902,10052,119.821,617655.0091,0,2025-05-26 04:00:00
1748246400000,5156.6,5176.4,5147.9,5165.1,107.377,1748260799999,554658.8033,6828,54.240,280236.0827,0,2025-05-26 08:00:00
1748260800000,5165.1,5199.4,5154.0,5181.3,287.647,1748275199999,1490382.7136,13231,158.292,820421.2380,0,2025-05-26 12:00:00
1748275200000,5180.9,5217.2,5179.5,5193.9,302.944,1748289599999,1575305.9517,12042,143.897,748359.5378,0,2025-05-26 16:00:00
1748289600000,5194.0,5199.0,5174.5,5181.1,221.966,1748303999999,1151134.9244,10453,116.222,602762.9788,0,2025-05-26 20:00:00
1748304000000,5181.2,5212.9,5175.5,5187.9,231.983,1748318399999,1205764.0710,11969,128.007,665376.3301,0,2025-05-27 00:00:00
1748318400000,5188.0,5191.5,5127.9,5136.4,518.160,1748332799999,2668948.8564,15940,220.180,1135179.2109,0,2025-05-27 04:00:00
1748332800000,5137.8,5140.3,5093.9,5096.4,335.503,1748347199999,1716840.0364,14002,163.100,834752.7141,0,2025-05-27 08:00:00
1748347200000,5096.4,5113.0,5058.2,5080.6,798.953,1748361599999,4061488.2627,23937,353.847,1799580.0310,0,2025-05-27 12:00:00
1748361600000,5080.2,5090.5,5047.4,5062.5,440.869,1748375999999,2234331.9696,16442,220.214,1116214.3545,0,2025-05-27 16:00:00
1748376000000,5063.3,5077.7,5042.8,5054.5,464.689,1748390399999,2349425.9029,14941,247.028,1249156.9517,0,2025-05-27 20:00:00
1748390400000,5054.5,5095.5,5051.0,5077.8,460.070,1748404799999,2335722.7687,15183,232.269,1179510.4146,0,2025-05-28 00:00:00
1748404800000,5077.7,5112.7,5066.0,5093.5,326.224,1748419199999,1660934.1216,10104,152.726,777850.3554,0,2025-05-28 04:00:00
1748419200000,5092.9,5112.7,5065.0,5066.7,240.948,1748433599999,1226156.8545,11236,138.842,706749.0098,0,2025-05-28 08:00:00
1748433600000,5066.5,5092.9,5037.4,5064.6,851.462,1748447999999,4310315.6089,21120,422.282,2137637.9773,0,2025-05-28 12:00:00
1748448000000,5064.6,5092.9,5046.9,5087.9,292.465,1748462399999,1481213.5228,11408,172.460,873506.4952,0,2025-05-28 16:00:00
1748462400000,5087.8,5088.6,5024.1,5027.7,372.502,1748476799999,1882250.0158,14031,172.355,871073.4207,0,2025-05-28 20:00:00
1748476800000,5028.3,5028.8,4923.1,4957.2,1489.079,1748491199999,7420242.1703,38976,733.414,3656436.6348,0,2025-05-29 00:00:00
1748491200000,4958.4,5000.0,4941.6,4988.6,455.111,1748505599999,2263203.8128,13231,222.145,1104718.0827,0,2025-05-29 04:00:00
1748505600000,4989.9,5029.9,4988.8,5023.3,299.119,1748519999999,1498287.9876,12602,142.685,714816.5252,0,2025-05-29 08:00:00
1748520000000,5023.6,5082.8,5020.6,5044.4,668.160,1748534399999,3372296.5193,20612,299.659,1512522.3395,0,2025-05-29 12:00:00
1748534400000,5043.7,5054.7,4996.6,5012.6,294.254,1748548799999,1477716.0443,12146,132.741,666616.6820,0,2025-05-29 16:00:00
1748548800000,5012.0,5040.8,5002.9,5027.8,142.110,1748563199999,713253.7617,8256,65.877,330819.7817,0,2025-05-29 20:00:00
1748563200000,5028.5,5192.6,5024.0,5093.0,1480.808,1748577599999,7593771.3634,42818,793.106,4064914.8883,0,2025-05-30 00:00:00
1748577600000,5093.0,5132.5,5064.1,5087.3,506.038,1748591999999,2580652.6520,19693,247.175,1260842.2954,0,2025-05-30 04:00:00
1748592000000,5087.1,5119.8,5083.6,5110.6,455.925,1748606399999,2326051.9951,18269,246.777,1259137.5309,0,2025-05-30 08:00:00
1748606400000,5110.6,5168.4,5106.5,5137.7,428.949,1748620799999,2203353.8973,21585,207.626,1066961.6272,0,2025-05-30 12:00:00
1748620800000,5137.6,5195.7,5109.0,5115.9,545.517,1748635199999,2810188.0172,21827,270.754,1395632.8990,0,2025-05-30 16:00:00
1748635200000,5115.9,5220.5,5111.6,5200.0,632.939,1748649599999,3276365.7667,25000,345.323,1787649.2550,0,2025-05-30 20:00:00
1748649600000,5200.2,5288.0,5199.2,5253.9,1370.414,1748663999999,7198996.4042,40039,763.827,4013780.0887,0,2025-05-31 00:00:00
1748664000000,5253.9,5269.0,5214.1,5225.0,647.518,1748678399999,3389092.5393,21390,310.687,1626247.1739,0,2025-05-31 04:00:00
1748678400000,5225.1,5237.2,5190.9,5229.4,344.427,1748692799999,1797817.9553,14871,196.263,1024482.0279,0,2025-05-31 08:00:00
1748692800000,5229.4,5232.4,5186.2,5211.9,361.306,1748707199999,1881388.9990,17309,171.737,894519.7179,0,2025-05-31 12:00:00
1748707200000,5212.0,5215.9,5181.2,5193.2,200.167,1748721599999,1039444.4643,11441,81.866,425188.9237,0,2025-05-31 16:00:00
1748721600000,5193.2,5216.9,5178.4,5213.4,186.843,1748735999999,970635.2798,9892,106.043,550948.6168,0,2025-05-31 20:00:00
1748736000000,5213.8,5255.4,5204.0,5231.8,279.911,1748750399999,1464181.6719,13199,147.811,773383.1374,0,2025-06-01 00:00:00
1748750400000,5231.8,5240.2,5219.5,5237.1,125.116,1748764799999,654375.1828,8533,62.992,329415.9693,0,2025-06-01 04:00:00
1748764800000,5237.2,5287.4,5235.9,5262.6,263.936,1748779199999,1390281.3715,13567,145.928,768753.6127,0,2025-06-01 08:00:00
1748779200000,5261.9,5295.6,5246.7,5247.2,260.466,1748793599999,1373508.3771,12876,161.474,851788.8667,0,2025-06-01 12:00:00
1748793600000,5247.6,5274.0,5223.4,5246.3,334.736,1748807999999,1757469.0003,14538,180.249,946616.5040,0,2025-06-01 16:00:00
1748808000000,5246.3,5253.2,5233.8,5237.4,104.337,1748822399999,547027.6067,7057,46.455,243563.5748,0,2025-06-01 20:00:00
1748822400000,5236.7,5277.5,5221.1,5270.3,222.183,1748836799999,1167760.8292,10310,126.041,662726.1096,0,2025-06-02 00:00:00
1748836800000,5270.6,5278.3,5252.9,5275.3,185.307,1748851199999,975685.5319,10248,88.449,465785.5199,0,2025-06-02 04:00:00
1748851200000,5275.3,5300.0,5264.6,5267.2,427.480,1748865599999,2260895.3080,12846,268.340,1420056.8594,0,2025-06-02 08:00:00
1748865600000,5266.9,5272.0,5205.5,5214.5,363.177,1748879999999,1902896.3911,14489,155.960,817383.4007,0,2025-06-02 12:00:00
1748880000000,5214.5,5233.3,5186.4,5230.4,216.267,1748894399999,1127171.2209,11303,121.425,633131.2519,0,2025-06-02 16:00:00
1748894400000,5229.7,5229.7,5167.3,5178.3,373.807,1748908799999,1941121.0625,14811,159.287,826730.1577,0,2025-06-02 20:00:00
1748908800000,5178.3,5183.1,5122.2,5150.2,721.700,1748923199999,3717167.9887,23707,349.289,1799779.6959,0,2025-06-03 00:00:00
1748923200000,5150.3,5164.6,5123.6,5136.3,259.192,1748937599999,1332647.5051,9582,138.472,711954.8535,0,2025-06-03 04:00:00
1748937600000,5136.1,5152.1,5118.1,5137.2,222.781,1748951999999,1143511.5054,9417,96.494,495524.3932,0,2025-06-03 08:00:00
1748952000000,5138.0,5153.1,5106.9,5147.6,370.995,1748966399999,1904664.0847,12977,175.436,900704.8641,0,2025-06-03 12:00:00
1748966400000,5147.7,5158.3,5129.3,5137.1,143.949,1748980799999,740495.2545,7675,65.267,335762.3372,0,2025-06-03 16:00:00
1748980800000,5137.1,5188.8,5135.2,5166.2,238.056,1748995199999,1229486.6411,10077,117.749,608192.8887,0,2025-06-03 20:00:00
1748995200000,5166.1,5181.1,5116.8,5125.6,356.800,1749009599999,1835328.7587,11310,168.785,868288.1154,0,2025-06-04 00:00:00
1749009600000,5125.5,5136.4,5100.0,5116.9,554.794,1749023999999,2840373.7340,15171,246.053,1259956.7866,0,2025-06-04 04:00:00
1749024000000,5116.9,5130.9,5095.1,5117.6,421.146,1749038399999,2150917.1690,13474,196.124,1001681.1964,0,2025-06-04 08:00:00
1749038400000,5117.5,5142.2,5081.8,5090.8,514.993,1749052799999,2633910.8010,16028,199.276,1019129.0227,0,2025-06-04 12:00:00
1749052800000,5090.7,5140.7,5081.2,5139.6,245.344,1749067199999,1252763.9819,11937,134.374,686356.0631,0,2025-06-04 16:00:00
1749067200000,5140.5,5183.9,5139.2,5169.4,487.317,1749081599999,2516210.2829,19225,244.698,1263384.3606,0,2025-06-04 20:00:00
1749081600000,5169.4,5180.8,5150.9,5160.4,239.228,1749095999999,1236341.3077,11816,116.070,599952.2050,0,2025-06-05 00:00:00
1749096000000,5160.4,5173.1,5147.2,5160.9,317.190,1749110399999,1635771.8735,11384,146.553,755682.3362,0,2025-06-05 04:00:00
1749110400000,5160.9,5196.3,5157.0,5172.4,483.247,1749124799999,2502227.7486,16870,236.109,1222487.9408,0,2025-06-05 08:00:00
1749124800000,5172.4,5208.4,5157.0,5186.3,775.535,1749139199999,4018463.2967,20777,422.563,2190075.4582,0,2025-06-05 12:00:00
1749139200000,5186.5,5230.2,5162.0,5206.0,744.090,1749153599999,3870480.7950,24299,382.006,1987332.4083,0,2025-06-05 16:00:00
1749153600000,5205.4,5346.9,5205.4,5328.7,1838.758,1749167999999,9742345.2941,45597,1146.780,6074672.9541,0,2025-06-05 20:00:00
1749168000000,5328.2,5348.0,5280.0,5298.1,782.839,1749182399999,4171308.9837,19206,466.829,2488368.9671,0,2025-06-06 00:00:00
1749182400000,5298.2,5332.9,5294.1,5330.3,326.215,1749196799999,1735177.2586,10688,184.645,982182.1556,0,2025-06-06 04:00:00
1749196800000,5330.2,5334.5,5298.5,5315.6,319.766,1749211199999,1700519.8210,10985,158.705,844158.8143,0,2025-06-06 08:00:00
1749211200000,5315.0,5316.6,5265.6,5304.0,481.056,1749225599999,2544491.0313,14388,223.935,1185119.7646,0,2025-06-06 12:00:00
1749225600000,5304.0,5331.2,5291.4,5306.0,245.386,1749239999999,1303971.0687,11519,104.346,554464.0369,0,2025-06-06 16:00:00
1749240000000,5306.5,5334.5,5294.1,5333.2,145.347,1749254399999,772566.2929,7880,81.101,431121.2404,0,2025-06-06 20:00:00
1749254400000,5332.7,5345.3,5315.1,5321.1,395.706,1749268799999,2110158.0285,10585,140.408,748885.2900,0,2025-06-07 00:00:00
1749268800000,5321.0,5329.8,5286.2,5288.0,184.776,1749283199999,981180.3379,8464,77.661,412464.9657,0,2025-06-07 04:00:00
1749283200000,5287.5,5309.4,5286.9,5299.8,178.263,1749297599999,944801.0974,7431,94.486,500788.6189,0,2025-06-07 08:00:00
1749297600000,5300.3,5319.6,5290.8,5298.3,233.595,1749311999999,1239252.2699,8672,108.138,573839.3697,0,2025-06-07 12:00:00
1749312000000,5298.2,5326.0,5297.0,5319.2,150.266,1749326399999,798742.3319,6798,87.943,467478.3471,0,2025-06-07 16:00:00
1749326400000,5319.2,5322.2,5286.4,5300.5,140.372,1749340799999,744688.1182,6481,55.023,291867.2792,0,2025-06-07 20:00:00
1749340800000,5299.9,5331.8,5298.6,5322.3,134.054,1749355199999,713050.5935,6131,75.022,399035.8624,0,2025-06-08 00:00:00
1749355200000,5322.1,5326.1,5294.8,5303.6,159.198,1749369599999,845291.4210,8225,63.079,334873.5729,0,2025-06-08 04:00:00
1749369600000,5303.0,5325.1,5292.6,5299.2,134.078,1749383999999,712153.5927,6887,68.168,362047.5091,0,2025-06-08 08:00:00
1749384000000,5299.3,5309.5,5276.1,5287.6,213.224,1749398399999,1127919.6928,8588,95.485,505048.6277,0,2025-06-08 12:00:00
1749398400000,5287.6,5287.6,5257.5,5261.5,146.944,1749412799999,774769.9477,6732,67.956,358481.6028,0,2025-06-08 16:00:00
1749412800000,5261.5,5304.9,5255.6,5280.5,287.258,1749427199999,1516736.1069,10141,146.957,776156.6763,0,2025-06-08 20:00:00
1749427200000,5280.6,5321.1,5277.5,5307.3,285.722,1749441599999,1514170.6469,8368,142.567,755065.2738,0,2025-06-09 00:00:00
1749441600000,5308.0,5331.7,5307.4,5318.2,206.388,1749455999999,1098026.2249,7858,105.930,563513.6944,0,2025-06-09 04:00:00
1749456000000,5317.5,5334.4,5307.0,5329.0,288.373,1749470399999,1534924.2947,11109,154.416,821977.9315,0,2025-06-09 08:00:00
1749470400000,5329.1,5351.6,5323.8,5330.4,507.206,1749484799999,2707134.6155,15700,329.467,1758655.7783,0,2025-06-09 12:00:00
1749484800000,5330.1,5332.6,5286.5,5306.1,381.699,1749499199999,2024358.3255,12050,194.087,1029002.7771,0,2025-06-09 16:00:00
1749499200000,5305.1,5308.3,5217.1,5245.4,686.552,1749513599999,3610500.2682,24109,325.186,1709701.7426,0,2025-06-09 20:00:00
1749513600000,5245.4,5245.4,5191.5,5228.4,1000.968,1749527999999,5218918.7678,26183,514.283,2681313.0998,0,2025-06-10 00:00:00
1749528000000,5228.3,5264.2,5222.1,5235.2,568.819,1749542399999,2983312.8782,18650,289.571,1519213.0170,0,2025-06-10 04:00:00
1749542400000,5235.3,5247.3,5124.7,5131.6,971.889,1749556799999,5036983.7702,25137,444.943,2308620.2285,0,2025-06-10 08:00:00
1749556800000,5131.3,5191.0,5105.7,5169.2,1285.728,1749571199999,6613517.3175,34128,637.340,3278771.3867,0,2025-06-10 12:00:00
1749571200000,5169.2,5169.8,5120.6,5127.0,236.897,1749585599999,1219822.7583,12631,112.775,580645.1956,0,2025-06-10 16:00:00
1749585600000,5127.0,5152.7,5077.0,5100.1,454.067,1749599999999,2319874.9740,17828,176.452,902216.8439,0,2025-06-10 20:00:00
1749600000000,5100.2,5136.9,5025.0,5104.1,503.090,1749614399999,2564810.1268,17178,197.449,1008126.5465,0,2025-06-11 00:00:00
1749614400000,5103.4,5113.1,5075.4,5079.1,193.352,1749628799999,984911.9254,10145,58.529,298169.0448,0,2025-06-11 04:00:00
1749628800000,5079.2,5117.8,5073.9,5098.5,323.108,1749643199999,1647808.0504,15087,145.065,739796.8538,0,2025-06-11 08:00:00
1749643200000,5098.0,5108.4,5022.0,5028.3,527.657,1749657599999,2670714.0064,21117,234.207,1185921.3056,0,2025-06-11 12:00:00
1749657600000,5028.0,5084.3,5000.0,5080.7,434.291,1749671999999,2189881.9681,15503,221.279,1116681.5334,0,2025-06-11 16:00:00
1749672000000,5080.7,5141.2,5065.8,5124.6,472.490,1749686399999,2416613.2406,18920,250.360,1281147.2606,0,2025-06-11 20:00:00
1749686400000,5125.0,5149.1,5107.9,5121.2,437.973,1749700799999,2249108.2932,15066,207.748,1066913.7230,0,2025-06-12 00:00:00
1749700800000,5121.2,5138.8,5106.6,5134.9,191.601,1749715199999,981108.8828,10060,78.525,402169.3723,0,2025-06-12 04:00:00
1749715200000,5135.0,5154.4,5119.5,5135.4,402.605,1749729599999,2067740.8133,15186,189.439,973252.2253,0,2025-06-12 08:00:00
1749729600000,5135.4,5154.4,5097.3,5147.8,474.355,1749743999999,2431854.0264,18652,236.201,1210840.9114,0,2025-06-12 12:00:00
1749744000000,5147.9,5199.3,5128.8,5188.4,593.121,1749758399999,3060380.2646,22508,311.355,1606552.1768,0,2025-06-12 16:00:00
1749758400000,5188.6,5243.0,5184.7,5206.6,1076.511,1749772799999,5612615.1739,36881,559.942,2919296.0778,0,2025-06-12 20:00:00
1749772800000,5206.5,5410.6,5203.1,5350.3,3306.459,1749787199999,17646626.2761,87530,1965.148,10488778.6316,0,2025-06-13 00:00:00
1749787200000,5350.2,5377.9,5331.0,5350.2,910.365,1749801599999,4876771.4260,29220,543.264,2910225.5856,0,2025-06-13 04:00:00
1749801600000,5350.7,5368.0,5328.0,5333.5,440.496,1749815999999,2356769.4631,19453,231.739,1240102.9071,0,2025-06-13 08:00:00
1749816000000,5333.8,5358.1,5315.0,5337.2,563.987,1749830399999,3008884.6082,22540,298.935,1595063.8255,0,2025-06-13 12:00:00
1749830400000,5337.2,5374.3,5316.0,5363.5,444.539,1749844799999,2378412.3303,18071,241.897,1294504.2853,0,2025-06-13 16:00:00
1749844800000,5363.6,5374.0,5320.0,5324.8,270.871,1749859199999,1445881.5611,12332,102.277,546580.3722,0,2025-06-13 20:00:00
1749859200000,5324.8,5347.6,5322.5,5326.0,234.833,1749873599999,1253148.6577,11668,119.136,635835.8859,0,2025-06-14 00:00:00
1749873600000,5326.0,5338.1,5315.2,5330.4,307.750,1749887999999,1638518.3896,11897,105.906,564069.1782,0,2025-06-14 04:00:00
1749888000000,5330.3,5351.2,5327.3,5327.4,194.031,1749902399999,1035692.0476,10167,103.700,553629.0167,0,2025-06-14 08:00:00
1749902400000,5328.4,5375.1,5327.2,5364.6,339.132,1749916799999,1813623.2760,14756,180.879,967734.1585,0,2025-06-14 12:00:00
1749916800000,5366.1,5404.5,5355.6,5387.8,477.195,1749931199999,2569380.8796,18380,297.386,1601455.5138,0,2025-06-14 16:00:00
1749931200000,5387.7,5407.0,5371.0,5382.7,206.958,1749945599999,1115401.0525,10413,102.226,551155.5091,0,2025-06-14 20:00:00
1749945600000,5383.0,5386.2,5368.2,5372.0,125.677,1749959999999,675794.0895,6463,57.146,307288.6443,0,2025-06-15 00:00:00
1749960000000,5372.0,5379.4,5357.2,5373.9,208.451,1749974399999,1118881.9025,9984,96.530,518207.5240,0,2025-06-15 04:00:00
1749974400000,5374.1,5389.2,5353.3,5359.8,259.474,1749988799999,1394196.7364,9469,118.528,637173.7917,0,2025-06-15 08:00:00
1749988800000,5359.7,5365.4,5327.6,5343.9,376.603,1750003199999,2012705.0514,13991,183.044,978344.7589,0,2025-06-15 12:00:00
1750003200000,5343.5,5350.5,5324.5,5335.7,133.982,1750017599999,714849.4197,7881,67.379,359553.3803,0,2025-06-15 16:00:00
1750017600000,5336.0,5377.0,5311.1,5329.3,280.402,1750031999999,1497063.4107,12369,135.537,724259.2658,0,2025-06-15 20:00:00
1750032000000,5329.4,5351.0,5288.2,5311.5,357.844,1750046399999,1901672.0403,13910,174.418,927454.9370,0,2025-06-16 00:00:00
1750046400000,5311.6,5313.6,5251.2,5270.9,624.568,1750060799999,3296679.9387,20202,287.264,1515596.2731,0,2025-06-16 04:00:00
1750060800000,5270.0,5306.9,5263.7,5271.4,250.230,1750075199999,1322055.7874,10906,135.543,716232.1605,0,2025-06-16 08:00:00
1750075200000,5271.9,5274.2,5227.4,5250.2,436.591,1750089599999,2290572.4673,18096,206.079,1081135.8103,0,2025-06-16 12:00:00
1750089600000,5250.3,5270.0,5220.7,5256.6,297.538,1750103999999,1559652.8710,13219,160.927,843742.1333,0,2025-06-16 16:00:00
1750104000000,5257.5,5380.6,5245.7,5371.0,804.978,1750118399999,4287415.1672,24399,453.091,2412829.9233,0,2025-06-16 20:00:00
1750118400000,5371.0,5396.5,5309.3,5324.1,642.500,1750132799999,3437194.4880,24230,328.025,1754427.8820,0,2025-06-17 00:00:00
1750132800000,5324.0,5342.8,5306.9,5314.7,288.584,1750147199999,1536856.1361,13601,111.697,594938.6464,0,2025-06-17 04:00:00
1750147200000,5315.0,5341.7,5310.7,5334.9,261.216,1750161599999,1392983.9807,11127,126.294,673448.7373,0,2025-06-17 08:00:00
1750161600000,5334.7,5368.5,5292.7,5342.7,809.969,1750175999999,4322114.7819,24267,458.736,2449303.8714,0,2025-06-17 12:00:00
1750176000000,5342.8,5393.6,5322.1,5330.8,912.673,1750190399999,4895667.7527,31688,500.398,2684346.7399,0,2025-06-17 16:00:00
1750190400000,5330.8,5377.3,5323.8,5359.1,253.005,1750204799999,1353442.7831,12264,128.495,687489.5675,0,2025-06-17 20:00:00
1750204800000,5359.1,5367.0,5339.0,5357.7,169.591,1750219199999,908027.5273,9851,88.347,473027.2786,0,2025-06-18 00:00:00
1750219200000,5358.2,5362.0,5340.2,5341.7,300.381,1750233599999,1607504.9396,10140,192.782,1031673.9359,0,2025-06-18 04:00:00
1750233600000,5341.6,5410.0,5341.6,5393.8,994.306,1750247999999,5353607.1836,21038,433.169,2331516.0162,0,2025-06-18 08:00:00
1750248000000,5393.9,5427.4,5376.6,5397.7,1165.693,1750262399999,6300242.4815,30539,717.780,3880743.2810,0,2025-06-18 12:00:00
1750262400000,5397.7,5409.6,5370.8,5378.5,299.664,1750276799999,1615851.5042,18085,152.880,824421.1135,0,2025-06-18 16:00:00
1750276800000,5379.3,5387.0,5349.0,5366.3,469.302,1750291199999,2517250.6982,15177,231.027,1239642.9992,0,2025-06-18 20:00:00
1750291200000,5366.4,5389.3,5343.9,5379.1,169.337,1750305599999,909315.3824,9309,91.426,490978.5769,0,2025-06-19 00:00:00
1750305600000,5379.1,5385.3,5363.7,5375.9,184.554,1750319999999,991718.8358,7883,69.649,374408.2776,0,2025-06-19 04:00:00
1750320000000,5375.9,5386.5,5365.0,5373.2,249.620,1750334399999,1342216.0981,10332,130.757,703156.7262,0,2025-06-19 08:00:00
1750334400000,5373.2,5393.4,5366.0,5389.4,305.694,1750348799999,1643936.1217,13029,171.896,924347.7887,0,2025-06-19 12:00:00
1750348800000,5389.5,5392.1,5360.2,5364.5,197.374,1750363199999,1061179.9662,9445,96.183,517127.2381,0,2025-06-19 16:00:00
1750363200000,5364.5,5369.7,5347.4,5355.8,172.891,1750377599999,926258.5988,7794,75.603,405074.1611,0,2025-06-19 20:00:00
1750377600000,5355.9,5378.2,5345.9,5376.6,113.657,1750391999999,609611.9517,6023,56.451,302798.5574,0,2025-06-20 00:00:00
1750392000000,5376.7,5391.9,5371.5,5381.8,197.619,1750406399999,1063657.1531,9295,102.824,553506.1958,0,2025-06-20 04:00:00
1750406400000,5381.8,5402.6,5378.5,5383.8,315.537,1750420799999,1700218.2264,11350,182.553,983642.7434,0,2025-06-20 08:00:00
1750420800000,5383.8,5411.0,5376.0,5405.0,328.296,1750435199999,1771080.0243,9677,147.053,793523.3677,0,2025-06-20 12:00:00
1750435200000,5405.0,5500.0,5401.8,5463.4,961.077,1750449599999,5244852.7167,32090,571.932,3121318.3945,0,2025-06-20 16:00:00
1750449600000,5463.5,5499.6,5438.7,5470.8,441.775,1750463999999,2418075.2858,18147,239.884,1313117.4351,0,2025-06-20 20:00:00
1750464000000,5470.8,5483.6,5452.8,5456.5,256.205,1750478399999,1400379.9170,10327,104.734,572572.3974,0,2025-06-21 00:00:00
1750478400000,5456.5,5465.9,5448.7,5449.6,262.418,1750492799999,1432668.2334,10685,107.562,587338.0339,0,2025-06-21 04:00:00
1750492800000,5449.6,5464.2,5439.1,5453.0,224.667,1750507199999,1224850.9674,10305,121.268,661138.1730,0,2025-06-21 08:00:00
1750507200000,5452.8,5500.0,5451.4,5494.4,589.335,1750521599999,3231298.5474,17728,349.634,1917357.1120,0,2025-06-21 12:00:00
1750521600000,5494.5,5520.9,5485.0,5506.7,710.610,1750535999999,3910836.0947,20223,448.530,2468331.4165,0,2025-06-21 16:00:00
1750536000000,5506.8,5640.0,5475.8,5623.3,1788.743,1750550399999,9977262.9826,67058,1082.811,6038515.9021,0,2025-06-21 20:00:00
1750550400000,5623.4,5700.0,5612.5,5661.5,1103.476,1750564799999,6237087.5406,39031,601.868,3402160.1580,0,2025-06-22 00:00:00
1750564800000,5661.9,5666.6,5634.7,5647.6,427.336,1750579199999,2413652.3817,19149,177.668,1003576.4667,0,2025-06-22 04:00:00
1750579200000,5647.4,5718.1,5640.9,5705.0,742.864,1750593599999,4227385.2019,29339,399.018,2269963.2463,0,2025-06-22 08:00:00
1750593600000,5705.0,5815.2,5691.6,5736.8,2158.093,1750607999999,12411890.1622,77209,1096.179,6306197.2556,0,2025-06-22 12:00:00
1750608000000,5736.8,5744.2,5703.1,5719.3,520.653,1750622399999,2980788.2939,22260,229.376,1313162.2339,0,2025-06-22 16:00:00
1750622400000,5717.0,5809.2,5701.4,5709.5,875.413,1750636799999,5026260.1325,36388,432.997,2487275.3202,0,2025-06-22 20:00:00
1750636800000,5709.5,5714.2,5675.5,5700.8,304.154,1750651199999,1731489.3015,14708,145.216,826979.0280,0,2025-06-23 00:00:00
1750651200000,5700.0,5714.2,5670.5,5692.4,414.172,1750665599999,2358916.0628,21749,156.114,889485.7144,0,2025-06-23 04:00:00
1750665600000,5692.4,5708.8,5675.6,5684.9,314.098,1750679999999,1788925.7142,9690,155.579,886270.6351,0,2025-06-23 08:00:00
1750680000000,5684.9,5700.0,5633.4,5689.9,616.370,1750694399999,3491864.0210,19524,256.537,1453464.6992,0,2025-06-23 12:00:00
1750694400000,5689.4,5722.9,5616.8,5636.6,883.162,1750708799999,5018799.5694,32876,448.358,2549658.0315,0,2025-06-23 16:00:00
1750708800000,5635.6,5636.7,5508.6,5533.9,981.937,1750723199999,5461927.8874,33448,426.695,2372403.7034,0,2025-06-23 20:00:00
1750723200000,5533.9,5562.1,5523.6,5541.6,643.557,1750737599999,3567108.7368,18254,324.575,1799442.8988,0,2025-06-24 00:00:00
1750737600000,5540.2,5542.1,5491.0,5529.0,669.862,1750751999999,3691393.4608,19248,289.623,1596392.5290,0,2025-06-24 04:00:00
1750752000000,5529.8,5545.8,5490.4,5521.5,639.362,1750766399999,3531522.0098,18910,332.291,1835577.6520,0,2025-06-24 08:00:00
1750766400000,5521.5,5525.6,5489.1,5494.2,453.344,1750780799999,2497222.7368,17027,229.866,1266547.6896,0,2025-06-24 12:00:00
1750780800000,5493.5,5520.9,5458.3,5500.1,670.388,1750795199999,3679069.4276,22285,294.763,1617677.5824,0,2025-06-24 16:00:00
1750795200000,5500.7,5526.1,5493.6,5502.9,337.509,1750809599999,1860103.4839,13648,161.924,892379.3107,0,2025-06-24 20:00:00
1750809600000,5502.9,5526.4,5498.9,5524.6,169.073,1750823999999,931928.0113,8930,80.237,442258.5281,0,2025-06-25 00:00:00
1750824000000,5524.6,5544.4,5516.4,5531.1,259.273,1750838399999,1434483.3263,9392,143.155,792102.3224,0,2025-06-25 04:00:00
1750838400000,5531.1,5590.2,5530.3,5574.5,340.728,1750852799999,1896707.8805,11734,170.116,946952.3927,0,2025-06-25 08:00:00
1750852800000,5575.8,5649.5,5572.8,5631.5,584.159,1750867199999,3278083.9785,18355,323.817,1817193.4410,0,2025-06-25 12:00:00
1750867200000,5632.5,5648.5,5608.1,5609.7,341.842,1750881599999,1924159.9275,12503,167.850,945014.8188,0,2025-06-25 16:00:00
1750881600000,5609.7,5636.0,5595.7,5632.8,312.463,1750895999999,1754904.5185,11553,163.115,916407.2465,0,2025-06-25 20:00:00
1750896000000,5632.8,5638.4,5527.2,5559.4,453.999,1750910399999,2534992.2008,15622,172.526,962327.8714,0,2025-06-26 00:00:00
1750910400000,5559.0,5585.5,5556.2,5568.0,357.172,1750924799999,1990670.6610,13153,182.221,1015773.8730,0,2025-06-26 04:00:00
1750924800000,5568.4,5613.8,5567.3,5605.1,210.841,1750939199999,1178400.6706,8393,98.228,549193.4631,0,2025-06-26 08:00:00
1750939200000,5605.6,5668.5,5605.5,5665.9,554.168,1750953599999,3128677.6257,18303,295.134,1666203.6263,0,2025-06-26 12:00:00
1750953600000,5666.3,5690.8,5657.6,5666.7,563.537,1750967999999,3199833.2241,16485,205.632,1167713.1372,0,2025-06-26 16:00:00
1750968000000,5666.8,5700.0,5635.4,5689.3,329.561,1750982399999,1870020.2675,15204,112.929,640898.5544,0,2025-06-26 20:00:00
1750982400000,5689.3,5713.3,5657.0,5661.0,440.090,1750996799999,2502891.2210,15800,204.524,1163864.4009,0,2025-06-27 00:00:00
1750996800000,5660.9,5679.2,5646.7,5659.7,348.163,1751011199999,1971489.7379,16974,177.464,1004957.1031,0,2025-06-27 04:00:00
1751011200000,5659.8,5665.1,5625.8,5643.3,205.557,1751025599999,1159945.6303,10514,84.029,474238.2813,0,2025-06-27 08:00:00
1751025600000,5643.0,5664.9,5629.3,5652.6,219.704,1751039999999,1241570.2364,11914,102.941,581799.0393,0,2025-06-27 12:00:00
1751040000000,5652.6,5705.0,5633.9,5671.1,237.241,1751054399999,1346856.2263,14032,112.814,640437.5363,0,2025-06-27 16:00:00
1751054400000,5670.5,5674.0,5624.0,5636.1,169.797,1751068799999,958775.2964,11809,68.412,386236.5735,0,2025-06-27 20:00:00
1751068800000,5636.2,5648.3,5613.9,5631.9,132.748,1751083199999,747488.0857,6947,70.951,399544.7222,0,2025-06-28 00:00:00
1751083200000,5631.9,5636.6,5601.3,5605.4,82.966,1751097599999,466291.6269,6664,28.897,162436.8215,0,2025-06-28 04:00:00
1751097600000,5605.4,5620.8,5589.0,5601.2,151.958,1751111999999,851329.3668,8859,58.306,326787.4794,0,2025-06-28 08:00:00
1751112000000,5601.3,5611.6,5582.3,5586.9,146.611,1751126399999,820981.2346,7749,40.609,227514.6482,0,2025-06-28 12:00:00
1751126400000,5586.9,5586.9,5550.0,5568.4,247.661,1751140799999,1379387.7451,12242,99.945,556783.7916,0,2025-06-28 16:00:00
1751140800000,5568.5,5582.0,5559.1,5569.1,74.984,1751155199999,417654.1726,6551,39.042,217483.2919,0,2025-06-28 20:00:00
1751155200000,5569.0,5593.5,5564.0,5578.8,112.886,1751169599999,629844.0819,7118,55.135,307639.6239,0,2025-06-29 00:00:00
1751169600000,5578.8,5588.5,5565.2,5568.8,91.585,1751183999999,510520.1925,5541,49.857,277876.5182,0,2025-06-29 04:00:00
1751184000000,5568.8,5591.0,5564.9,5588.1,142.595,1751198399999,795629.2663,8049,84.139,469528.1010,0,2025-06-29 08:00:00
1751198400000,5588.2,5599.9,5576.4,5595.6,113.931,1751212799999,636809.7397,6596,57.862,323484.4384,0,2025-06-29 12:00:00
1751212800000,5596.1,5597.5,5566.0,5566.6,65.996,1751227199999,368004.1844,5561,28.260,157531.8058,0,2025-06-29 16:00:00
1751227200000,5566.6,5593.9,5473.0,5514.5,544.675,1751241599999,3003540.2478,21366,220.194,1213713.4997,0,2025-06-29 20:00:00
1751241600000,5514.5,5550.0,5493.0,5539.6,465.308,1751255999999,2568311.9912,20035,231.668,1278687.3408,0,2025-06-30 00:00:00
1751256000000,5539.6,5565.2,5521.9,5524.8,163.713,1751270399999,906980.2676,11986,80.469,445862.1120,0,2025-06-30 04:00:00
1751270400000,5525.6,5573.7,5522.6,5563.4,169.274,1751284799999,940276.9136,11856,95.908,532863.0046,0,2025-06-30 08:00:00
1751284800000,5563.5,5569.9,5481.8,5503.6,300.743,1751299199999,1663740.4240,15269,140.616,778204.8567,0,2025-06-30 12:00:00
1751299200000,5502.9,5510.3,5394.4,5398.2,1057.308,1751313599999,5771155.0982,37512,477.967,2610366.2306,0,2025-06-30 16:00:00
1751313600000,5398.7,5457.7,5378.6,5457.7,519.375,1751327999999,2807745.2015,21017,246.539,1332742.2815,0,2025-06-30 20:00:00
1751328000000,5457.7,5476.0,5446.3,5467.7,190.892,1751342399999,1042856.1912,11746,84.559,461996.2113,0,2025-07-01 00:00:00
1751342400000,5467.5,5520.0,5467.5,5507.7,366.343,1751356799999,2015961.9782,16920,201.078,1106436.8967,0,2025-07-01 04:00:00
1751356800000,5506.9,5531.3,5496.0,5519.0,481.845,1751371199999,2656616.6553,18749,242.943,1339225.1751,0,2025-07-01 08:00:00
1751371200000,5519.0,5575.6,5516.7,5544.8,805.809,1751385599999,4473170.8135,32365,382.198,2121654.8122,0,2025-07-01 12:00:00
1751385600000,5544.7,5570.4,5533.8,5566.0,279.269,1751399999999,1550370.3638,14994,147.843,820808.5653,0,2025-07-01 16:00:00
1751400000000,5566.2,5581.7,5553.1,5560.9,261.070,1751414399999,1453606.0296,16404,126.306,703433.6154,0,2025-07-01 20:00:00
1751414400000,5561.1,5577.9,5545.0,5548.0,226.985,1751428799999,1261316.0254,13197,99.355,552138.4536,0,2025-07-02 00:00:00
1751428800000,5548.0,5555.1,5533.3,5549.1,262.428,1751443199999,1455024.6113,15098,113.650,630153.1630,0,2025-07-02 04:00:00
1751443200000,5549.1,5594.6,5548.8,5580.6,377.617,1751457599999,2107138.0347,17781,195.027,1087903.2597,0,2025-07-02 08:00:00
1751457600000,5580.7,5595.2,5533.7,5542.8,370.830,1751471999999,2064435.2685,17127,169.476,943680.8282,0,2025-07-02 12:00:00
1751472000000,5543.1,5546.4,5437.4,5438.7,753.118,1751486399999,4124993.1468,29225,336.666,1844355.8416,0,2025-07-02 16:00:00
1751486400000,5439.7,5463.4,5411.9,5461.9,464.503,1751500799999,2525428.1014,21479,229.734,1249035.7724,0,2025-07-02 20:00:00
1751500800000,5461.9,5471.6,5441.7,5453.1,283.129,1751515199999,1544456.2969,15056,132.007,720262.9267,0,2025-07-03 00:00:00
1751515200000,5453.2,5456.8,5395.5,5397.9,388.106,1751529599999,2101949.8776,18524,174.259,943657.4238,0,2025-07-03 04:00:00
1751529600000,5398.0,5436.0,5390.0,5412.0,732.807,1751543999999,3968678.6870,23298,337.135,1825938.8420,0,2025-07-03 08:00:00
1751544000000,5412.0,5479.5,5402.6,5475.8,400.529,1751558399999,2176582.5318,20567,216.152,1174863.9267,0,2025-07-03 12:00:00
1751558400000,5475.5,5481.7,5458.7,5466.4,251.351,1751572799999,1375049.0184,10606,127.142,695471.9701,0,2025-07-03 16:00:00
1751572800000,5466.5,5467.3,5437.0,5453.6,179.911,1751587199999,980638.0401,10653,84.060,458171.1935,0,2025-07-03 20:00:00
1751587200000,5453.3,5472.5,5436.1,5456.9,413.963,1751601599999,2258145.9804,16388,205.273,1119814.1660,0,2025-07-04 00:00:00
1751601600000,5457.0,5520.0,5445.0,5517.0,396.949,1751615999999,2176359.4326,17108,217.996,1195639.4304,0,2025-07-04 04:00:00
1751616000000,5517.3,5540.0,5497.2,5499.1,417.025,1751630399999,2301436.7149,18096,178.929,987760.5482,0,2025-07-04 08:00:00
1751630400000,5499.1,5538.3,5481.8,5529.3,295.033,1751644799999,1625615.3762,15764,139.695,769910.7210,0,2025-07-04 12:00:00
1751644800000,5529.3,5568.6,5528.1,5547.8,333.415,1751659199999,1850923.5911,17481,162.367,901275.5022,0,2025-07-04 16:00:00
1751659200000,5547.8,5553.1,5521.4,5526.4,156.724,1751673599999,867847.7637,9838,77.314,428117.6193,0,2025-07-04 20:00:00
1751673600000,5526.5,5541.0,5515.2,5523.2,139.087,1751687999999,768502.5286,9103,78.418,433311.7906,0,2025-07-05 00:00:00
1751688000000,5523.1,5535.2,5506.6,5512.2,115.607,1751702399999,638192.3513,7116,43.408,239602.2829,0,2025-07-05 04:00:00
1751702400000,5511.5,5529.2,5509.4,5519.6,78.911,1751716799999,435418.7550,6315,42.495,234485.1209,0,2025-07-05 08:00:00
1751716800000,5519.5,5534.4,5516.9,5530.3,92.462,1751731199999,510897.2438,7086,45.586,251923.8872,0,2025-07-05 12:00:00
1751731200000,5530.3,5562.3,5519.7,5538.8,214.209,1751745599999,1187801.2103,11736,104.434,579246.3894,0,2025-07-05 16:00:00
1751745600000,5538.7,5541.9,5517.3,5521.7,81.005,1751759999999,447748.1182,6848,35.721,197420.1597,0,2025-07-05 20:00:00
1751760000000,5521.7,5531.0,5516.6,5523.5,170.701,1751774399999,943217.2630,8569,87.592,484013.8805,0,2025-07-06 00:00:00
1751774400000,5523.5,5533.2,5503.1,5511.1,171.778,1751788799999,947695.7041,9497,81.101,447475.9528,0,2025-07-06 04:00:00
1751788800000,5511.2,5517.7,5488.6,5495.1,157.996,1751803199999,869190.8593,8562,72.423,398422.4638,0,2025-07-06 08:00:00
1751803200000,5495.1,5496.9,5429.0,5453.6,408.109,1751817599999,2227154.8061,16788,204.269,1114464.5575,0,2025-07-06 12:00:00
1751817600000,5453.6,5480.9,5444.7,5460.8,167.278,1751831999999,913846.2187,9880,86.992,475277.2160,0,2025-07-06 16:00:00
1751832000000,5460.9,5463.7,5411.3,5460.8,485.680,1751846399999,2640272.5011,19077,240.014,1304540.7958,0,2025-07-06 20:00:00
1751846400000,5460.9,5472.9,5437.1,5451.2,208.186,1751860799999,1135654.9225,11801,92.239,503227.5567,0,2025-07-07 00:00:00
1751860800000,5450.8,5461.1,5436.2,5436.3,272.697,1751875199999,1485950.4980,10738,130.587,711700.7606,0,2025-07-07 04:00:00
1751875200000,5436.7,5448.7,5422.4,5429.1,308.645,1751889599999,1677134.5135,12163,154.205,837926.2537,0,2025-07-07 08:00:00
1751889600000,5429.1,5449.3,5345.0,5434.1,1004.389,1751903999999,5428612.0052,30178,449.147,2429168.9664,0,2025-07-07 12:00:00
1751904000000,5433.6,5450.2,5422.1,5441.7,338.030,1751918399999,1838117.8161,14126,162.815,885413.6365,0,2025-07-07 16:00:00
1751918400000,5440.7,5479.7,5440.5,5461.5,150.650,1751932799999,823156.3401,8921,78.849,430995.6347,0,2025-07-07 20:00:00
1751932800000,5461.3,5476.8,5447.9,5457.4,268.044,1751947199999,1464270.1228,10884,127.736,697989.5757,0,2025-07-08 00:00:00
1751947200000,5457.3,5469.4,5442.8,5457.8,298.835,1751961599999,1630557.9612,12443,146.641,800145.4222,0,2025-07-08 04:00:00
1751961600000,5457.9,5461.9,5420.0,5424.2,145.615,1751975999999,792184.7757,8655,63.175,343697.4133,0,2025-07-08 08:00:00
1751976000000,5424.1,5433.3,5411.3,5429.2,188.970,1751990399999,1024805.4965,7473,103.220,559865.4950,0,2025-07-08 12:00:00
1751990400000,5428.9,5428.9,5372.2,5382.6,441.558,1752004799999,2380954.7872,14659,150.851,813160.6698,0,2025-07-08 16:00:00
1752004800000,5382.0,5399.9,5377.6,5386.8,128.194,1752019199999,691106.4965,5741,73.436,395951.2805,0,2025-07-08 20:00:00
1752019200000,5386.9,5401.3,5370.4,5382.7,285.743,1752033599999,1538343.7262,11380,149.469,804613.7249,0,2025-07-09 00:00:00
1752033600000,5382.4,5387.9,5327.3,5336.8,600.634,1752047999999,3214593.4623,18373,264.746,1416461.4233,0,2025-07-09 04:00:00
1752048000000,5336.9,5357.9,5327.3,5333.6,277.156,1752062399999,1481457.5156,11059,105.756,565410.3703,0,2025-07-09 08:00:00
1752062400000,5332.5,5335.1,5291.0,5302.5,625.326,1752076799999,3321909.6368,19813,208.837,1109791.1633,0,2025-07-09 12:00:00
1752076800000,5302.5,5310.0,5255.9,5294.6,453.480,1752091199999,2394635.9564,17968,213.300,1126893.2401,0,2025-07-09 16:00:00
1752091200000,5295.4,5302.0,5250.1,5270.0,317.426,1752105599999,1673591.9834,14242,146.373,771924.8390,0,2025-07-09 20:00:00
1752105600000,5270.0,5272.2,5234.5,5251.0,288.451,1752119999999,1514443.3711,12596,113.250,594779.0855,0,2025-07-10 00:00:00
1752120000000,5250.7,5260.0,5201.0,5225.5,514.567,1752134399999,2691137.7931,16499,175.844,920041.6374,0,2025-07-10 04:00:00
1752134400000,5225.1,5233.0,5200.0,5226.3,339.421,1752148799999,1772359.7527,17470,157.683,824023.1524,0,2025-07-10 08:00:00
1752148800000,5226.4,5259.7,5210.4,5256.1,301.508,1752163199999,1578364.6960,14769,169.673,888578.1535,0,2025-07-10 12:00:00
1752163200000,5255.7,5272.8,5237.0,5252.9,327.910,1752177599999,1723619.3750,16353,178.003,935750.2766,0,2025-07-10 16:00:00
1752177600000,5253.1,5317.5,5184.2,5204.7,686.417,1752191999999,3597411.0038,24766,314.308,1649313.9328,0,2025-07-10 20:00:00
1752192000000,5205.2,5242.7,5179.2,5202.1,483.962,1752206399999,2518541.6687,22081,271.379,1412624.6880,0,2025-07-11 00:00:00
1752206400000,5202.1,5243.7,5185.8,5242.8,405.847,1752220799999,2115399.7105,22154,220.798,1150891.8681,0,2025-07-11 04:00:00
1752220800000,5242.3,5246.6,5183.7,5206.2,363.053,1752235199999,1892252.6652,19336,190.320,991588.1896,0,2025-07-11 08:00:00
1752235200000,5206.1,5219.5,5057.4,5131.2,1182.099,1752249599999,6056937.8953,40396,566.703,2903875.6294,0,2025-07-11 12:00:00
1752249600000,5130.8,5160.0,5081.3,5092.2,509.817,1752263999999,2609331.9487,23870,257.643,1319274.8635,0,2025-07-11 16:00:00
1752264000000,5091.4,5244.8,5090.0,5180.7,733.133,1752278399999,3802335.3934,29374,368.111,1908551.0925,0,2025-07-11 20:00:00
1752278400000,5180.8,5209.1,5115.0,5137.3,418.120,1752292799999,2156060.3351,19624,199.891,1031674.2544,0,2025-07-12 00:00:00
1752292800000,5137.0,5183.0,5133.8,5160.0,263.167,1752307199999,1359410.0758,15382,142.677,737007.0191,0,2025-07-12 04:00:00
1752307200000,5160.1,5175.9,5135.7,5160.5,193.860,1752321599999,998680.2376,11951,106.580,549085.5228,0,2025-07-12 08:00:00
1752321600000,5160.9,5266.6,5158.1,5250.2,643.243,1752335999999,3355275.4353,29643,348.961,1820091.7032,0,2025-07-12 12:00:00
1752336000000,5250.1,5268.2,5196.8,5209.0,290.634,1752350399999,1519204.6705,16356,142.121,743400.5246,0,2025-07-12 16:00:00
1752350400000,5209.6,5242.3,5195.4,5201.5,157.277,1752364799999,820276.5813,13489,82.862,432223.9102,0,2025-07-12 20:00:00
1752364800000,5201.4,5209.0,5167.2,5184.2,481.536,1752379199999,2498270.0449,18003,270.104,1401344.5294,0,2025-07-13 00:00:00
1752379200000,5184.1,5190.5,5152.9,5156.6,173.721,1752393599999,898536.4529,10727,85.320,441349.2129,0,2025-07-13 04:00:00
1752393600000,5156.6,5180.0,5151.6,5165.9,168.220,1752407999999,869084.0925,10843,85.528,441932.5087,0,2025-07-13 08:00:00
1752408000000,5165.9,5168.7,5115.0,5144.1,415.067,1752422399999,2134530.5018,19183,194.802,1002047.9687,0,2025-07-13 12:00:00
1752422400000,5144.1,5176.6,5129.8,5150.9,173.255,1752436799999,891827.7265,11790,92.028,473873.4027,0,2025-07-13 16:00:00
1752436800000,5150.8,5212.0,5146.5,5183.0,267.915,1752451199999,1387846.7410,15242,139.094,720771.5406,0,2025-07-13 20:00:00
1752451200000,5183.0,5183.1,5103.6,5130.9,534.580,1752465599999,2750122.0842,22848,248.256,1277158.1718,0,2025-07-14 00:00:00
1752465600000,5130.3,5219.1,5114.8,5180.8,522.942,1752479999999,2706550.4309,22623,280.590,1452235.6211,0,2025-07-14 04:00:00
1752480000000,5180.9,5205.7,5109.7,5136.9,663.931,1752494399999,3417918.4122,27042,343.948,1770388.0092,0,2025-07-14 08:00:00
1752494400000,5136.8,5165.6,5111.9,5136.8,651.762,1752508799999,3350547.1679,25041,351.961,1809537.9521,0,2025-07-14 12:00:00
1752508800000,5136.5,5168.0,5098.4,5153.4,531.751,1752523199999,2730960.3554,19000,216.634,1112537.9095,0,2025-07-14 16:00:00
1752523200000,5152.8,5185.5,5139.2,5141.3,239.137,1752537599999,1235058.2745,12313,114.170,589701.2779,0,2025-07-14 20:00:00
1752537600000,5141.8,5186.0,5131.2,5146.9,556.359,1752551999999,2872330.7751,20159,287.195,1483545.6061,0,2025-07-15 00:00:00
1752552000000,5147.0,5157.9,5086.7,5105.5,626.148,1752566399999,3200284.5595,16149,336.108,1718025.0397,0,2025-07-15 04:00:00
1752566400000,5105.4,5124.6,5082.1,5096.6,253.801,1752580799999,1294184.4927,10780,130.920,667658.6136,0,2025-07-15 08:00:00
1752580800000,5096.6,5105.3,5024.6,5026.0,852.872,1752595199999,4319715.9870,29194,362.229,1836436.4780,0,2025-07-15 12:00:00
1752595200000,5024.7,5044.4,4959.0,5023.3,867.921,1752609599999,4342913.7718,30738,384.134,1921993.1781,0,2025-07-15 16:00:00
1752609600000,5023.1,5037.7,4955.7,4962.9,322.481,1752623999999,1613010.5154,18037,148.780,744455.7789,0,2025-07-15 20:00:00
1752624000000,4963.6,4989.7,4942.4,4981.8,536.610,1752638399999,2664812.9806,17207,258.715,1285194.0003,0,2025-07-16 00:00:00
1752638400000,4981.9,4997.7,4941.1,4953.8,349.465,1752652799999,1736166.8749,14524,143.881,715205.7209,0,2025-07-16 04:00:00
1752652800000,4954.1,4982.6,4951.0,4971.1,263.575,1752667199999,1309480.8979,12634,136.903,680084.4842,0,2025-07-16 08:00:00
1752667200000,4971.1,4972.3,4877.1,4907.0,899.226,1752681599999,4421292.8843,23762,375.971,1847616.2032,0,2025-07-16 12:00:00
1752681600000,4906.4,4909.0,4770.3,4771.6,1226.751,1752695999999,5930759.5375,32161,613.015,2965954.9971,0,2025-07-16 16:00:00
1752696000000,4771.6,4796.4,4737.3,4757.2,890.776,1752710399999,4242082.6033,27491,406.607,1936712.5269,0,2025-07-16 20:00:00
1752710400000,4757.9,4805.4,4732.6,4794.7,932.506,1752724799999,4445101.1913,25947,418.878,1997310.9203,0,2025-07-17 00:00:00
1752724800000,4794.7,4800.5,4650.3,4661.8,978.162,1752739199999,4604448.7172,28937,428.884,2020660.5760,0,2025-07-17 04:00:00
1752739200000,4661.2,4675.0,4600.0,4614.2,1217.540,1752753599999,5643188.8676,30904,567.063,2628219.5032,0,2025-07-17 08:00:00
1752753600000,4614.3,4685.8,4602.4,4658.1,1263.328,1752767999999,5869226.7880,30249,652.262,3030707.7657,0,2025-07-17 12:00:00
1752768000000,4657.9,4707.4,4626.5,4665.9,884.887,1752782399999,4131551.9403,26072,469.373,2191309.7587,0,2025-07-17 16:00:00
1752782400000,4666.1,4694.0,4518.0,4556.7,1548.362,1752796799999,7105777.1252,37326,737.249,3382490.9288,0,2025-07-17 20:00:00
1752796800000,4556.3,4575.1,4438.3,4450.7,1401.749,1752811199999,6285441.7947,37313,635.100,2847571.1544,0,2025-07-18 00:00:00
1752811200000,4450.8,4466.9,4381.8,4447.8,1397.902,1752825599999,6173522.6022,31954,694.651,3066807.5663,0,2025-07-18 04:00:00
1752825600000,4448.0,4464.4,4405.0,4436.2,1465.206,1752839999999,6496778.2651,51788,700.693,3106785.3947,0,2025-07-18 08:00:00
1752840000000,4436.3,4493.7,4355.0,4464.3,2421.904,1752854399999,10725506.2952,65923,1152.670,5107443.1070,0,2025-07-18 12:00:00
1752854400000,4464.2,4472.2,4388.2,4446.7,907.461,1752868799999,4018755.6696,26878,434.030,1923347.2495,0,2025-07-18 16:00:00
1752868800000,4448.1,4517.3,4444.0,4474.6,947.230,1752883199999,4246425.7919,29195,499.635,2240342.3060,0,2025-07-18 20:00:00
1752883200000,4474.6,4516.3,4432.0,4443.2,743.971,1752897599999,3329351.6675,23896,381.348,1707704.3498,0,2025-07-19 00:00:00
1752897600000,4443.0,4461.4,4423.2,4443.7,357.368,1752911999999,1587556.9256,14577,172.728,767458.8471,0,2025-07-19 04:00:00
1752912000000,4443.7,4494.6,4443.4,4491.9,515.404,1752926399999,2303689.1469,17530,255.210,1141055.2507,0,2025-07-19 08:00:00
1752926400000,4491.8,4507.4,4456.0,4477.3,746.931,1752940799999,3348200.0665,23247,364.790,1635646.5038,0,2025-07-19 12:00:00
1752940800000,4477.4,4487.2,4441.0,4443.9,346.022,1752955199999,1545285.9061,15024,142.389,636144.3482,0,2025-07-19 16:00:00
1752955200000,4443.9,4472.1,4426.0,4431.4,259.459,1752969599999,1153063.3998,10693,131.799,585677.3469,0,2025-07-19 20:00:00
1752969600000,4431.5,4445.6,4364.5,4383.2,620.296,1752983999999,2733326.5231,17790,251.073,1106489.9859,0,2025-07-20 00:00:00
1752984000000,4383.6,4406.3,4360.0,4372.1,554.857,1752998399999,2433014.1536,14626,245.376,1075889.0686,0,2025-07-20 04:00:00
1752998400000,4372.3,4373.1,4290.4,4297.9,882.231,1753012799999,3818781.2638,23008,373.825,1618224.7595,0,2025-07-20 08:00:00
1753012800000,4298.0,4329.4,4284.0,4289.9,844.540,1753027199999,3636350.1986,24067,401.866,1730166.2930,0,2025-07-20 12:00:00
1753027200000,4289.8,4313.2,4260.0,4284.5,1001.243,1753041599999,4290031.4156,30155,448.254,1921242.0085,0,2025-07-20 16:00:00
1753041600000,4283.7,4323.0,4256.9,4266.6,681.599,1753055999999,2924112.9046,23939,348.824,1496835.7276,0,2025-07-20 20:00:00
1753056000000,4266.9,4313.5,4262.0,4281.2,821.603,1753070399999,3527583.6400,20730,400.289,1718479.0696,0,2025-07-21 00:00:00
1753070400000,4281.1,4288.0,4234.6,4268.3,781.404,1753084799999,3329953.8252,21359,382.028,1628544.4437,0,2025-07-21 04:00:00
1753084800000,4267.8,4272.9,4198.5,4211.2,761.531,1753099199999,3223954.1261,19822,357.526,1513810.6772,0,2025-07-21 08:00:00
1753099200000,4211.3,4235.4,4164.8,4184.5,1314.786,1753113599999,5520441.0197,27921,556.110,2334583.1324,0,2025-07-21 12:00:00
1753113600000,4184.2,4237.5,4177.8,4218.6,1279.053,1753127999999,5374525.1017,29139,561.875,2361557.1777,0,2025-07-21 16:00:00
1753128000000,4217.3,4230.4,4193.0,4204.2,380.076,1753142399999,1598670.8198,13977,181.967,765490.6002,0,2025-07-21 20:00:00
1753142400000,4204.1,4250.5,4173.7,4230.7,1172.868,1753156799999,4945717.4366,31509,592.860,2499835.6189,0,2025-07-22 00:00:00
1753156800000,4230.8,4310.3,4230.8,4299.7,2470.584,1753171199999,10584136.8581,50164,1312.384,5622402.7663,0,2025-07-22 04:00:00
1753171200000,4300.1,4371.2,4297.3,4307.4,1856.419,1753185599999,8044632.8113,39026,894.581,3876705.4575,0,2025-07-22 08:00:00
1753185600000,4307.4,4345.1,4270.6,4286.2,1569.148,1753199999999,6760808.4890,35073,773.974,3335034.6311,0,2025-07-22 12:00:00
1753200000000,4286.3,4333.2,4259.9,4329.3,630.442,1753214399999,2704931.5920,21943,323.805,1389844.2843,0,2025-07-22 16:00:00
1753214400000,4329.9,4338.3,4261.4,4268.5,544.746,1753228799999,2340554.5908,16289,272.681,1171461.5141,0,2025-07-22 20:00:00
1753228800000,4269.0,4290.1,4242.8,4257.5,688.026,1753243199999,2934653.7277,19464,316.032,1348065.8124,0,2025-07-23 00:00:00
1753243200000,4257.4,4299.9,4249.6,4288.8,547.960,1753257599999,2343287.3437,17003,268.469,1148079.9703,0,2025-07-23 04:00:00
1753257600000,4288.8,4325.0,4272.6,4310.5,1168.488,1753271999999,5027915.3128,23116,566.135,2436008.6218,0,2025-07-23 08:00:00
1753272000000,4310.4,4445.6,4307.3,4397.9,2898.116,1753286399999,12741843.3561,57558,1547.884,6805073.0344,0,2025-07-23 12:00:00
1753286400000,4397.3,4499.1,4396.3,4494.6,1513.091,1753300799999,6745537.7860,38333,783.212,3492327.3356,0,2025-07-23 16:00:00
1753300800000,4494.8,4572.8,4464.3,4480.9,1804.942,1753315199999,8147815.5916,47238,876.249,3957488.7704,0,2025-07-23 20:00:00
1753315200000,4479.9,4501.5,4426.9,4455.8,1206.611,1753329599999,5372696.5910,26917,562.991,2507263.0472,0,2025-07-24 00:00:00
1753329600000,4455.4,4635.9,4445.4,4560.7,2610.579,1753343999999,11889722.9862,57972,1310.166,5967329.8588,0,2025-07-24 04:00:00
1753344000000,4560.7,4585.5,4489.0,4497.5,2260.126,1753358399999,10248235.9496,54562,1073.920,4870585.6177,0,2025-07-24 08:00:00
1753358400000,4497.5,4521.8,4404.0,4422.3,2191.878,1753372799999,9782113.0096,46406,1069.522,4772400.1765,0,2025-07-24 12:00:00
1753372800000,4421.7,4476.7,4407.7,4427.0,736.619,1753387199999,3271451.7292,25394,370.633,1646781.7273,0,2025-07-24 16:00:00
1753387200000,4427.4,4478.3,4417.0,4463.1,660.250,1753401599999,2935245.0819,25068,331.441,1473059.6058,0,2025-07-24 20:00:00
1753401600000,4463.1,4519.2,4441.8,4465.4,1337.787,1753415999999,5996396.4982,36201,688.953,3089511.1600,0,2025-07-25 00:00:00
1753416000000,4465.3,4484.9,4431.1,4439.5,1041.351,1753430399999,4639907.5788,31691,480.172,2139879.1431,0,2025-07-25 04:00:00
1753430400000,4439.6,4453.6,4293.0,4394.2,1098.570,1753444799999,4829250.1044,29754,458.553,2016811.6010,0,2025-07-25 08:00:00
1753444800000,4394.0,4479.2,4373.1,4462.2,844.774,1753459199999,3743664.6890,29093,474.701,2104404.0883,0,2025-07-25 12:00:00
1753459200000,4462.1,4477.0,4417.0,4454.0,457.423,1753473599999,2035538.4911,17254,203.153,904587.1435,0,2025-07-25 16:00:00
1753473600000,4454.0,4457.4,4385.3,4388.6,349.421,1753487999999,1539883.3683,16153,161.939,713219.6434,0,2025-07-25 20:00:00
1753488000000,4388.0,4414.0,4363.0,4384.8,507.292,1753502399999,2228111.3552,16458,233.748,1026871.8447,0,2025-07-26 00:00:00
1753502400000,4384.7,4385.9,4357.3,4372.5,419.210,1753516799999,1832067.8775,12388,178.709,780754.8542,0,2025-07-26 04:00:00
1753516800000,4372.1,4385.2,4334.3,4380.4,519.831,1753531199999,2267587.2698,16955,268.827,1173092.3490,0,2025-07-26 08:00:00
1753531200000,4380.4,4397.8,4366.7,4377.0,338.078,1753545599999,1481520.7532,15753,183.836,805818.0354,0,2025-07-26 12:00:00
1753545600000,4376.1,4414.2,4365.3,4370.0,254.910,1753559999999,1118281.9875,13722,135.447,593931.2337,0,2025-07-26 16:00:00
1753560000000,4371.0,4385.0,4334.4,4375.9,210.162,1753574399999,917960.1463,11017,94.113,411056.9403,0,2025-07-26 20:00:00
1753574400000,4376.2,4391.1,4341.2,4346.5,498.358,1753588799999,2174274.9323,18921,227.907,994513.9010,0,2025-07-27 00:00:00
1753588800000,4346.5,4358.7,4316.0,4352.6,498.286,1753603199999,2164279.1764,13506,307.282,1334786.4996,0,2025-07-27 04:00:00
1753603200000,4352.4,4372.1,4312.9,4336.1,374.365,1753617599999,1625082.5928,13517,146.809,637052.3582,0,2025-07-27 08:00:00
1753617600000,4337.2,4364.3,4311.4,4337.9,465.610,1753631999999,2017978.7624,16525,228.409,990383.2734,0,2025-07-27 12:00:00
1753632000000,4337.4,4361.4,4308.7,4330.0,476.108,1753646399999,2061490.1250,19043,232.035,1004752.6807,0,2025-07-27 16:00:00
1753646400000,4329.7,4337.2,4301.6,4304.0,361.932,1753660799999,1562387.8880,15960,138.515,598104.2411,0,2025-07-27 20:00:00
1753660800000,4304.5,4318.0,4264.1,4269.7,918.803,1753675199999,3937726.3699,25369,458.149,1962400.5723,0,2025-07-28 00:00:00
1753675200000,4270.5,4283.9,4221.0,4246.9,967.342,1753689599999,4107384.9681,29632,437.761,1859418.6558,0,2025-07-28 04:00:00
1753689600000,4246.9,4279.2,4238.4,4266.5,352.366,1753703999999,1499743.5029,13034,158.052,672888.2471,0,2025-07-28 08:00:00
1753704000000,4266.4,4363.0,4253.2,4340.9,1093.408,1753718399999,4722670.1219,27772,622.890,2690213.4059,0,2025-07-28 12:00:00
1753718400000,4340.7,4379.5,4325.0,4356.0,888.957,1753732799999,3872332.5671,25220,436.968,1903965.4700,0,2025-07-28 16:00:00
1753732800000,4355.6,4398.8,4351.4,4382.3,636.930,1753747199999,2789621.7558,23192,373.191,1634700.4728,0,2025-07-28 20:00:00
1753747200000,4382.5,4423.0,4357.1,4394.2,1215.908,1753761599999,5343824.9617,31100,641.229,2818987.1281,0,2025-07-29 00:00:00
1753761600000,4394.3,4406.6,4330.4,4333.6,828.346,1753775999999,3619935.9377,20165,361.170,1579401.8076,0,2025-07-29 04:00:00
1753776000000,4333.5,4382.9,4322.2,4376.8,613.502,1753790399999,2671120.5583,20205,349.673,1522762.1719,0,2025-07-29 08:00:00
1753790400000,4376.7,4425.0,4345.0,4405.0,1043.064,1753804799999,4585335.8262,26785,508.904,2238143.1190,0,2025-07-29 12:00:00
1753804800000,4405.5,4445.8,4381.2,4404.0,947.906,1753819199999,4178704.5733,24056,401.947,1772702.9436,0,2025-07-29 16:00:00
1753819200000,4404.2,4422.1,4200.0,4390.0,896.614,1753833599999,3925515.2951,23343,429.486,1885846.8080,0,2025-07-29 20:00:00
1753833600000,4389.4,4421.6,4359.1,4382.9,451.851,1753847999999,1983442.1427,16927,221.201,971607.0917,0,2025-07-30 00:00:00
1753848000000,4383.0,4410.5,4377.0,4402.5,333.386,1753862399999,1465192.0075,13819,188.949,830514.7984,0,2025-07-30 04:00:00
1753862400000,4402.5,4480.8,4394.2,4466.8,664.903,1753876799999,2953459.4378,23644,365.797,1625381.5157,0,2025-07-30 08:00:00
1753876800000,4466.9,4476.4,4418.2,4418.7,687.381,1753891199999,3058948.3175,24857,313.508,1395281.5414,0,2025-07-30 12:00:00
1753891200000,4419.0,4496.7,4380.0,4428.2,1136.290,1753905599999,5042312.5865,28742,529.226,2349702.9060,0,2025-07-30 16:00:00
1753905600000,4428.6,4456.0,4401.4,4417.6,426.969,1753919999999,1890740.8924,14793,185.132,819897.9157,0,2025-07-30 20:00:00
1753920000000,4417.6,4427.5,4373.2,4380.8,455.437,1753934399999,2000426.5574,12472,158.170,694921.0164,0,2025-07-31 00:00:00
1753934400000,4380.1,4387.9,4367.6,4377.1,156.323,1753948799999,684443.7599,6766,69.558,304603.7332,0,2025-07-31 04:00:00
1753948800000,4376.2,4396.0,4360.9,4389.9,301.710,1753963199999,1319498.2929,9308,135.520,592783.5731,0,2025-07-31 08:00:00
1753963200000,4389.9,4470.0,4387.4,4451.0,642.041,1753977599999,2849833.1452,22237,329.712,1462781.9873,0,2025-07-31 12:00:00
1753977600000,4450.2,4459.6,4420.7,4448.7,437.469,1753991999999,1943114.7954,17701,194.923,865953.5248,0,2025-07-31 16:00:00
1753992000000,4449.4,4475.0,4437.3,4463.8,416.344,1754006399999,1856084.5694,18707,206.744,921688.5902,0,2025-07-31 20:00:00
1754006400000,4463.9,4519.3,4451.5,4471.8,896.889,1754020799999,4019751.9866,27395,456.642,2047485.6041,0,2025-08-01 00:00:00
1754020800000,4471.7,4527.5,4471.7,4506.5,721.246,1754035199999,3249271.2637,24205,320.927,1446047.5568,0,2025-08-01 04:00:00
1754035200000,4507.0,4555.0,4506.8,4514.0,998.423,1754049599999,4527251.3161,30802,501.234,2273057.6877,0,2025-08-01 08:00:00
1754049600000,4514.5,4550.4,4498.6,4515.3,958.242,1754063999999,4333203.5171,28036,477.085,2158137.2763,0,2025-08-01 12:00:00
1754064000000,4516.1,4552.3,4491.3,4504.0,780.110,1754078399999,3526993.7460,24360,368.353,1665871.8401,0,2025-08-01 16:00:00
1754078400000,4504.0,4631.4,4499.9,4565.7,1417.144,1754092799999,6469948.3368,36511,774.035,3535095.4384,0,2025-08-01 20:00:00
1754092800000,4565.2,4583.1,4532.8,4547.0,547.219,1754107199999,2492970.3256,16024,253.617,1155730.1849,0,2025-08-02 00:00:00
1754107200000,4547.1,4609.8,4527.7,4555.6,737.196,1754121599999,3373682.5394,21607,368.022,1685281.1563,0,2025-08-02 04:00:00
1754121600000,4555.5,4605.4,4548.8,4580.9,470.299,1754135999999,2153633.2077,21146,225.794,1034164.8568,0,2025-08-02 08:00:00
1754136000000,4581.2,4642.1,4560.4,4632.0,798.652,1754150399999,3676808.6573,22387,460.674,2121476.2709,0,2025-08-02 12:00:00
1754150400000,4632.7,4719.7,4620.0,4691.2,1555.359,1754164799999,7258780.4165,38703,830.338,3876867.0228,0,2025-08-02 16:00:00
1754164800000,4692.0,4717.0,4650.8,4696.0,584.810,1754179199999,2738788.1870,22747,266.952,1250518.8749,0,2025-08-02 20:00:00
1754179200000,4695.9,4734.1,4659.8,4666.8,600.147,1754193599999,2815098.2184,19184,262.001,1229358.2873,0,2025-08-03 00:00:00
1754193600000,4666.8,4674.8,4637.9,4643.0,303.886,1754207999999,1415627.4556,10806,131.426,612309.5367,0,2025-08-03 04:00:00
1754208000000,4642.7,4647.7,4595.7,4620.0,501.768,1754222399999,2319790.5837,13495,185.517,857735.7604,0,2025-08-03 08:00:00
1754222400000,4620.1,4640.0,4613.0,4620.7,481.351,1754236799999,2226835.9936,14898,204.641,946847.5214,0,2025-08-03 12:00:00
1754236800000,4620.7,4628.8,4597.5,4616.7,283.095,1754251199999,1306338.3466,12657,131.730,607821.6006,0,2025-08-03 16:00:00
1754251200000,4614.9,4626.8,4583.5,4599.0,171.660,1754265599999,791022.6657,9393,83.849,386487.3676,0,2025-08-03 20:00:00
1754265600000,4598.9,4606.9,4540.0,4551.0,488.139,1754279999999,2226924.8141,16003,217.825,993908.2377,0,2025-08-04 00:00:00
1754280000000,4551.0,4576.5,4542.0,4545.4,292.607,1754294399999,1334497.3005,10605,141.405,644879.9077,0,2025-08-04 04:00:00
1754294400000,4545.7,4552.8,4530.0,4549.3,354.052,1754308799999,1607943.0413,12945,182.274,827918.6151,0,2025-08-04 08:00:00
1754308800000,4549.2,4555.7,4467.7,4479.6,758.294,1754323199999,3406979.8115,21914,347.383,1560643.4695,0,2025-08-04 12:00:00
1754323200000,4480.5,4481.0,4426.4,4456.3,742.105,1754337599999,3303200.3033,19225,342.064,1522596.1378,0,2025-08-04 16:00:00
1754337600000,4456.3,4461.4,4407.9,4411.6,472.346,1754351999999,2090379.3611,15527,231.592,1024810.8387,0,2025-08-04 20:00:00
1754352000000,4411.5,4453.0,4407.0,4448.5,430.763,1754366399999,1909286.8275,13448,168.709,747898.0766,0,2025-08-05 00:00:00
1754366400000,4448.1,4490.4,4428.7,4483.6,369.829,1754380799999,1649505.9600,12673,203.957,909687.0886,0,2025-08-05 04:00:00
1754380800000,4483.7,4488.6,4421.8,4432.9,372.881,1754395199999,1660594.1196,13756,175.953,783534.4344,0,2025-08-05 08:00:00
1754395200000,4432.6,4508.5,4430.0,4499.9,678.025,1754409599999,3038680.2373,20907,349.992,1568369.2575,0,2025-08-05 12:00:00
1754409600000,4498.8,4549.3,4486.3,4540.5,480.706,1754423999999,2168149.4082,17012,257.498,1161959.2344,0,2025-08-05 16:00:00
1754424000000,4541.4,4564.1,4508.5,4517.7,461.423,1754438399999,2092655.1748,15479,184.580,837919.6670,0,2025-08-05 20:00:00
1754438400000,4518.4,4554.9,4515.7,4542.8,397.086,1754452799999,1801637.3389,13786,198.832,902315.5462,0,2025-08-06 00:00:00
1754452800000,4543.0,4552.8,4488.4,4495.8,390.683,1754467199999,1763123.1235,13174,164.250,741253.2400,0,2025-08-06 04:00:00
1754467200000,4496.0,4521.5,4489.2,4514.1,298.479,1754481599999,1345308.0157,10880,152.862,689014.3596,0,2025-08-06 08:00:00
1754481600000,4514.1,4537.9,4487.1,4489.1,645.703,1754495999999,2915272.7007,18605,326.607,1474961.0121,0,2025-08-06 12:00:00
1754496000000,4489.1,4511.4,4469.6,4472.2,347.047,1754510399999,1557469.4820,12357,167.830,753074.0255,0,2025-08-06 16:00:00
1754510400000,4472.2,4484.3,4466.0,4471.4,265.737,1754524799999,1188853.2062,8498,124.610,557459.8126,0,2025-08-06 20:00:00
1754524800000,4471.5,4485.9,4439.9,4483.4,497.904,1754539199999,2224471.5210,12704,227.090,1014596.7862,0,2025-08-07 00:00:00
1754539200000,4483.3,4485.1,4431.2,4443.8,431.876,1754553599999,1922876.7663,12237,221.665,987144.1093,0,2025-08-07 04:00:00
1754553600000,4443.4,4451.5,4381.5,4385.9,1030.238,1754567999999,4537658.3386,23168,485.085,2136871.9820,0,2025-08-07 08:00:00
1754568000000,4385.8,4418.2,4364.6,4398.2,895.787,1754582399999,3933867.1188,21560,443.174,1946778.8227,0,2025-08-07 12:00:00
1754582400000,4398.4,4429.1,4392.4,4392.4,570.650,1754596799999,2515944.2530,15320,305.426,1346871.2001,0,2025-08-07 16:00:00
1754596800000,4392.5,4393.3,4289.0,4293.0,1253.736,1754611199999,5431500.2251,28273,553.204,2395885.7086,0,2025-08-07 20:00:00
1754611200000,4293.1,4312.3,4235.3,4243.7,1119.696,1754625599999,4788154.7596,25039,456.163,1954156.3576,0,2025-08-08 00:00:00
1754625600000,4243.2,4280.5,4237.4,4250.6,621.651,1754639999999,2647738.8620,20594,323.204,1377044.9702,0,2025-08-08 04:00:00
1754640000000,4250.3,4276.7,4240.5,4254.8,602.264,1754654399999,2566361.8497,13711,222.190,946474.2514,0,2025-08-08 08:00:00
1754654400000,4254.8,4271.2,4200.0,4252.4,1680.270,1754668799999,7111325.5793,28697,786.927,3333544.1410,0,2025-08-08 12:00:00
1754668800000,4252.4,4252.4,4155.8,4156.8,1047.843,1754683199999,4402828.8766,28329,423.105,1778881.6600,0,2025-08-08 16:00:00
1754683200000,4156.5,4209.8,4149.5,4208.0,624.065,1754697599999,2610601.8568,15529,379.358,1586406.6857,0,2025-08-08 20:00:00
1754697600000,4208.1,4208.3,4165.8,4169.2,432.598,1754711999999,1808903.8551,12764,231.407,967746.2998,0,2025-08-09 00:00:00
1754712000000,4169.3,4178.0,4075.8,4102.6,1895.066,1754726399999,7785210.3878,32207,851.836,3499862.9533,0,2025-08-09 04:00:00
1754726400000,4103.0,4112.3,4077.1,4109.2,993.516,1754740799999,4072348.7851,25535,520.718,2134511.0719,0,2025-08-09 08:00:00
1754740800000,4109.1,4139.8,4086.0,4103.4,1286.866,1754755199999,5285427.8921,29325,631.239,2592444.6886,0,2025-08-09 12:00:00
1754755200000,4102.9,4104.6,4057.2,4067.1,793.576,1754769599999,3234570.4068,22813,387.570,1580017.5287,0,2025-08-09 16:00:00
1754769600000,4067.2,4099.5,4046.9,4085.4,745.251,1754783999999,3034964.1517,19107,339.630,1383302.4506,0,2025-08-09 20:00:00
1754784000000,4085.7,4140.0,4043.1,4126.3,1112.948,1754798399999,4556261.6858,26459,568.304,2327190.7694,0,2025-08-10 00:00:00
1754798400000,4126.4,4188.2,4106.0,4182.4,822.464,1754812799999,3411948.9277,20672,458.179,1902386.0809,0,2025-08-10 04:00:00
1754812800000,4182.9,4208.5,4158.9,4205.4,1020.861,1754827199999,4274251.4517,21460,545.095,2283548.1106,0,2025-08-10 08:00:00
1754827200000,4205.4,4233.0,4174.2,4187.5,1057.778,1754841599999,4447008.4554,25079,505.939,2128280.7116,0,2025-08-10 12:00:00
1754841600000,4187.7,4195.4,4156.9,4163.9,287.261,1754855999999,1198240.9348,9387,135.130,563621.2244,0,2025-08-10 16:00:00
1754856000000,4163.9,4205.6,4163.3,4189.2,339.703,1754870399999,1421156.2791,11387,173.355,725378.2247,0,2025-08-10 20:00:00
1754870400000,4189.1,4217.5,4146.8,4200.6,935.481,1754884799999,3917579.3191,20768,440.587,1844485.6378,0,2025-08-11 00:00:00
1754884800000,4200.6,4249.1,4175.7,4240.3,933.076,1754899199999,3938013.4434,21421,492.257,2077247.8122,0,2025-08-11 04:00:00
1754899200000,4240.3,4281.9,4206.3,4277.7,1256.178,1754913599999,5328850.8324,25346,686.471,2912741.3407,0,2025-08-11 08:00:00
1754913600000,4277.7,4286.6,4192.5,4193.8,1341.459,1754927999999,5688276.9291,28430,595.645,2526938.8898,0,2025-08-11 12:00:00
1754928000000,4193.8,4215.4,4170.3,4212.3,596.518,1754942399999,2502317.9979,16554,270.324,1134182.2338,0,2025-08-11 16:00:00
1754942400000,4212.3,4250.0,4200.2,4235.9,762.192,1754956799999,3223024.3466,18995,430.291,1819340.6256,0,2025-08-11 20:00:00
1754956800000,4235.8,4237.7,4180.3,4197.0,367.974,1754971199999,1546109.7717,12006,164.798,692157.9760,0,2025-08-12 00:00:00
1754971200000,4196.9,4213.3,4175.8,4186.6,356.839,1754985599999,1496346.7581,13173,163.327,684815.9133,0,2025-08-12 04:00:00
1754985600000,4186.2,4219.1,4178.1,4192.0,367.801,1754999999999,1543536.6000,13037,153.707,645271.4368,0,2025-08-12 08:00:00
1755000000000,4191.3,4193.1,4100.0,4102.8,1395.542,1755014399999,5774906.9455,26382,585.836,2424713.0145,0,2025-08-12 12:00:00
1755014400000,4103.3,4109.7,4014.2,4015.5,1193.605,1755028799999,4842900.8130,24752,512.158,2077686.3636,0,2025-08-12 16:00:00
1755028800000,4015.0,4021.4,3976.4,4006.9,1284.611,1755043199999,5133822.0299,26574,639.483,2556016.2821,0,2025-08-12 20:00:00
1755043200000,4007.3,4014.6,3948.0,3952.0,989.494,1755057599999,3941942.5724,23800,478.439,1907005.1729,0,2025-08-13 00:00:00
1755057600000,3952.2,3982.7,3931.4,3955.1,1050.504,1755071999999,4156662.1543,22897,547.848,2167704.1480,0,2025-08-13 04:00:00
1755072000000,3955.1,3958.9,3907.7,3937.4,1436.754,1755086399999,5655266.7855,25093,709.296,2791267.2752,0,2025-08-13 08:00:00
1755086400000,3937.2,4016.6,3900.0,3980.7,2125.632,1755100799999,8433115.0965,32803,1236.246,4905017.5180,0,2025-08-13 12:00:00
1755100800000,3981.5,4003.6,3963.1,3991.3,685.830,1755115199999,2729330.9947,16764,337.429,1342876.8095,0,2025-08-13 16:00:00
1755115200000,3991.4,4023.8,3986.5,4007.3,505.570,1755129599999,2024241.3156,17633,258.221,1034137.2115,0,2025-08-13 20:00:00
1755129600000,4007.4,4040.0,3946.6,3953.8,720.968,1755143999999,2880804.7887,21173,308.514,1233608.3753,0,2025-08-14 00:00:00
1755144000000,3953.5,3973.3,3912.2,3939.8,981.795,1755158399999,3870788.1618,21418,486.763,1918186.6774,0,2025-08-14 04:00:00
1755158400000,3939.7,3980.0,3931.5,3948.9,975.750,1755172799999,3857873.5184,22008,495.269,1958173.4700,0,2025-08-14 08:00:00
1755172800000,3948.2,4068.7,3929.1,3965.8,3679.774,1755187199999,14702532.1227,58711,1918.991,7672027.4688,0,2025-08-14 12:00:00
1755187200000,3965.8,4037.8,3964.4,4013.9,1115.823,1755201599999,4467552.4017,27880,580.784,2324992.7898,0,2025-08-14 16:00:00
1755201600000,4015.9,4065.0,4010.1,4018.7,896.422,1755215999999,3622792.5183,25739,433.867,1753338.2864,0,2025-08-14 20:00:00
1755216000000,4018.7,4023.2,3971.9,3976.8,515.137,1755230399999,2059495.6811,16169,246.505,985650.5409,0,2025-08-15 00:00:00
1755230400000,3976.2,3989.9,3955.4,3968.2,420.008,1755244799999,1668976.2113,13662,208.280,827825.2065,0,2025-08-15 04:00:00
1755244800000,3968.6,3994.0,3958.3,3985.5,534.501,1755259199999,2123666.1273,14412,273.327,1085881.7690,0,2025-08-15 08:00:00
1755259200000,3986.1,4089.4,3960.0,4077.7,2196.396,1755273599999,8833700.6178,38437,1151.069,4631154.2672,0,2025-08-15 12:00:00
1755273600000,4076.7,4108.2,4060.3,4083.8,1203.901,1755287999999,4916029.0210,27332,636.173,2597850.8739,0,2025-08-15 16:00:00
1755288000000,4083.8,4093.3,4024.7,4049.0,472.912,1755302399999,1918399.9733,15903,224.150,909163.4395,0,2025-08-15 20:00:00
1755302400000,4049.0,4071.0,4023.4,4042.2,528.786,1755316799999,2135912.4732,14314,248.052,1002222.2195,0,2025-08-16 00:00:00
1755316800000,4042.2,4061.4,4019.6,4024.1,295.705,1755331199999,1195305.0619,10420,135.290,546985.0904,0,2025-08-16 04:00:00
1755331200000,4024.1,4077.8,4020.0,4077.1,403.336,1755345599999,1631981.0566,13688,222.742,901643.2065,0,2025-08-16 08:00:00
1755345600000,4077.0,4087.7,4055.2,4068.1,500.465,1755359999999,2035794.8881,16788,233.573,950119.9760,0,2025-08-16 12:00:00
1755360000000,4068.2,4078.0,4045.9,4056.2,262.361,1755374399999,1066363.8404,10427,122.610,498418.1186,0,2025-08-16 16:00:00
1755374400000,4056.7,4059.6,4035.3,4038.3,189.416,1755388799999,766320.1490,8967,90.965,367986.1956,0,2025-08-16 20:00:00
1755388800000,4038.3,4056.3,4014.4,4018.4,377.609,1755403199999,1523488.1703,10564,172.186,694533.1334,0,2025-08-17 00:00:00
1755403200000,4018.4,4023.7,3995.8,4013.1,482.639,1755417599999,1934069.8804,13174,242.016,969867.9906,0,2025-08-17 04:00:00
1755417600000,4013.1,4017.3,3967.0,3971.1,588.059,1755431999999,2341972.8323,15579,276.102,1099719.3667,0,2025-08-17 08:00:00
1755432000000,3971.1,3991.3,3950.4,3950.9,484.729,1755446399999,1927758.7787,16047,252.789,1005336.8531,0,2025-08-17 12:00:00
1755446400000,3951.0,4022.5,3947.2,4008.5,617.922,1755460799999,2463677.6242,17353,336.822,1343061.8002,0,2025-08-17 16:00:00
1755460800000,4007.9,4008.7,3973.0,3993.6,542.314,1755475199999,2164997.7726,15252,261.674,1044566.5251,0,2025-08-17 20:00:00
1755475200000,3993.9,4083.2,3990.7,4057.6,1039.190,1755489599999,4198023.0441,28319,520.143,2101001.2575,0,2025-08-18 00:00:00
1755489600000,4057.4,4117.9,4047.5,4105.3,734.708,1755503999999,3002428.1012,20989,391.920,1602219.9020,0,2025-08-18 04:00:00
1755504000000,4105.4,4114.4,4062.0,4088.5,747.656,1755518399999,3059534.1204,22300,361.765,1481037.1372,0,2025-08-18 08:00:00
1755518400000,4088.5,4092.5,4047.4,4069.8,808.933,1755532799999,3291318.6421,26485,367.954,1497503.4969,0,2025-08-18 12:00:00
1755532800000,4070.8,4150.0,4042.5,4055.6,833.332,1755547199999,3401071.6820,23902,453.779,1854257.0273,0,2025-08-18 16:00:00
1755547200000,4055.1,4076.0,4042.3,4072.1,355.342,1755561599999,1442253.1444,16239,169.645,688689.8859,0,2025-08-18 20:00:00
1755561600000,4072.1,4117.3,4052.4,4112.8,647.502,1755575999999,2644749.5461,21705,343.834,1404818.4032,0,2025-08-19 00:00:00
1755576000000,4112.8,4130.0,4085.0,4101.1,371.349,1755590399999,1526095.9458,15267,195.576,803796.3989,0,2025-08-19 04:00:00
1755590400000,4100.2,4111.9,4060.8,4064.1,326.885,1755604799999,1334598.5326,12007,162.563,664080.7629,0,2025-08-19 08:00:00
1755604800000,4063.5,4120.0,4054.0,4115.5,652.801,1755619199999,2671197.2025,20828,313.896,1284806.4089,0,2025-08-19 12:00:00
1755619200000,4114.2,4147.2,4104.6,4136.9,673.936,1755633599999,2779385.5278,22556,364.036,1501365.4938,0,2025-08-19 16:00:00
1755633600000,4137.1,4174.8,4122.2,4171.7,498.815,1755647999999,2067596.3543,15245,287.189,1190979.3543,0,2025-08-19 20:00:00
1755648000000,4171.3,4173.0,4124.3,4138.3,509.011,1755662399999,2114033.0531,16808,262.870,1092198.2357,0,2025-08-20 00:00:00
1755662400000,4138.2,4138.6,4104.0,4119.0,332.344,1755676799999,1369351.6371,11157,156.693,645879.8047,0,2025-08-20 04:00:00
1755676800000,4118.1,4137.4,4087.5,4114.2,413.022,1755691199999,1694753.4588,14658,190.076,780149.5235,0,2025-08-20 08:00:00
1755691200000,4114.1,4148.3,4042.2,4056.7,1013.089,1755705599999,4146161.2184,23629,482.772,1976529.3266,0,2025-08-20 12:00:00
1755705600000,4056.7,4056.7,3989.7,3991.7,1038.621,1755719999999,4177304.5078,25131,555.068,2232231.2574,0,2025-08-20 16:00:00
1755720000000,3991.9,4010.9,3980.8,4007.1,689.840,1755734399999,2754907.5225,16072,354.180,1414611.4368,0,2025-08-20 20:00:00
1755734400000,4007.1,4039.5,4002.1,4017.8,501.710,1755748799999,2015108.9611,14365,273.253,1097734.1080,0,2025-08-21 00:00:00
1755748800000,4017.9,4037.0,4004.5,4021.0,379.517,1755763199999,1524983.8488,11842,192.986,775443.7551,0,2025-08-21 04:00:00
1755763200000,4020.3,4050.2,4016.9,4029.2,521.182,1755777599999,2103640.4280,12253,324.569,1310435.1760,0,2025-08-21 08:00:00
1755777600000,4028.6,4055.2,4015.7,4051.4,706.747,1755791999999,2854925.3261,20383,334.332,1350521.6327,0,2025-08-21 12:00:00
1755792000000,4050.7,4058.5,4016.2,4049.1,673.813,1755806399999,2724806.5872,17065,341.758,1382229.9668,0,2025-08-21 16:00:00
1755806400000,4049.2,4065.7,4035.5,4060.6,582.685,1755820799999,2359392.6974,14675,279.917,1133475.7295,0,2025-08-21 20:00:00
1755820800000,4060.6,4064.9,4028.2,4050.7,479.957,1755835199999,1943274.8007,14947,237.232,960522.0226,0,2025-08-22 00:00:00
1755835200000,4050.6,4051.8,4005.6,4015.0,460.042,1755849599999,1854142.9214,13781,231.695,933815.2098,0,2025-08-22 04:00:00
1755849600000,4016.0,4048.4,3997.4,4048.4,773.869,1755863999999,3109687.5572,14867,389.386,1564566.5557,0,2025-08-22 08:00:00
1755864000000,4048.3,4081.8,3880.0,3916.8,4011.575,1755878399999,15834909.7148,52509,1919.637,7568580.5011,0,2025-08-22 12:00:00
1755878400000,3916.8,3916.8,3778.7,3798.0,2252.612,1755892799999,8638711.3226,38287,970.051,3714809.0558,0,2025-08-22 16:00:00
1755892800000,3797.6,3813.9,3768.6,3796.8,935.353,1755907199999,3547761.3173,23506,412.775,1565579.7172,0,2025-08-22 20:00:00
1755907200000,3796.9,3876.1,3792.5,3848.4,1011.240,1755921599999,3879478.7198,26029,431.223,1655420.9753,0,2025-08-23 00:00:00
1755921600000,3848.2,3851.2,3790.1,3814.5,707.884,1755935999999,2696163.3689,19495,301.724,1149468.7503,0,2025-08-23 04:00:00
1755936000000,3814.8,3824.5,3797.8,3809.3,500.220,1755950399999,1906598.2598,15735,229.488,874884.4107,0,2025-08-23 08:00:00
1755950400000,3809.8,3819.5,3776.6,3783.0,575.807,1755964799999,2185210.8803,16040,257.461,977358.6661,0,2025-08-23 12:00:00
1755964800000,3783.1,3802.8,3777.7,3786.6,318.034,1755979199999,1204935.7839,9353,143.430,543423.9059,0,2025-08-23 16:00:00
1755979200000,3786.6,3799.6,3766.2,3782.5,306.758,1755993599999,1161514.2462,10215,143.261,542642.1326,0,2025-08-23 20:00:00
1755993600000,3782.5,3783.4,3754.8,3759.8,505.414,1756007999999,1905258.0798,15538,256.342,966527.9983,0,2025-08-24 00:00:00
1756008000000,3759.7,3788.0,3754.6,3787.0,354.255,1756022399999,1336691.8694,11746,175.753,663140.9708,0,2025-08-24 04:00:00
1756022400000,3786.7,3822.9,3771.6,3806.4,435.717,1756036799999,1655629.6067,14381,219.758,834909.5955,0,2025-08-24 08:00:00
1756036800000,3806.5,3811.3,3748.2,3766.7,439.522,1756051199999,1661395.7019,14732,209.727,792581.2507,0,2025-08-24 12:00:00
1756051200000,3767.0,3830.0,3647.3,3693.0,3242.448,1756065599999,11986449.4592,48701,1539.021,5691141.5117,0,2025-08-24 16:00:00
1756065600000,3692.2,3753.9,3689.2,3734.0,1344.333,1756079999999,4997643.7441,32934,662.341,2462783.8084,0,2025-08-24 20:00:00
1756080000000,3734.0,3765.8,3713.9,3730.6,697.280,1756094399999,2607622.5074,21717,336.799,1259748.0565,0,2025-08-25 00:00:00
1756094400000,3731.0,3807.6,3730.6,3802.0,1203.159,1756108799999,4526995.7198,22541,652.602,2454011.2364,0,2025-08-25 04:00:00
1756108800000,3802.0,3842.2,3791.0,3801.0,906.110,1756123199999,3456098.4829,23337,437.884,1670547.5004,0,2025-08-25 08:00:00
1756123200000,3801.0,3830.0,3774.1,3825.3,578.107,1756137599999,2195785.8360,20406,297.767,1130728.7043,0,2025-08-25 12:00:00
1756137600000,3825.4,3896.7,3822.2,3893.5,1243.807,1756151999999,4793994.0614,27612,696.823,2685790.4942,0,2025-08-25 16:00:00
1756152000000,3893.6,3936.1,3879.3,3919.1,1590.479,1756166399999,6217594.5277,31388,821.736,3212069.5448,0,2025-08-25 20:00:00
1756166400000,3919.1,3924.7,3860.1,3893.1,726.148,1756180799999,2828056.2018,22156,350.450,1365007.0868,0,2025-08-26 00:00:00
1756180800000,3892.9,3893.4,3868.3,3880.7,531.377,1756195199999,2060721.8314,15429,259.554,1006499.8630,0,2025-08-26 04:00:00
1756195200000,3880.8,3890.9,3861.7,3875.4,439.172,1756209599999,1703772.0633,11618,219.791,852694.1938,0,2025-08-26 08:00:00
1756209600000,3875.1,3882.5,3802.3,3807.6,1102.782,1756223999999,4231418.7894,24244,545.927,2094480.3804,0,2025-08-26 12:00:00
1756224000000,3807.9,3815.6,3766.4,3770.7,423.013,1756238399999,1605590.6527,14260,201.078,763453.6745,0,2025-08-26 16:00:00
1756238400000,3770.1,3815.7,3770.1,3807.6,525.087,1756252799999,1993627.9356,16189,260.983,990778.9909,0,2025-08-26 20:00:00
1756252800000,3807.4,3823.9,3772.5,3781.2,517.856,1756267199999,1970105.4866,14599,254.170,967078.1410,0,2025-08-27 00:00:00
1756267200000,3781.7,3794.1,3755.4,3779.0,580.143,1756281599999,2189450.6098,14872,274.911,1037605.4618,0,2025-08-27 04:00:00
1756281600000,3778.9,3789.4,3759.3,3776.1,934.313,1756295999999,3526641.5144,13284,419.783,1583580.5788,0,2025-08-27 08:00:00
1756296000000,3776.6,3793.8,3763.5,3765.3,791.286,1756310399999,2992102.9516,14670,506.069,1913625.6777,0,2025-08-27 12:00:00
1756310400000,3765.8,3819.2,3765.3,3815.1,439.970,1756324799999,1667769.6584,10261,235.593,893418.5969,0,2025-08-27 16:00:00
1756324800000,3814.9,3837.8,3794.1,3832.3,847.778,1756339199999,3235127.1917,16573,465.950,1778396.3241,0,2025-08-27 20:00:00
1756339200000,3831.8,3847.8,3819.3,3822.8,363.309,1756353599999,1392741.4665,9248,172.855,662478.4442,0,2025-08-28 00:00:00
1756353600000,3822.8,3840.7,3816.3,3820.6,333.431,1756367999999,1276617.2840,9058,186.707,714960.9011,0,2025-08-28 04:00:00
1756368000000,3820.7,3829.9,3722.0,3811.3,654.709,1756382399999,2492012.0925,11307,269.253,1025845.6460,0,2025-08-28 08:00:00
1756382400000,3811.4,3860.1,3802.4,3854.7,513.232,1756396799999,1963819.3390,12071,315.764,1208705.3381,0,2025-08-28 12:00:00
1756396800000,3856.2,3877.2,3840.8,3870.2,469.098,1756411199999,1808868.6084,11833,266.365,1027312.5341,0,2025-08-28 16:00:00
1756411200000,3869.6,3874.0,3825.6,3834.7,282.588,1756425599999,1085457.8619,7629,160.137,615133.2455,0,2025-08-28 20:00:00
1756425600000,3836.2,3856.1,3816.7,3824.6,425.401,1756439999999,1631756.7885,8267,256.946,985903.4221,0,2025-08-29 00:00:00
1756440000000,3825.1,3878.0,3820.5,3863.6,480.124,1756454399999,1851315.0425,11180,233.959,901874.9159,0,2025-08-29 04:00:00
1756454400000,3863.8,3896.9,3860.5,3887.2,876.244,1756468799999,3401719.2915,14855,513.745,1994581.3929,0,2025-08-29 08:00:00
1756468800000,3887.5,3889.2,3827.5,3853.6,1366.769,1756483199999,5279041.2567,22207,774.823,2992309.6471,0,2025-08-29 12:00:00
1756483200000,3853.3,3872.6,3841.7,3847.3,600.468,1756497599999,2317019.1732,12957,323.794,1249288.4116,0,2025-08-29 16:00:00
1756497600000,3848.6,3863.2,3829.1,3832.8,477.313,1756511999999,1834885.2418,12164,228.061,876809.3272,0,2025-08-29 20:00:00
1756512000000,3832.8,3880.5,3818.7,3840.8,819.945,1756526399999,3157312.2106,16041,409.277,1575905.1182,0,2025-08-30 00:00:00
1756526400000,3840.7,3847.0,3804.4,3816.7,298.774,1756540799999,1142058.1294,8090,154.168,589343.3174,0,2025-08-30 04:00:00
1756540800000,3816.0,3843.2,3815.8,3840.2,287.853,1756555199999,1103532.8863,6595,149.318,572463.5137,0,2025-08-30 08:00:00
1756555200000,3840.1,3876.6,3836.3,3854.7,375.028,1756569599999,1448347.0727,9570,168.354,650094.4740,0,2025-08-30 12:00:00
1756569600000,3854.8,3872.2,3854.3,3862.1,269.292,1756583999999,1040334.8440,5658,134.129,518168.5135,0,2025-08-30 16:00:00
1756584000000,3862.1,3871.1,3839.5,3845.0,249.366,1756598399999,961858.2279,6569,108.192,417382.8502,0,2025-08-30 20:00:00
1756598400000,3845.0,3847.4,3795.1,3795.3,604.188,1756612799999,2305422.2315,10110,308.089,1175585.4406,0,2025-08-31 00:00:00
1756612800000,3795.1,3818.0,3787.1,3806.2,389.265,1756627199999,1478969.1165,7608,181.204,688693.8107,0,2025-08-31 04:00:00
1756627200000,3806.6,3808.8,3785.0,3785.3,332.690,1756641599999,1262986.1724,7310,167.196,634591.5718,0,2025-08-31 08:00:00
1756641600000,3785.4,3802.6,3770.8,3794.1,461.421,1756655999999,1747589.6684,8657,240.034,909054.6775,0,2025-08-31 12:00:00
1756656000000,3793.4,3818.6,3792.6,3817.5,320.783,1756670399999,1219951.3600,5650,160.356,609863.7976,0,2025-08-31 16:00:00
1756670400000,3816.6,3848.9,3805.5,3841.6,344.479,1756684799999,1317907.7138,9035,145.950,558239.8050,0,2025-08-31 20:00:00
1756684800000,3841.9,3855.9,3820.7,3836.0,556.806,1756699199999,2139283.7168,14084,272.615,1047263.6655,0,2025-09-01 00:00:00
1756699200000,3836.2,3868.0,3831.4,3834.6,504.386,1756713599999,1941839.4445,12099,269.707,1038171.5343,0,2025-09-01 04:00:00
1756713600000,3834.4,3872.5,3814.9,3866.3,780.437,1756727999999,2997272.5595,14837,371.634,1427654.7482,0,2025-09-01 08:00:00
1756728000000,3866.1,3966.1,3860.2,3893.1,1006.520,1756742399999,3909569.9043,22118,552.747,2148245.9244,0,2025-09-01 12:00:00
1756742400000,3893.1,3929.5,3891.4,3894.6,802.258,1756756799999,3136624.8542,18280,416.105,1626932.0744,0,2025-09-01 16:00:00
1756756800000,3894.3,3946.7,3894.0,3935.7,964.126,1756771199999,3788270.1926,20622,557.969,2192125.1059,0,2025-09-01 20:00:00
1756771200000,3935.7,3946.9,3910.3,3919.7,524.366,1756785599999,2059346.8346,12878,230.079,903753.0066,0,2025-09-02 00:00:00
1756785600000,3919.2,3923.4,3886.5,3908.9,481.792,1756799999999,1878939.5110,10939,252.296,983854.4155,0,2025-09-02 04:00:00
1756800000000,3909.0,3909.3,3886.1,3909.1,416.729,1756814399999,1625005.4737,8940,207.961,810952.6471,0,2025-09-02 08:00:00
1756814400000,3909.3,3988.9,3900.0,3981.6,1164.662,1756828799999,4589125.8391,20246,552.833,2179134.3601,0,2025-09-02 12:00:00
1756828800000,3981.5,3987.4,3942.3,3963.3,487.894,1756843199999,1934982.1233,13316,271.333,1076007.1347,0,2025-09-02 16:00:00
1756843200000,3962.6,3970.9,3922.4,3927.4,341.966,1756857599999,1348405.8825,10221,165.316,652132.0455,0,2025-09-02 20:00:00
1756857600000,3927.4,3960.5,3912.9,3923.1,336.666,1756871999999,1324482.4731,9966,161.000,633426.9489,0,2025-09-03 00:00:00
1756872000000,3923.2,3953.6,3922.3,3942.7,340.531,1756886399999,1339495.4623,8453,199.793,785935.6644,0,2025-09-03 04:00:00
1756886400000,3942.4,3943.3,3907.2,3914.7,398.434,1756900799999,1562890.5381,9288,179.381,703488.5877,0,2025-09-03 08:00:00
1756900800000,3914.9,3922.4,3872.4,3882.3,838.233,1756915199999,3264121.5729,16749,361.629,1408966.6552,0,2025-09-03 12:00:00
1756915200000,3882.3,3899.5,3881.8,3887.5,325.455,1756929599999,1265930.1084,10077,135.500,527074.3035,0,2025-09-03 16:00:00
1756929600000,3887.2,3903.0,3884.4,3888.1,208.662,1756943999999,812482.8882,7665,89.606,348899.6643,0,2025-09-03 20:00:00
1756944000000,3888.0,3916.0,3881.1,3906.9,260.182,1756958399999,1013897.7088,9357,116.089,452444.3697,0,2025-09-04 00:00:00
1756958400000,3906.5,3915.8,3897.6,3903.9,347.120,1756972799999,1356460.5228,9012,156.166,610399.5700,0,2025-09-04 04:00:00
1756972800000,3904.2,3912.2,3884.3,3899.3,397.579,1756987199999,1550277.6181,9408,208.398,812295.9114,0,2025-09-04 08:00:00
1756987200000,3899.4,3919.5,3890.1,3916.8,534.800,1757001599999,2088056.7897,10901,279.705,1091972.5835,0,2025-09-04 12:00:00
1757001600000,3918.0,3960.9,3912.1,3955.5,260.338,1757015999999,1024471.9098,8861,135.868,534774.8289,0,2025-09-04 16:00:00
1757016000000,3955.6,3971.8,3944.0,3971.1,291.966,1757030399999,1154875.1848,8784,141.922,561465.1375,0,2025-09-04 20:00:00
1757030400000,3971.1,3992.1,3958.0,3970.5,406.696,1757044799999,1616524.5347,9945,244.344,971584.2054,0,2025-09-05 00:00:00
1757044800000,3970.0,3984.9,3949.7,3956.8,634.956,1757059199999,2520521.3311,13417,321.666,1276912.4027,0,2025-09-05 04:00:00
1757059200000,3956.8,3971.9,3933.5,3940.9,418.321,1757073599999,1654005.6087,16278,173.981,687569.2245,0,2025-09-05 08:00:00
1757073600000,3941.0,3978.6,3919.0,3966.6,1216.477,1757087999999,4798762.8784,20383,560.948,2213011.8547,0,2025-09-05 12:00:00
1757088000000,3966.0,3972.6,3946.4,3954.1,272.515,1757102399999,1079771.7009,8131,125.573,497742.3366,0,2025-09-05 16:00:00
1757102400000,3953.6,3955.6,3937.2,3946.0,285.528,1757116799999,1126909.9655,6283,149.790,591151.0030,0,2025-09-05 20:00:00
1757116800000,3946.0,3953.8,3934.9,3946.1,264.262,1757131199999,1042600.9970,5279,123.933,488979.9056,0,2025-09-06 00:00:00
1757131200000,3946.1,3958.9,3945.0,3945.6,184.416,1757145599999,728761.7128,5253,85.454,337715.6855,0,2025-09-06 04:00:00
1757145600000,3945.5,3965.0,3945.2,3961.1,188.565,1757159999999,746412.1831,6575,115.898,458757.9831,0,2025-09-06 08:00:00
1757160000000,3961.0,3969.7,3954.3,3962.3,299.029,1757174399999,1184869.3037,7823,135.443,536691.5146,0,2025-09-06 12:00:00
1757174400000,3961.7,3969.0,3940.3,3965.1,279.036,1757188799999,1104390.0038,6768,136.060,538725.9510,0,2025-09-06 16:00:00
1757188800000,3965.1,3965.8,3947.0,3955.2,165.353,1757203199999,654300.6059,5162,64.691,256025.2782,0,2025-09-06 20:00:00
1757203200000,3955.2,3963.8,3938.4,3941.5,281.163,1757217599999,1110037.8425,6411,146.615,579033.4349,0,2025-09-07 00:00:00
1757217600000,3941.6,3948.9,3935.6,3945.6,179.139,1757231999999,706343.9112,5312,94.602,373014.2867,0,2025-09-07 04:00:00
1757232000000,3945.7,3956.6,3940.7,3950.4,174.611,1757246399999,689915.7439,4319,99.915,394867.8866,0,2025-09-07 08:00:00
1757246400000,3950.1,3955.7,3922.9,3935.8,415.125,1757260799999,1634964.1127,8094,224.427,883935.2973,0,2025-09-07 12:00:00
1757260800000,3935.8,3957.7,3934.2,3949.1,237.821,1757275199999,939083.9666,6047,102.165,403485.5979,0,2025-09-07 16:00:00
1757275200000,3949.4,3953.6,3910.7,3920.8,348.196,1757289599999,1368891.4988,7065,164.538,647042.6577,0,2025-09-07 20:00:00
1757289600000,3920.2,3926.9,3894.8,3903.9,414.860,1757303999999,1621579.0001,8621,167.499,654827.7407,0,2025-09-08 00:00:00
1757304000000,3903.8,3928.6,3896.7,3921.3,431.398,1757318399999,1689607.7538,8592,217.532,852086.6329,0,2025-09-08 04:00:00
1757318400000,3920.9,3933.4,3899.2,3916.5,361.129,1757332799999,1413728.2980,8729,177.951,696830.0330,0,2025-09-08 08:00:00
1757332800000,3916.8,3919.6,3886.3,3891.9,535.697,1757347199999,2088696.9272,10300,205.825,802314.4543,0,2025-09-08 12:00:00
1757347200000,3892.1,3922.8,3881.0,3914.9,758.664,1757361599999,2960804.4247,11166,319.489,1247063.4639,0,2025-09-08 16:00:00
1757361600000,3914.7,3922.7,3901.2,3906.2,197.528,1757375999999,772396.2847,6830,93.657,366255.2797,0,2025-09-08 20:00:00
1757376000000,3906.8,3914.5,3896.2,3900.6,491.547,1757390399999,1919205.9089,11848,258.330,1008706.8055,0,2025-09-09 00:00:00
1757390400000,3900.8,3910.9,3872.3,3882.7,508.877,1757404799999,1979955.3424,11198,221.455,861472.0490,0,2025-09-09 04:00:00
1757404800000,3882.7,3889.9,3875.4,3879.0,460.149,1757419199999,1786208.3677,11039,206.814,802793.4704,0,2025-09-09 08:00:00
1757419200000,3879.1,3909.0,3866.8,3887.9,897.733,1757433599999,3492348.1852,19127,445.665,1733889.7117,0,2025-09-09 12:00:00
1757433600000,3887.0,3891.1,3867.2,3881.3,655.933,1757447999999,2547148.4280,9978,365.082,1417946.1824,0,2025-09-09 16:00:00
1757448000000,3881.2,3888.8,3873.0,3883.7,342.647,1757462399999,1329943.1494,9039,194.232,753866.6548,0,2025-09-09 20:00:00
1757462400000,3883.7,3890.6,3855.8,3864.9,570.212,1757476799999,2206318.2082,10884,301.616,1166890.7903,0,2025-09-10 00:00:00
1757476800000,3865.0,3885.9,3864.5,3882.7,229.237,1757491199999,888214.1139,7003,111.051,430323.9242,0,2025-09-10 04:00:00
1757491200000,3882.8,3895.4,3881.1,3884.6,416.404,1757505599999,1618831.6515,9938,223.002,866913.4932,0,2025-09-10 08:00:00
1757505600000,3884.8,3894.1,3856.8,3881.0,637.079,1757519999999,2471116.1351,13705,326.580,1266890.3177,0,2025-09-10 12:00:00
1757520000000,3880.1,3934.1,3875.3,3925.3,666.262,1757534399999,2604341.8313,13401,291.744,1139268.6744,0,2025-09-10 16:00:00
1757534400000,3925.1,3930.7,3905.4,3909.5,343.342,1757548799999,1345383.6036,8364,164.494,644583.2119,0,2025-09-10 20:00:00
1757548800000,3909.5,3916.0,3882.8,3885.8,424.200,1757563199999,1653199.8474,9032,222.401,866574.7271,0,2025-09-11 00:00:00
1757563200000,3885.7,3887.7,3848.1,3860.3,608.738,1757577599999,2355487.2106,9733,373.254,1444129.2924,0,2025-09-11 04:00:00
1757577600000,3859.9,3871.9,3848.0,3859.2,366.710,1757591999999,1414938.5410,9607,199.570,770104.8832,0,2025-09-11 08:00:00
1757592000000,3859.2,3890.7,3828.0,3883.4,962.218,1757606399999,3724263.7360,19748,526.792,2039458.9153,0,2025-09-11 12:00:00
1757606400000,3882.9,3896.0,3867.1,3875.8,497.481,1757620799999,1929684.9976,11011,209.323,812355.3490,0,2025-09-11 16:00:00
1757620800000,3875.3,3883.5,3868.4,3878.5,355.439,1757635199999,1377858.9777,10567,175.755,681327.0866,0,2025-09-11 20:00:00
1757635200000,3878.5,3888.4,3833.5,3834.2,587.907,1757649599999,2264358.5033,12077,239.851,923994.8055,0,2025-09-12 00:00:00
1757649600000,3834.0,3837.3,3802.7,3812.0,1043.215,1757663999999,3980769.9162,23269,510.284,1947678.0068,0,2025-09-12 04:00:00
1757664000000,3812.0,3826.2,3809.9,3817.4,330.939,1757678399999,1263477.0926,8449,146.689,560004.6514,0,2025-09-12 08:00:00
1757678400000,3816.1,3828.7,3791.7,3810.1,513.047,1757692799999,1953120.8775,11228,244.364,930613.5312,0,2025-09-12 12:00:00
1757692800000,3810.9,3816.9,3750.0,3787.2,799.483,1757707199999,3031953.7201,16211,366.916,1392701.9600,0,2025-09-12 16:00:00
1757707200000,3787.3,3787.3,3728.3,3738.8,621.126,1757721599999,2331593.8219,12820,260.321,977612.6498,0,2025-09-12 20:00:00
1757721600000,3738.7,3747.4,3701.0,3705.0,464.971,1757735999999,1733175.0113,9614,220.530,822697.5407,0,2025-09-13 00:00:00
1757736000000,3705.0,3721.2,3696.2,3720.7,421.517,1757750399999,1563154.7157,7687,205.995,764331.2187,0,2025-09-13 04:00:00
1757750400000,3720.6,3720.7,3675.5,3694.7,543.892,1757764799999,2010988.5620,10324,237.978,880234.6740,0,2025-09-13 08:00:00
1757764800000,3694.7,3735.7,3686.6,3730.6,574.386,1757779199999,2133178.5834,12949,295.153,1096385.3592,0,2025-09-13 12:00:00
1757779200000,3730.6,3764.9,3724.0,3752.3,405.073,1757793599999,1516824.1685,10753,184.530,690836.4042,0,2025-09-13 16:00:00
1757793600000,3752.3,3754.3,3732.0,3733.7,139.971,1757807999999,523725.1275,5784,64.849,242747.7328,0,2025-09-13 20:00:00
1757808000000,3733.7,3752.2,3707.7,3734.1,859.181,1757822399999,3196457.6189,19586,443.493,1650474.2152,0,2025-09-14 00:00:00
1757822400000,3733.6,3751.0,3719.3,3742.2,320.706,1757836799999,1197578.0570,8103,158.054,590337.4151,0,2025-09-14 04:00:00
1757836800000,3741.1,3769.2,3735.9,3765.1,411.440,1757851199999,1542602.4196,9372,156.477,586996.6061,0,2025-09-14 08:00:00
1757851200000,3765.0,3798.7,3752.5,3787.1,758.971,1757865599999,2868114.2174,15562,420.043,1587782.6194,0,2025-09-14 12:00:00
1757865600000,3786.7,3793.5,3760.5,3784.1,323.767,1757879999999,1223981.6907,8550,148.556,561839.9514,0,2025-09-14 16:00:00
1757880000000,3784.2,3798.8,3773.6,3784.0,331.150,1757894399999,1253642.5622,7532,195.467,740344.7576,0,2025-09-14 20:00:00
1757894400000,3784.1,3787.9,3757.7,3758.9,209.026,1757908799999,788352.8339,6573,80.620,304112.1903,0,2025-09-15 00:00:00
1757908800000,3759.1,3822.4,3752.6,3816.7,547.814,1757923199999,2077714.1868,11649,314.227,1191993.4002,0,2025-09-15 04:00:00
1757923200000,3817.5,3863.8,3817.5,3836.2,1243.795,1757937599999,4781546.1101,20971,650.714,2501044.1254,0,2025-09-15 08:00:00
1757937600000,3836.3,3859.3,3815.4,3846.6,513.255,1757951999999,1970010.6521,11803,235.351,903304.8903,0,2025-09-15 12:00:00
1757952000000,3846.6,3872.7,3840.6,3869.9,303.040,1757966399999,1169181.8890,8936,134.259,517897.5225,0,2025-09-15 16:00:00
1757966400000,3870.8,3874.4,3838.4,3850.7,354.773,1757980799999,1366010.2848,7262,147.154,566843.1700,0,2025-09-15 20:00:00
1757980800000,3850.8,3909.4,3840.3,3856.5,449.162,1757995199999,1731827.7140,9370,270.911,1045166.5054,0,2025-09-16 00:00:00
1757995200000,3856.4,3877.7,3853.7,3857.5,308.017,1758009599999,1189838.5797,9100,152.941,590853.7948,0,2025-09-16 04:00:00
1758009600000,3857.6,3857.8,3837.5,3842.1,253.027,1758023999999,973001.9230,7534,120.441,463258.0777,0,2025-09-16 08:00:00
1758024000000,3841.3,3899.9,3834.7,3864.9,611.491,1758038399999,2366227.2220,13063,332.086,1285520.9834,0,2025-09-16 12:00:00
1758038400000,3866.5,3907.7,3826.0,3875.0,571.808,1758052799999,2212824.7118,9853,283.455,1097674.7510,0,2025-09-16 16:00:00
1758052800000,3876.0,3879.9,3856.8,3874.6,202.865,1758067199999,784745.2030,5001,110.779,428506.3148,0,2025-09-16 20:00:00
1758067200000,3874.5,3878.5,3852.7,3876.4,256.712,1758081599999,992313.4399,6547,111.476,430954.8278,0,2025-09-17 00:00:00
1758081600000,3876.4,4000.0,3866.4,3869.7,1290.778,1758095999999,5041046.6096,21314,634.229,2478711.5748,0,2025-09-17 04:00:00
1758096000000,3870.5,3890.6,3870.3,3878.3,200.317,1758110399999,777752.0536,6066,111.261,432028.9307,0,2025-09-17 08:00:00
1758110400000,3878.3,3881.1,3856.2,3868.6,188.799,1758124799999,729668.2261,5405,93.008,359388.0741,0,2025-09-17 12:00:00
1758124800000,3868.7,3875.0,3821.0,3822.2,953.770,1758139199999,3676228.9106,14566,494.809,1908041.6134,0,2025-09-17 16:00:00
1758139200000,3822.0,3844.3,3758.8,3771.2,932.666,1758153599999,3539098.1248,16713,455.064,1727388.6932,0,2025-09-17 20:00:00
1758153600000,3771.5,3787.9,3750.0,3780.9,930.100,1758167999999,3501843.6197,16371,446.354,1681043.8422,0,2025-09-18 00:00:00
1758168000000,3781.0,3815.7,3781.0,3791.3,357.257,1758182399999,1357041.0254,8041,155.096,588983.2406,0,2025-09-18 04:00:00
1758182400000,3791.1,3795.3,3771.0,3781.2,742.041,1758196799999,2805780.0289,12139,304.851,1152879.4992,0,2025-09-18 08:00:00
1758196800000,3781.1,3795.5,3772.5,3783.3,379.402,1758211199999,1435853.7498,7638,187.249,708991.2880,0,2025-09-18 12:00:00
1758211200000,3783.1,3786.6,3763.1,3783.5,292.936,1758225599999,1105285.7826,6514,145.947,550653.2087,0,2025-09-18 16:00:00
1758225600000,3783.3,3786.8,3776.0,3782.0,110.465,1758239999999,417681.3994,4328,48.426,183120.6618,0,2025-09-18 20:00:00
1758240000000,3782.1,3812.0,3768.4,3810.6,305.991,1758254399999,1158988.2460,8383,160.816,609272.8961,0,2025-09-19 00:00:00
1758254400000,3810.0,3824.6,3797.7,3812.1,390.712,1758268799999,1489975.8732,9349,172.199,656939.7096,0,2025-09-19 04:00:00
1758268800000,3812.2,3835.3,3807.1,3826.5,738.175,1758283199999,2819246.8874,13745,430.094,1642869.5763,0,2025-09-19 08:00:00
1758283200000,3826.4,3856.5,3805.1,3842.0,537.059,1758297599999,2058112.8236,12385,259.885,995554.7895,0,2025-09-19 12:00:00
1758297600000,3841.0,3861.6,3829.2,3841.5,212.623,1758311999999,817318.5374,7972,93.462,359422.4635,0,2025-09-19 16:00:00
1758312000000,3841.7,3854.4,3828.8,3839.7,183.796,1758326399999,705723.7579,6047,88.031,338108.3938,0,2025-09-19 20:00:00
1758326400000,3839.7,3877.6,3830.1,3832.5,485.957,1758340799999,1866406.4431,11266,267.039,1026110.1839,0,2025-09-20 00:00:00
1758340800000,3832.5,3836.0,3820.9,3826.8,150.039,1758355199999,574311.7097,5792,59.194,226598.5356,0,2025-09-20 04:00:00
1758355200000,3826.9,3849.4,3826.3,3839.8,204.611,1758369599999,786223.7147,6068,106.249,408278.1429,0,2025-09-20 08:00:00
1758369600000,3839.9,3851.2,3809.4,3814.8,217.578,1758383999999,833302.8058,6489,102.073,391037.3113,0,2025-09-20 12:00:00
1758384000000,3814.8,3831.8,3810.0,3827.2,252.856,1758398399999,966505.0010,6907,111.115,424683.4029,0,2025-09-20 16:00:00
1758398400000,3827.4,3828.3,3806.3,3812.0,244.148,1758412799999,931957.4700,7102,91.709,350010.5596,0,2025-09-20 20:00:00
1758412800000,3812.1,3816.2,3783.5,3791.4,450.885,1758427199999,1711137.9448,9379,184.986,702206.8970,0,2025-09-21 00:00:00
1758427200000,3791.4,3803.9,3786.9,3802.7,185.163,1758441599999,702409.6617,6339,100.010,379392.5183,0,2025-09-21 04:00:00
1758441600000,3802.0,3829.3,3798.6,3823.7,259.459,1758455999999,990204.9304,7645,110.270,420953.1862,0,2025-09-21 08:00:00
1758456000000,3823.6,3826.0,3807.2,3809.6,255.034,1758470399999,973023.5328,7797,106.328,405748.8248,0,2025-09-21 12:00:00
1758470400000,3809.6,3831.2,3805.7,3808.8,271.245,1758484799999,1035595.0866,7136,138.422,528461.7779,0,2025-09-21 16:00:00
1758484800000,3808.8,3830.1,3806.8,3827.4,155.286,1758499199999,592948.0665,5733,62.675,239455.8175,0,2025-09-21 20:00:00
1758499200000,3826.9,3999.0,3824.7,3914.8,1635.952,1758513599999,6363575.0442,29417,854.709,3325748.1180,0,2025-09-22 00:00:00
1758513600000,3914.8,4185.7,3904.3,3961.7,2036.700,1758527999999,8124981.3308,34035,1049.807,4191253.9828,0,2025-09-22 04:00:00
1758528000000,3961.4,3990.8,3950.6,3975.9,570.721,1758542399999,2265213.9830,15525,274.015,1087640.7015,0,2025-09-22 08:00:00
1758542400000,3975.7,3979.5,3939.8,3975.8,757.457,1758556799999,3002549.8495,14239,310.717,1231156.4765,0,2025-09-22 12:00:00
1758556800000,3975.5,4005.1,3959.8,3991.9,616.343,1758571199999,2453836.1118,15501,307.261,1223282.2036,0,2025-09-22 16:00:00
1758571200000,3993.0,3995.9,3949.5,3954.2,313.456,1758585599999,1243664.9785,8856,158.273,627907.8323,0,2025-09-22 20:00:00
1758585600000,3954.1,4006.6,3940.1,3957.4,598.190,1758599999999,2375014.5077,12763,307.205,1219678.4670,0,2025-09-23 00:00:00
1758600000000,3956.6,3983.1,3949.8,3962.5,247.856,1758614399999,982337.1847,8164,117.158,464282.5597,0,2025-09-23 04:00:00
1758614400000,3962.4,3972.8,3947.5,3962.9,254.022,1758628799999,1006969.1784,7898,139.274,552205.5813,0,2025-09-23 08:00:00
1758628800000,3963.0,3968.7,3943.7,3952.9,225.828,1758643199999,893480.3605,7598,99.213,392503.5606,0,2025-09-23 12:00:00
1758643200000,3953.4,3963.1,3928.4,3952.0,373.840,1758657599999,1476532.7780,10484,194.454,768303.4059,0,2025-09-23 16:00:00
1758657600000,3952.2,3967.7,3941.7,3967.7,103.814,1758671999999,410410.2123,5580,54.655,216103.9525,0,2025-09-23 20:00:00
1758672000000,3967.2,3995.6,3948.0,3985.7,287.209,1758686399999,1141148.3377,7620,148.941,592119.6616,0,2025-09-24 00:00:00
1758686400000,3985.8,4023.0,3965.3,3969.8,657.828,1758700799999,2626910.5772,12296,241.843,966066.0884,0,2025-09-24 04:00:00
1758700800000,3969.1,3979.5,3961.6,3976.3,139.595,1758715199999,554190.3351,7369,67.670,268605.8848,0,2025-09-24 08:00:00
1758715200000,3975.7,3991.9,3963.0,3976.6,358.341,1758729599999,1424673.5786,7043,223.322,887850.6634,0,2025-09-24 12:00:00
1758729600000,3976.5,3986.8,3970.3,3976.8,171.282,1758743999999,681783.5493,4872,70.041,278771.6151,0,2025-09-24 16:00:00
1758744000000,3977.0,4005.5,3976.2,3995.6,182.929,1758758399999,729859.6452,5459,84.324,336481.3382,0,2025-09-24 20:00:00
1758758400000,3997.0,4060.0,3992.0,4043.8,878.443,1758772799999,3540542.0316,20692,437.766,1764457.1116,0,2025-09-25 00:00:00
1758772800000,4043.9,4099.0,4039.0,4069.3,1141.217,1758787199999,4635605.3970,22569,540.034,2193754.8413,0,2025-09-25 04:00:00
1758787200000,4070.0,4094.5,4050.0,4082.2,523.475,1758801599999,2130904.2459,10062,227.618,926269.4513,0,2025-09-25 08:00:00
1758801600000,4082.9,4250.0,4048.0,4074.0,1278.180,1758815999999,5230039.9706,20535,617.589,2531245.3425,0,2025-09-25 12:00:00
1758816000000,4073.1,4140.4,4058.7,4085.3,1101.925,1758830399999,4524837.5132,21156,582.571,2391381.8090,0,2025-09-25 16:00:00
1758830400000,4085.8,4139.9,4079.6,4124.6,539.325,1758844799999,2217758.4238,13012,292.237,1201964.7572,0,2025-09-25 20:00:00
1758844800000,4124.3,4125.0,4076.4,4085.6,405.227,1758859199999,1661275.2946,10482,122.898,503828.3256,0,2025-09-26 00:00:00
1758859200000,4084.9,4112.1,4076.1,4086.5,310.724,1758873599999,1272259.0227,8403,148.885,609798.3373,0,2025-09-26 04:00:00
1758873600000,4086.1,4153.0,4083.5,4124.1,506.278,1758887999999,2087661.4025,11684,269.946,1113379.1421,0,2025-09-26 08:00:00
1758888000000,4124.2,4251.0,4034.5,4075.7,1086.570,1758902399999,4456380.1784,21105,505.303,2078556.1270,0,2025-09-26 12:00:00
1758902400000,4076.6,4081.3,4007.0,4009.9,601.810,1758916799999,2430851.7498,12755,307.094,1241084.9539,0,2025-09-26 16:00:00
1758916800000,4011.1,4028.1,4005.1,4009.0,187.351,1758931199999,752020.8257,5316,86.726,348197.8264,0,2025-09-26 20:00:00
1758931200000,4007.9,4026.7,4001.4,4011.4,555.627,1758945599999,2228477.3753,7446,271.295,1088400.3199,0,2025-09-27 00:00:00
1758945600000,4011.5,4024.1,4007.0,4018.0,111.187,1758959999999,446371.4390,3469,51.890,208374.7667,0,2025-09-27 04:00:00
1758960000000,4018.1,4043.9,4011.1,4021.9,155.487,1758974399999,626128.6600,5768,67.141,270416.3421,0,2025-09-27 08:00:00
1758974400000,4022.0,4029.0,3997.5,4006.9,207.162,1758988799999,831008.9436,6301,92.738,371960.5857,0,2025-09-27 12:00:00
1758988800000,4006.9,4042.5,4005.5,4023.8,224.483,1759003199999,903933.0056,6512,115.092,463384.4110,0,2025-09-27 16:00:00
1759003200000,4024.4,4024.4,3997.6,4016.5,124.806,1759017599999,500429.5642,5104,46.808,187668.5051,0,2025-09-27 20:00:00
1759017600000,4015.6,4061.7,4012.5,4032.5,312.639,1759031999999,1261020.6353,8540,162.257,654601.4085,0,2025-09-28 00:00:00
1759032000000,4032.6,4040.8,4017.7,4027.1,265.101,1759046399999,1067983.7552,5371,144.844,583571.5257,0,2025-09-28 04:00:00
1759046400000,4027.1,4055.0,4027.0,4044.9,172.338,1759060799999,696532.8000,5690,73.904,298705.7612,0,2025-09-28 08:00:00
1759060800000,4044.9,4061.8,4021.2,4025.9,354.149,1759075199999,1430769.2927,7817,159.479,644398.9353,0,2025-09-28 12:00:00
1759075200000,4027.1,4029.5,4009.3,4014.8,250.231,1759089599999,1005135.7672,6231,97.355,391213.9969,0,2025-09-28 16:00:00
1759089600000,4014.3,4021.3,3997.3,3998.4,377.512,1759103999999,1513236.3522,9938,179.342,719110.1668,0,2025-09-28 20:00:00
1759104000000,3999.5,4016.0,3991.8,3992.5,248.641,1759118399999,995533.6032,6052,136.893,548195.5279,0,2025-09-29 00:00:00
1759118400000,3992.0,4014.7,3990.9,4001.2,150.866,1759132799999,603486.7739,4860,64.947,259775.1891,0,2025-09-29 04:00:00
1759132800000,4001.8,4032.7,3998.5,4028.0,176.519,1759147199999,708772.2001,5728,95.982,385589.6305,0,2025-09-29 08:00:00
1759147200000,4028.7,4050.4,4005.9,4036.9,745.120,1759161599999,3003417.1873,14630,361.835,1458906.3826,0,2025-09-29 12:00:00
1759161600000,4036.6,4067.1,4027.8,4031.3,417.342,1759175999999,1689957.0992,9438,191.862,777191.1473,0,2025-09-29 16:00:00
1759176000000,4031.1,4032.2,3995.3,4017.8,467.913,1759190399999,1875564.1613,8300,209.408,839711.8471,0,2025-09-29 20:00:00
1759190400000,4016.8,4050.7,4012.1,4044.5,383.883,1759204799999,1547716.1082,8816,230.486,928990.8227,0,2025-09-30 00:00:00
1759204800000,4044.4,4045.9,4015.2,4036.0,270.847,1759219199999,1092325.9031,5831,136.448,550622.3181,0,2025-09-30 04:00:00
1759219200000,4035.5,4051.3,4031.0,4035.1,230.067,1759233599999,930125.8357,6253,120.648,487838.1916,0,2025-09-30 08:00:00
1759233600000,4035.3,4096.6,4035.1,4079.0,437.797,1759247999999,1781172.4529,13239,204.832,833112.8950,0,2025-09-30 12:00:00
1759248000000,4079.1,4100.5,4072.5,4073.5,279.126,1759262399999,1140680.0814,8217,127.510,521111.2246,0,2025-09-30 16:00:00
1759262400000,4073.7,4089.9,4056.2,4073.8,268.903,1759276799999,1095491.8498,7300,124.012,505311.3572,0,2025-09-30 20:00:00
1759276800000,4073.6,4105.0,4064.2,4104.1,242.499,1759291199999,989286.5327,6695,122.581,500283.1937,0,2025-10-01 00:00:00
1759291200000,4104.7,4107.4,4081.3,4084.3,183.461,1759305599999,750850.4008,5227,80.272,328507.2293,0,2025-10-01 04:00:00
1759305600000,4085.0,4092.6,4005.9,4032.0,1081.525,1759319999999,4357288.3686,17788,529.128,2130840.8261,0,2025-10-01 08:00:00
1759320000000,4032.0,4041.9,4019.2,4034.7,349.886,1759334399999,1410535.0675,8666,162.182,653827.5989,0,2025-10-01 12:00:00
1759334400000,4035.0,4054.1,4021.9,4025.1,193.126,1759348799999,779845.2751,5428,96.985,391538.9828,0,2025-10-01 16:00:00
1759348800000,4024.9,4062.0,4021.3,4050.4,237.498,1759363199999,961179.0855,5538,126.442,511898.9030,0,2025-10-01 20:00:00
1759363200000,4050.4,4062.7,4006.0,4025.0,387.382,1759377599999,1562821.3442,8598,188.198,758792.6490,0,2025-10-02 00:00:00
1759377600000,4024.8,4033.3,3991.2,4019.9,276.091,1759391999999,1107614.0997,7083,134.988,541711.6694,0,2025-10-02 04:00:00
1759392000000,4019.2,4020.1,4003.1,4016.3,276.618,1759406399999,1109840.7528,5461,127.896,512885.4678,0,2025-10-02 08:00:00
1759406400000,4015.9,4051.3,3994.6,4020.8,702.348,1759420799999,2824897.8632,14677,338.154,1360512.3932,0,2025-10-02 12:00:00
1759420800000,4021.1,4022.9,3960.0,3979.7,1078.223,1759435199999,4300634.2307,19080,490.400,1956303.1820,0,2025-10-02 16:00:00
1759435200000,3979.2,3988.0,3967.5,3971.6,211.777,1759449599999,842471.3443,7290,93.245,371088.0689,0,2025-10-02 20:00:00
1759449600000,3972.0,3988.7,3934.6,3961.1,530.361,1759463999999,2102159.5592,13031,270.262,1071375.7471,0,2025-10-03 00:00:00
1759464000000,3961.0,3991.3,3948.7,3977.2,262.304,1759478399999,1041010.1404,7467,130.794,519302.8303,0,2025-10-03 04:00:00
1759478400000,3976.7,3986.9,3930.6,3980.3,289.315,1759492799999,1149576.3923,6906,114.977,457267.9802,0,2025-10-03 08:00:00
1759492800000,3980.1,3998.9,3964.3,3971.9,251.746,1759507199999,1002435.1353,9876,151.922,605047.7478,0,2025-10-03 12:00:00
1759507200000,3972.3,4035.5,3971.0,4003.5,991.524,1759521599999,3977629.4608,20451,455.412,1826144.5675,0,2025-10-03 16:00:00
1759521600000,4002.9,4008.3,3978.1,3988.3,149.837,1759535999999,597686.4590,6498,72.647,289799.3297,0,2025-10-03 20:00:00
1759536000000,3988.1,4025.5,3982.3,4023.7,335.984,1759550399999,1345724.9239,10332,174.172,697374.6269,0,2025-10-04 00:00:00
1759550400000,4024.1,4033.3,4011.1,4025.2,157.581,1759564799999,633597.4407,5834,72.453,291404.0541,0,2025-10-04 04:00:00
1759564800000,4025.2,4050.9,4025.1,4038.2,314.454,1759579199999,1269850.3263,6763,180.351,728142.0108,0,2025-10-04 08:00:00
1759579200000,4038.2,4127.0,4036.0,4072.4,536.401,1759593599999,2178425.8330,10452,350.565,1424540.8138,0,2025-10-04 12:00:00
1759593600000,4072.1,4079.5,4053.9,4064.0,185.098,1759607999999,752900.6844,6221,75.354,306655.8693,0,2025-10-04 16:00:00
1759608000000,4064.0,4065.8,4051.5,4058.3,84.983,1759622399999,344835.3723,3691,33.589,136312.3204,0,2025-10-04 20:00:00
1759622400000,4058.3,4075.6,4039.5,4057.5,287.024,1759636799999,1164769.9633,7517,133.082,540036.6413,0,2025-10-05 00:00:00
1759636800000,4056.7,4069.5,4019.2,4019.2,354.521,1759651199999,1435329.0954,7124,142.367,576994.0036,0,2025-10-05 04:00:00
1759651200000,4019.2,4032.1,4006.4,4025.9,379.582,1759665599999,1525220.1002,8571,161.784,650125.8785,0,2025-10-05 08:00:00
1759665600000,4026.7,4042.3,4020.9,4030.3,217.125,1759679999999,875753.2799,5421,103.655,418190.3923,0,2025-10-05 12:00:00
1759680000000,4029.8,4077.8,4028.1,4076.9,314.358,1759694399999,1274934.3872,7593,121.620,493303.2473,0,2025-10-05 16:00:00
1759694400000,4076.6,4080.5,4055.2,4077.1,162.635,1759708799999,661839.2080,4977,85.133,346499.1164,0,2025-10-05 20:00:00
1759708800000,4077.2,4090.2,4059.7,4060.8,316.360,1759723199999,1289572.8425,7941,159.935,652157.5765,0,2025-10-06 00:00:00
1759723200000,4060.8,4071.7,4025.1,4045.9,314.131,1759737599999,1272177.6186,6447,178.050,721475.4882,0,2025-10-06 04:00:00
1759737600000,4044.6,4044.6,4021.2,4033.2,179.702,1759751999999,724327.0901,5098,82.850,333949.4448,0,2025-10-06 08:00:00
1759752000000,4032.9,4036.6,3980.5,3989.5,654.325,1759766399999,2620157.7646,13265,320.111,1281681.7221,0,2025-10-06 12:00:00
1759766400000,3989.5,4005.2,3973.0,3980.0,604.117,1759780799999,2410066.9341,11796,305.391,1218512.6116,0,2025-10-06 16:00:00
1759780800000,3980.0,4000.9,3973.1,3990.0,342.936,1759795199999,1367558.6116,8784,174.555,696333.1935,0,2025-10-06 20:00:00
1759795200000,3990.7,4004.7,3974.9,3977.8,135.549,1759809599999,540736.5747,6087,61.914,247024.0842,0,2025-10-07 00:00:00
1759809600000,3977.9,3985.0,3945.8,3968.1,554.693,1759823999999,2199159.0763,10640,243.863,967336.1766,0,2025-10-07 04:00:00
1759824000000,3968.2,3994.5,3963.4,3964.7,241.173,1759838399999,960134.0712,6273,129.224,514350.5696,0,2025-10-07 08:00:00
1759838400000,3965.2,4033.7,3946.8,4023.9,1091.988,1759852799999,4363210.1258,18672,529.057,2113605.3496,0,2025-10-07 12:00:00
1759852800000,4023.2,4045.1,4005.3,4040.1,586.095,1759867199999,2359401.7642,12070,253.923,1022480.1496,0,2025-10-07 16:00:00
1759867200000,4041.1,4056.0,4020.0,4049.6,175.053,1759881599999,706305.1782,6690,83.156,335707.1322,0,2025-10-07 20:00:00
1759881600000,4049.5,4075.0,4035.6,4071.6,356.150,1759895999999,1443228.7781,9089,200.870,814266.1003,0,2025-10-08 00:00:00
1759896000000,4071.0,4100.0,4047.0,4047.3,629.476,1759910399999,2563608.8795,11462,363.042,1479887.0794,0,2025-10-08 04:00:00
1759910400000,4047.6,4077.2,4047.3,4072.6,227.384,1759924799999,924000.5777,6534,112.419,456948.0957,0,2025-10-08 08:00:00
1759924800000,4072.6,4079.8,4040.6,4068.0,359.992,1759939199999,1463123.1093,8935,158.783,645618.9918,0,2025-10-08 12:00:00
1759939200000,4067.8,4077.9,4032.0,4037.1,446.571,1759953599999,1810268.0228,7806,243.848,988049.5474,0,2025-10-08 16:00:00
1759953600000,4037.6,4043.8,4028.5,4040.9,120.269,1759967999999,485501.3019,4307,52.741,212924.1073,0,2025-10-08 20:00:00
1759968000000,4041.0,4087.6,4035.7,4063.4,221.204,1759982399999,898830.6331,7467,108.031,438762.9597,0,2025-10-09 00:00:00
1759982400000,4063.4,4078.0,4055.2,4075.1,208.820,1759996799999,848881.0826,7110,102.915,418341.9500,0,2025-10-09 04:00:00
1759996800000,4075.1,4147.4,4073.3,4143.0,1092.492,1760011199999,4508295.0333,15055,482.831,1991248.2466,0,2025-10-09 08:00:00
1760011200000,4143.0,4168.5,4125.2,4152.7,563.757,1760025599999,2338131.3797,12229,285.683,1185109.7616,0,2025-10-09 12:00:00
1760025600000,4152.8,4170.4,4117.6,4132.9,344.109,1760039999999,1425434.5784,7828,165.075,684102.5736,0,2025-10-09 16:00:00
1760040000000,4133.1,4136.5,4108.2,4123.9,155.788,1760054399999,641672.8143,4801,83.450,343782.5974,0,2025-10-09 20:00:00
1760054400000,4123.5,4126.9,4085.4,4095.0,319.652,1760068799999,1310985.6262,6219,198.130,812060.8277,0,2025-10-10 00:00:00
1760068800000,4095.1,4129.9,4091.2,4120.2,231.880,1760083199999,952982.0445,6645,131.847,541718.2867,0,2025-10-10 04:00:00
1760083200000,4120.0,4135.3,4107.2,4109.8,228.626,1760097599999,942458.7265,5543,109.744,452509.5249,0,2025-10-10 08:00:00
1760097600000,4110.5,4241.3,4103.6,4219.7,1415.499,1760111999999,5928487.3757,17769,752.650,3153855.4407,0,2025-10-10 12:00:00
1760112000000,4219.8,4247.0,4178.2,4212.9,1117.697,1760126399999,4698945.8368,22988,567.138,2385355.6852,0,2025-10-10 16:00:00
1760126400000,4212.7,5380.0,4200.8,4464.5,8866.613,1760140799999,40107368.1675,145825,4794.743,21721094.8548,0,2025-10-10 20:00:00
1760140800000,4465.1,4505.8,4383.3,4438.9,1447.007,1760155199999,6432211.9681,31770,655.065,2913867.2720,0,2025-10-11 00:00:00
1760155200000,4437.3,4467.5,4387.3,4393.3,927.040,1760169599999,4101894.4342,21600,448.368,1983563.0653,0,2025-10-11 04:00:00
1760169600000,4393.3,4410.0,4323.6,4382.0,1070.258,1760183999999,4673453.4006,20034,500.672,2186353.4421,0,2025-10-11 08:00:00
1760184000000,4381.1,4445.7,4357.3,4368.0,652.851,1760198399999,2874975.2372,18509,292.947,1290923.3274,0,2025-10-11 12:00:00
1760198400000,4368.1,4456.0,4351.6,4438.3,801.983,1760212799999,3522746.6714,18210,412.938,1815552.2569,0,2025-10-11 16:00:00
1760212800000,4438.1,4519.9,4431.2,4439.6,788.325,1760227199999,3523719.8122,19645,395.498,1767713.2243,0,2025-10-11 20:00:00
1760227200000,4439.7,4495.9,4424.6,4445.1,668.036,1760241599999,2980768.9986,15255,297.874,1330390.6461,0,2025-10-12 00:00:00
1760241600000,4445.1,4449.3,4381.0,4387.8,528.603,1760255999999,2335144.7176,18600,221.491,978833.1344,0,2025-10-12 04:00:00
1760256000000,4387.4,4403.0,4354.3,4373.5,640.463,1760270399999,2805566.6165,52470,362.417,1587768.3518,0,2025-10-12 08:00:00
1760270400000,4373.7,4398.7,4188.5,4198.5,2412.301,1760284799999,10294035.7984,45119,1129.931,4820838.0930,0,2025-10-12 12:00:00
1760284800000,4198.4,4210.3,4145.8,4156.9,1355.611,1760299199999,5664912.0619,25501,702.820,2936984.7441,0,2025-10-12 16:00:00
1760299200000,4157.7,4219.1,4130.3,4174.4,571.052,1760313599999,2388757.0056,15120,280.463,1173457.2668,0,2025-10-12 20:00:00
1760313600000,4175.0,4212.6,4111.1,4184.2,1019.742,1760327999999,4269641.4633,17548,507.163,2123215.9041,0,2025-10-13 00:00:00
1760328000000,4184.1,4194.5,4111.0,4132.5,530.240,1760342399999,2199700.3945,13002,261.906,1085786.4187,0,2025-10-13 04:00:00
1760342400000,4132.6,4208.7,4104.3,4189.2,877.815,1760356799999,3652512.6814,18291,386.953,1610149.0157,0,2025-10-13 08:00:00
1760356800000,4189.7,4205.6,4145.9,4150.0,968.605,1760371199999,4043430.4000,20857,460.392,1921449.1181,0,2025-10-13 12:00:00
1760371200000,4149.7,4164.7,4070.4,4107.2,680.890,1760385599999,2799941.5294,15426,330.774,1360975.1187,0,2025-10-13 16:00:00
1760385600000,4106.9,4107.8,4067.8,4083.4,429.854,1760399999999,1755141.1750,8439,202.418,826421.1803,0,2025-10-13 20:00:00
1760400000000,4082.8,4113.5,4058.5,4102.1,513.997,1760414399999,2100697.4852,10328,236.129,965055.7240,0,2025-10-14 00:00:00
1760414400000,4102.1,4257.7,4097.1,4238.1,1535.126,1760428799999,6433430.1891,26563,785.281,3293462.7940,0,2025-10-14 04:00:00
1760428800000,4238.1,4256.6,4197.0,4232.4,889.022,1760443199999,3757796.6028,19607,421.193,1780593.5498,0,2025-10-14 08:00:00
1760443200000,4231.9,4271.3,4172.8,4178.0,1155.298,1760457599999,4895379.8976,22789,498.293,2111368.2894,0,2025-10-14 12:00:00
1760457600000,4178.1,4198.6,4110.7,4173.1,1374.237,1760471999999,5704391.8753,24755,670.098,2782517.6545,0,2025-10-14 16:00:00
1760472000000,4172.3,4180.3,4155.5,4161.0,240.620,1760486399999,1002919.2823,9377,116.599,485991.5949,0,2025-10-14 20:00:00
1760486400000,4161.0,4178.8,4139.5,4155.5,384.162,1760500799999,1597872.9557,10325,201.222,837243.3232,0,2025-10-15 00:00:00
1760500800000,4156.1,4175.5,4135.3,4146.1,321.426,1760515199999,1335147.3471,7972,144.694,601171.9652,0,2025-10-15 04:00:00
1760515200000,4147.0,4164.7,4100.0,4151.6,486.827,1760529599999,2012939.9630,11966,177.625,734288.8517,0,2025-10-15 08:00:00
1760529600000,4151.9,4216.8,4144.2,4211.5,731.943,1760543999999,3056532.6651,17124,363.826,1519965.3944,0,2025-10-15 12:00:00
1760544000000,4211.9,4252.5,4186.1,4248.1,510.379,1760558399999,2153589.3061,12383,238.684,1007243.6674,0,2025-10-15 16:00:00
1760558400000,4249.4,4272.4,4228.5,4229.5,564.297,1760572799999,2398748.7409,13168,238.666,1014668.5817,0,2025-10-15 20:00:00
1760572800000,4230.3,4236.0,4202.0,4225.2,346.863,1760587199999,1464695.2259,11732,150.469,635313.9726,0,2025-10-16 00:00:00
1760587200000,4225.1,4236.8,4202.8,4202.8,339.142,1760601599999,1430419.9437,9498,151.739,640143.3890,0,2025-10-16 04:00:00
1760601600000,4202.6,4248.1,4177.2,4184.5,547.313,1760615999999,2303468.7029,13257,294.601,1239977.9067,0,2025-10-16 08:00:00
1760616000000,4184.5,4254.0,4173.2,4244.0,508.205,1760630399999,2136363.9807,15213,251.530,1057696.4572,0,2025-10-16 12:00:00
1760630400000,4244.6,4269.3,4197.7,4260.2,798.516,1760644799999,3386830.7183,17921,448.934,1905346.7095,0,2025-10-16 16:00:00
1760644800000,4262.1,4284.5,4248.2,4254.0,371.193,1760659199999,1581513.4757,10938,196.249,836251.0514,0,2025-10-16 20:00:00
1760659200000,4254.7,4261.2,4224.3,4249.3,208.842,1760673599999,886885.2497,8467,91.127,386989.3502,0,2025-10-17 00:00:00
1760673600000,4249.8,4345.5,4248.5,4339.9,1000.106,1760687999999,4307640.4643,21461,481.233,2072959.1395,0,2025-10-17 04:00:00
1760688000000,4340.3,4383.8,4287.0,4297.2,1515.215,1760702399999,6586136.8656,31821,783.280,3405268.4129,0,2025-10-17 08:00:00
1760702400000,4295.8,4347.8,4284.2,4323.3,695.015,1760716799999,2996706.8272,20726,342.510,1476839.0747,0,2025-10-17 12:00:00
1760716800000,4323.2,4325.5,4286.6,4302.1,342.135,1760731199999,1471907.4553,11555,167.283,719620.2936,0,2025-10-17 16:00:00
1760731200000,4302.6,4306.7,4262.7,4294.7,248.947,1760745599999,1066232.5006,8912,117.041,501416.8998,0,2025-10-17 20:00:00
1760745600000,4294.8,4297.5,4250.9,4264.1,257.938,1760759999999,1102422.9744,7869,118.380,505929.5977,0,2025-10-18 00:00:00
1760760000000,4263.8,4271.3,4196.5,4209.7,526.677,1760774399999,2231198.2952,13156,242.032,1024854.6734,0,2025-10-18 04:00:00
1760774400000,4209.3,4241.1,4204.4,4231.7,307.408,1760788799999,1298501.8562,10624,129.834,548333.2549,0,2025-10-18 08:00:00
1760788800000,4231.8,4265.5,4222.1,4248.5,205.285,1760803199999,871717.5331,7660,101.232,429858.4736,0,2025-10-18 12:00:00
1760803200000,4248.7,4264.2,4218.3,4224.2,191.296,1760817599999,811313.1420,6695,91.121,386556.0243,0,2025-10-18 16:00:00
1760817600000,4224.5,4244.8,4219.4,4238.8,90.488,1760831999999,383093.4837,4474,41.826,177051.2257,0,2025-10-18 20:00:00
1760832000000,4238.9,4263.0,4230.3,4230.3,117.975,1760846399999,501042.0374,5151,59.318,251825.3976,0,2025-10-19 00:00:00
1760846400000,4230.2,4248.0,4218.8,4239.4,197.226,1760860799999,835789.9563,5496,71.562,303303.3006,0,2025-10-19 04:00:00
1760860800000,4240.3,4264.5,4200.8,4219.7,725.545,1760875199999,3068470.8977,18558,376.421,1591899.0264,0,2025-10-19 08:00:00
1760875200000,4219.7,4225.9,4162.8,4188.0,419.943,1760889599999,1759679.1529,9670,180.921,758061.2207,0,2025-10-19 12:00:00
1760889600000,4188.5,4219.3,4176.9,4213.2,368.070,1760903999999,1545196.5905,9308,180.010,755575.9399,0,2025-10-19 16:00:00
1760904000000,4211.8,4224.8,4193.7,4215.1,160.822,1760918399999,676304.9910,6787,64.693,272072.4631,0,2025-10-19 20:00:00
1760918400000,4215.9,4244.8,4209.4,4210.0,390.835,1760932799999,1652342.6937,11961,170.323,720291.6380,0,2025-10-20 00:00:00
1760932800000,4209.9,4224.0,4197.3,4221.2,284.044,1760947199999,1195473.6084,9143,145.096,610577.6992,0,2025-10-20 04:00:00
1760947200000,4220.9,4242.7,4210.9,4236.4,264.003,1760961599999,1115837.4963,7995,104.988,443748.4485,0,2025-10-20 08:00:00
1760961600000,4236.4,4264.0,4223.4,4263.7,247.607,1760975999999,1051175.6169,8375,125.860,534508.6505,0,2025-10-20 12:00:00
1760976000000,4264.0,4310.5,4241.9,4253.1,431.897,1760990399999,1850493.6839,12871,233.207,999439.0192,0,2025-10-20 16:00:00
1760990400000,4253.0,4267.2,4251.0,4256.0,282.684,1761004799999,1204628.9606,7160,155.114,661069.6494,0,2025-10-20 20:00:00
1761004800000,4255.9,4281.4,4248.7,4270.5,253.503,1761019199999,1081867.6533,9263,100.721,429898.8038,0,2025-10-21 00:00:00
1761019200000,4270.1,4287.9,4250.1,4259.2,440.394,1761033599999,1879009.8535,11162,199.892,853309.7342,0,2025-10-21 04:00:00
1761033600000,4259.3,4279.9,4258.0,4270.1,293.473,1761047999999,1253538.9156,8176,143.517,612835.0280,0,2025-10-21 08:00:00
1761048000000,4270.5,4290.9,4262.2,4266.7,575.541,1761062399999,2462924.8903,14382,280.661,1200959.5360,0,2025-10-21 12:00:00
1761062400000,4267.4,4320.8,4260.2,4289.4,495.643,1761076799999,2125758.7376,14920,234.160,1004253.3393,0,2025-10-21 16:00:00
1761076800000,4289.4,4318.5,4270.0,4290.7,459.675,1761091199999,1973563.6701,15584,201.868,866755.4246,0,2025-10-21 20:00:00
1761091200000,4290.7,4311.9,4281.4,4289.0,287.265,1761105599999,1233283.9579,11822,123.396,529826.4026,0,2025-10-22 00:00:00
1761105600000,4289.3,4311.2,4276.9,4291.8,245.353,1761119999999,1053386.5262,9813,100.230,430316.4939,0,2025-10-22 04:00:00
1761120000000,4292.3,4326.3,4286.2,4288.6,447.618,1761134399999,1928862.1783,12966,203.286,876156.6084,0,2025-10-22 08:00:00
1761134400000,4288.7,4346.3,4284.2,4308.4,567.666,1761148799999,2449873.0843,15029,282.342,1218607.7267,0,2025-10-22 12:00:00
1761148800000,4308.6,4356.1,4306.7,4333.7,355.347,1761163199999,1537036.6253,11884,172.146,744579.8193,0,2025-10-22 16:00:00
1761163200000,4334.1,4380.0,4331.1,4331.9,622.785,1761177599999,2715617.7745,16361,288.925,1260406.4287,0,2025-10-22 20:00:00
1761177600000,4331.2,4343.0,4321.6,4324.5,212.105,1761191999999,918531.2836,7751,74.634,323209.9552,0,2025-10-23 00:00:00
1761192000000,4324.7,4330.4,4291.9,4292.3,307.280,1761206399999,1326957.0861,8756,148.247,640257.0439,0,2025-10-23 04:00:00
1761206400000,4292.2,4320.9,4290.2,4320.9,358.876,1761220799999,1544419.8572,8934,183.348,788955.4622,0,2025-10-23 08:00:00
1761220800000,4320.9,4343.2,4283.4,4302.9,617.624,1761235199999,2664820.7668,13678,270.595,1166936.6882,0,2025-10-23 12:00:00
1761235200000,4302.3,4350.8,4282.6,4331.8,335.218,1761249599999,1446932.7593,9483,165.689,715099.3454,0,2025-10-23 16:00:00
1761249600000,4331.2,4344.5,4327.1,4327.1,208.979,1761263999999,906030.5299,6650,98.675,427750.2686,0,2025-10-23 20:00:00
1761264000000,4327.2,4338.1,4312.4,4318.2,274.589,1761278399999,1187380.0026,6150,170.440,737027.1973,0,2025-10-24 00:00:00
1761278400000,4318.5,4323.8,4253.7,4298.7,585.907,1761292799999,2513100.0792,13367,273.643,1173849.2961,0,2025-10-24 04:00:00
1761292800000,4298.9,4307.2,4280.2,4293.0,267.984,1761307199999,1150858.6296,8478,100.954,433394.3841,0,2025-10-24 08:00:00
1761307200000,4293.1,4311.3,4260.0,4304.7,539.620,1761321599999,2310947.5730,12429,291.210,1247116.4262,0,2025-10-24 12:00:00
1761321600000,4304.0,4321.4,4279.7,4285.3,237.718,1761335999999,1023590.1527,7309,94.584,407253.3137,0,2025-10-24 16:00:00
1761336000000,4285.5,4299.1,4276.3,4294.7,149.998,1761350399999,643369.5324,5240,77.019,330250.3389,0,2025-10-24 20:00:00
1761350400000,4294.6,4302.9,4282.8,4291.3,107.396,1761364799999,460958.5830,5177,55.275,237269.2110,0,2025-10-25 00:00:00
1761364800000,4291.4,4310.8,4286.5,4304.0,162.624,1761379199999,698971.6312,5700,84.347,362661.0430,0,2025-10-25 04:00:00
1761379200000,4303.9,4316.9,4295.8,4300.4,134.913,1761393599999,580787.3192,5014,68.469,294759.9198,0,2025-10-25 08:00:00
1761393600000,4300.5,4304.0,4283.4,4291.3,176.033,1761407999999,755774.3529,5714,86.655,372003.4337,0,2025-10-25 12:00:00
1761408000000,4291.6,4295.6,4265.7,4273.8,201.893,1761422399999,863826.3998,4773,105.268,450227.7866,0,2025-10-25 16:00:00
1761422400000,4273.9,4284.4,4271.3,4283.2,112.693,1761436799999,482037.8914,3516,46.010,196790.1991,0,2025-10-25 20:00:00
1761436800000,4283.7,4294.9,4272.3,4282.4,228.252,1761451199999,977666.6149,6457,115.252,493737.9005,0,2025-10-26 00:00:00
1761451200000,4282.3,4286.1,4270.5,4274.4,73.915,1761465599999,316387.6789,3114,42.382,181440.4585,0,2025-10-26 04:00:00
1761465600000,4274.5,4287.0,4247.3,4255.5,303.766,1761479999999,1295946.7133,8872,150.822,643297.4428,0,2025-10-26 08:00:00
1761480000000,4255.1,4267.0,4228.2,4245.7,516.502,1761494399999,2193390.3196,10610,249.414,1058825.5409,0,2025-10-26 12:00:00
1761494400000,4246.0,4267.7,4246.0,4262.3,239.433,1761508799999,1019572.4778,5731,99.112,422040.2088,0,2025-10-26 16:00:00
1761508800000,4262.3,4272.8,4212.2,4230.8,505.548,1761523199999,2142146.1311,10674,234.698,994088.4373,0,2025-10-26 20:00:00
1761523200000,4230.8,4232.0,4190.1,4205.7,437.125,1761537599999,1840623.5242,10157,194.905,820833.7609,0,2025-10-27 00:00:00
1761537600000,4205.7,4239.0,4179.0,4236.1,526.688,1761551999999,2218197.4715,10999,223.006,939519.6162,0,2025-10-27 04:00:00
1761552000000,4235.7,4270.0,4235.0,4242.9,350.923,1761566399999,1492580.3631,10951,189.837,807620.2701,0,2025-10-27 08:00:00
1761566400000,4242.8,4270.0,4237.5,4238.2,273.503,1761580799999,1163357.8923,9835,120.091,510834.9144,0,2025-10-27 12:00:00
1761580800000,4238.2,4238.4,4204.7,4222.4,257.034,1761595199999,1084568.1787,8942,125.302,528705.6926,0,2025-10-27 16:00:00
1761595200000,4222.1,4262.4,4220.2,4248.9,247.658,1761609599999,1051992.1504,9630,123.046,522653.9770,0,2025-10-27 20:00:00
1761609600000,4249.1,4262.3,4233.1,4249.1,207.497,1761623999999,880688.0850,8048,106.075,450234.1903,0,2025-10-28 00:00:00
1761624000000,4249.1,4272.0,4230.7,4243.4,193.526,1761638399999,823219.2898,7657,87.687,373057.9662,0,2025-10-28 04:00:00
1761638400000,4243.6,4262.5,4232.0,4256.5,147.893,1761652799999,628302.9925,6124,94.076,399723.9751,0,2025-10-28 08:00:00
1761652800000,4257.1,4292.6,4234.5,4278.4,427.007,1761667199999,1821821.9229,12882,215.463,919562.5669,0,2025-10-28 12:00:00
1761667200000,4277.7,4297.0,4251.9,4288.0,230.485,1761681599999,984825.6824,8488,111.018,474359.5991,0,2025-10-28 16:00:00
1761681600000,4288.1,4354.8,4280.0,4322.2,661.473,1761695999999,2857631.2672,17326,360.052,1555009.8499,0,2025-10-28 20:00:00
1761696000000,4322.5,4333.9,4293.4,4299.7,341.747,1761710399999,1472134.1632,11084,193.604,834215.0943,0,2025-10-29 00:00:00
1761710400000,4299.8,4305.0,4281.3,4302.1,460.424,1761724799999,1976250.9400,11340,153.360,658224.8142,0,2025-10-29 04:00:00
1761724800000,4303.1,4305.8,4275.0,4277.8,135.168,1761739199999,580305.3431,5937,54.787,235210.5271,0,2025-10-29 08:00:00
1761739200000,4277.8,4290.0,4259.4,4272.4,279.233,1761753599999,1193340.3966,10115,126.618,541276.8591,0,2025-10-29 12:00:00
1761753600000,4272.3,4297.9,4180.0,4267.2,1526.358,1761767999999,6489393.0796,28920,781.886,3324198.5489,0,2025-10-29 16:00:00
1761768000000,4266.2,4278.3,4245.1,4251.4,217.368,1761782399999,925670.3731,8368,95.479,406618.8682,0,2025-10-29 20:00:00
1761782400000,4251.7,4263.6,4226.2,4243.1,353.426,1761796799999,1500942.6095,12141,151.426,643281.7645,0,2025-10-30 00:00:00
1761796800000,4243.0,4272.4,4228.4,4266.2,448.583,1761811199999,1908241.6154,15193,226.723,964637.4484,0,2025-10-30 04:00:00
1761811200000,4267.2,4273.7,4246.2,4270.0,276.923,1761825599999,1180532.6938,9884,143.689,612622.8637,0,2025-10-30 08:00:00
1761825600000,4269.9,4430.0,4260.0,4333.1,970.621,1761839999999,4186145.6390,29051,483.537,2086282.2920,0,2025-10-30 12:00:00
1761840000000,4332.8,4385.5,4326.4,4381.6,605.150,1761854399999,2631825.0864,20946,287.147,1248940.2092,0,2025-10-30 16:00:00
1761854400000,4382.8,4394.0,4334.5,4338.6,411.934,1761868799999,1797990.4387,14223,194.458,849423.6598,0,2025-10-30 20:00:00
1761868800000,4338.3,4356.8,4334.8,4344.7,217.756,1761883199999,946503.8222,8471,105.597,459019.6157,0,2025-10-31 00:00:00
1761883200000,4344.3,4350.9,4315.7,4334.7,329.777,1761897599999,1429511.7532,11548,168.832,731839.6380,0,2025-10-31 04:00:00
1761897600000,4334.6,4355.0,4328.7,4331.3,211.545,1761911999999,918232.0049,7409,108.509,471018.0707,0,2025-10-31 08:00:00
1761912000000,4332.3,4353.4,4321.4,4330.5,296.368,1761926399999,1285164.9674,13466,147.325,638887.0826,0,2025-10-31 12:00:00
1761926400000,4331.3,4349.7,4288.0,4292.6,416.293,1761940799999,1800407.5043,14041,199.976,865330.7089,0,2025-10-31 16:00:00
1761940800000,4292.7,4321.1,4282.6,4317.2,246.154,1761955199999,1058900.6417,7823,109.987,473348.6857,0,2025-10-31 20:00:00
1761955200000,4317.3,4338.5,4314.8,4328.1,103.575,1761969599999,448086.0471,6042,54.300,234869.3144,0,2025-11-01 00:00:00
1761969600000,4328.0,4338.6,4324.0,4327.3,83.167,1761983999999,360257.6199,4409,46.292,200562.5253,0,2025-11-01 04:00:00
1761984000000,4327.3,4333.9,4311.5,4319.2,209.548,1761998399999,905276.8976,6233,94.994,410437.2863,0,2025-11-01 08:00:00
1761998400000,4318.8,4338.1,4311.6,4319.8,177.827,1762012799999,768930.6446,7217,90.848,392890.0941,0,2025-11-01 12:00:00
1762012800000,4320.0,4338.2,4314.4,4323.9,260.720,1762027199999,1128848.6857,7417,94.005,406937.5795,0,2025-11-01 16:00:00
1762027200000,4324.0,4328.5,4314.9,4316.4,120.874,1762041599999,522198.1672,4886,46.124,199262.8852,0,2025-11-01 20:00:00
1762041600000,4316.8,4330.7,4316.7,4323.8,244.889,1762055999999,1059345.4062,5358,98.493,426075.8889,0,2025-11-02 00:00:00
1762056000000,4323.8,4327.7,4314.1,4318.1,118.456,1762070399999,511678.2445,4838,46.902,202634.3037,0,2025-11-02 04:00:00
1762070400000,4318.0,4357.9,4315.0,4345.2,392.852,1762084799999,1703049.6799,11402,212.020,919089.2852,0,2025-11-02 08:00:00
1762084800000,4345.5,4370.5,4340.2,4359.6,229.839,1762099199999,1001384.8381,9049,97.582,425192.4907,0,2025-11-02 12:00:00
1762099200000,4359.9,4373.4,4350.8,4365.5,252.923,1762113599999,1103034.8047,8760,91.490,399051.6526,0,2025-11-02 16:00:00
1762113600000,4365.6,4366.3,4316.0,4320.1,148.452,1762127999999,644240.6321,6568,57.702,250373.3818,0,2025-11-02 20:00:00
1762128000000,4320.6,4417.3,4316.9,4410.0,451.068,1762142399999,1971360.5163,17848,239.590,1047416.4481,0,2025-11-03 00:00:00
1762142400000,4409.8,4442.4,4383.8,4420.7,736.547,1762156799999,3249692.0954,21625,351.532,1551087.8680,0,2025-11-03 04:00:00
1762156800000,4420.8,4456.8,4411.8,4455.2,631.439,1762171199999,2802202.4162,18228,314.774,1397133.5882,0,2025-11-03 08:00:00
1762171200000,4455.2,4543.9,4431.2,4532.0,1415.582,1762185599999,6361736.7427,29786,725.288,3261994.3353,0,2025-11-03 12:00:00
1762185600000,4531.5,4556.0,4498.1,4554.1,946.043,1762199999999,4275614.2079,22278,434.632,1965039.6926,0,2025-11-03 16:00:00
1762200000000,4554.1,4603.6,4549.6,4560.5,580.277,1762214399999,2655256.1893,20410,272.444,1246849.4692,0,2025-11-03 20:00:00
1762214400000,4560.6,4567.0,4515.3,4526.3,465.217,1762228799999,2109400.8447,15934,235.772,1069046.2497,0,2025-11-04 00:00:00
1762228800000,4527.0,4644.6,4519.6,4626.2,1238.676,1762243199999,5693345.0800,32272,652.756,3000480.7265,0,2025-11-04 04:00:00
1762243200000,4626.2,4630.3,4547.9,4562.0,667.492,1762257599999,3056920.4411,21090,311.588,1427456.2076,0,2025-11-04 08:00:00
1762257600000,4562.6,4592.0,4504.5,4530.6,820.223,1762271999999,3731436.6535,22512,356.798,1622976.9171,0,2025-11-04 12:00:00
1762272000000,4530.5,4683.0,4519.3,4678.0,1416.721,1762286399999,6537109.6918,34078,740.453,3418809.1964,0,2025-11-04 16:00:00
1762286400000,4678.3,4829.9,4620.0,4650.2,3027.091,1762300799999,14341859.0920,52048,1539.713,7299008.4707,0,2025-11-04 20:00:00
1762300800000,4649.6,4747.0,4597.4,4609.5,1431.712,1762315199999,6695708.8485,35044,686.796,3213576.6986,0,2025-11-05 00:00:00
1762315200000,4610.0,4618.5,4586.4,4599.6,614.729,1762329599999,2829830.7031,15837,300.225,1381991.2287,0,2025-11-05 04:00:00
1762329600000,4601.5,4647.7,4601.5,4613.8,498.923,1762343999999,2308271.1117,18362,232.234,1074328.8461,0,2025-11-05 08:00:00
1762344000000,4613.8,4633.9,4590.0,4596.0,470.964,1762358399999,2172189.9966,15725,202.950,936146.1209,0,2025-11-05 12:00:00
1762358400000,4595.5,4611.7,4553.6,4561.3,382.959,1762372799999,1754984.7586,13643,189.884,870200.8570,0,2025-11-05 16:00:00
1762372800000,4560.8,4568.4,4536.7,4567.9,251.977,1762387199999,1147171.5785,11512,118.273,538554.7639,0,2025-11-05 20:00:00
1762387200000,4567.2,4589.4,4534.4,4549.6,326.595,1762401599999,1490722.8830,11663,142.767,652015.4161,0,2025-11-06 00:00:00
1762401600000,4549.6,4606.7,4542.9,4597.8,239.770,1762415999999,1098787.7246,9009,133.872,613650.3000,0,2025-11-06 04:00:00
1762416000000,4598.4,4608.6,4573.7,4596.5,213.018,1762430399999,978540.2376,8607,110.431,507367.3334,0,2025-11-06 08:00:00
1762430400000,4596.4,4669.4,4591.9,4661.8,540.549,1762444799999,2498857.8046,18009,267.194,1235300.5367,0,2025-11-06 12:00:00
1762444800000,4661.8,4661.9,4596.7,4605.2,689.656,1762459199999,3192367.5589,21951,268.225,1241732.9015,0,2025-11-06 16:00:00
1762459200000,4604.4,4632.1,4578.1,4602.3,277.711,1762473599999,1278053.1194,11043,120.709,555583.0674,0,2025-11-06 20:00:00
1762473600000,4602.6,4626.7,4563.2,4576.9,571.665,1762487999999,2622977.2980,20531,291.023,1335873.4717,0,2025-11-07 00:00:00
1762488000000,4576.9,4606.0,4555.0,4556.5,422.993,1762502399999,1936383.9604,12643,212.474,972683.3603,0,2025-11-07 04:00:00
1762502400000,4556.6,4631.0,4554.1,4610.6,466.954,1762516799999,2145991.7466,15108,213.400,980826.9023,0,2025-11-07 08:00:00
1762516800000,4610.6,4653.7,4565.2,4571.5,650.045,1762531199999,2996829.1635,22143,314.605,1451446.0701,0,2025-11-07 12:00:00
1762531200000,4572.2,4585.5,4443.3,4463.9,919.800,1762545599999,4134079.6622,26885,429.487,1929951.0879,0,2025-11-07 16:00:00
1762545600000,4464.4,4491.6,4445.9,4485.9,330.884,1762559999999,1478380.2548,12911,176.548,788916.0742,0,2025-11-07 20:00:00
1762560000000,4485.7,4486.8,4427.1,4438.9,606.018,1762574399999,2702237.2499,17454,293.851,1310283.2439,0,2025-11-08 00:00:00
1762574400000,4438.2,4466.0,4408.2,4439.3,437.622,1762588799999,1942882.5477,16444,224.648,997272.2475,0,2025-11-08 04:00:00
1762588800000,4438.5,4461.9,4425.2,4459.0,266.527,1762603199999,1184039.0820,10612,121.237,538533.5803,0,2025-11-08 08:00:00
1762603200000,4459.0,4512.3,4456.4,4507.5,421.065,1762617599999,1888800.7223,13942,193.206,866419.7959,0,2025-11-08 12:00:00
1762617600000,4507.4,4522.4,4478.5,4496.2,295.719,1762631999999,1331938.3461,11319,128.671,579589.6896,0,2025-11-08 16:00:00
1762632000000,4496.2,4504.4,4483.6,4488.5,182.513,1762646399999,819789.5774,6103,96.972,435530.5496,0,2025-11-08 20:00:00
1762646400000,4488.5,4531.4,4481.5,4519.6,270.015,1762660799999,1216720.8420,11186,153.321,690786.7997,0,2025-11-09 00:00:00
1762660800000,4519.3,4525.8,4462.7,4465.9,185.408,1762675199999,833387.5309,7496,75.263,338457.8020,0,2025-11-09 04:00:00
1762675200000,4465.1,4505.9,4464.5,4479.4,287.957,1762689599999,1291364.2197,10496,142.117,637337.6841,0,2025-11-09 08:00:00
1762689600000,4480.2,4493.4,4429.0,4458.9,496.417,1762703999999,2216751.9545,15327,200.315,894120.3220,0,2025-11-09 12:00:00
1762704000000,4459.4,4468.3,4433.5,4433.5,197.026,1762718399999,877524.8050,7874,83.548,372305.2302,0,2025-11-09 16:00:00
1762718400000,4433.5,4449.1,4424.6,4435.6,164.623,1762732799999,730154.3479,7468,67.418,299045.4230,0,2025-11-09 20:00:00
1762732800000,4435.0,4452.0,4403.2,4409.8,294.055,1762747199999,1301954.2488,10864,156.570,693417.3550,0,2025-11-10 00:00:00
1762747200000,4409.7,4444.7,4395.2,4432.4,247.325,1762761599999,1092851.3834,10229,112.652,498103.1576,0,2025-11-10 04:00:00
1762761600000,4433.5,4439.3,4384.6,4403.7,518.613,1762775999999,2290405.1859,11565,223.031,984889.1704,0,2025-11-10 08:00:00
1762776000000,4403.9,4442.5,4392.0,4437.7,328.374,1762790399999,1450728.5981,9963,156.296,690642.0306,0,2025-11-10 12:00:00
1762790400000,4437.6,4456.7,4423.1,4434.1,412.472,1762804799999,1833292.8750,11109,191.914,853185.0732,0,2025-11-10 16:00:00
1762804800000,4434.1,4454.2,4421.6,4438.0,288.762,1762819199999,1281508.3481,11429,143.189,635487.3956,0,2025-11-10 20:00:00
1762819200000,4438.8,4445.5,4391.8,4415.3,425.222,1762833599999,1880047.9391,13145,195.427,864258.3068,0,2025-11-11 00:00:00
1762833600000,4415.3,4462.0,4412.4,4459.3,270.899,1762847999999,1203700.7025,9700,139.676,620600.6046,0,2025-11-11 04:00:00
1762848000000,4459.5,4472.5,4445.2,4457.0,252.813,1762862399999,1126956.7640,7601,122.288,545273.2776,0,2025-11-11 08:00:00
1762862400000,4457.1,4467.5,4421.8,4450.5,373.818,1762876799999,1663406.0182,14029,168.786,751319.5001,0,2025-11-11 12:00:00
1762876800000,4451.3,4489.0,4440.0,4486.3,209.389,1762891199999,934455.3781,10033,104.187,465095.8190,0,2025-11-11 16:00:00
1762891200000,4486.2,4534.5,4479.2,4531.8,756.611,1762905599999,3400863.0945,15464,368.723,1656665.9131,0,2025-11-11 20:00:00
1762905600000,4531.7,4537.8,4503.9,4520.0,304.480,1762919999999,1376400.8341,11613,135.716,613497.3347,0,2025-11-12 00:00:00
1762920000000,4520.0,4534.5,4500.7,4529.0,271.708,1762934399999,1226306.3942,9005,128.489,580002.2667,0,2025-11-12 04:00:00
1762934400000,4529.0,4530.3,4472.8,4483.6,577.781,1762948799999,2599860.4218,12879,309.245,1391601.0171,0,2025-11-12 08:00:00
1762948800000,4483.0,4504.0,4444.6,4498.6,873.398,1762963199999,3912490.3457,17359,406.759,1823734.3286,0,2025-11-12 12:00:00
1762963200000,4498.5,4533.1,4480.4,4494.3,506.257,1762977599999,2281519.2408,15014,223.625,1008254.4920,0,2025-11-12 16:00:00
1762977600000,4495.2,4502.1,4478.2,4482.0,204.511,1762991999999,918484.0535,6222,106.832,479894.2260,0,2025-11-12 20:00:00
1762992000000,4481.7,4492.3,4422.7,4434.9,209.785,1763006399999,936525.9666,8817,91.519,408894.5268,0,2025-11-13 00:00:00
1763006400000,4434.9,4444.3,4396.4,4430.8,568.367,1763020799999,2511650.2807,16165,252.991,1118191.4435,0,2025-11-13 04:00:00
1763020800000,4431.4,4443.3,4419.2,4424.1,196.821,1763035199999,872484.3494,6760,87.272,386953.0786,0,2025-11-13 08:00:00
1763035200000,4424.3,4479.8,4424.3,4465.2,528.059,1763049599999,2355513.8479,16199,218.402,973984.7316,0,2025-11-13 12:00:00
1763049600000,4464.7,4595.1,4448.0,4589.6,805.692,1763063999999,3655409.9041,23917,419.828,1904050.2588,0,2025-11-13 16:00:00
1763064000000,4587.7,4632.0,4574.5,4587.3,1034.156,1763078399999,4760271.5604,20469,481.868,2218396.1420,0,2025-11-13 20:00:00
1763078400000,4586.4,4610.8,4563.9,4572.0,352.102,1763092799999,1614104.4922,10764,184.462,845970.4767,0,2025-11-14 00:00:00
1763092800000,4572.1,4619.1,4488.0,4497.2,897.479,1763107199999,4090646.5747,19601,405.079,1848645.7521,0,2025-11-14 04:00:00
1763107200000,4496.9,4558.5,4496.6,4534.7,446.663,1763121599999,2025472.0729,13529,213.914,969819.4956,0,2025-11-14 08:00:00
1763121600000,4535.2,4576.0,4473.5,4492.4,984.196,1763135999999,4448096.0739,23978,486.400,2199558.5248,0,2025-11-14 12:00:00
1763136000000,4492.5,4495.1,4425.4,4434.9,365.346,1763150399999,1631049.0517,12559,185.073,826308.3781,0,2025-11-14 16:00:00
1763150400000,4434.9,4513.4,4428.0,4499.8,399.964,1763164799999,1787664.9952,14706,212.860,951830.2791,0,2025-11-14 20:00:00
1763164800000,4500.1,4504.5,4462.9,4485.6,265.546,1763179199999,1189896.5083,10052,131.700,590395.4525,0,2025-11-15 00:00:00
1763179200000,4485.6,4490.5,4467.3,4480.7,131.443,1763193599999,588975.9512,5935,56.291,252226.5219,0,2025-11-15 04:00:00
1763193600000,4480.7,4513.3,4480.3,4501.0,219.436,1763207999999,987171.9958,7370,110.544,497314.9486,0,2025-11-15 08:00:00
1763208000000,4500.0,4502.2,4469.9,4486.1,148.508,1763222399999,666216.7224,6013,70.887,318018.1269,0,2025-11-15 12:00:00
1763222400000,4485.7,4495.5,4447.9,4465.7,128.469,1763236799999,573659.0533,6429,63.124,281834.3284,0,2025-11-15 16:00:00
1763236800000,4465.7,4489.4,4458.5,4484.7,112.323,1763251199999,502228.9318,6231,49.742,222409.9204,0,2025-11-15 20:00:00
1763251200000,4484.7,4511.4,4452.3,4457.0,172.325,1763265599999,773394.7539,7661,88.222,395906.4864,0,2025-11-16 00:00:00
1763265600000,4457.0,4469.9,4440.7,4442.0,103.240,1763279999999,459336.7010,4288,56.926,253229.5481,0,2025-11-16 04:00:00
1763280000000,4441.4,4492.3,4430.0,4488.1,399.857,1763294399999,1779553.4155,10253,181.986,810263.1311,0,2025-11-16 08:00:00
1763294400000,4487.2,4520.9,4479.2,4520.2,381.615,1763308799999,1715782.0321,9701,220.899,993205.2457,0,2025-11-16 12:00:00
1763308800000,4519.5,4587.5,4503.7,4508.6,1177.180,1763323199999,5350082.9925,24286,550.660,2503359.2487,0,2025-11-16 16:00:00
1763323200000,4507.9,4553.2,4493.9,4508.9,492.212,1763337599999,2226738.4895,12073,253.725,1147837.3828,0,2025-11-16 20:00:00
1763337600000,4509.8,4524.1,4462.8,4471.6,469.145,1763351999999,2106719.5502,13640,216.313,971587.2733,0,2025-11-17 00:00:00
1763352000000,4471.4,4473.5,4440.4,4459.8,258.964,1763366399999,1153656.4847,11381,122.192,544452.1446,0,2025-11-17 04:00:00
1763366400000,4459.5,4467.9,4438.1,4444.2,408.292,1763380799999,1816774.0448,9850,173.866,773865.6255,0,2025-11-17 08:00:00
1763380800000,4444.3,4507.2,4442.4,4486.1,771.179,1763395199999,3447652.0110,19797,382.634,1710932.2283,0,2025-11-17 12:00:00
1763395200000,4486.1,4561.4,4479.0,4551.2,700.331,1763409599999,3168394.2941,16936,332.904,1506174.0860,0,2025-11-17 16:00:00
1763409600000,4551.6,4570.6,4510.2,4516.8,806.768,1763423999999,3662514.9223,13869,418.748,1901406.1977,0,2025-11-17 20:00:00
1763424000000,4514.7,4536.0,4434.2,4441.0,780.823,1763438399999,3503797.7122,18549,339.971,1525798.6210,0,2025-11-18 00:00:00
1763438400000,4440.8,4452.0,4391.8,4412.5,824.515,1763452799999,3641033.4776,17324,390.248,1723625.5677,0,2025-11-18 04:00:00
1763452800000,4413.0,4428.6,4401.0,4425.0,509.682,1763467199999,2250637.8613,12776,264.114,1166157.1160,0,2025-11-18 08:00:00
1763467200000,4425.1,4446.3,4411.0,4430.4,592.476,1763481599999,2623088.9755,14797,298.824,1323082.7450,0,2025-11-18 12:00:00
1763481600000,4430.2,4431.8,4385.0,4392.8,340.431,1763495999999,1499097.5778,9270,149.407,657993.9136,0,2025-11-18 16:00:00
1763496000000,4392.8,4414.9,4378.0,4407.8,170.468,1763510399999,749959.4288,7147,79.595,350278.6933,0,2025-11-18 20:00:00
1763510400000,4407.9,4418.5,4388.7,4417.9,165.284,1763524799999,728326.6226,6310,84.637,373031.6135,0,2025-11-19 00:00:00
1763524800000,4417.8,4444.3,4408.7,4411.7,234.497,1763539199999,1036890.2770,8648,110.408,488281.2456,0,2025-11-19 04:00:00
1763539200000,4411.6,4425.9,4395.3,4415.8,338.355,1763553599999,1492369.5702,7371,123.355,544117.8328,0,2025-11-19 08:00:00
1763553600000,4415.2,4491.7,4404.0,4480.3,511.905,1763567999999,2280125.6768,12726,271.911,1210558.8654,0,2025-11-19 12:00:00
1763568000000,4479.6,4559.2,4467.4,4545.0,898.946,1763582399999,4063827.8034,20777,490.125,2216141.1325,0,2025-11-19 16:00:00
1763582400000,4544.9,4548.5,4479.4,4496.9,581.500,1763596799999,2617924.9569,13920,248.488,1118554.9092,0,2025-11-19 20:00:00
1763596800000,4497.0,4514.2,4481.4,4490.6,317.801,1763611199999,1429959.9397,8993,159.641,718317.5845,0,2025-11-20 00:00:00
1763611200000,4490.2,4506.1,4470.7,4476.8,183.584,1763625599999,824413.5185,6257,88.650,398114.6909,0,2025-11-20 04:00:00
1763625600000,4476.8,4507.8,4475.0,4489.7,322.247,1763639999999,1448672.5316,7900,170.544,766938.7257,0,2025-11-20 08:00:00
1763640000000,4489.9,4495.0,4456.6,4473.7,522.725,1763654399999,2340383.4441,12542,245.592,1099793.0464,0,2025-11-20 12:00:00
1763654400000,4471.5,4527.1,4465.4,4472.5,861.539,1763668799999,3876741.5647,20958,430.142,1935456.6002,0,2025-11-20 16:00:00
1763668800000,4473.6,4489.8,4451.4,4481.4,295.690,1763683199999,1321196.4266,7929,141.772,633498.8537,0,2025-11-20 20:00:00
1763683200000,4481.4,4497.6,4451.1,4477.4,490.186,1763697599999,2193792.5232,11695,246.112,1101559.0567,0,2025-11-21 00:00:00
1763697600000,4477.5,4562.4,4469.7,4533.2,822.712,1763711999999,3717049.4059,16875,415.215,1876023.8237,0,2025-11-21 04:00:00
1763712000000,4532.8,4537.3,4481.8,4525.8,813.701,1763726399999,3668496.9429,17926,393.227,1772874.5454,0,2025-11-21 08:00:00
1763726400000,4525.8,4553.4,4496.3,4520.3,1006.079,1763740799999,4553652.1128,20797,490.490,2219996.4929,0,2025-11-21 12:00:00
1763740800000,4520.2,4549.6,4492.6,4520.7,505.098,1763755199999,2282562.9226,17388,267.019,1206835.6299,0,2025-11-21 16:00:00
1763755200000,4520.1,4596.3,4517.2,4551.2,414.810,1763769599999,1890046.7867,13186,219.458,1000062.1473,0,2025-11-21 20:00:00
1763769600000,4551.9,4557.1,4522.3,4532.2,200.089,1763783999999,907736.2984,7134,102.793,466383.7091,0,2025-11-22 00:00:00
1763784000000,4533.0,4570.3,4525.1,4537.6,239.495,1763798399999,1089374.2280,8762,111.938,509310.1224,0,2025-11-22 04:00:00
1763798400000,4537.7,4590.0,4537.4,4553.8,326.042,1763812799999,1488386.4864,9674,170.709,779502.7500,0,2025-11-22 08:00:00
1763812800000,4553.8,4586.4,4552.0,4559.4,219.723,1763827199999,1003839.6555,7302,119.546,546116.0979,0,2025-11-22 12:00:00
1763827200000,4560.3,4563.7,4546.4,4555.0,149.885,1763841599999,682633.5727,5280,84.409,384417.2878,0,2025-11-22 16:00:00
1763841600000,4557.1,4567.1,4520.0,4536.6,108.414,1763855999999,492417.0742,4841,52.779,239846.1545,0,2025-11-22 20:00:00
1763856000000,4536.7,4551.0,4498.1,4516.9,212.762,1763870399999,962152.0898,6593,104.579,473082.0442,0,2025-11-23 00:00:00
1763870400000,4516.8,4534.4,4494.7,4527.5,169.485,1763884799999,764947.4500,6272,92.409,417235.7067,0,2025-11-23 04:00:00
1763884800000,4527.5,4533.3,4514.2,4528.2,121.188,1763899199999,548103.6345,4128,63.607,287666.9671,0,2025-11-23 08:00:00
1763899200000,4528.4,4532.7,4507.5,4517.2,143.565,1763913599999,648619.5059,4837,69.071,312132.5236,0,2025-11-23 12:00:00
1763913600000,4516.4,4559.7,4515.9,4537.0,133.334,1763927999999,605661.2060,5588,68.810,312647.6421,0,2025-11-23 16:00:00
1763928000000,4535.6,4562.5,4531.5,4553.9,112.452,1763942399999,511589.5780,4274,53.200,242091.3316,0,2025-11-23 20:00:00
1763942400000,4555.1,4574.0,4506.3,4510.7,338.464,1763956799999,1536546.9529,9261,154.657,702273.7218,0,2025-11-24 00:00:00
1763956800000,4510.6,4534.7,4490.0,4533.2,410.360,1763971199999,1851574.3731,9101,197.899,893286.8305,0,2025-11-24 04:00:00
1763971200000,4533.3,4535.9,4512.7,4532.2,190.729,1763985599999,863363.5640,4958,74.886,339033.7815,0,2025-11-24 08:00:00
1763985600000,4532.4,4539.3,4470.5,4485.4,514.558,1763999999999,2316586.3902,12215,213.148,959408.5999,0,2025-11-24 12:00:00
1764000000000,4485.4,4503.3,4398.6,4403.8,712.272,1764014399999,3161860.1122,14129,325.994,1447865.0814,0,2025-11-24 16:00:00
1764014400000,4405.3,4436.8,4381.0,4417.3,288.534,1764028799999,1272933.7169,8065,123.648,545633.4307,0,2025-11-24 20:00:00
1764028800000,4417.2,4428.9,4394.9,4426.9,222.654,1764043199999,981722.0781,5670,107.685,474775.4238,0,2025-11-25 00:00:00
1764043200000,4426.9,4439.4,4416.2,4434.2,197.583,1764057599999,874567.2210,4372,74.041,327773.5463,0,2025-11-25 04:00:00
1764057600000,4434.2,4458.5,4431.9,4452.3,161.087,1764071999999,715940.2520,4636,70.857,314912.3784,0,2025-11-25 08:00:00
1764072000000,4452.0,4457.4,4418.4,4447.0,225.553,1764086399999,1001479.3546,6243,101.519,450720.6528,0,2025-11-25 12:00:00
1764086400000,4446.8,4450.0,4404.6,4409.6,210.655,1764100799999,932184.7346,6164,106.379,470712.3960,0,2025-11-25 16:00:00
1764100800000,4409.6,4413.4,4366.0,4375.5,180.756,1764115199999,793917.0609,5608,75.541,332007.3023,0,2025-11-25 20:00:00
1764115200000,4375.6,4406.1,4371.3,4400.5,118.586,1764129599999,520470.0099,4237,60.131,263982.3338,0,2025-11-26 00:00:00
1764129600000,4400.5,4411.3,4391.9,4409.1,90.252,1764143999999,397296.2252,3270,38.668,170238.2824,0,2025-11-26 04:00:00
1764144000000,4408.9,4428.0,4404.0,4422.4,177.171,1764158399999,782512.7209,4550,78.208,345440.0901,0,2025-11-26 08:00:00
1764158400000,4421.9,4433.4,4400.0,4400.4,275.342,1764172799999,1215851.4000,6306,126.545,558630.7639,0,2025-11-26 12:00:00
1764172800000,4400.4,4416.7,4389.1,4395.3,196.341,1764187199999,864176.6553,5596,87.418,384769.8270,0,2025-11-26 16:00:00
1764187200000,4396.3,4437.0,4395.9,4432.1,123.039,1764201599999,543593.9544,3771,64.744,286022.3110,0,2025-11-26 20:00:00
1764201600000,4432.2,4477.0,4417.0,4461.0,386.453,1764215999999,1718626.9302,6527,217.991,969718.8107,0,2025-11-27 00:00:00
1764216000000,4461.1,4484.0,4451.1,4477.2,150.535,1764230399999,672750.4555,4571,67.627,302284.7065,0,2025-11-27 04:00:00
1764230400000,4477.1,4509.7,4477.1,4498.0,247.821,1764244799999,1115332.8798,5873,105.617,475124.3863,0,2025-11-27 08:00:00
1764244800000,4498.3,4520.0,4470.2,4474.4,246.387,1764259199999,1109078.1926,5636,144.687,651532.6965,0,2025-11-27 12:00:00
1764259200000,4474.4,4502.7,4469.5,4476.1,153.162,1764273599999,686921.2823,4040,90.179,404592.0122,0,2025-11-27 16:00:00
1764273600000,4476.0,4502.5,4464.2,4498.7,120.721,1764287999999,541264.8334,3756,79.032,354346.4500,0,2025-11-27 20:00:00
1764288000000,4498.7,4519.1,4488.1,4514.5,220.804,1764302399999,995091.0734,6062,131.426,592433.8112,0,2025-11-28 00:00:00
1764302400000,4514.6,4525.0,4504.2,4509.2,154.270,1764316799999,696425.3215,3852,94.115,424846.3788,0,2025-11-28 04:00:00
1764316800000,4509.6,4514.2,4457.2,4504.0,274.314,1764331199999,1227672.7650,5799,125.226,560467.8030,0,2025-11-28 08:00:00
1764331200000,4502.9,4515.9,4477.5,4485.8,173.869,1764345599999,781722.7561,6126,79.633,358218.4058,0,2025-11-28 12:00:00
1764345600000,4485.9,4515.9,4484.0,4499.4,130.846,1764359999999,588689.5172,5516,79.585,358074.5709,0,2025-11-28 16:00:00
1764360000000,4499.2,4507.2,4490.1,4500.4,75.402,1764374399999,339256.4025,3100,41.189,185321.9156,0,2025-11-28 20:00:00
1764374400000,4500.3,4505.5,4491.8,4497.9,68.296,1764388799999,307219.6246,2764,32.634,146800.6375,0,2025-11-29 00:00:00
1764388800000,4498.0,4517.6,4488.9,4513.3,114.479,1764403199999,515428.8612,3352,58.635,263863.9321,0,2025-11-29 04:00:00
1764403200000,4513.7,4520.0,4501.0,4505.1,61.284,1764417599999,276555.1476,2872,31.052,140132.4520,0,2025-11-29 08:00:00
1764417600000,4505.3,4524.4,4502.0,4518.9,88.003,1764431999999,397316.7223,3288,60.977,275298.3052,0,2025-11-29 12:00:00
1764432000000,4519.0,4537.4,4507.7,4534.7,137.173,1764446399999,620546.7703,4958,79.676,360520.1899,0,2025-11-29 16:00:00
1764446400000,4534.3,4542.5,4530.3,4541.5,65.730,1764460799999,298273.9630,3093,42.749,194007.2037,0,2025-11-29 20:00:00
1764460800000,4541.5,4546.1,4521.6,4528.4,92.064,1764475199999,417649.9558,3164,44.989,204151.3642,0,2025-11-30 00:00:00
1764475200000,4528.4,4548.3,4526.2,4532.3,66.557,1764489599999,302105.9175,3282,38.352,174072.6074,0,2025-11-30 04:00:00
1764489600000,4532.3,4557.5,4532.1,4542.5,139.151,1764503999999,632407.9040,3791,88.054,400175.1358,0,2025-11-30 08:00:00
1764504000000,4543.5,4547.6,4493.8,4520.9,402.858,1764518399999,1821369.8911,6694,164.946,745989.1337,0,2025-11-30 12:00:00
1764518400000,4521.5,4521.7,4502.3,4516.8,187.346,1764532799999,844886.9230,3356,81.718,368417.3350,0,2025-11-30 16:00:00
1764532800000,4516.8,4547.3,4512.7,4546.6,74.679,1764547199999,337842.4018,4023,41.331,187009.5108,0,2025-11-30 20:00:00
1764547200000,4546.2,4607.6,4526.2,4592.8,860.630,1764561599999,3943804.6290,18021,428.231,1962040.8309,0,2025-12-01 00:00:00
1764561600000,4592.7,4599.9,4579.5,4587.6,202.839,1764575999999,931269.7830,7012,108.105,496406.2884,0,2025-12-01 04:00:00
1764576000000,4588.3,4612.3,4586.1,4586.1,239.937,1764590399999,1103805.7625,7104,145.137,667746.6145,0,2025-12-01 08:00:00
1764590400000,4586.0,4625.0,4564.2,4606.9,473.764,1764604799999,2181437.8870,13552,250.931,1155718.1469,0,2025-12-01 12:00:00
1764604800000,4606.9,4646.9,4606.0,4645.0,265.389,1764619199999,1229468.1839,8435,133.950,620612.7363,0,2025-12-01 16:00:00
1764619200000,4644.9,4650.0,4618.5,4623.1,354.961,1764633599999,1643917.7810,14654,168.939,782540.6134,0,2025-12-01 20:00:00
1764633600000,4623.2,4655.2,4623.0,4653.3,340.933,1764647999999,1580486.2217,16211,191.110,886145.4332,0,2025-12-02 00:00:00
1764648000000,4653.3,4665.9,4640.5,4652.4,435.779,1764662399999,2027951.6062,18871,217.657,1013025.7260,0,2025-12-02 04:00:00
1764662400000,4652.4,4665.0,4622.8,4629.8,212.329,1764676799999,986428.6173,6201,93.608,435204.0895,0,2025-12-02 08:00:00
1764676800000,4629.8,4642.4,4522.9,4546.2,607.634,1764691199999,2786840.2674,13760,268.930,1234926.4520,0,2025-12-02 12:00:00
1764691200000,4545.6,4581.5,4518.0,4573.9,451.766,1764705599999,2056827.2176,12100,223.672,1018593.6697,0,2025-12-02 16:00:00
1764705600000,4573.8,4584.5,4560.8,4568.7,187.361,1764719999999,856451.7072,9201,86.919,397355.9062,0,2025-12-02 20:00:00
1764720000000,4568.8,4598.4,4567.0,4588.2,326.276,1764734399999,1496326.8834,11264,194.328,891106.1126,0,2025-12-03 00:00:00
1764734400000,4588.2,4592.9,4544.5,4552.3,303.445,1764748799999,1383913.5495,10174,133.360,608377.2884,0,2025-12-03 04:00:00
1764748800000,4552.3,4568.4,4539.6,4553.7,322.871,1764763199999,1471838.1248,10032,165.792,755855.4050,0,2025-12-03 08:00:00
1764763200000,4553.8,4556.3,4516.0,4523.0,362.028,1764777599999,1641988.9982,9824,173.213,785657.4583,0,2025-12-03 12:00:00
1764777600000,4523.0,4524.3,4496.9,4510.2,221.802,1764791999999,1000144.5303,7220,115.636,521547.4969,0,2025-12-03 16:00:00
1764792000000,4510.2,4517.7,4461.5,4464.7,404.692,1764806399999,1814208.7072,9389,186.942,837590.7256,0,2025-12-03 20:00:00
1764806400000,4464.0,4466.2,4423.0,4461.7,301.949,1764820799999,1342963.0871,8611,131.654,585597.7231,0,2025-12-04 00:00:00
1764820800000,4461.9,4479.9,4451.1,4479.9,258.378,1764835199999,1154527.2432,7304,121.229,541705.3409,0,2025-12-04 04:00:00
1764835200000,4479.8,4487.9,4465.4,4474.2,374.698,1764849599999,1677735.9963,9986,242.274,1084918.3257,0,2025-12-04 08:00:00
1764849600000,4474.3,4488.8,4450.7,4458.3,301.102,1764863999999,1347056.1382,13321,133.740,598414.6083,0,2025-12-04 12:00:00
1764864000000,4457.7,4527.2,4451.4,4515.0,537.598,1764878399999,2410034.8199,13315,257.803,1156162.4544,0,2025-12-04 16:00:00
1764878400000,4514.9,4524.5,4508.1,4508.1,151.947,1764892799999,686262.4629,4236,95.026,429257.9917,0,2025-12-04 20:00:00
1764892800000,4508.1,4511.5,4481.0,4484.0,137.000,1764907199999,615588.1752,4100,51.607,231930.8261,0,2025-12-05 00:00:00
1764907200000,4484.2,4503.5,4476.5,4483.0,140.992,1764921599999,632804.3321,4058,72.095,323524.3438,0,2025-12-05 04:00:00
1764921600000,4483.0,4519.0,4480.3,4507.7,409.628,1764935999999,1846453.1834,8516,165.109,744263.3371,0,2025-12-05 08:00:00
1764936000000,4507.6,4513.5,4469.1,4481.5,1099.591,1764950399999,4936179.7759,32931,604.060,2710998.2981,0,2025-12-05 12:00:00
1764950400000,4481.3,4546.9,4461.7,4525.9,508.953,1764964799999,2292337.4925,12923,255.496,1150971.5739,0,2025-12-05 16:00:00
1764964800000,4524.8,4533.3,4512.5,4523.3,133.598,1764979199999,604445.3690,4795,72.276,327065.9042,0,2025-12-05 20:00:00
1764979200000,4522.8,4530.9,4514.2,4518.7,198.283,1764993599999,896355.9912,4610,95.751,432931.3619,0,2025-12-06 00:00:00
1764993600000,4518.6,4538.5,4515.9,4538.5,128.814,1765007999999,583207.7745,3208,61.614,278921.2974,0,2025-12-06 04:00:00
1765008000000,4538.4,4541.9,4524.7,4524.8,144.944,1765022399999,657446.8483,4236,66.264,300587.0059,0,2025-12-06 08:00:00
1765022400000,4524.8,4534.5,4515.0,4523.0,143.347,1765036799999,648552.9984,3927,72.478,327845.6966,0,2025-12-06 12:00:00
1765036800000,4523.6,4528.4,4500.2,4524.7,158.585,1765051199999,715907.7187,4445,66.735,301267.1612,0,2025-12-06 16:00:00
1765051200000,4524.6,4524.7,4493.4,4499.2,188.477,1765065599999,849354.7401,5333,60.374,271948.6416,0,2025-12-06 20:00:00
1765065600000,4499.2,4504.5,4485.2,4486.5,122.061,1765079999999,548723.8589,5307,71.789,322776.4947,0,2025-12-07 00:00:00
1765080000000,4486.5,4507.1,4485.3,4506.3,89.214,1765094399999,401155.2308,2997,43.847,197111.8607,0,2025-12-07 04:00:00
1765094400000,4506.3,4513.3,4499.3,4503.8,57.963,1765108799999,261185.3372,2537,35.504,160001.4851,0,2025-12-07 08:00:00
1765108800000,4503.8,4574.6,4497.8,4522.0,607.343,1765123199999,2757106.0686,11393,310.805,1411130.8271,0,2025-12-07 12:00:00
1765123200000,4522.5,4538.9,4481.8,4490.7,218.092,1765137599999,982717.4674,7227,100.708,453870.9534,0,2025-12-07 16:00:00
1765137600000,4490.5,4547.0,4482.4,4543.4,234.598,1765151999999,1060269.3250,8974,135.909,614419.4617,0,2025-12-07 20:00:00
1765152000000,4543.4,4549.1,4509.8,4511.2,184.575,1765166399999,835528.4247,5994,77.085,348839.5831,0,2025-12-08 00:00:00
1765166400000,4510.7,4512.5,4499.3,4502.0,139.199,1765180799999,627060.7740,4294,54.888,247307.8704,0,2025-12-08 04:00:00
1765180800000,4502.0,4507.1,4472.1,4502.8,185.578,1765195199999,833210.9226,4923,92.981,417660.2681,0,2025-12-08 08:00:00
1765195200000,4502.5,4507.6,4441.2,4456.2,325.480,1765209599999,1453800.4077,9032,120.494,538193.5613,0,2025-12-08 12:00:00
1765209600000,4456.2,4478.2,4439.3,4461.8,198.865,1765223999999,885851.3097,6754,91.148,406193.6016,0,2025-12-08 16:00:00
1765224000000,4461.7,4489.7,4458.7,4484.1,94.266,1765238399999,422210.0988,4819,45.366,203209.5837,0,2025-12-08 20:00:00
1765238400000,4483.8,4489.2,4474.2,4474.4,86.394,1765252799999,387220.3583,3972,36.818,165002.1242,0,2025-12-09 00:00:00
1765252800000,4474.0,4493.4,4473.4,4491.8,105.062,1765267199999,471012.7903,3942,46.340,207758.1156,0,2025-12-09 04:00:00
1765267200000,4491.9,4500.0,4483.8,4486.2,124.257,1765281599999,558233.9846,3906,52.114,234131.2813,0,2025-12-09 08:00:00
1765281600000,4486.4,4496.5,4442.5,4448.6,425.327,1765295999999,1902326.0353,9653,152.209,680231.7520,0,2025-12-09 12:00:00
1765296000000,4447.8,4447.8,4371.0,4405.6,717.439,1765310399999,3157352.5032,23007,286.889,1262669.5535,0,2025-12-09 16:00:00
1765310400000,4405.7,4431.4,4396.6,4412.0,180.778,1765324799999,797121.3699,11902,80.587,355405.6251,0,2025-12-09 20:00:00
1765324800000,4412.1,4426.9,4402.6,4423.0,101.000,1765339199999,446205.2128,4673,48.020,212156.4708,0,2025-12-10 00:00:00
1765339200000,4423.8,4433.2,4412.1,4426.7,98.019,1765353599999,433326.7871,3939,56.290,248812.6929,0,2025-12-10 04:00:00
1765353600000,4426.4,4440.6,4407.0,4423.3,158.076,1765367999999,699566.8667,5657,79.468,351662.1549,0,2025-12-10 08:00:00
1765368000000,4423.1,4426.9,4402.1,4416.4,142.329,1765382399999,628054.4085,5569,46.800,206507.5659,0,2025-12-10 12:00:00
1765382400000,4416.1,4419.2,4368.8,4393.3,518.790,1765396799999,2278275.1115,12611,238.822,1048981.1920,0,2025-12-10 16:00:00
1765396800000,4394.8,4435.5,4383.3,4425.1,285.054,1765411199999,1256297.0377,9492,146.464,645618.1539,0,2025-12-10 20:00:00
1765411200000,4426.1,4490.0,4421.7,4485.8,442.819,1765425599999,1973649.7397,10657,255.271,1137564.2359,0,2025-12-11 00:00:00
1765425600000,4485.7,4491.7,4466.3,4484.0,241.611,1765439999999,1082353.4093,6834,108.725,486964.6993,0,2025-12-11 04:00:00
1765440000000,4484.0,4495.4,4479.2,4491.9,167.653,1765454399999,752496.2481,6111,90.987,408438.4924,0,2025-12-11 08:00:00
1765454400000,4491.8,4502.8,4466.7,4487.5,354.224,1765468799999,1589094.6049,8817,193.696,869369.6439,0,2025-12-11 12:00:00
1765468800000,4488.0,4499.2,4475.0,4497.7,234.539,1765483199999,1052245.9546,7617,116.168,521244.6983,0,2025-12-11 16:00:00
1765483200000,4497.8,4532.6,4496.2,4518.5,289.337,1765497599999,1306248.6738,9463,184.143,831228.0475,0,2025-12-11 20:00:00
1765497600000,4518.4,4526.6,4489.2,4499.4,265.967,1765511999999,1198608.9236,6266,161.396,727578.3253,0,2025-12-12 00:00:00
1765512000000,4500.4,4512.3,4487.5,4496.6,182.868,1765526399999,822518.2828,4793,91.912,413488.1765,0,2025-12-12 04:00:00
1765526400000,4496.6,4512.4,4496.1,4501.2,71.892,1765540799999,323850.8907,3435,38.074,171526.6154,0,2025-12-12 08:00:00
1765540800000,4500.9,4566.5,4487.2,4557.1,654.566,1765555199999,2964928.4452,11404,359.772,1630674.4363,0,2025-12-12 12:00:00
1765555200000,4558.9,4583.5,4546.8,4569.2,397.304,1765569599999,1814298.6344,10136,212.872,972339.9086,0,2025-12-12 16:00:00
1765569600000,4569.2,4572.3,4545.5,4554.5,137.513,1765583999999,626682.2735,4892,56.472,257356.1936,0,2025-12-12 20:00:00
1765584000000,4554.2,4557.4,4541.5,4542.7,94.208,1765598399999,428508.1251,4064,41.080,186895.8314,0,2025-12-13 00:00:00
1765598400000,4542.4,4544.3,4533.0,4537.7,83.910,1765612799999,380792.6473,3487,39.393,178770.8558,0,2025-12-13 04:00:00
1765612800000,4536.6,4537.3,4505.3,4508.3,143.815,1765627199999,649377.7610,5084,70.582,318671.4354,0,2025-12-13 08:00:00
1765627200000,4509.1,4526.5,4494.2,4501.8,224.458,1765641599999,1012411.0141,5406,95.005,428454.2253,0,2025-12-13 12:00:00
1765641600000,4502.4,4524.9,4496.7,4517.9,96.279,1765655999999,434558.4250,3808,55.558,250792.6188,0,2025-12-13 16:00:00
1765656000000,4517.9,4532.1,4508.2,4514.5,119.556,1765670399999,540580.7891,4526,63.248,286003.2167,0,2025-12-13 20:00:00
1765670400000,4514.3,4519.9,4503.4,4508.4,61.662,1765684799999,278230.6272,3615,23.528,106183.3029,0,2025-12-14 00:00:00
1765684800000,4508.5,4526.6,4507.5,4517.3,46.254,1765699199999,209021.5368,3564,24.127,109034.7403,0,2025-12-14 04:00:00
1765699200000,4517.3,4527.5,4505.8,4514.5,107.626,1765713599999,486002.1898,4891,44.154,199421.1907,0,2025-12-14 08:00:00
1765713600000,4513.1,4518.4,4500.3,4509.1,189.743,1765727999999,855334.0529,4914,91.488,412418.5865,0,2025-12-14 12:00:00
1765728000000,4508.8,4513.5,4483.6,4490.1,188.493,1765742399999,848090.3271,6428,99.522,447886.0364,0,2025-12-14 16:00:00
1765742400000,4490.9,4514.9,4488.6,4505.0,155.032,1765756799999,697791.0389,5484,79.316,357101.9035,0,2025-12-14 20:00:00
1765756800000,4504.4,4511.0,4481.2,4496.8,132.188,1765771199999,594337.7206,5102,46.734,210133.7205,0,2025-12-15 00:00:00
1765771200000,4496.8,4504.9,4489.3,4501.7,56.244,1765785599999,253025.1218,2933,28.955,130275.8720,0,2025-12-15 04:00:00
1765785600000,4501.5,4503.3,4469.5,4478.9,111.183,1765799999999,498514.8733,3889,49.649,222600.2112,0,2025-12-15 08:00:00
1765800000000,4479.0,4544.7,4478.4,4535.4,456.200,1765814399999,2061958.1299,10470,233.912,1057237.4467,0,2025-12-15 12:00:00
1765814400000,4535.5,4580.8,4529.3,4570.7,617.505,1765828799999,2812917.0320,11776,345.017,1571352.4035,0,2025-12-15 16:00:00
1765828800000,4570.0,4580.8,4541.4,4543.4,144.323,1765843199999,658500.2267,5962,52.982,241834.4223,0,2025-12-15 20:00:00
1765843200000,4543.4,4561.2,4532.5,4555.6,239.093,1765857599999,1087141.1702,5151,115.987,527579.4371,0,2025-12-16 00:00:00
1765857600000,4554.6,4586.6,4552.6,4577.3,343.010,1765871999999,1567823.6565,8141,175.618,802913.2481,0,2025-12-16 04:00:00
1765872000000,4577.4,4584.6,4567.6,4571.4,230.432,1765886399999,1054684.6536,6178,149.448,684046.4759,0,2025-12-16 08:00:00
1765886400000,4570.9,4600.0,4554.0,4582.0,509.926,1765900799999,2336908.4603,12231,265.645,1217634.9858,0,2025-12-16 12:00:00
1765900800000,4581.8,4609.8,4579.1,4594.4,252.062,1765915199999,1158526.4675,7729,125.442,576645.6021,0,2025-12-16 16:00:00
1765915200000,4594.1,4605.6,4584.3,4588.0,73.011,1765929599999,335526.3214,3547,32.966,151528.1174,0,2025-12-16 20:00:00
1765929600000,4588.8,4596.5,4574.1,4578.2,117.357,1765943999999,537840.7546,4243,48.698,223211.0587,0,2025-12-17 00:00:00
1765944000000,4578.9,4588.6,4563.1,4572.3,127.051,1765958399999,580963.0128,3939,40.655,185999.9415,0,2025-12-17 04:00:00
1765958400000,4572.4,4599.9,4570.8,4596.9,229.003,1765972799999,1049961.0336,5275,158.757,727809.8267,0,2025-12-17 08:00:00
1765972800000,4596.8,4658.1,4596.1,4641.9,945.764,1765987199999,4379303.4801,15590,527.999,2444386.6115,0,2025-12-17 12:00:00
1765987200000,4641.8,4709.6,4631.6,4695.6,1012.611,1766001599999,4735432.8645,19397,490.348,2294219.4757,0,2025-12-17 16:00:00
1766001600000,4695.8,4712.5,4677.0,4692.5,183.173,1766015999999,859709.7228,7342,85.611,401860.5661,0,2025-12-17 20:00:00
1766016000000,4693.2,4727.2,4683.8,4726.9,282.213,1766030399999,1328639.0856,7797,144.591,680942.5625,0,2025-12-18 00:00:00
1766030400000,4726.6,4752.9,4722.5,4746.6,296.684,1766044799999,1406134.3073,8286,144.579,685284.7631,0,2025-12-18 04:00:00
1766044800000,4746.5,4749.9,4721.0,4721.7,235.930,1766059199999,1116397.1026,7299,159.969,756876.5576,0,2025-12-18 08:00:00
1766059200000,4721.9,4726.7,4657.1,4663.0,502.074,1766073599999,2354104.4501,12926,252.135,1182593.0938,0,2025-12-18 12:00:00
1766073600000,4662.8,4737.7,4659.1,4720.3,948.148,1766087999999,4464833.9252,16728,472.822,2226937.3379,0,2025-12-18 16:00:00
1766088000000,4721.3,4736.0,4704.8,4713.4,172.926,1766102399999,816127.6488,6903,89.587,422894.8741,0,2025-12-18 20:00:00
1766102400000,4713.4,4741.6,4688.7,4690.5,303.287,1766116799999,1431501.4582,9000,149.067,703508.5713,0,2025-12-19 00:00:00
1766116800000,4690.6,4697.1,4662.7,4685.4,217.246,1766131199999,1017515.3686,5770,98.281,460279.6328,0,2025-12-19 04:00:00
1766131200000,4684.9,4699.0,4677.2,4677.2,268.752,1766145599999,1259455.5690,5483,120.977,566891.4208,0,2025-12-19 08:00:00
1766145600000,4677.4,4684.6,4646.7,4661.7,347.554,1766159999999,1621556.3633,8797,161.334,752736.6946,0,2025-12-19 12:00:00
1766160000000,4661.3,4661.8,4595.5,4600.9,315.182,1766174399999,1457720.9332,8159,118.180,546585.2445,0,2025-12-19 16:00:00
1766174400000,4600.8,4628.0,4593.5,4618.0,138.502,1766188799999,638160.5442,5559,75.456,347655.5856,0,2025-12-19 20:00:00
1766188800000,4618.4,4636.8,4617.1,4623.2,99.072,1766203199999,458520.0315,4017,59.518,275486.0813,0,2025-12-20 00:00:00
1766203200000,4623.0,4640.3,4621.0,4629.7,67.738,1766217599999,313784.5422,3826,36.316,168247.5399,0,2025-12-20 04:00:00
1766217600000,4630.4,4631.6,4604.2,4616.8,97.692,1766231999999,451009.4409,4454,48.434,223603.7463,0,2025-12-20 08:00:00
1766232000000,4616.6,4632.5,4606.8,4623.3,114.001,1766246399999,526902.6945,5023,50.117,231689.9864,0,2025-12-20 12:00:00
1766246400000,4622.8,4632.9,4615.2,4629.4,52.018,1766260799999,240592.7120,3221,24.139,111654.0950,0,2025-12-20 16:00:00
1766260800000,4629.3,4631.6,4619.4,4628.1,72.405,1766275199999,334927.1763,3295,39.732,183821.0566,0,2025-12-20 20:00:00
1766275200000,4628.5,4637.5,4622.6,4628.6,71.026,1766289599999,328757.3227,3418,38.952,180329.6116,0,2025-12-21 00:00:00
1766289600000,4628.6,4635.9,4626.6,4631.3,46.974,1766303999999,217516.7799,2653,20.244,93747.3310,0,2025-12-21 04:00:00
1766304000000,4630.6,4637.8,4620.2,4629.1,118.965,1766318399999,550970.9499,4080,46.560,215633.5977,0,2025-12-21 08:00:00
1766318400000,4629.1,4661.4,4627.0,4647.7,314.198,1766332799999,1460474.7466,7328,170.226,790801.6950,0,2025-12-21 12:00:00
1766332800000,4648.0,4652.9,4634.2,4637.3,60.364,1766347199999,280346.5747,3494,28.105,130537.8506,0,2025-12-21 16:00:00
1766347200000,4637.3,4650.3,4625.0,4632.9,62.083,1766361599999,287847.8394,3863,32.643,151355.7398,0,2025-12-21 20:00:00
1766361600000,4633.0,4637.2,4606.5,4628.2,272.175,1766375999999,1258792.2182,8288,123.895,573085.1788,0,2025-12-22 00:00:00
1766376000000,4628.1,4636.9,4616.6,4632.8,65.444,1766390399999,302865.1006,3599,29.216,135223.5969,0,2025-12-22 04:00:00
1766390400000,4634.0,4661.9,4630.1,4649.5,137.499,1766404799999,639102.7810,4629,80.076,372202.8367,0,2025-12-22 08:00:00
1766404800000,4650.6,4659.4,4623.5,4625.8,138.471,1766419199999,642614.8722,5007,57.026,264725.8419,0,2025-12-22 12:00:00
1766419200000,4625.2,4642.0,4621.4,4634.1,104.019,1766433599999,481790.9676,3924,54.090,250517.2686,0,2025-12-22 16:00:00
1766433600000,4634.9,4655.5,4627.8,4629.9,83.621,1766447999999,388008.2492,3717,36.481,169320.0572,0,2025-12-22 20:00:00
1766448000000,4630.5,4639.8,4618.1,4634.0,90.448,1766462399999,418792.8525,3729,43.176,199945.0941,0,2025-12-23 00:00:00
1766462400000,4634.0,4642.5,4630.2,4641.5,101.026,1766476799999,468358.4917,3994,42.592,197452.0544,0,2025-12-23 04:00:00
1766476800000,4641.1,4643.0,4626.6,4629.9,66.996,1766491199999,310580.1703,2892,34.263,158860.9366,0,2025-12-23 08:00:00
1766491200000,4631.1,4676.9,4631.1,4669.9,238.373,1766505599999,1111100.4564,6313,128.635,599522.1622,0,2025-12-23 12:00:00
1766505600000,4669.9,4689.2,4660.1,4674.6,219.080,1766519999999,1025040.4930,6029,104.879,490737.1480,0,2025-12-23 16:00:00
1766520000000,4674.1,4674.8,4640.9,4646.1,78.566,1766534399999,365593.1669,3460,32.318,150384.0624,0,2025-12-23 20:00:00
1766534400000,4645.8,4680.3,4641.1,4666.0,85.907,1766548799999,400598.3610,3701,43.093,201024.4752,0,2025-12-24 00:00:00
1766548800000,4665.9,4685.2,4656.0,4671.4,74.991,1766563199999,350311.4957,3908,40.946,191305.4676,0,2025-12-24 04:00:00
1766563200000,4671.3,4682.9,4668.0,4682.7,67.385,1766577599999,314980.8968,3709,31.897,149093.4702,0,2025-12-24 08:00:00
1766577600000,4682.6,4688.0,4667.0,4669.2,178.869,1766591999999,837088.3762,5158,44.652,208964.2854,0,2025-12-24 12:00:00
1766592000000,4669.3,4690.0,4664.5,4675.6,108.438,1766606399999,506874.7256,3919,38.345,179339.2985,0,2025-12-24 16:00:00
1766606400000,4676.3,4684.8,4669.9,4681.2,58.014,1766620799999,271335.0877,3314,25.229,118019.2733,0,2025-12-24 20:00:00
1766620800000,4681.1,4688.0,4672.1,4683.9,60.629,1766635199999,283716.5819,3821,29.754,139231.2353,0,2025-12-25 00:00:00
1766635200000,4683.9,4688.8,4680.6,4685.7,37.941,1766649599999,177747.7688,2626,17.502,81987.1525,0,2025-12-25 04:00:00
1766649600000,4685.7,4707.3,4679.5,4703.1,151.736,1766663999999,712454.1299,4990,88.127,413779.6155,0,2025-12-25 08:00:00
1766664000000,4703.9,4709.4,4692.6,4695.3,150.716,1766678399999,708851.2168,5303,53.266,250576.4145,0,2025-12-25 12:00:00
1766678400000,4696.6,4703.5,4687.5,4690.8,88.012,1766692799999,413333.2821,3726,33.982,159588.4475,0,2025-12-25 16:00:00
1766692800000,4690.5,4734.0,4683.1,4731.5,253.427,1766707199999,1195121.9599,7128,129.350,610102.0413,0,2025-12-25 20:00:00
1766707200000,4731.5,4738.2,4702.8,4729.4,233.839,1766721599999,1104119.7232,6706,124.808,589546.7225,0,2025-12-26 00:00:00
1766721600000,4729.8,4735.0,4717.0,4717.6,79.756,1766735999999,377094.7527,3693,37.800,178731.8984,0,2025-12-26 04:00:00
1766736000000,4717.8,4730.0,4705.9,4705.9,61.382,1766750399999,289365.0300,3011,25.874,121999.7769,0,2025-12-26 08:00:00
1766750400000,4706.3,4727.9,4697.5,4705.2,159.148,1766764799999,749647.0151,5825,80.779,380480.6249,0,2025-12-26 12:00:00
1766764800000,4705.1,4712.4,4697.0,4709.6,74.789,1766779199999,351760.5727,3851,35.942,169056.0842,0,2025-12-26 16:00:00
1766779200000,4709.5,4711.8,4695.3,4700.2,62.499,1766793599999,293949.8016,3693,28.146,132387.9172,0,2025-12-26 20:00:00
1766793600000,4700.2,4703.5,4687.4,4687.4,74.709,1766807999999,350987.6788,2885,24.274,114048.9560,0,2025-12-27 00:00:00
1766808000000,4687.3,4695.9,4684.7,4688.8,30.965,1766822399999,145219.9024,2055,15.360,72034.5853,0,2025-12-27 04:00:00
1766822400000,4688.7,4693.7,4677.2,4679.6,65.583,1766836799999,307319.7472,3261,33.027,154768.3340,0,2025-12-27 08:00:00
1766836800000,4679.6,4687.8,4675.1,4683.2,68.205,1766851199999,319306.8229,3383,33.415,156433.5746,0,2025-12-27 12:00:00
1766851200000,4683.2,4690.7,4678.1,4678.2,43.453,1766865599999,203584.1272,2722,18.242,85460.8442,0,2025-12-27 16:00:00
1766865600000,4678.2,4678.2,4646.7,4654.2,169.627,1766879999999,791531.0383,5406,72.361,337837.5801,0,2025-12-27 20:00:00
1766880000000,4654.4,4662.5,4649.8,4654.3,141.042,1766894399999,656536.8694,3773,94.970,442121.1056,0,2025-12-28 00:00:00
1766894400000,4654.3,4657.9,4647.1,4651.6,32.194,1766908799999,149798.3070,2298,20.062,93357.8723,0,2025-12-28 04:00:00
1766908800000,4652.1,4666.3,4648.3,4650.9,47.906,1766923199999,223105.8538,2770,22.299,103837.5356,0,2025-12-28 08:00:00
1766923200000,4651.0,4656.7,4634.0,4637.2,84.297,1766937599999,391666.4626,3506,30.981,143876.3712,0,2025-12-28 12:00:00
1766937600000,4636.7,4659.4,4631.0,4651.9,171.546,1766951999999,797150.1844,7074,94.361,438437.9128,0,2025-12-28 16:00:00
1766952000000,4651.6,4654.6,4640.9,4646.3,60.253,1766966399999,280152.5281,3711,27.783,129200.2728,0,2025-12-28 20:00:00
1766966400000,4646.7,4648.4,4615.0,4640.6,224.304,1766980799999,1038963.0678,6992,90.684,420075.2899,0,2025-12-29 00:00:00
1766980800000,4640.7,4662.4,4633.6,4652.6,113.659,1766995199999,528458.1238,4292,62.992,292845.8414,0,2025-12-29 04:00:00
1766995200000,4652.1,4664.3,4621.3,4625.9,187.143,1767009599999,869115.3971,5859,89.619,416308.7299,0,2025-12-29 08:00:00
1767009600000,4625.5,4665.0,4624.8,4659.7,202.598,1767023999999,941591.6211,7479,102.721,477509.7502,0,2025-12-29 12:00:00
1767024000000,4659.6,4673.2,4655.0,4656.4,97.876,1767038399999,456528.3871,4219,45.009,209918.4172,0,2025-12-29 16:00:00
1767038400000,4656.4,4661.4,4645.0,4647.6,63.168,1767052799999,293808.1621,3620,25.776,119890.7951,0,2025-12-29 20:00:00
1767052800000,4647.5,4660.7,4634.4,4635.9,86.710,1767067199999,402982.1198,4044,46.079,214156.6691,0,2025-12-30 00:00:00
1767067200000,4635.6,4645.5,4632.0,4641.5,129.653,1767081599999,601546.9377,3500,104.575,485170.1057,0,2025-12-30 04:00:00
1767081600000,4642.2,4647.0,4617.0,4638.8,173.697,1767095999999,805082.3517,5481,76.827,356117.0895,0,2025-12-30 08:00:00
1767096000000,4638.8,4673.0,4636.0,4673.0,94.633,1767110399999,440639.2398,4203,53.994,251419.5069,0,2025-12-30 12:00:00
1767110400000,4672.7,4688.9,4655.1,4655.1,134.387,1767124799999,627892.7809,4883,66.732,311836.0607,0,2025-12-30 16:00:00
1767124800000,4655.2,4671.2,4652.3,4664.0,67.394,1767139199999,314221.2962,3472,41.662,194259.9149,0,2025-12-30 20:00:00
1767139200000,4664.0,4673.2,4658.2,4670.4,42.311,1767153599999,197462.3497,2691,20.284,94664.7854,0,2025-12-31 00:00:00
1767153600000,4670.4,4671.9,4660.2,4663.7,51.629,1767167999999,240853.2512,2106,12.208,56953.1546,0,2025-12-31 04:00:00
1767168000000,4663.2,4674.0,4658.5,4658.8,139.975,1767182399999,653117.0621,3091,112.413,524496.0993,0,2025-12-31 08:00:00
1767182400000,4659.0,4669.3,4645.4,4645.4,150.376,1767196799999,700140.3848,4454,99.861,465014.5801,0,2025-12-31 12:00:00
1767196800000,4645.5,4666.9,4639.0,4656.9,106.895,1767211199999,497665.0322,4386,45.723,212882.9568,0,2025-12-31 16:00:00
1767211200000,4657.0,4666.4,4651.9,4652.9,29.637,1767225599999,138055.3635,2950,13.049,60787.5996,0,2025-12-31 20:00:00
1767225600000,4653.4,4655.4,4647.7,4654.6,38.942,1767239999999,181152.2269,2551,15.750,73267.6355,0,2026-01-01 00:00:00
1767240000000,4654.4,4656.6,4641.0,4648.2,49.369,1767254399999,229402.1404,2623,19.287,89624.3548,0,2026-01-01 04:00:00
1767254400000,4648.2,4653.3,4640.0,4647.9,80.932,1767268799999,375920.7615,3284,56.917,264365.3057,0,2026-01-01 08:00:00
1767268800000,4647.8,4654.8,4635.6,4639.0,64.118,1767283199999,297941.8424,3650,31.275,145313.2641,0,2026-01-01 12:00:00
1767283200000,4638.9,4648.4,4634.5,4635.9,63.959,1767297599999,296790.6359,2728,36.540,169543.3302,0,2026-01-01 16:00:00
1767297600000,4636.5,4647.4,4631.1,4644.1,66.124,1767311999999,306852.8384,3016,45.290,210182.8197,0,2026-01-01 20:00:00
1767312000000,4644.1,4648.0,4621.9,4625.1,87.827,1767326399999,407195.5897,3595,32.498,150628.2709,0,2026-01-02 00:00:00
1767326400000,4625.7,4637.4,4618.4,4635.5,118.690,1767340799999,548855.6342,3879,65.736,304035.6246,0,2026-01-02 04:00:00
1767340800000,4635.4,4637.5,4607.9,4630.1,221.041,1767355199999,1021338.6518,6267,110.321,509632.9785,0,2026-01-02 08:00:00
1767355200000,4630.2,4630.2,4576.6,4576.6,376.884,1767369599999,1731600.4539,9105,169.564,779047.0560,0,2026-01-02 12:00:00
1767369600000,4576.6,4579.5,4528.1,4528.1,403.977,1767383999999,1840768.4679,9292,145.118,661060.3524,0,2026-01-02 16:00:00
1767384000000,4528.1,4532.5,4507.0,4515.9,157.247,1767398399999,710247.6806,4958,44.422,200763.5913,0,2026-01-02 20:00:00
1767398400000,4516.0,4519.6,4496.2,4509.5,139.814,1767412799999,630253.7321,5333,68.027,306644.7195,0,2026-01-03 00:00:00
1767412800000,4510.1,4543.8,4503.2,4535.4,124.712,1767427199999,564759.4684,5656,68.558,310428.6295,0,2026-01-03 04:00:00
1767427200000,4536.2,4539.5,4525.3,4533.1,87.083,1767441599999,394587.6949,4423,39.193,177588.3741,0,2026-01-03 08:00:00
1767441600000,4533.6,4540.3,4529.5,4534.4,69.754,1767455999999,316287.0654,3750,34.612,156946.5155,0,2026-01-03 12:00:00
1767456000000,4534.1,4536.2,4522.5,4526.8,43.421,1767470399999,196673.1372,2848,22.166,100397.3378,0,2026-01-03 16:00:00
1767470400000,4526.8,4539.6,4525.0,4530.1,39.355,1767484799999,178387.5689,2979,23.001,104253.3048,0,2026-01-03 20:00:00
1767484800000,4530.1,4543.7,4517.8,4519.1,79.903,1767499199999,362167.2984,4364,33.551,152075.7235,0,2026-01-04 00:00:00
1767499200000,4519.5,4533.8,4516.7,4533.8,64.886,1767513599999,293533.3657,3934,27.692,125275.9671,0,2026-01-04 04:00:00
1767513600000,4533.8,4540.8,4509.8,4511.0,83.298,1767527999999,376824.5794,3829,42.307,191414.1564,0,2026-01-04 08:00:00
1767528000000,4510.4,4519.3,4497.6,4514.9,123.976,1767542399999,558676.3001,4452,64.321,289901.4765,0,2026-01-04 12:00:00
1767542400000,4513.5,4517.2,4497.7,4511.7,130.013,1767556799999,585941.7491,4729,63.029,284091.8959,0,2026-01-04 16:00:00
1767556800000,4511.4,4514.4,4494.3,4514.4,168.609,1767571199999,759182.8636,4206,64.723,291462.3821,0,2026-01-04 20:00:00
1767571200000,4514.0,4528.5,4503.6,4524.1,188.891,1767585599999,853971.8629,5752,91.933,415634.5500,0,2026-01-05 00:00:00
1767585600000,4523.5,4549.5,4523.1,4532.5,148.696,1767599999999,674498.7120,5146,92.581,419956.0724,0,2026-01-05 04:00:00
1767600000000,4532.3,4553.8,4525.7,4543.2,104.975,1767614399999,476845.7888,4257,48.996,222547.5365,0,2026-01-05 08:00:00
1767614400000,4543.4,4575.5,4542.2,4559.5,224.176,1767628799999,1022369.1960,7280,109.875,500988.5356,0,2026-01-05 12:00:00
1767628800000,4559.5,4570.6,4511.7,4513.0,159.755,1767643199999,726041.9268,6406,59.153,268883.4873,0,2026-01-05 16:00:00
1767643200000,4513.8,4513.8,4460.0,4467.7,279.285,1767657599999,1251157.6879,7903,151.768,679907.6903,0,2026-01-05 20:00:00
1767657600000,4467.7,4485.4,4452.3,4453.5,135.287,1767671999999,604098.6668,5527,73.415,327818.7932,0,2026-01-06 00:00:00
1767672000000,4453.5,4464.3,4437.8,4456.5,241.887,1767686399999,1076015.1012,5798,106.726,474677.0818,0,2026-01-06 04:00:00
1767686400000,4456.4,4458.1,4443.1,4447.8,92.109,1767700799999,410222.0795,3675,36.458,162368.2834,0,2026-01-06 08:00:00
1767700800000,4447.1,4449.8,4395.6,4411.1,373.842,1767715199999,1649919.7425,9780,151.557,668667.2005,0,2026-01-06 12:00:00
1767715200000,4411.6,4455.0,4408.1,4441.9,236.358,1767729599999,1046686.2757,8093,102.544,454175.1869,0,2026-01-06 16:00:00
1767729600000,4441.9,4442.9,4406.8,4415.4,111.995,1767743999999,495555.1556,4861,46.890,207385.4848,0,2026-01-06 20:00:00
1767744000000,4414.5,4434.1,4406.5,4419.9,136.419,1767758399999,602644.5848,6172,63.262,279409.2639,0,2026-01-07 00:00:00
1767758400000,4419.9,4431.1,4409.1,4413.1,82.552,1767772799999,364873.2065,3630,36.849,162869.2915,0,2026-01-07 04:00:00
1767772800000,4413.2,4426.8,4400.2,4418.7,224.089,1767787199999,989130.0819,5844,129.372,571005.1596,0,2026-01-07 08:00:00
1767787200000,4418.8,4466.7,4418.8,4457.8,297.002,1767801599999,1319401.7809,9083,192.121,853195.7100,0,2026-01-07 12:00:00
1767801600000,4458.0,4473.7,4450.4,4465.3,143.603,1767815999999,640620.2841,6919,57.568,256820.3811,0,2026-01-07 16:00:00
1767816000000,4465.9,4477.9,4451.1,4464.7,114.013,1767830399999,509136.8912,4906,51.068,227969.0464,0,2026-01-07 20:00:00
1767830400000,4465.4,4469.9,4443.8,4466.6,118.949,1767844799999,530041.2637,6211,48.257,215020.1018,0,2026-01-08 00:00:00
1767844800000,4466.3,4493.8,4456.1,4485.0,183.949,1767859199999,823331.3917,8235,74.919,335342.2238,0,2026-01-08 04:00:00
1767859200000,4485.0,4505.7,4479.7,4496.6,166.930,1767873599999,750007.1872,6544,79.921,359037.0330,0,2026-01-08 08:00:00
1767873600000,4496.6,4527.7,4496.6,4507.6,214.364,1767887999999,967284.8357,8374,102.950,464545.0899,0,2026-01-08 12:00:00
1767888000000,4506.7,4512.0,4490.8,4508.3,95.896,1767902399999,431691.1460,4932,42.369,190782.1773,0,2026-01-08 16:00:00
1767902400000,4507.6,4518.6,4500.1,4517.7,52.353,1767916799999,236174.1469,3325,25.450,114812.4550,0,2026-01-08 20:00:00
1767916800000,4517.6,4530.0,4497.2,4501.2,182.962,1767931199999,826492.4197,5922,77.285,349218.1525,0,2026-01-09 00:00:00
1767931200000,4500.7,4501.7,4486.5,4496.2,46.265,1767945599999,207937.4958,2815,18.724,84151.7841,0,2026-01-09 04:00:00
1767945600000,4497.0,4514.6,4494.8,4510.7,74.750,1767959999999,336706.1580,4014,36.915,166273.3180,0,2026-01-09 08:00:00
1767960000000,4510.7,4524.1,4503.4,4512.8,132.682,1767974399999,598905.9675,5554,51.120,230771.2852,0,2026-01-09 12:00:00
1767974400000,4512.8,4542.2,4500.0,4523.3,182.992,1767988799999,827267.8430,5738,93.898,424408.4025,0,2026-01-09 16:00:00
1767988800000,4523.4,4528.7,4515.6,4522.2,153.907,1768003199999,695826.1804,3888,122.269,552763.6244,0,2026-01-09 20:00:00
1768003200000,4522.1,4533.1,4520.2,4521.8,75.309,1768017599999,340969.3486,3278,36.886,167018.2360,0,2026-01-10 00:00:00
1768017600000,4522.1,4530.0,4511.9,4518.2,46.497,1768031999999,210267.3295,2832,27.160,122835.3914,0,2026-01-10 04:00:00
1768032000000,4518.3,4525.6,4517.3,4517.5,45.293,1768046399999,204813.9852,2756,21.899,99034.3527,0,2026-01-10 08:00:00
1768046400000,4517.5,4521.3,4512.0,4518.3,62.420,1768060799999,282014.9600,2687,28.345,128057.0888,0,2026-01-10 12:00:00
1768060800000,4518.3,4521.3,4507.1,4510.1,95.602,1768075199999,431718.4331,3785,42.526,192044.1960,0,2026-01-10 16:00:00
1768075200000,4509.8,4529.4,4509.7,4518.2,54.729,1768089599999,247503.6925,2791,31.711,143410.5371,0,2026-01-10 20:00:00
1768089600000,4518.2,4523.8,4512.6,4517.5,59.786,1768103999999,270073.6085,2666,27.350,123562.4312,0,2026-01-11 00:00:00
1768104000000,4517.6,4522.3,4512.7,4514.6,29.841,1768118399999,134797.0928,2276,16.778,75786.6920,0,2026-01-11 04:00:00
1768118400000,4514.6,4518.4,4504.2,4506.2,48.646,1768132799999,219345.5506,2234,20.468,92274.1405,0,2026-01-11 08:00:00
1768132800000,4506.1,4511.8,4493.3,4508.1,63.200,1768147199999,284571.3059,3242,24.249,109193.5931,0,2026-01-11 12:00:00
1768147200000,4508.2,4511.1,4485.0,4491.9,117.200,1768161599999,527050.4469,4148,70.427,316735.5477,0,2026-01-11 16:00:00
1768161600000,4491.9,4527.4,4491.8,4515.7,72.797,1768175999999,328598.4495,3985,43.480,196260.6204,0,2026-01-11 20:00:00
1768176000000,4515.4,4542.8,4512.9,4519.2,141.443,1768190399999,640346.2073,5658,60.153,272388.5326,0,2026-01-12 00:00:00
1768190400000,4518.7,4541.4,4515.0,4535.1,119.147,1768204799999,539089.6008,3469,64.089,289968.6105,0,2026-01-12 04:00:00
1768204800000,4535.1,4537.8,4522.3,4524.1,193.328,1768219199999,875662.9284,5269,74.239,336315.3673,0,2026-01-12 08:00:00
1768219200000,4524.1,4548.7,4523.2,4531.3,100.267,1768233599999,454389.2143,4490,42.942,194668.3471,0,2026-01-12 12:00:00
1768233600000,4531.3,4566.0,4528.7,4557.9,129.747,1768247999999,590120.1837,5420,66.031,300422.4913,0,2026-01-12 16:00:00
1768248000000,4557.8,4570.0,4554.4,4566.7,61.513,1768262399999,280659.8024,3413,33.955,154928.4023,0,2026-01-12 20:00:00
1768262400000,4566.8,4569.5,4553.6,4559.9,83.524,1768276799999,380930.1279,3552,38.498,175626.5652,0,2026-01-13 00:00:00
1768276800000,4560.5,4569.0,4548.1,4568.6,73.527,1768291199999,335468.7483,2911,48.329,220565.5500,0,2026-01-13 04:00:00
1768291200000,4568.3,4572.9,4559.1,4560.0,115.095,1768305599999,525572.2605,3371,36.825,168155.0361,0,2026-01-13 08:00:00
1768305600000,4560.4,4569.0,4539.0,4560.8,187.952,1768319999999,856026.2761,5493,93.154,424291.1250,0,2026-01-13 12:00:00
1768320000000,4560.5,4561.0,4532.9,4537.3,104.381,1768334399999,474758.9903,4004,49.080,223221.2073,0,2026-01-13 16:00:00
1768334400000,4536.6,4560.9,4483.9,4500.0,384.323,1768348799999,1730419.1661,9014,203.811,917712.4155,0,2026-01-13 20:00:00
1768348800000,4500.0,4501.2,4470.0,4481.4,187.278,1768363199999,840452.1942,5738,98.877,443641.9591,0,2026-01-14 00:00:00
1768363200000,4481.5,4495.0,4470.0,4493.5,114.110,1768377599999,511059.9020,4139,54.645,244832.9939,0,2026-01-14 04:00:00
1768377600000,4493.5,4539.3,4485.8,4538.1,111.224,1768391999999,502006.7217,4052,48.723,219829.7062,0,2026-01-14 08:00:00
1768392000000,4538.1,4553.0,4523.7,4546.6,127.108,1768406399999,576755.6090,4620,56.208,255129.3121,0,2026-01-14 12:00:00
1768406400000,4547.5,4576.0,4527.9,4568.1,299.151,1768420799999,1365251.5965,7636,131.576,600567.6160,0,2026-01-14 16:00:00
1768420800000,4568.0,4583.1,4561.5,4563.0,117.872,1768435199999,539036.7062,4967,57.015,260763.3777,0,2026-01-14 20:00:00
1768435200000,4563.1,4612.8,4562.2,4610.0,221.484,1768449599999,1017833.6653,5439,122.818,564421.6544,0,2026-01-15 00:00:00
1768449600000,4609.9,4618.1,4590.6,4594.8,184.879,1768463999999,850849.8343,6094,87.339,402045.9952,0,2026-01-15 04:00:00
1768464000000,4594.8,4595.4,4562.2,4572.5,88.474,1768478399999,405057.4101,3980,43.067,197191.6641,0,2026-01-15 08:00:00
1768478400000,4572.4,4615.6,4551.7,4614.3,201.857,1768492799999,922837.0175,5339,153.572,701923.3780,0,2026-01-15 12:00:00
1768492800000,4614.7,4641.6,4605.3,4609.6,345.618,1768507199999,1598369.4590,7788,179.086,828445.1321,0,2026-01-15 16:00:00
1768507200000,4609.8,4614.0,4587.8,4589.7,73.678,1768521599999,339068.2787,3648,33.652,154855.0957,0,2026-01-15 20:00:00
1768521600000,4590.2,4605.1,4587.1,4600.1,67.229,1768535999999,308877.0794,3347,25.867,118850.0987,0,2026-01-16 00:00:00
1768536000000,4600.1,4612.2,4587.7,4593.3,129.510,1768550399999,595598.5188,3415,97.103,446555.8135,0,2026-01-16 04:00:00
1768550400000,4592.4,4597.3,4584.5,4589.9,56.812,1768564799999,260812.4265,2506,37.180,170684.9822,0,2026-01-16 08:00:00
1768564800000,4588.7,4612.8,4584.4,4611.8,122.531,1768579199999,563015.7835,3780,86.443,397169.3360,0,2026-01-16 12:00:00
1768579200000,4610.9,4615.0,4591.5,4592.3,62.368,1768593599999,286944.3767,3096,38.784,178394.8503,0,2026-01-16 16:00:00
1768593600000,4591.8,4597.4,4580.9,4588.0,48.332,1768607999999,221630.6164,2818,25.509,116957.2522,0,2026-01-16 20:00:00
1768608000000,4587.9,4596.8,4587.0,4591.3,49.680,1768622399999,228121.9131,2124,28.129,129160.4260,0,2026-01-17 00:00:00
1768622400000,4591.2,4594.4,4576.0,4579.0,42.941,1768636799999,196779.7486,1961,16.759,76798.4252,0,2026-01-17 04:00:00
1768636800000,4579.0,4581.3,4571.7,4578.8,52.683,1768651199999,241089.6443,2057,21.769,99608.3449,0,2026-01-17 08:00:00
1768651200000,4579.2,4582.6,4546.1,4550.5,97.026,1768665599999,443293.2405,3344,25.433,116223.8545,0,2026-01-17 12:00:00
1768665600000,4550.5,4560.8,4545.0,4546.7,35.503,1768679999999,161602.6757,2519,15.880,72291.6845,0,2026-01-17 16:00:00
1768680000000,4546.6,4562.7,4545.0,4555.4,33.712,1768694399999,153520.7094,2423,18.116,82518.1475,0,2026-01-17 20:00:00
1768694400000,4556.0,4568.4,4551.3,4557.9,57.629,1768708799999,262736.7445,3161,33.883,154504.4100,0,2026-01-18 00:00:00
1768708800000,4557.9,4567.8,4556.1,4567.4,23.301,1768723199999,106281.4368,1759,12.474,56897.7763,0,2026-01-18 04:00:00
1768723200000,4566.5,4570.0,4557.7,4561.1,37.493,1768737599999,171108.6181,2290,15.227,69494.3360,0,2026-01-18 08:00:00
1768737600000,4561.2,4567.6,4551.0,4556.3,147.589,1768751999999,673277.9907,3380,42.649,194540.6644,0,2026-01-18 12:00:00
1768752000000,4556.4,4563.6,4535.6,4556.7,198.267,1768766399999,902587.7111,4166,65.638,298552.6005,0,2026-01-18 16:00:00
1768766400000,4556.2,4586.9,4547.4,4582.8,102.627,1768780799999,469056.0283,4345,58.377,266751.1710,0,2026-01-18 20:00:00
1768780800000,4582.9,4680.0,4582.8,4626.9,1185.466,1768795199999,5506783.6058,24147,616.227,2863689.6699,0,2026-01-19 00:00:00
1768795200000,4627.1,4644.9,4622.1,4641.1,98.843,1768809599999,457796.5436,4884,59.469,275386.6864,0,2026-01-19 04:00:00
1768809600000,4640.6,4644.9,4627.5,4638.0,74.321,1768823999999,344586.0596,3131,40.417,187381.1260,0,2026-01-19 08:00:00
1768824000000,4637.5,4641.9,4630.0,4640.7,42.425,1768838399999,196633.3359,2941,17.874,82841.6189,0,2026-01-19 12:00:00
1768838400000,4640.8,4643.0,4610.1,4617.4,60.383,1768852799999,279016.1138,2676,29.246,135118.6350,0,2026-01-19 16:00:00
1768852800000,4617.2,4641.3,4617.2,4633.2,49.575,1768867199999,229392.8366,2996,30.887,142877.3445,0,2026-01-19 20:00:00
1768867200000,4633.1,4641.0,4626.1,4629.1,56.412,1768881599999,261383.1778,2722,26.896,124635.2086,0,2026-01-20 00:00:00
1768881600000,4629.1,4641.5,4607.0,4641.5,99.894,1768895999999,461615.8024,4285,53.221,246003.9845,0,2026-01-20 04:00:00
1768896000000,4641.4,4679.4,4640.0,4678.4,186.475,1768910399999,870589.2054,5659,94.368,440517.8464,0,2026-01-20 08:00:00
1768910400000,4678.4,4724.0,4670.0,4718.0,464.900,1768924799999,2184343.5286,11957,262.537,1233409.0780,0,2026-01-20 12:00:00
1768924800000,4718.0,4734.5,4712.3,4718.8,185.919,1768939199999,878116.8090,7401,89.007,420438.5350,0,2026-01-20 16:00:00
1768939200000,4718.9,4743.5,4688.5,4712.3,168.880,1768953599999,796175.7073,5973,76.505,360779.5190,0,2026-01-20 20:00:00
1768953600000,4712.2,4728.0,4698.2,4711.1,79.848,1768967999999,376185.5752,4532,39.119,184345.2468,0,2026-01-21 00:00:00
1768968000000,4711.1,4723.5,4709.3,4713.7,145.789,1768982399999,687510.5299,9236,77.575,365899.2633,0,2026-01-21 04:00:00
1768982400000,4713.6,4733.0,4713.6,4731.3,126.113,1768996799999,596077.8097,3585,58.506,276604.9124,0,2026-01-21 08:00:00
1768996800000,4731.3,4749.0,4691.3,4696.0,204.598,1769011199999,965565.1803,6737,107.273,506096.8325,0,2026-01-21 12:00:00
1769011200000,4695.9,4746.9,4645.0,4651.4,300.863,1769025599999,1415350.4460,8865,131.002,616813.4113,0,2026-01-21 16:00:00
1769025600000,4652.5,4692.7,4647.6,4683.5,95.304,1769039999999,444282.6269,5541,43.879,204665.0462,0,2026-01-21 20:00:00
1769040000000,4683.5,4684.7,4663.7,4675.5,94.780,1769054399999,443057.2854,3701,45.911,214673.9037,0,2026-01-22 00:00:00
1769054400000,4676.0,4689.1,4670.0,4686.8,34.141,1769068799999,159733.1628,2519,23.645,110650.9173,0,2026-01-22 04:00:00
1769068800000,4686.9,4707.1,4669.6,4701.2,101.180,1769083199999,473976.3192,3194,57.991,271584.6300,0,2026-01-22 08:00:00
1769083200000,4701.9,4737.7,4697.8,4714.7,147.052,1769097599999,693087.0043,4917,51.631,243503.7073,0,2026-01-22 12:00:00
1769097600000,4714.5,4728.6,4699.5,4723.9,91.302,1769111999999,430427.2300,3514,34.505,162676.6532,0,2026-01-22 16:00:00
1769112000000,4723.8,4735.3,4704.3,4721.0,40.458,1769126399999,191025.6659,2465,15.436,72884.2200,0,2026-01-22 20:00:00
1769126400000,4721.0,4732.0,4718.9,4724.7,41.182,1769140799999,194543.1711,2312,15.190,71761.0998,0,2026-01-23 00:00:00
1769140800000,4724.6,4737.8,4705.7,4725.9,80.623,1769155199999,380685.1628,3670,46.171,218099.8556,0,2026-01-23 04:00:00
1769155200000,4724.9,4740.0,4716.8,4719.1,123.119,1769169599999,582004.5574,3596,37.774,178629.4427,0,2026-01-23 08:00:00
1769169600000,4719.1,4760.3,4718.5,4729.9,260.917,1769183999999,1237147.5392,7799,123.171,584244.4867,0,2026-01-23 12:00:00
1769184000000,4731.1,4735.4,4719.4,4734.4,111.108,1769198399999,525302.5027,4357,50.037,236616.7108,0,2026-01-23 16:00:00
1769198400000,4735.3,4744.0,4721.6,4727.7,39.116,1769212799999,185146.9555,2722,22.706,107465.5172,0,2026-01-23 20:00:00
1769212800000,4727.7,4734.8,4720.0,4728.4,89.104,1769227199999,421216.1777,2944,46.456,219668.4543,0,2026-01-24 00:00:00
1769227200000,4728.4,4732.9,4723.9,4731.8,34.588,1769241599999,163547.1506,2301,17.657,83498.0421,0,2026-01-24 04:00:00
1769241600000,4732.2,4734.9,4720.8,4724.5,117.421,1769255999999,554861.2241,2258,90.823,429139.0464,0,2026-01-24 08:00:00
1769256000000,4724.4,4725.6,4711.0,4719.0,56.450,1769270399999,266345.0772,3827,30.061,141843.0522,0,2026-01-24 12:00:00
1769270400000,4719.7,4724.0,4713.2,4724.0,47.581,1769284799999,224566.1514,2598,24.826,117171.4881,0,2026-01-24 16:00:00
1769284800000,4723.9,4728.9,4711.0,4719.3,77.454,1769299199999,365640.3155,3082,34.410,162483.1710,0,2026-01-24 20:00:00
1769299200000,4719.3,4732.4,4716.4,4731.8,50.507,1769313599999,238657.9384,2740,32.564,153890.5101,0,2026-01-25 00:00:00
1769313600000,4731.8,4732.5,4719.0,4719.5,64.145,1769327999999,303160.0583,3032,20.025,94635.9169,0,2026-01-25 04:00:00
1769328000000,4719.4,4719.5,4698.7,4709.3,121.918,1769342399999,574111.0284,3087,21.354,100572.9483,0,2026-01-25 08:00:00
1769342400000,4709.4,4744.8,4707.0,4731.0,97.335,1769356799999,460205.4741,4125,64.785,306233.5686,0,2026-01-25 12:00:00
1769356800000,4731.0,4819.2,4731.0,4807.2,639.190,1769371199999,3057857.9888,13471,328.686,1572688.1556,0,2026-01-25 16:00:00
1769371200000,4806.3,4820.0,4782.9,4789.7,129.135,1769385599999,620339.0661,6872,66.429,319155.6371,0,2026-01-25 20:00:00
1769385600000,4789.9,4795.7,4733.8,4763.3,309.596,1769399999999,1473101.3465,7897,164.300,781700.2167,0,2026-01-26 00:00:00
1769400000000,4763.2,4770.0,4739.5,4743.0,63.465,1769414399999,301797.7224,3404,23.730,112839.6686,0,2026-01-26 04:00:00
1769414400000,4743.0,4750.3,4728.5,4743.1,138.332,1769428799999,655736.1283,3820,70.522,334319.5628,0,2026-01-26 08:00:00
1769428800000,4743.0,4743.1,4696.7,4703.9,130.533,1769443199999,615799.4065,5000,55.932,264006.5548,0,2026-01-26 12:00:00
1769443200000,4704.0,4715.5,4686.7,4708.6,83.674,1769457599999,393167.4854,4302,41.618,195603.0264,0,2026-01-26 16:00:00
1769457600000,4709.2,4722.6,4700.2,4716.1,219.447,1769471999999,1034707.1116,7378,105.548,497718.7609,0,2026-01-26 20:00:00
1769472000000,4716.1,4730.4,4711.3,4727.2,150.745,1769486399999,711616.3504,4610,75.933,358468.8040,0,2026-01-27 00:00:00
1769486400000,4727.4,4729.0,4708.7,4717.6,72.187,1769500799999,340573.7288,3183,28.277,133443.7406,0,2026-01-27 04:00:00
1769500800000,4718.0,4725.5,4714.5,4718.9,143.800,1769515199999,678884.8989,3094,24.167,114059.0580,0,2026-01-27 08:00:00
1769515200000,4718.9,4731.0,4691.9,4693.7,178.872,1769529599999,843263.4236,4020,41.965,197899.0484,0,2026-01-27 12:00:00
1769529600000,4693.7,4693.8,4652.6,4662.5,206.259,1769543999999,962719.2000,7155,110.112,513711.5897,0,2026-01-27 16:00:00
1769544000000,4662.6,4670.1,4650.0,4658.9,90.516,1769558399999,421752.4211,4423,50.990,237577.2649,0,2026-01-27 20:00:00
1769558400000,4658.8,4683.4,4652.3,4676.0,75.359,1769572799999,351828.5078,3159,36.314,169524.9354,0,2026-01-28 00:00:00
1769572800000,4676.0,4677.0,4660.6,4665.6,37.242,1769587199999,173786.0044,2130,19.791,92357.9889,0,2026-01-28 04:00:00
1769587200000,4665.6,4673.7,4651.0,4665.9,69.202,1769601599999,322642.4768,3166,43.540,203014.5278,0,2026-01-28 08:00:00
1769601600000,4665.3,4704.0,4665.3,4694.6,84.776,1769615999999,397500.8764,3634,39.453,184929.8826,0,2026-01-28 12:00:00
1769616000000,4695.4,4715.3,4675.9,4676.4,38.945,1769630399999,183018.3155,2968,19.890,93519.3091,0,2026-01-28 16:00:00
1769630400000,4677.7,4681.7,4663.4,4680.5,56.156,1769644799999,262493.0415,3620,23.696,110757.7893,0,2026-01-28 20:00:00
1769644800000,4679.8,4699.0,4674.6,4696.9,84.692,1769659199999,396680.3915,4411,35.173,164814.9849,0,2026-01-29 00:00:00
1769659200000,4697.0,4707.0,4690.5,4693.5,49.504,1769673599999,232697.7032,3361,18.859,88654.7713,0,2026-01-29 04:00:00
1769673600000,4693.6,4716.0,4688.1,4713.3,86.268,1769687999999,405683.4918,4170,35.549,167141.8787,0,2026-01-29 08:00:00
1769688000000,4713.9,4767.6,4711.5,4726.0,300.952,1769702399999,1426728.9859,8604,151.744,719144.3511,0,2026-01-29 12:00:00
1769702400000,4726.0,4735.0,4671.8,4709.3,234.089,1769716799999,1101941.0270,8689,119.234,561566.0205,0,2026-01-29 16:00:00
1769716800000,4708.7,4714.8,4689.4,4696.9,77.844,1769731199999,365793.6753,5270,37.830,177798.1192,0,2026-01-29 20:00:00
1769731200000,4696.1,4725.0,4660.0,4724.1,340.287,1769745599999,1598391.6859,9702,180.928,849953.7497,0,2026-01-30 00:00:00
1769745600000,4723.6,4753.3,4704.2,4720.7,133.324,1769759999999,630024.5479,6679,66.796,315681.3793,0,2026-01-30 04:00:00
1769760000000,4720.6,4738.6,4709.6,4714.7,80.575,1769774399999,380826.5861,4655,39.002,184369.2056,0,2026-01-30 08:00:00
1769774400000,4715.4,4751.6,4709.0,4723.1,148.168,1769788799999,700248.3001,7070,74.511,352206.5947,0,2026-01-30 12:00:00
1769788800000,4722.5,4795.8,4720.2,4767.2,426.835,1769803199999,2034005.2047,12416,209.507,998552.5844,0,2026-01-30 16:00:00
1769803200000,4767.2,4838.0,4766.6,4817.1,476.991,1769817599999,2297296.9469,12626,262.452,1264036.8256,0,2026-01-30 20:00:00
1769817600000,4817.1,4823.5,4802.2,4815.1,159.696,1769831999999,768277.1001,7370,84.509,406578.1926,0,2026-01-31 00:00:00
1769832000000,4815.3,4846.0,4810.7,4836.3,101.855,1769846399999,491738.6069,5314,56.420,272366.9596,0,2026-01-31 04:00:00
1769846400000,4836.3,4888.7,4832.4,4862.4,577.612,1769860799999,2809166.6554,13802,288.045,1401090.8438,0,2026-01-31 08:00:00
1769860800000,4862.4,4980.0,4862.4,4969.6,1198.238,1769875199999,5913205.4078,25744,623.528,3077362.3501,0,2026-01-31 12:00:00
1769875200000,4969.7,5138.0,4957.1,5002.5,2821.178,1769889599999,14189655.2043,60796,1451.853,7305188.3219,0,2026-01-31 16:00:00
1769889600000,5002.5,5022.2,4919.7,4924.3,502.542,1769903999999,2502839.0219,24677,218.220,1086823.5709,0,2026-01-31 20:00:00
1769904000000,4924.8,4940.0,4897.4,4926.9,200.972,1769918399999,988766.1627,11468,96.733,475970.4897,0,2026-02-01 00:00:00
1769918400000,4926.8,4950.0,4910.0,4928.6,147.834,1769932799999,728689.4801,9177,65.741,324065.8832,0,2026-02-01 04:00:00
1769932800000,4928.5,4991.6,4927.3,4963.0,194.733,1769947199999,966076.4515,9840,105.235,521895.4022,0,2026-02-01 08:00:00
1769947200000,4963.0,5075.0,4956.2,5062.2,653.760,1769961599999,3290673.8529,20834,344.176,1732711.5486,0,2026-02-01 12:00:00
1769961600000,5061.4,5084.0,5002.2,5018.9,364.251,1769975999999,1837273.6614,22017,178.213,898986.1752,0,2026-02-01 16:00:00
1769976000000,5018.8,5095.0,5000.0,5070.1,425.777,1769990399999,2153331.5107,19328,221.788,1121763.0336,0,2026-02-01 20:00:00
1769990400000,5070.1,5150.5,5025.6,5076.1,803.151,1770004799999,4091130.0646,26097,404.460,2060742.8678,0,2026-02-02 00:00:00
1770004800000,5076.0,5155.8,5033.1,5105.0,603.451,1770019199999,3074440.1827,25505,285.546,1454948.6524,0,2026-02-02 04:00:00
1770019200000,5105.1,5105.1,5035.2,5075.8,283.543,1770033599999,1437993.3927,12894,106.993,542664.7172,0,2026-02-02 08:00:00
1770033600000,5075.8,5075.8,4987.3,5003.1,385.916,1770047999999,1937563.1325,14270,180.165,904418.9547,0,2026-02-02 12:00:00
1770048000000,5003.4,5040.0,4995.7,5033.7,281.859,1770062399999,1414525.3002,10112,134.316,674255.4081,0,2026-02-02 16:00:00
1770062400000,5033.9,5056.7,5022.5,5042.9,173.345,1770076799999,874095.8007,7440,89.458,451112.9194,0,2026-02-02 20:00:00
1770076800000,5042.9,5092.2,5040.1,5055.7,289.598,1770091199999,1468743.3625,10277,148.055,750927.5359,0,2026-02-03 00:00:00
1770091200000,5055.7,5071.6,5037.0,5061.5,139.541,1770105599999,705532.5521,8021,67.374,340648.4878,0,2026-02-03 04:00:00
1770105600000,5061.4,5110.0,5056.9,5095.6,290.713,1770119999999,1480809.6909,10983,137.904,702441.4052,0,2026-02-03 08:00:00
1770120000000,5095.3,5104.3,5045.7,5051.8,244.710,1770134399999,1241326.8729,11315,114.559,581277.3947,0,2026-02-03 12:00:00
1770134400000,5051.8,5112.1,4997.0,5008.6,497.166,1770148799999,2514485.7069,19174,240.209,1215236.9710,0,2026-02-03 16:00:00
1770148800000,5008.6,5063.7,4902.3,5044.3,725.703,1770163199999,3612113.7816,19987,361.890,1801710.8011,0,2026-02-03 20:00:00
1770163200000,5044.3,5055.0,5011.1,5016.7,120.383,1770177599999,605860.5899,7958,52.913,266358.7215,0,2026-02-04 00:00:00
1770177600000,5016.1,5046.6,5000.1,5010.2,95.468,1770191999999,479609.1005,6130,45.186,227010.0809,0,2026-02-04 04:00:00
1770192000000,5010.3,5071.7,5003.7,5038.8,187.387,1770206399999,943812.5730,7872,102.850,518091.8599,0,2026-02-04 08:00:00
1770206400000,5040.0,5120.1,5038.6,5099.1,359.271,1770220799999,1828028.0174,14771,199.653,1015618.0690,0,2026-02-04 12:00:00
1770220800000,5099.0,5155.8,5035.5,5038.1,788.562,1770235199999,4021806.4447,24911,373.469,1905870.0641,0,2026-02-04 16:00:00
1770235200000,5038.4,5113.0,5034.2,5095.1,229.451,1770249599999,1165643.6632,13097,122.161,620664.9192,0,2026-02-04 20:00:00
1770249600000,5094.1,5105.5,5041.9,5055.2,266.674,1770263999999,1351698.7714,12860,121.200,614389.6946,0,2026-02-05 00:00:00
1770264000000,5053.2,5088.1,5012.7,5058.8,334.768,1770278399999,1688789.0900,14492,142.603,719826.2061,0,2026-02-05 04:00:00
1770278400000,5058.8,5138.7,5042.3,5104.7,684.303,1770292799999,3471756.2983,32865,330.553,1676638.6978,0,2026-02-05 08:00:00
1770292800000,5103.5,5184.3,5069.8,5154.7,783.817,1770307199999,4029519.4967,23425,388.796,1999254.1660,0,2026-02-05 12:00:00
1770307200000,5154.7,5187.8,5112.1,5137.1,562.038,1770321599999,2895233.6921,27457,279.868,1441761.4163,0,2026-02-05 16:00:00
1770321600000,5136.5,5219.3,5105.1,5150.4,1302.932,1770335999999,6732654.1801,41684,618.930,3198355.0806,0,2026-02-05 20:00:00
1770336000000,5149.7,5275.0,5088.1,5136.3,1993.760,1770350399999,10343466.5785,46829,994.319,5158268.5568,0,2026-02-06 00:00:00
1770350400000,5136.2,5157.9,5095.6,5128.8,560.442,1770364799999,2876736.7015,19600,277.609,1424973.6286,0,2026-02-06 04:00:00
1770364800000,5128.8,5179.6,5088.2,5135.5,411.195,1770379199999,2114057.7858,18148,215.346,1106862.4568,0,2026-02-06 08:00:00
1770379200000,5136.6,5142.2,5077.7,5096.3,308.573,1770393599999,1574925.9475,16430,147.312,751840.5857,0,2026-02-06 12:00:00
1770393600000,5096.8,5152.9,5063.1,5146.6,334.842,1770407999999,1710805.4110,17778,142.939,730420.8784,0,2026-02-06 16:00:00
1770408000000,5146.5,5160.0,5113.4,5127.2,144.129,1770422399999,739903.7458,9383,78.142,401193.6431,0,2026-02-06 20:00:00
1770422400000,5127.1,5149.8,5108.4,5125.6,139.537,1770436799999,715837.1637,8941,68.845,353145.9757,0,2026-02-07 00:00:00
1770436800000,5126.2,5137.8,5055.5,5066.4,283.479,1770451199999,1441774.5705,13007,140.064,712470.2074,0,2026-02-07 04:00:00
1770451200000,5067.7,5106.3,5065.5,5088.7,154.106,1770465599999,785081.5949,8022,68.868,350683.0966,0,2026-02-07 08:00:00
1770465600000,5088.7,5130.7,5087.6,5101.1,99.277,1770479999999,507508.5356,7446,51.910,265328.9925,0,2026-02-07 12:00:00
1770480000000,5101.6,5117.4,5016.9,5038.2,1045.291,1770494399999,5321699.7190,26958,518.949,2642570.9140,0,2026-02-07 16:00:00
1770494400000,5038.5,5049.9,5024.4,5045.7,83.324,1770508799999,419876.7297,5086,39.383,198463.6579,0,2026-02-07 20:00:00
1770508800000,5045.6,5063.3,5032.0,5062.2,62.038,1770523199999,313008.2487,4476,34.197,172561.1123,0,2026-02-08 00:00:00
1770523200000,5061.6,5099.2,5059.3,5094.8,69.055,1770537599999,350501.7247,5218,39.078,198333.2822,0,2026-02-08 04:00:00
1770537600000,5094.9,5131.8,5078.1,5106.7,104.485,1770551999999,533486.1417,6882,46.422,237075.3033,0,2026-02-08 08:00:00
1770552000000,5106.6,5160.8,5095.1,5156.2,102.132,1770566399999,524101.4183,6935,49.626,254683.8810,0,2026-02-08 12:00:00
1770566400000,5156.6,5188.4,5138.2,5139.5,118.356,1770580799999,611510.0068,7488,61.468,317578.7519,0,2026-02-08 16:00:00
1770580800000,5139.5,5169.8,5135.5,5138.5,91.322,1770595199999,470526.4180,6156,40.256,207423.6607,0,2026-02-08 20:00:00
1770595200000,5138.6,5178.7,5138.6,5172.0,118.799,1770609599999,613473.4717,6851,59.418,306786.5991,0,2026-02-09 00:00:00
1770609600000,5171.1,5200.0,5161.0,5198.2,189.031,1770623999999,979896.5185,6650,96.456,500180.6176,0,2026-02-09 04:00:00
1770624000000,5198.2,5215.0,5173.5,5186.1,258.808,1770638399999,1345962.1766,9674,140.365,730067.4861,0,2026-02-09 08:00:00
1770638400000,5186.9,5187.0,5124.1,5127.6,157.946,1770652799999,814522.5295,8630,54.560,281505.2537,0,2026-02-09 12:00:00
1770652800000,5128.3,5141.5,5085.5,5114.5,162.097,1770667199999,828821.9920,8314,67.828,346733.7060,0,2026-02-09 16:00:00
1770667200000,5113.7,5120.0,5091.0,5111.5,76.176,1770681599999,389093.6067,5811,36.225,185095.0951,0,2026-02-09 20:00:00
1770681600000,5111.5,5134.6,5097.7,5131.1,92.618,1770695999999,473213.4904,5527,45.273,231320.0687,0,2026-02-10 00:00:00
1770696000000,5131.1,5183.2,5113.5,5170.9,124.651,1770710399999,641196.3256,7349,60.856,313237.0179,0,2026-02-10 04:00:00
1770710400000,5170.8,5182.4,5155.3,5165.4,101.317,1770724799999,523758.5346,6369,49.649,256630.4591,0,2026-02-10 08:00:00
1770724800000,5166.0,5205.0,5151.1,5203.5,133.769,1770739199999,692635.0750,7012,74.145,384009.7716,0,2026-02-10 12:00:00
1770739200000,5203.5,5220.0,5194.0,5212.1,156.747,1770753599999,816662.9599,7046,78.267,407789.2298,0,2026-02-10 16:00:00
1770753600000,5211.1,5217.6,5179.3,5181.9,69.418,1770767999999,360593.2716,4682,30.849,160259.4526,0,2026-02-10 20:00:00
1770768000000,5182.0,5198.6,5148.6,5149.4,71.435,1770782399999,369940.0179,6353,32.561,168656.2062,0,2026-02-11 00:00:00
1770782400000,5149.4,5207.6,5149.4,5203.1,123.659,1770796799999,640728.0675,7129,70.141,363411.2737,0,2026-02-11 04:00:00
1770796800000,5203.2,5225.0,5196.3,5208.3,115.787,1770811199999,603426.4108,6256,63.961,333366.7338,0,2026-02-11 08:00:00
1770811200000,5208.3,5224.7,5177.6,5215.6,240.086,1770825599999,1249887.7421,10739,106.085,552227.2846,0,2026-02-11 12:00:00
1770825600000,5215.7,5229.6,5184.0,5221.9,159.430,1770839999999,830191.7079,8377,83.220,433490.1567,0,2026-02-11 16:00:00
1770840000000,5221.8,5228.8,5195.5,5207.0,76.379,1770854399999,398134.7631,6236,35.601,185633.3500,0,2026-02-11 20:00:00
1770854400000,5207.9,5209.5,5182.3,5186.3,72.257,1770868799999,375673.0171,4598,24.788,128851.3560,0,2026-02-12 00:00:00
1770868800000,5185.9,5186.9,5130.2,5144.6,95.924,1770883199999,493999.4600,5911,33.017,169998.6468,0,2026-02-12 04:00:00
1770883200000,5146.9,5165.6,5133.4,5164.7,115.697,1770897599999,595476.9079,5734,67.429,347109.2851,0,2026-02-12 08:00:00
1770897600000,5163.5,5189.5,5157.0,5186.5,94.216,1770911999999,487236.2323,7095,50.669,262057.5873,0,2026-02-12 12:00:00
1770912000000,5187.0,5205.0,5112.1,5136.5,143.879,1770926399999,740614.4692,7289,61.892,318632.9761,0,2026-02-12 16:00:00
1770926400000,5136.2,5150.8,5120.2,5121.7,56.490,1770940799999,290344.3062,4292,29.571,151998.0026,0,2026-02-12 20:00:00
1770940800000,5121.8,5159.2,5118.2,5148.1,138.014,1770955199999,710288.7135,4655,47.777,245431.9986,0,2026-02-13 00:00:00
1770955200000,5148.2,5181.8,5141.2,5159.9,60.512,1770969599999,312342.8094,4261,35.962,185618.8514,0,2026-02-13 04:00:00
1770969600000,5159.8,5178.8,5140.0,5177.6,68.026,1770983999999,350916.9873,4340,46.219,238446.4349,0,2026-02-13 08:00:00
1770984000000,5177.5,5187.2,5138.3,5142.5,171.082,1770998399999,882681.7541,7706,86.349,445511.4791,0,2026-02-13 12:00:00
1770998400000,5143.8,5148.4,5105.4,5105.5,124.928,1771012799999,639802.6132,6627,54.683,280095.2381,0,2026-02-13 16:00:00
1771012800000,5105.5,5119.6,5092.0,5109.6,106.077,1771027199999,541679.4064,5342,59.999,306312.4531,0,2026-02-13 20:00:00
1771027200000,5109.6,5112.9,5084.1,5093.2,106.503,1771041599999,542578.5792,4871,44.244,225314.8128,0,2026-02-14 00:00:00
1771041600000,5093.5,5106.6,5085.4,5102.1,104.208,1771055999999,530948.0553,4861,45.391,231295.1746,0,2026-02-14 04:00:00
1771056000000,5102.2,5108.2,5070.0,5086.4,142.843,1771070399999,726535.4507,7222,68.452,348085.0323,0,2026-02-14 08:00:00
1771070400000,5086.5,5091.2,5031.6,5041.0,182.106,1771084799999,921467.6141,7215,74.053,374777.7455,0,2026-02-14 12:00:00
1771084800000,5041.0,5049.4,5009.6,5011.9,172.622,1771099199999,869122.1851,6334,82.598,416069.1443,0,2026-02-14 16:00:00
1771099200000,5011.8,5032.4,5000.7,5002.8,148.491,1771113599999,744716.6523,6004,66.068,331559.8280,0,2026-02-14 20:00:00
1771113600000,5003.3,5037.0,4988.8,5024.0,163.769,1771127999999,819838.4067,7664,78.434,392696.2008,0,2026-02-15 00:00:00
1771128000000,5024.0,5027.9,4975.3,4978.5,205.842,1771142399999,1027684.9274,7793,76.988,384545.1917,0,2026-02-15 04:00:00
1771142400000,4978.8,5045.2,4974.0,5039.5,206.811,1771156799999,1037696.8972,8026,107.290,538544.8046,0,2026-02-15 08:00:00
1771156800000,5039.6,5087.0,5036.9,5061.3,430.142,1771171199999,2179343.7464,12958,214.343,1086032.2900,0,2026-02-15 12:00:00
1771171200000,5061.2,5169.6,5061.2,5154.1,632.086,1771185599999,3239489.7161,16202,312.744,1602906.4252,0,2026-02-15 16:00:00
1771185600000,5154.0,5168.4,5133.5,5138.2,152.443,1771199999999,785143.7627,9806,76.789,395537.4561,0,2026-02-15 20:00:00
1771200000000,5137.4,5140.9,5122.3,5137.1,97.373,1771214399999,499858.7797,6980,55.877,286835.9048,0,2026-02-16 00:00:00
1771214400000,5137.1,5152.5,5123.4,5132.8,70.568,1771228799999,362382.3193,6706,35.211,180863.3258,0,2026-02-16 04:00:00
1771228800000,5132.8,5139.9,5100.0,5122.4,107.388,1771243199999,549342.6661,6731,71.313,364790.7539,0,2026-02-16 08:00:00
1771243200000,5122.5,5134.2,5089.4,5090.4,177.206,1771257599999,905617.1898,7741,89.739,458669.2037,0,2026-02-16 12:00:00
1771257600000,5090.4,5091.8,5056.7,5067.5,101.753,1771271999999,515927.8727,4660,46.690,236758.0293,0,2026-02-16 16:00:00
1771272000000,5067.5,5081.4,5062.1,5074.5,43.260,1771286399999,219402.0896,3074,24.736,125475.5159,0,2026-02-16 20:00:00
1771286400000,5074.5,5082.4,5060.1,5064.1,42.779,1771300799999,217006.8550,3449,19.987,101395.3710,0,2026-02-17 00:00:00
1771300800000,5064.1,5081.7,5055.9,5071.0,38.439,1771315199999,194857.9855,3152,23.405,118650.5946,0,2026-02-17 04:00:00
1771315200000,5071.0,5093.9,5064.6,5084.0,49.389,1771329599999,251030.3919,3603,28.760,146175.7065,0,2026-02-17 08:00:00
1771329600000,5084.1,5095.6,5043.1,5053.6,104.175,1771343999999,528024.6582,4934,40.654,206046.8779,0,2026-02-17 12:00:00
1771344000000,5053.6,5054.3,5010.5,5024.1,99.576,1771358399999,501142.4758,5395,55.015,276839.7340,0,2026-02-17 16:00:00
1771358400000,5023.9,5028.2,5006.8,5017.8,42.478,1771372799999,213077.4741,2807,20.145,101032.3846,0,2026-02-17 20:00:00
1771372800000,5017.8,5027.5,5005.9,5013.3,47.727,1771387199999,239440.8586,2752,18.186,91253.8343,0,2026-02-18 00:00:00
1771387200000,5013.2,5031.1,5008.1,5021.2,34.945,1771401599999,175581.6258,2944,17.067,85732.3547,0,2026-02-18 04:00:00
1771401600000,5021.2,5045.3,5005.1,5045.1,76.532,1771415999999,384401.2754,4225,39.841,200053.3231,0,2026-02-18 08:00:00
1771416000000,5044.6,5061.5,5031.4,5045.7,90.471,1771430399999,456647.1559,5298,52.893,266995.3662,0,2026-02-18 12:00:00
1771430400000,5044.9,5066.8,5029.1,5064.0,86.941,1771444799999,438889.4245,4769,39.795,200911.1302,0,2026-02-18 16:00:00
1771444800000,5063.9,5076.1,5060.0,5060.4,55.307,1771459199999,280205.5004,4025,26.383,133672.0477,0,2026-02-18 20:00:00
1771459200000,5060.4,5072.7,5052.4,5068.3,72.633,1771473599999,367896.3814,3904,36.595,185343.9553,0,2026-02-19 00:00:00
1771473600000,5068.3,5080.1,5056.6,5066.6,66.259,1771487999999,335913.1749,3500,28.868,146344.5729,0,2026-02-19 04:00:00
1771488000000,5066.5,5097.4,5064.6,5085.3,95.943,1771502399999,487937.3523,4355,53.272,270897.3688,0,2026-02-19 08:00:00
1771502400000,5085.2,5128.2,5080.4,5125.0,158.042,1771516799999,806629.9865,6729,101.685,519017.8392,0,2026-02-19 12:00:00
1771516800000,5125.0,5135.0,5113.4,5124.5,85.646,1771531199999,438874.4796,4941,48.665,249397.5628,0,2026-02-19 16:00:00
1771531200000,5124.5,5131.1,5098.8,5103.6,54.133,1771545599999,276957.8255,3481,27.939,142967.0218,0,2026-02-19 20:00:00
1771545600000,5103.6,5122.1,5099.4,5122.0,39.584,1771559999999,202230.2031,3160,20.633,105412.7619,0,2026-02-20 00:00:00
1771560000000,5122.0,5144.9,5121.0,5134.6,70.512,1771574399999,362108.1732,4124,40.963,210369.0704,0,2026-02-20 04:00:00
1771574400000,5134.7,5148.4,5128.4,5129.2,91.869,1771588799999,472258.4302,4242,41.505,213377.9649,0,2026-02-20 08:00:00
1771588800000,5129.2,5146.2,5082.2,5086.2,174.626,1771603199999,892997.1690,7686,76.557,391643.6659,0,2026-02-20 12:00:00
1771603200000,5085.8,5106.0,5067.3,5080.1,139.000,1771617599999,706112.7512,7982,64.288,326602.0363,0,2026-02-20 16:00:00
1771617600000,5080.1,5104.0,5071.9,5097.2,101.896,1771631999999,518166.2826,5172,76.016,386571.8305,0,2026-02-20 20:00:00
1771632000000,5097.9,5103.7,5087.8,5090.7,43.388,1771646399999,221133.9673,3357,20.477,104366.1058,0,2026-02-21 00:00:00
1771646400000,5090.8,5097.1,5086.8,5093.5,42.865,1771660799999,218249.6643,2763,27.569,140364.3181,0,2026-02-21 04:00:00
1771660800000,5093.5,5101.0,5072.9,5075.1,39.173,1771675199999,199316.1213,3066,20.918,106426.6199,0,2026-02-21 08:00:00
1771675200000,5075.1,5091.7,5064.5,5091.7,82.774,1771689599999,420114.4705,3770,35.310,179192.6527,0,2026-02-21 12:00:00
1771689600000,5091.0,5095.8,5082.0,5095.3,69.120,1771703999999,351743.0425,3042,37.250,189573.7331,0,2026-02-21 16:00:00
1771704000000,5095.7,5104.9,5079.3,5092.0,48.023,1771718399999,244754.0773,3089,27.692,141144.4661,0,2026-02-21 20:00:00
1771718400000,5091.7,5113.6,5089.1,5109.4,78.211,1771732799999,398850.2827,4060,37.384,190654.6924,0,2026-02-22 00:00:00
1771732800000,5109.4,5116.5,5098.6,5105.4,55.160,1771747199999,281715.3315,3691,28.024,143153.4686,0,2026-02-22 04:00:00
1771747200000,5105.4,5116.6,5103.3,5112.5,36.973,1771761599999,188951.1821,3424,17.911,91526.4085,0,2026-02-22 08:00:00
1771761600000,5113.5,5149.4,5113.1,5144.4,94.785,1771775999999,486443.3776,5482,58.107,298232.8047,0,2026-02-22 12:00:00
1771776000000,5144.4,5161.8,5144.0,5155.3,59.332,1771790399999,305666.1144,4067,34.215,176268.4533,0,2026-02-22 16:00:00
1771790400000,5154.5,5163.6,5134.9,5142.6,52.356,1771804799999,269587.1668,3214,17.678,91017.7075,0,2026-02-22 20:00:00
1771804800000,5143.2,5183.1,5142.6,5168.1,357.642,1771819199999,1847803.0278,12335,176.343,911200.7205,0,2026-02-23 00:00:00
1771819200000,5168.3,5178.0,5148.4,5166.6,179.740,1771833599999,928335.1012,8417,83.348,430480.2308,0,2026-02-23 04:00:00
1771833600000,5166.6,5167.9,5112.7,5118.9,123.956,1771847999999,636418.3672,6080,49.387,253572.4925,0,2026-02-23 08:00:00
1771848000000,5119.6,5131.4,5087.0,5128.6,129.574,1771862399999,661370.0929,7001,61.006,311475.8237,0,2026-02-23 12:00:00
1771862400000,5129.6,5143.4,5104.5,5116.3,115.269,1771876799999,590902.7495,6041,53.685,275245.0281,0,2026-02-23 16:00:00
1771876800000,5116.3,5153.8,5105.2,5147.4,38.480,1771891199999,197415.7652,4851,22.443,115139.9125,0,2026-02-23 20:00:00
1771891200000,5147.2,5151.5,5119.0,5121.2,98.386,1771905599999,505171.9136,5270,43.981,225800.9259,0,2026-02-24 00:00:00
1771905600000,5121.3,5121.9,5086.9,5106.6,190.189,1771919999999,970785.4760,7266,99.477,507735.1631,0,2026-02-24 04:00:00
1771920000000,5106.6,5118.9,5096.2,5110.3,100.613,1771934399999,514215.8359,5590,51.893,265172.5847,0,2026-02-24 08:00:00
1771934400000,5110.3,5143.6,5099.4,5129.1,186.870,1771948799999,956498.4959,7953,90.385,462440.9239,0,2026-02-24 12:00:00
1771948800000,5129.1,5147.4,5111.2,5144.3,101.709,1771963199999,521979.8347,5247,75.098,385545.5590,0,2026-02-24 16:00:00
1771963200000,5144.2,5144.7,5102.8,5123.1,49.902,1771977599999,255554.2670,4458,21.120,108118.4798,0,2026-02-24 20:00:00
1771977600000,5122.8,5133.8,5096.7,5105.1,114.100,1771991999999,583553.5559,6887,55.748,285120.0273,0,2026-02-25 00:00:00
1771992000000,5105.2,5125.0,5088.8,5089.2,157.103,1772006399999,801287.5671,6749,59.899,305576.0501,0,2026-02-25 04:00:00
1772006400000,5089.1,5099.4,4989.7,5051.4,418.258,1772020799999,2117973.6463,10270,229.753,1163435.7917,0,2026-02-25 08:00:00
1772020800000,5051.6,5056.5,4982.4,4991.5,303.109,1772035199999,1522452.0619,9900,128.257,643942.0390,0,2026-02-25 12:00:00
1772035200000,4991.6,5026.1,4975.7,4995.8,217.207,1772049599999,1085178.4243,7858,91.823,458835.2935,0,2026-02-25 16:00:00
1772049600000,4995.8,5006.6,4927.8,4983.0,640.753,1772063999999,3181519.9554,14134,264.497,1314110.9076,0,2026-02-25 20:00:00
1772064000000,4983.0,5014.9,4969.0,4995.7,142.913,1772078399999,714138.7837,6604,80.911,404340.0183,0,2026-02-26 00:00:00
1772078400000,4995.7,5007.0,4981.1,4986.6,87.721,1772092799999,437980.6653,4568,36.887,184141.0640,0,2026-02-26 04:00:00
1772092800000,4986.6,5014.5,4980.0,5004.9,87.869,1772107199999,438870.8958,4421,40.515,202429.2718,0,2026-02-26 08:00:00
1772107200000,5004.2,5010.9,4970.1,4994.4,119.378,1772121599999,595473.0440,5564,48.078,239916.2417,0,2026-02-26 12:00:00
1772121600000,4993.1,5064.2,4990.9,5021.5,548.766,1772135999999,2766029.0163,12267,288.137,1452306.4696,0,2026-02-26 16:00:00
1772136000000,5022.9,5035.5,5019.2,5025.1,45.990,1772150399999,231191.0168,3398,26.445,132952.4783,0,2026-02-26 20:00:00
1772150400000,5025.0,5027.3,4990.6,4991.6,76.580,1772164799999,384088.6319,4722,34.048,170803.5887,0,2026-02-27 00:00:00
1772164800000,4991.2,5021.0,4984.1,5013.4,43.408,1772179199999,217054.2440,3960,23.892,119475.7637,0,2026-02-27 04:00:00
1772179200000,5012.5,5052.7,5008.9,5045.1,146.956,1772193599999,739777.1175,6538,77.211,388714.4684,0,2026-02-27 08:00:00
1772193600000,5045.0,5088.2,5029.6,5081.8,289.534,1772207999999,1466548.1370,9297,131.404,666001.0601,0,2026-02-27 12:00:00
1772208000000,5081.7,5101.0,5073.7,5085.4,169.259,1772222399999,861352.9417,7453,76.728,390563.4997,0,2026-02-27 16:00:00
1772222400000,5085.3,5120.0,5082.1,5096.8,225.572,1772236799999,1151103.3973,7206,114.086,582274.3109,0,2026-02-27 20:00:00
1772236800000,5096.9,5103.8,5083.6,5097.0,83.264,1772251199999,424202.9555,5248,55.192,281195.4792,0,2026-02-28 00:00:00
1772251200000,5097.0,5126.9,5084.7,5110.9,298.527,1772265599999,1525183.3853,11396,152.492,779038.0158,0,2026-02-28 04:00:00
1772265600000,5110.9,5155.1,5107.7,5135.2,322.346,1772279999999,1656469.5125,9957,165.479,850324.2829,0,2026-02-28 08:00:00
1772280000000,5135.1,5139.3,5098.0,5112.9,258.396,1772294399999,1321265.1857,9148,112.815,576912.8377,0,2026-02-28 12:00:00
1772294400000,5112.9,5146.9,5104.0,5126.1,110.624,1772308799999,566779.8049,5518,55.591,284870.0369,0,2026-02-28 16:00:00
1772308800000,5125.8,5130.1,5087.8,5106.6,124.191,1772323199999,633920.4071,6593,53.590,273581.5884,0,2026-02-28 20:00:00
1772323200000,5106.2,5106.7,4997.1,5014.2,312.457,1772337599999,1573321.2552,10264,151.965,764812.3534,0,2026-03-01 00:00:00
1772337600000,5013.5,5044.7,5005.8,5034.3,113.918,1772351999999,572298.5284,6212,58.662,294750.0340,0,2026-03-01 04:00:00
1772352000000,5034.3,5055.2,5033.7,5045.0,77.333,1772366399999,389998.2414,4754,38.102,192151.6741,0,2026-03-01 08:00:00
1772366400000,5044.5,5061.0,5023.9,5053.1,233.004,1772380799999,1174543.3621,7343,65.605,330922.5783,0,2026-03-01 12:00:00
1772380800000,5053.0,5079.6,5039.4,5079.3,144.874,1772395199999,732117.6244,7359,67.464,341044.2518,0,2026-03-01 16:00:00
1772395200000,5079.2,5115.1,5068.1,5082.4,239.980,1772409599999,1221866.5024,9126,94.594,481558.8862,0,2026-03-01 20:00:00
1772409600000,5082.4,5100.0,5070.0,5086.9,118.455,1772423999999,602083.1514,5620,54.777,278457.6394,0,2026-03-02 00:00:00
1772424000000,5086.8,5119.0,5082.0,5107.9,130.413,1772438399999,665801.3163,5289,70.405,359417.2748,0,2026-03-02 04:00:00
1772438400000,5108.2,5122.4,5098.8,5111.5,190.691,1772452799999,974292.1428,9505,66.822,341314.9574,0,2026-03-02 08:00:00
1772452800000,5111.6,5113.9,5060.0,5098.6,284.458,1772467199999,1447391.3535,8603,116.139,591166.6625,0,2026-03-02 12:00:00
1772467200000,5098.6,5138.1,5088.9,5116.4,266.108,1772481599999,1359254.2072,7566,97.985,501227.2847,0,2026-03-02 16:00:00
1772481600000,5116.5,5164.1,5110.5,5142.7,141.669,1772495999999,728575.7565,6251,86.388,444293.7719,0,2026-03-02 20:00:00
1772496000000,5142.8,5162.4,5135.6,5146.6,159.052,1772510399999,818399.2938,6083,85.030,437500.6006,0,2026-03-03 00:00:00
1772510400000,5146.1,5168.3,5141.2,5166.4,78.077,1772524799999,402324.2644,5280,46.373,238986.7224,0,2026-03-03 04:00:00
1772524800000,5166.4,5179.0,5132.5,5151.6,198.269,1772539199999,1022213.4088,7789,92.901,479083.4714,0,2026-03-03 08:00:00
1772539200000,5151.1,5186.9,5144.8,5173.9,311.615,1772553599999,1609033.3357,10345,159.662,824633.6279,0,2026-03-03 12:00:00
1772553600000,5173.8,5217.4,5167.4,5207.1,248.481,1772567999999,1290396.1000,9161,131.161,681121.8028,0,2026-03-03 16:00:00
1772568000000,5207.2,5219.9,5181.5,5188.5,75.771,1772582399999,394128.7862,5750,36.251,188599.9144,0,2026-03-03 20:00:00
1772582400000,5188.4,5200.0,5178.8,5187.8,107.505,1772596799999,557931.7302,5319,65.316,339031.3827,0,2026-03-04 00:00:00
1772596800000,5188.1,5230.5,5186.4,5223.1,209.117,1772611199999,1089600.3302,6537,101.618,529575.7247,0,2026-03-04 04:00:00
1772611200000,5223.1,5247.2,5199.6,5239.2,442.028,1772625599999,2308784.4680,11837,263.228,1374712.8272,0,2026-03-04 08:00:00
1772625600000,5239.2,5262.2,5201.9,5204.4,224.015,1772639999999,1172836.8614,9562,118.104,618350.1206,0,2026-03-04 12:00:00
1772640000000,5204.5,5236.7,5172.3,5182.7,194.633,1772654399999,1012935.7478,9002,89.890,467900.7688,0,2026-03-04 16:00:00
1772654400000,5182.8,5220.5,5170.4,5217.0,94.326,1772668799999,490020.5504,6453,56.745,294729.0115,0,2026-03-04 20:00:00
1772668800000,5216.1,5252.4,5216.1,5239.0,88.361,1772683199999,462710.0596,6476,50.189,262850.0234,0,2026-03-05 00:00:00
1772683200000,5239.0,5241.7,5220.2,5231.3,76.925,1772697599999,402376.6071,6374,37.367,195467.5104,0,2026-03-05 04:00:00
1772697600000,5231.3,5237.0,5205.2,5220.0,92.570,1772711999999,483507.5532,6396,33.890,176982.9761,0,2026-03-05 08:00:00
1772712000000,5220.0,5239.1,5212.5,5224.7,83.455,1772726399999,436248.0506,6471,45.957,240259.1808,0,2026-03-05 12:00:00
1772726400000,5224.7,5233.5,5196.0,5202.4,68.649,1772740799999,358129.8740,5751,32.707,170622.2936,0,2026-03-05 16:00:00
1772740800000,5201.9,5222.1,5187.7,5199.4,40.727,1772755199999,211865.5887,4073,22.792,118558.0882,0,2026-03-05 20:00:00
1772755200000,5199.3,5215.0,5180.0,5200.0,60.606,1772769599999,315132.8018,4000,27.236,141619.7443,0,2026-03-06 00:00:00
1772769600000,5200.1,5206.9,5183.2,5203.3,80.770,1772783999999,419430.3999,4230,41.421,215058.0723,0,2026-03-06 04:00:00
1772784000000,5202.5,5223.0,5192.8,5214.0,85.592,1772798399999,445938.1824,4465,40.092,208852.9251,0,2026-03-06 08:00:00
1772798400000,5213.9,5241.7,5193.9,5233.3,138.211,1772812799999,720948.7240,7642,68.917,359502.2413,0,2026-03-06 12:00:00
1772812800000,5234.0,5242.5,5184.6,5187.2,81.937,1772827199999,427405.9351,4904,37.026,193282.1626,0,2026-03-06 16:00:00
1772827200000,5187.2,5208.6,5186.3,5198.4,44.562,1772841599999,231648.5829,3406,15.891,82618.0633,0,2026-03-06 20:00:00
1772841600000,5197.5,5211.8,5192.4,5197.5,176.967,1772855999999,920940.0863,4712,87.871,457330.0819,0,2026-03-07 00:00:00
1772856000000,5198.2,5208.3,5171.6,5174.4,103.645,1772870399999,538000.8831,4348,36.861,191436.7914,0,2026-03-07 04:00:00
1772870400000,5174.4,5184.8,5170.6,5177.9,76.911,1772884799999,398335.3276,4065,31.211,161625.4281,0,2026-03-07 08:00:00
1772884800000,5177.9,5198.5,5176.3,5195.8,79.035,1772899199999,410243.8584,3413,18.157,94222.4006,0,2026-03-07 12:00:00
1772899200000,5195.7,5198.4,5178.6,5186.4,73.541,1772913599999,381687.8111,3769,23.106,119915.9957,0,2026-03-07 16:00:00
1772913600000,5185.2,5189.6,5171.0,5172.0,52.117,1772927999999,270005.4980,3291,16.321,84541.6394,0,2026-03-07 20:00:00
1772928000000,5172.4,5204.9,5171.0,5200.4,72.587,1772942399999,376368.0830,3772,31.478,163198.2073,0,2026-03-08 00:00:00
1772942400000,5200.0,5206.6,5190.1,5192.8,70.780,1772956799999,367926.0849,3644,27.227,141520.3463,0,2026-03-08 04:00:00
1772956800000,5194.3,5219.3,5194.3,5212.7,70.753,1772971199999,368430.3921,4554,36.730,191277.5554,0,2026-03-08 08:00:00
1772971200000,5212.7,5229.5,5209.9,5223.2,79.107,1772985599999,413015.2843,4936,42.053,219556.1466,0,2026-03-08 12:00:00
1772985600000,5223.2,5227.6,5181.3,5188.7,92.905,1772999999999,483570.1497,4121,40.713,211885.9881,0,2026-03-08 16:00:00
1773000000000,5188.6,5193.0,5139.6,5143.9,130.919,1773014399999,676467.4380,6315,58.206,300891.0646,0,2026-03-08 20:00:00
1773014400000,5143.9,5151.0,5125.2,5150.0,111.760,1773028799999,574272.7553,5646,47.569,244430.5488,0,2026-03-09 00:00:00
1773028800000,5150.0,5181.7,5129.5,5181.7,101.045,1773043199999,520752.5927,4961,43.664,225020.7330,0,2026-03-09 04:00:00
1773043200000,5181.6,5183.2,5160.2,5170.0,85.459,1773057599999,441949.7309,4187,29.908,154680.3250,0,2026-03-09 08:00:00
1773057600000,5170.0,5210.0,5166.7,5185.2,118.087,1773071999999,612546.8360,5631,59.702,309720.1923,0,2026-03-09 12:00:00
1773072000000,5185.2,5188.7,5154.7,5163.3,49.582,1773086399999,256332.2492,4126,25.230,130436.7375,0,2026-03-09 16:00:00
1773086400000,5163.7,5204.5,5158.0,5192.6,58.815,1773100799999,304306.6408,4143,34.061,176289.1917,0,2026-03-09 20:00:00
1773100800000,5192.7,5234.9,5187.2,5208.4,135.015,1773115199999,703547.2471,5446,63.486,330757.6227,0,2026-03-10 00:00:00
1773115200000,5208.4,5229.5,5203.2,5224.0,136.464,1773129599999,711355.1146,4380,103.957,541872.9587,0,2026-03-10 04:00:00
1773129600000,5224.0,5239.0,5210.0,5218.6,170.488,1773143999999,890644.1403,5241,107.179,559889.9406,0,2026-03-10 08:00:00
1773144000000,5217.3,5229.9,5195.8,5202.5,88.441,1773158399999,461149.8578,5247,47.119,245714.0876,0,2026-03-10 12:00:00
1773158400000,5202.1,5224.2,5189.4,5219.6,57.009,1773172799999,296662.7412,4407,29.268,152305.1039,0,2026-03-10 16:00:00
1773172800000,5219.6,5221.7,5199.0,5213.2,32.344,1773187199999,168547.3953,2931,18.394,95851.5305,0,2026-03-10 20:00:00
1773187200000,5213.2,5225.3,5208.4,5212.4,46.231,1773201599999,241203.6007,3433,24.791,129335.9081,0,2026-03-11 00:00:00
1773201600000,5212.3,5238.6,5209.7,5236.7,116.626,1773215999999,609597.7074,4791,58.682,306629.1396,0,2026-03-11 04:00:00
1773216000000,5236.6,5241.8,5203.5,5203.5,73.223,1773230399999,382229.4429,4245,37.921,197963.9211,0,2026-03-11 08:00:00
1773230400000,5203.3,5225.0,5189.5,5217.6,100.062,1773244799999,520696.6381,5228,49.495,257622.4777,0,2026-03-11 12:00:00
1773244800000,5217.6,5224.4,5174.5,5185.6,82.628,1773259199999,429952.4762,4184,35.173,183027.6124,0,2026-03-11 16:00:00
1773259200000,5185.3,5200.7,5181.5,5194.1,46.015,1773273599999,238873.0273,3104,24.323,126261.4102,0,2026-03-11 20:00:00
1773273600000,5194.2,5205.7,5184.3,5203.0,61.713,1773287999999,320512.4392,3567,32.538,168999.5350,0,2026-03-12 00:00:00
1773288000000,5204.2,5207.6,5191.9,5198.9,61.811,1773302399999,321463.1284,3555,27.109,140991.9560,0,2026-03-12 04:00:00
1773302400000,5198.9,5203.3,5179.5,5195.3,54.298,1773316799999,281825.1156,3404,23.712,123085.7774,0,2026-03-12 08:00:00
1773316800000,5195.2,5195.3,5158.3,5187.6,103.664,1773331199999,536684.4248,5116,50.041,259045.0963,0,2026-03-12 12:00:00
1773331200000,5187.6,5200.0,5177.5,5197.5,59.028,1773345599999,306263.2602,3571,28.691,148868.6580,0,2026-03-12 16:00:00
1773345600000,5197.4,5200.0,5165.9,5186.9,46.761,1773359999999,242547.7599,2942,21.757,112840.9234,0,2026-03-12 20:00:00
1773360000000,5186.9,5196.6,5141.8,5149.2,134.061,1773374399999,691826.1916,5003,79.223,408780.6549,0,2026-03-13 00:00:00
1773374400000,5149.2,5193.2,5143.4,5190.7,84.645,1773388799999,437363.1618,3914,51.709,267189.8190,0,2026-03-13 04:00:00
1773388800000,5190.7,5192.8,5171.5,5180.7,78.015,1773403199999,404373.3298,3865,36.603,189724.0984,0,2026-03-13 08:00:00
1773403200000,5180.8,5183.0,5130.0,5171.5,154.686,1773417599999,797561.3340,7124,68.476,353217.5025,0,2026-03-13 12:00:00
1773417600000,5171.6,5181.7,5153.9,5171.3,47.688,1773431999999,246497.5808,3731,22.795,117815.9568,0,2026-03-13 16:00:00
1773432000000,5171.4,5176.9,5160.1,5172.5,41.374,1773446399999,213883.3837,2943,24.369,125968.5500,0,2026-03-13 20:00:00
1773446400000,5172.6,5174.7,5157.4,5163.9,33.130,1773460799999,171144.3846,2538,13.302,68730.7921,0,2026-03-14 00:00:00
1773460800000,5163.8,5188.1,5162.8,5182.3,47.563,1773475199999,246318.1188,3201,26.189,135598.3592,0,2026-03-14 04:00:00
1773475200000,5182.8,5206.7,5178.4,5198.6,51.772,1773489599999,268915.7658,3397,25.822,134129.1649,0,2026-03-14 08:00:00
1773489600000,5198.9,5201.8,5185.1,5185.5,27.854,1773503999999,144721.8559,2632,12.686,65921.8650,0,2026-03-14 12:00:00
1773504000000,5185.4,5238.0,5179.8,5194.1,94.892,1773518399999,493140.5837,3395,64.925,337524.8296,0,2026-03-14 16:00:00
1773518400000,5194.0,5195.3,5168.1,5179.7,45.959,1773532799999,237930.1738,2510,14.456,74820.3111,0,2026-03-14 20:00:00
1773532800000,5179.8,5184.9,5170.2,5182.2,42.895,1773547199999,222116.9820,2669,15.243,78930.5946,0,2026-03-15 00:00:00
1773547200000,5182.2,5189.1,5170.6,5177.1,23.975,1773561599999,124194.4486,2099,10.204,52861.4442,0,2026-03-15 04:00:00
1773561600000,5176.6,5182.4,5168.4,5173.3,82.604,1773575999999,427457.9204,2887,44.636,230970.4464,0,2026-03-15 08:00:00
1773576000000,5173.4,5195.8,5166.9,5192.9,54.734,1773590399999,283814.2296,2975,28.661,148616.3036,0,2026-03-15 12:00:00
1773590400000,5193.2,5194.0,5171.5,5172.6,49.465,1773604799999,256348.8877,2817,17.464,90506.6816,0,2026-03-15 16:00:00
1773604800000,5172.7,5176.4,5098.4,5122.4,336.522,1773619199999,1724875.9397,7577,155.552,797116.7802,0,2026-03-15 20:00:00
1773619200000,5123.3,5127.5,5073.7,5096.1,265.821,1773633599999,1357685.5616,7527,95.033,485541.8148,0,2026-03-16 00:00:00
1773633600000,5096.1,5096.9,5053.5,5056.1,225.280,1773647999999,1142210.4266,7899,86.880,440596.0146,0,2026-03-16 04:00:00
1773648000000,5055.4,5064.0,5036.8,5049.8,91.464,1773662399999,462070.7326,5539,42.029,212338.6548,0,2026-03-16 08:00:00
1773662400000,5049.9,5069.1,5012.2,5026.5,220.821,1773676799999,1113549.8792,7992,94.546,476798.5953,0,2026-03-16 12:00:00
1773676800000,5026.1,5029.2,4971.7,4979.4,124.218,1773691199999,621277.0044,5623,40.729,203825.9088,0,2026-03-16 16:00:00
1773691200000,4979.1,5130.0,4957.7,4999.5,339.751,1773705599999,1695902.1363,8854,165.050,825007.5938,0,2026-03-16 20:00:00
1773705600000,4999.0,5039.9,4989.7,5022.4,339.185,1773719999999,1701889.5353,9699,173.889,872630.8136,0,2026-03-17 00:00:00
1773720000000,5022.1,5036.0,5005.0,5009.7,87.781,1773734399999,440872.2765,4198,41.880,210385.0225,0,2026-03-17 04:00:00
1773734400000,5009.8,5025.4,5001.1,5017.2,58.366,1773748799999,292608.9230,3174,19.594,98223.0296,0,2026-03-17 08:00:00
1773748800000,5017.2,5023.0,4990.0,5011.5,104.365,1773763199999,522545.6877,4660,44.175,221223.3304,0,2026-03-17 12:00:00
1773763200000,5011.0,5029.6,5002.8,5027.6,48.229,1773777599999,241890.1344,3164,29.737,149133.3879,0,2026-03-17 16:00:00
1773777600000,5027.7,5033.0,5003.5,5004.3,33.012,1773791999999,165637.7764,2658,13.701,68748.1080,0,2026-03-17 20:00:00
1773792000000,5004.7,5011.5,4993.5,4997.0,85.434,1773806399999,427415.4146,3243,24.165,120910.1574,0,2026-03-18 00:00:00
1773806400000,4997.1,5012.0,4993.6,4999.4,66.201,1773820799999,331040.9631,2794,27.795,139002.7756,0,2026-03-18 04:00:00
1773820800000,4999.4,5040.7,4996.9,5033.8,84.837,1773835199999,426141.0200,3851,44.361,222828.0609,0,2026-03-18 08:00:00
1773835200000,5033.9,5089.9,5032.2,5084.8,355.839,1773849599999,1801525.6729,9090,182.067,921900.8400,0,2026-03-18 12:00:00
1773849600000,5084.9,5094.4,5042.3,5050.8,149.671,1773863999999,759877.4420,5907,58.735,298369.9645,0,2026-03-18 16:00:00
1773864000000,5049.4,5058.8,5023.1,5027.0,64.209,1773878399999,323728.5923,3287,30.749,155011.8032,0,2026-03-18 20:00:00
1773878400000,5026.7,5031.8,5001.0,5009.0,71.559,1773892799999,359385.5303,3115,26.492,133065.9467,0,2026-03-19 00:00:00
1773892800000,5008.9,5024.1,4993.9,5008.9,94.784,1773907199999,474559.1318,3864,43.716,218941.7909,0,2026-03-19 04:00:00
1773907200000,5008.9,5018.1,4995.5,5002.3,65.662,1773921599999,328555.7047,3086,31.102,155632.0799,0,2026-03-19 08:00:00
1773921600000,5002.2,5049.8,4995.7,5049.1,92.808,1773935999999,466797.2810,4579,42.745,214880.0537,0,2026-03-19 12:00:00
1773936000000,5047.6,5074.9,5045.0,5070.0,69.127,1773950399999,349983.2969,3917,38.404,194429.4224,0,2026-03-19 16:00:00
1773950400000,5071.0,5073.5,5040.2,5042.6,33.517,1773964799999,169661.9684,2765,17.888,90556.2418,0,2026-03-19 20:00:00
1773964800000,5042.1,5085.0,5036.7,5065.8,288.559,1773979199999,1457420.5912,5861,156.779,791847.3908,0,2026-03-20 00:00:00
1773979200000,5065.5,5080.0,5063.6,5076.9,82.926,1773993599999,420712.8532,2542,28.734,145761.4378,0,2026-03-20 04:00:00
1773993600000,5078.1,5080.9,5058.8,5065.7,69.258,1774007999999,351322.9526,2572,23.036,116840.9878,0,2026-03-20 08:00:00
1774008000000,5065.4,5067.4,5038.5,5039.8,169.237,1774022399999,855476.7556,3420,86.412,436928.1856,0,2026-03-20 12:00:00
1774022400000,5040.1,5070.1,5031.0,5066.5,35.612,1774036799999,179733.3227,2223,15.940,80495.3205,0,2026-03-20 16:00:00
1774036800000,5066.5,5066.5,5050.3,5053.8,32.447,1774051199999,164089.1451,2081,10.368,52438.4282,0,2026-03-20 20:00:00
1774051200000,5053.8,5061.2,5050.8,5055.2,79.338,1774065599999,401108.7634,2905,44.821,226597.1959,0,2026-03-21 00:00:00
1774065600000,5054.2,5060.7,5051.0,5060.1,27.454,1774079999999,138787.0826,1579,16.905,85455.1917,0,2026-03-21 04:00:00
1774080000000,5060.2,5062.0,5052.0,5054.3,27.704,1774094399999,140052.5433,1507,18.530,93668.8803,0,2026-03-21 08:00:00
1774094400000,5054.4,5072.8,5054.3,5059.8,17.337,1774108799999,87792.1559,1831,8.445,42751.3834,0,2026-03-21 12:00:00
1774108800000,5059.8,5062.3,5050.9,5052.7,26.516,1774123199999,134079.2353,1350,15.529,78517.7041,0,2026-03-21 16:00:00
1774123200000,5053.3,5082.4,5039.2,5073.2,49.953,1774137599999,252756.2946,2747,26.770,135536.5704,0,2026-03-21 20:00:00
1774137600000,5073.8,5095.4,5042.2,5053.6,94.533,1774151999999,479745.3632,4346,44.679,226770.0978,0,2026-03-22 00:00:00
1774152000000,5053.4,5061.6,5043.1,5061.5,76.628,1774166399999,387173.3686,2697,36.983,186882.6602,0,2026-03-22 04:00:00
1774166400000,5061.5,5079.1,5053.5,5054.9,46.651,1774180799999,236384.0700,2769,25.712,130272.6254,0,2026-03-22 08:00:00
1774180800000,5054.9,5081.1,5051.6,5073.3,48.033,1774195199999,243380.6916,2670,28.951,146708.1204,0,2026-03-22 12:00:00
1774195200000,5073.2,5084.7,5064.5,5066.0,72.375,1774209599999,367202.8077,3473,52.811,267958.8940,0,2026-03-22 16:00:00
1774209600000,5066.5,5083.2,5058.9,5061.9,63.811,1774223999999,323659.8940,3482,33.790,171376.3596,0,2026-03-22 20:00:00
1774224000000,5060.3,5078.9,5052.8,5073.7,79.986,1774238399999,405383.2510,3025,56.000,283870.0385,0,2026-03-23 00:00:00
1774238400000,5073.8,5119.4,5072.2,5117.3,181.930,1774252799999,927990.0727,6325,102.872,524666.8571,0,2026-03-23 04:00:00
1774252800000,5118.0,5133.5,5041.5,5085.2,724.901,1774267199999,3693285.0064,14936,337.028,1716506.7547,0,2026-03-23 08:00:00
1774267200000,5085.2,5100.0,5049.2,5070.2,156.746,1774281599999,796039.1600,7993,79.965,406059.0164,0,2026-03-23 12:00:00
1774281600000,5069.5,5104.0,5064.7,5070.0,160.101,1774295999999,814434.0292,5062,116.313,591800.7679,0,2026-03-23 16:00:00
1774296000000,5069.7,5085.5,5062.9,5081.1,109.073,1774310399999,553674.0801,2960,42.621,216306.3029,0,2026-03-23 20:00:00
1774310400000,5081.1,5104.1,5078.2,5088.1,164.126,1774324799999,835185.7180,4269,83.471,424856.5596,0,2026-03-24 00:00:00
1774324800000,5088.7,5097.6,5078.8,5091.5,89.397,1774339199999,454881.1635,2609,24.586,125102.4249,0,2026-03-24 04:00:00
1774339200000,5091.0,5107.8,5083.6,5091.8,59.061,1774353599999,300956.5139,2757,25.755,131270.2549,0,2026-03-24 08:00:00
1774353600000,5091.9,5093.7,5064.4,5067.2,91.528,1774367999999,465051.9641,4636,32.988,167578.9703,0,2026-03-24 12:00:00
1774368000000,5066.3,5067.9,5050.0,5060.9,49.788,1774382399999,251863.4013,2699,18.318,92673.1170,0,2026-03-24 16:00:00
1774382400000,5061.5,5066.6,5042.5,5056.2,52.832,1774396799999,266950.2913,2896,26.510,133957.8806,0,2026-03-24 20:00:00
1774396800000,5056.3,5150.0,5056.3,5064.3,526.259,1774411199999,2672078.8785,12897,246.800,1253215.1586,0,2026-03-25 00:00:00
1774411200000,5064.1,5073.2,5060.0,5062.2,84.000,1774425599999,425421.2068,2442,23.462,118826.0051,0,2026-03-25 04:00:00
1774425600000,5062.3,5074.7,5051.2,5067.4,259.405,1774439999999,1312680.0745,3994,43.166,218527.9949,0,2026-03-25 08:00:00
1774440000000,5067.3,5074.0,5053.4,5053.4,286.275,1774454399999,1451128.6461,3497,236.817,1200544.1835,0,2026-03-25 12:00:00
1774454400000,5053.4,5073.4,5044.8,5046.5,53.716,1774468799999,271701.6189,2272,25.473,128876.9043,0,2026-03-25 16:00:00
1774468800000,5045.3,5074.7,5043.0,5073.1,135.820,1774483199999,687979.9342,3496,51.465,260759.1538,0,2026-03-25 20:00:00
1774483200000,5073.2,5088.0,5059.8,5082.2,155.858,1774497599999,790810.6882,3865,69.704,353813.0023,0,2026-03-26 00:00:00
1774497600000,5083.1,5098.8,5077.0,5093.0,112.768,1774511999999,573914.0015,3862,77.173,392761.4353,0,2026-03-26 04:00:00
1774512000000,5093.2,5148.6,5089.7,5137.4,184.006,1774526399999,943894.9890,5487,97.134,498207.7512,0,2026-03-26 08:00:00
1774526400000,5137.3,5141.8,5120.0,5129.3,88.449,1774540799999,453963.8819,4415,41.822,214677.6633,0,2026-03-26 12:00:00
1774540800000,5129.0,5135.8,5111.5,5133.2,63.055,1774555199999,322968.0940,3344,33.535,171766.7190,0,2026-03-26 16:00:00
1774555200000,5132.0,5134.8,5107.8,5114.0,67.223,1774569599999,344313.0962,2903,34.833,178399.0295,0,2026-03-26 20:00:00
1774569600000,5114.0,5198.0,5106.5,5113.9,545.023,1774583999999,2793225.4216,9102,189.099,969867.4512,0,2026-03-27 00:00:00
1774584000000,5113.9,5124.7,5092.4,5093.4,54.220,1774598399999,277039.1786,3054,21.415,109429.1793,0,2026-03-27 04:00:00
1774598400000,5093.7,5108.5,5083.8,5105.0,128.735,1774612799999,655967.4571,4030,62.307,317530.8948,0,2026-03-27 08:00:00
1774612800000,5105.0,5107.1,5055.9,5058.6,122.719,1774627199999,623395.3096,4115,43.855,222812.6877,0,2026-03-27 12:00:00
1774627200000,5057.6,5069.8,5050.6,5060.8,70.403,1774641599999,356119.7951,3375,40.601,205398.1378,0,2026-03-27 16:00:00
1774641600000,5060.9,5086.9,5056.4,5086.5,60.523,1774655999999,306860.5720,3013,36.896,187066.0531,0,2026-03-27 20:00:00
1774656000000,5086.5,5093.6,5072.2,5085.2,44.572,1774670399999,226526.6018,2843,17.674,89824.1560,0,2026-03-28 00:00:00
1774670400000,5085.7,5087.9,5060.8,5064.1,37.108,1774684799999,188385.9338,2582,14.112,71691.7788,0,2026-03-28 04:00:00
1774684800000,5064.2,5067.7,5050.6,5056.7,58.873,1774699199999,297841.1502,2556,35.268,178405.1947,0,2026-03-28 08:00:00
1774699200000,5057.0,5069.7,5046.1,5055.7,124.188,1774713599999,627790.6130,3796,71.313,360453.4054,0,2026-03-28 12:00:00
1774713600000,5055.7,5066.9,5049.6,5065.6,20.928,1774727999999,105814.3667,1876,7.209,36451.9358,0,2026-03-28 16:00:00
1774728000000,5065.5,5092.2,5055.8,5084.2,67.798,1774742399999,344197.6885,2813,39.221,199165.4527,0,2026-03-28 20:00:00
1774742400000,5084.3,5095.0,5075.7,5092.0,52.451,1774756799999,266847.6258,3074,21.398,108851.3122,0,2026-03-29 00:00:00
1774756800000,5091.6,5099.0,5080.2,5084.0,56.646,1774771199999,288387.6753,2689,24.780,126183.6071,0,2026-03-29 04:00:00
1774771200000,5084.0,5098.4,5082.6,5096.4,39.941,1774785599999,203231.7163,2134,19.893,101228.7386,0,2026-03-29 08:00:00
1774785600000,5096.4,5118.5,5096.0,5107.4,98.245,1774799999999,501679.2882,3245,57.246,292339.8723,0,2026-03-29 12:00:00
1774800000000,5107.2,5110.5,5097.5,5100.7,60.490,1774814399999,308713.1257,2635,33.780,172413.6789,0,2026-03-29 16:00:00
1774814400000,5100.7,5114.0,5081.6,5084.3,65.250,1774828799999,332779.4756,3720,30.159,153834.6170,0,2026-03-29 20:00:00
1774828800000,5084.3,5084.3,5061.3,5062.4,113.185,1774843199999,573980.7401,4316,51.935,263333.8110,0,2026-03-30 00:00:00
1774843200000,5063.2,5077.4,5045.0,5059.3,101.349,1774857599999,512793.7321,3161,42.755,216321.7122,0,2026-03-30 04:00:00
1774857600000,5060.0,5065.6,5045.0,5050.1,67.556,1774871999999,341460.6527,3030,28.927,146207.9962,0,2026-03-30 08:00:00
1774872000000,5050.1,5063.4,5048.4,5050.4,57.355,1774886399999,289994.9566,2556,28.405,143580.9788,0,2026-03-30 12:00:00
1774886400000,5050.7,5067.4,5045.3,5062.7,67.487,1774900799999,341097.1130,2824,28.694,144990.7015,0,2026-03-30 16:00:00
1774900800000,5062.2,5084.6,5047.8,5084.5,36.166,1774915199999,183255.1502,2478,16.646,84342.7428,0,2026-03-30 20:00:00
1774915200000,5084.6,5098.0,5070.5,5090.0,105.848,1774929599999,538585.9759,4274,46.691,237588.5632,0,2026-03-31 00:00:00
1774929600000,5090.0,5093.7,5080.0,5084.1,94.358,1774943999999,479785.5739,2720,35.160,178770.6256,0,2026-03-31 04:00:00
1774944000000,5083.2,5089.5,5067.0,5075.9,84.927,1774958399999,431134.2945,3214,39.445,200261.9388,0,2026-03-31 08:00:00
1774958400000,5075.9,5084.6,5060.0,5067.1,97.632,1774972799999,494984.0362,4629,53.456,271008.3794,0,2026-03-31 12:00:00
1774972800000,5067.4,5082.7,5050.8,5062.4,114.617,1774987199999,580652.4377,4410,58.596,296851.0699,0,2026-03-31 16:00:00
1774987200000,5062.2,5094.2,5059.9,5080.1,31.714,1775001599999,161093.9033,2568,16.718,84947.6310,0,2026-03-31 20:00:00
1775001600000,5080.1,5080.1,5057.2,5061.0,61.557,1775015999999,311819.5023,3084,32.495,164594.6592,0,2026-04-01 00:00:00
1775016000000,5061.5,5071.3,5040.0,5057.2,174.763,1775030399999,883192.8700,4476,100.883,509834.9430,0,2026-04-01 04:00:00
1775030400000,5057.3,5062.7,5048.5,5060.8,209.196,1775044799999,1057390.1563,3998,106.553,538377.2236,0,2026-04-01 08:00:00
1775044800000,5060.8,5073.0,5043.2,5072.3,88.593,1775059199999,448018.3245,3721,45.663,230991.1754,0,2026-04-01 12:00:00
1775059200000,5072.3,5075.6,5019.0,5023.7,153.972,1775073599999,775319.4848,4261,77.471,389862.3224,0,2026-04-01 16:00:00
1775073600000,5024.6,5047.0,5016.0,5042.9,86.971,1775087999999,437747.1310,3422,31.843,160278.4904,0,2026-04-01 20:00:00
1775088000000,5042.4,5101.6,5037.3,5091.8,231.528,1775102399999,1174665.3856,6213,118.081,599178.3731,0,2026-04-02 00:00:00
1775102400000,5091.7,5113.7,5088.9,5109.0,109.797,1775116799999,560259.2054,4353,70.264,358501.0002,0,2026-04-02 04:00:00
1775116800000,5109.0,5134.1,5032.5,5123.1,312.813,1775131199999,1596588.3412,7238,181.172,925817.6925,0,2026-04-02 08:00:00
1775131200000,5123.0,5158.5,5118.8,5140.9,120.640,1775145599999,620029.5369,5796,64.438,331148.9955,0,2026-04-02 12:00:00
1775145600000,5140.8,5157.1,5125.0,5125.3,73.254,1775159999999,376618.1934,4200,39.156,201342.2261,0,2026-04-02 16:00:00
1775160000000,5125.0,5129.9,5107.3,5119.4,38.418,1775174399999,196634.2366,3418,25.012,128031.7818,0,2026-04-02 20:00:00
1775174400000,5119.1,5126.6,5091.3,5092.1,70.244,1775188799999,358956.8712,3331,32.314,165198.3091,0,2026-04-03 00:00:00
1775188800000,5091.8,5109.3,5080.5,5104.8,100.934,1775203199999,513697.7818,3968,68.967,351024.5457,0,2026-04-03 04:00:00
1775203200000,5104.8,5110.9,5095.5,5103.1,119.948,1775217599999,611995.5153,3927,69.165,352952.0028,0,2026-04-03 08:00:00
1775217600000,5103.0,5110.0,5088.4,5101.7,82.519,1775231999999,421058.4264,3842,44.181,225462.0847,0,2026-04-03 12:00:00
1775232000000,5102.8,5112.5,5098.6,5106.5,26.782,1775246399999,136714.9233,2224,17.562,89652.5072,0,2026-04-03 16:00:00
1775246400000,5106.4,5114.5,5098.0,5111.6,39.618,1775260799999,202280.0254,1636,11.807,60289.2366,0,2026-04-03 20:00:00
1775260800000,5111.7,5114.1,5105.6,5107.2,23.428,1775275199999,119730.0551,1665,9.861,50398.3536,0,2026-04-04 00:00:00
1775275200000,5107.2,5115.7,5102.0,5113.9,27.998,1775289599999,142983.4506,2071,18.347,93709.1372,0,2026-04-04 04:00:00
1775289600000,5113.4,5128.0,5112.6,5126.4,49.834,1775303999999,255165.5499,2019,32.729,167566.8348,0,2026-04-04 08:00:00
1775304000000,5126.4,5138.1,5118.7,5131.1,45.335,1775318399999,232511.1107,2810,24.968,128070.5245,0,2026-04-04 12:00:00
1775318400000,5131.2,5136.5,5096.4,5113.5,52.238,1775332799999,267363.5337,2901,31.128,159344.6861,0,2026-04-04 16:00:00
1775332800000,5113.5,5116.7,5107.5,5111.5,16.572,1775347199999,84722.1699,1995,5.921,30268.7945,0,2026-04-04 20:00:00
1775347200000,5111.1,5118.2,5108.6,5111.5,25.713,1775361599999,131493.8802,2118,13.432,68698.6953,0,2026-04-05 00:00:00
1775361600000,5111.6,5138.6,5111.6,5137.8,35.834,1775375999999,183769.6684,2433,21.773,111652.3542,0,2026-04-05 04:00:00
1775376000000,5137.1,5144.7,5134.2,5140.6,30.057,1775390399999,154529.0456,2188,17.642,90707.4703,0,2026-04-05 08:00:00
1775390400000,5140.6,5165.3,5139.9,5158.9,117.366,1775404799999,605286.8900,3899,60.631,312699.8527,0,2026-04-05 12:00:00
1775404800000,5158.8,5158.9,5138.3,5146.2,24.583,1775419199999,126505.4959,2127,10.678,54955.2039,0,2026-04-05 16:00:00
1775419200000,5145.1,5176.5,5144.7,5166.6,109.573,1775433599999,566046.5535,3599,58.589,302694.6988,0,2026-04-05 20:00:00
1775433600000,5166.7,5168.6,5121.6,5140.8,66.379,1775447999999,341546.4972,3437,31.143,160280.5776,0,2026-04-06 00:00:00
1775448000000,5140.9,5145.0,5124.6,5127.2,48.563,1775462399999,249343.6079,2219,31.365,161048.7586,0,2026-04-06 04:00:00
1775462400000,5127.3,5147.3,5123.6,5131.4,90.043,1775476799999,462642.2771,3118,54.258,278823.1222,0,2026-04-06 08:00:00
1775476800000,5131.5,5144.6,5111.5,5144.0,236.479,1775491199999,1212044.8220,3910,195.898,1004089.9580,0,2026-04-06 12:00:00
1775491200000,5144.1,5175.0,5141.7,5165.6,66.656,1775505599999,344189.0623,3595,40.738,210331.0977,0,2026-04-06 16:00:00
1775505600000,5164.8,5190.0,5160.1,5185.5,137.477,1775519999999,711758.9121,4312,77.450,401073.0999,0,2026-04-06 20:00:00
1775520000000,5185.4,5187.8,5161.2,5186.1,65.883,1775534399999,341032.5275,3820,27.680,143318.9787,0,2026-04-07 00:00:00
1775534400000,5186.0,5188.0,5170.8,5175.6,129.521,1775548799999,670911.1379,4876,68.978,357386.1802,0,2026-04-07 04:00:00
1775548800000,5174.9,5195.7,5163.3,5188.8,196.607,1775563199999,1018778.0043,6285,111.889,579809.2459,0,2026-04-07 08:00:00
1775563200000,5190.7,5229.4,5184.2,5193.5,542.683,1775577599999,2823259.4223,11907,291.296,1516447.8778,0,2026-04-07 12:00:00
1775577600000,5193.7,5197.4,5167.0,5173.3,93.345,1775591999999,483938.4225,5096,37.089,192303.4518,0,2026-04-07 16:00:00
1775592000000,5172.3,5194.6,5111.0,5142.1,398.799,1775606399999,2051818.2703,12317,192.585,991082.8772,0,2026-04-07 20:00:00
1775606400000,5142.0,5160.4,5067.3,5119.6,753.496,1775620799999,3871053.3320,16898,390.215,2006508.2858,0,2026-04-08 00:00:00
1775620800000,5119.6,5135.8,5113.4,5119.7,106.143,1775635199999,543910.9212,4992,61.430,314767.8672,0,2026-04-08 04:00:00
1775635200000,5119.8,5134.8,5118.1,5132.0,49.083,1775649599999,251521.5631,4082,25.771,132058.3633,0,2026-04-08 08:00:00
1775649600000,5131.0,5182.8,5126.7,5172.6,101.443,1775663999999,523811.6426,5569,64.412,332639.0179,0,2026-04-08 12:00:00
1775664000000,5173.3,5197.9,5169.0,5188.6,60.279,1775678399999,312575.3817,4254,36.456,189079.5029,0,2026-04-08 16:00:00
1775678400000,5187.7,5220.0,5184.1,5215.2,182.628,1775692799999,951103.9593,6617,99.907,520418.4726,0,2026-04-08 20:00:00
1775692800000,5214.8,5233.9,5206.3,5227.2,220.817,1775707199999,1153106.8787,9346,118.539,619099.2663,0,2026-04-09 00:00:00
1775707200000,5227.1,5230.7,5213.7,5222.3,156.108,1775721599999,815199.1297,7717,94.727,494719.4219,0,2026-04-09 04:00:00
1775721600000,5222.3,5246.2,5217.6,5243.7,153.402,1775735999999,803192.8843,6740,84.968,444896.6166,0,2026-04-09 08:00:00
1775736000000,5243.1,5247.8,5225.1,5230.9,105.856,1775750399999,554331.6709,6770,48.520,254140.3422,0,2026-04-09 12:00:00
1775750400000,5231.0,5250.5,5207.7,5215.4,184.004,1775764799999,962361.3290,10276,77.957,407810.3467,0,2026-04-09 16:00:00
1775764800000,5215.0,5249.5,5211.3,5244.7,111.781,1775779199999,585361.5412,7525,54.311,284390.5042,0,2026-04-09 20:00:00
1775779200000,5244.7,5271.5,5244.6,5266.4,128.424,1775793599999,675312.2535,6775,66.322,348750.8190,0,2026-04-10 00:00:00
1775793600000,5266.3,5271.6,5252.4,5253.7,91.353,1775807999999,480768.2604,9225,47.488,249947.4049,0,2026-04-10 04:00:00
1775808000000,5253.7,5268.6,5242.1,5252.5,152.043,1775822399999,798955.5413,8466,85.826,451093.6493,0,2026-04-10 08:00:00
1775822400000,5253.2,5263.3,5239.6,5251.0,212.273,1775836799999,1114197.2049,11427,100.713,528720.2205,0,2026-04-10 12:00:00
1775836800000,5250.1,5260.0,5233.3,5243.3,111.781,1775851199999,586739.7525,6523,52.550,275874.6195,0,2026-04-10 16:00:00
1775851200000,5243.3,5260.0,5240.5,5251.8,109.145,1775865599999,573140.8555,6598,57.521,302090.8640,0,2026-04-10 20:00:00
1775865600000,5251.8,5269.8,5247.9,5264.7,128.585,1775879999999,676021.4163,7238,73.847,388303.3360,0,2026-04-11 00:00:00
1775880000000,5264.7,5276.8,5258.2,5265.4,188.030,1775894399999,990396.0664,9704,89.476,471316.1936,0,2026-04-11 04:00:00
1775894400000,5265.1,5269.7,5250.8,5262.6,189.370,1775908799999,995919.1236,10647,100.471,528439.5778,0,2026-04-11 08:00:00
1775908800000,5262.5,5274.4,5245.5,5250.4,220.185,1775923199999,1158836.1580,13967,103.196,543233.7246,0,2026-04-11 12:00:00
1775923200000,5250.5,5253.8,5191.2,5200.6,148.557,1775937599999,776369.1877,7367,62.067,324581.7590,0,2026-04-11 16:00:00
1775937600000,5200.6,5226.0,5195.7,5223.8,84.150,1775951999999,438282.9133,4749,42.886,223451.7850,0,2026-04-11 20:00:00
1775952000000,5224.1,5260.0,5216.7,5243.9,175.919,1775966399999,922618.6422,9681,96.408,505641.2845,0,2026-04-12 00:00:00
1775966400000,5244.2,5263.1,5238.7,5258.9,161.254,1775980799999,846745.9634,12339,90.544,475508.1563,0,2026-04-12 04:00:00
1775980800000,5258.8,5263.5,5240.7,5243.7,165.042,1775995199999,866892.0303,9556,79.060,415329.8208,0,2026-04-12 08:00:00
1775995200000,5243.8,5246.6,5231.6,5240.0,76.552,1776009599999,401190.0393,5300,40.427,211885.1321,0,2026-04-12 12:00:00
1776009600000,5240.0,5242.8,5225.0,5231.9,25.857,1776023999999,135311.3024,2613,12.177,63716.2865,0,2026-04-12 16:00:00
1776024000000,5231.7,5234.5,5221.0,5230.2,41.363,1776038399999,216237.0940,2838,22.196,116033.2915,0,2026-04-12 20:00:00
1776038400000,5230.2,5243.8,5222.9,5235.4,68.378,1776052799999,357623.9965,2903,35.483,185545.1485,0,2026-04-13 00:00:00
1776052800000,5235.3,5242.5,5221.8,5233.0,91.041,1776067199999,476035.7571,4579,33.681,176155.1560,0,2026-04-13 04:00:00
1776067200000,5232.9,5235.6,5215.8,5232.5,67.409,1776081599999,352430.9508,2951,20.887,109205.3692,0,2026-04-13 08:00:00
1776081600000,5232.2,5275.9,5225.9,5271.1,122.609,1776095999999,644122.6674,6107,74.502,391480.7084,0,2026-04-13 12:00:00
1776096000000,5271.1,5293.5,5250.0,5281.7,365.345,1776110399999,1926772.9693,13256,193.454,1020539.6130,0,2026-04-13 16:00:00
1776110400000,5281.1,5293.7,5194.4,5202.6,351.888,1776124799999,1850288.7433,15864,163.836,861877.5170,0,2026-04-13 20:00:00
1776124800000,5200.8,5221.5,5195.6,5217.9,102.933,1776139199999,536247.8320,4838,46.831,243986.2934,0,2026-04-14 00:00:00
1776139200000,5217.9,5227.0,5216.3,5218.1,54.933,1776153599999,286841.1251,3286,20.697,108085.5341,0,2026-04-14 04:00:00
1776153600000,5218.9,5220.6,5195.5,5207.5,90.725,1776167999999,472587.3481,3865,28.520,148547.5911,0,2026-04-14 08:00:00
1776168000000,5207.6,5270.2,5204.5,5266.9,185.901,1776182399999,975079.9943,5639,115.567,606469.8340,0,2026-04-14 12:00:00
1776182400000,5266.9,5286.6,5253.0,5276.8,256.867,1776196799999,1353509.0934,11771,154.384,813412.9598,0,2026-04-14 16:00:00
1776196800000,5277.2,5284.0,5256.2,5265.6,58.823,1776211199999,310124.3299,4214,35.375,186529.2005,0,2026-04-14 20:00:00
1776211200000,5265.0,5283.1,5264.3,5270.7,66.423,1776225599999,350204.0682,3439,43.819,231038.3382,0,2026-04-15 00:00:00
1776225600000,5268.8,5270.0,5249.9,5259.4,56.603,1776239999999,297783.2769,3805,36.406,191549.0454,0,2026-04-15 04:00:00
1776240000000,5259.8,5272.7,5239.6,5244.5,93.205,1776254399999,490416.4798,4975,28.853,151809.4104,0,2026-04-15 08:00:00
1776254400000,5244.6,5252.5,5209.3,5209.4,109.147,1776268799999,570648.1909,6452,47.386,247682.8151,0,2026-04-15 12:00:00
1776268800000,5209.5,5211.6,5190.0,5203.6,181.059,1776283199999,940969.4138,6444,120.287,625011.7832,0,2026-04-15 16:00:00
1776283200000,5203.3,5234.5,5202.1,5223.4,80.312,1776297599999,419047.9084,3908,54.490,284267.6819,0,2026-04-15 20:00:00
1776297600000,5224.0,5231.3,5216.0,5222.9,67.424,1776311999999,352221.9310,4381,32.629,170478.7723,0,2026-04-16 00:00:00
1776312000000,5222.9,5236.4,5216.0,5220.9,82.289,1776326399999,430000.2878,5992,39.789,207953.0358,0,2026-04-16 04:00:00
1776326400000,5221.4,5228.1,5206.6,5217.9,52.510,1776340799999,273987.8084,2937,23.429,122267.6445,0,2026-04-16 08:00:00
1776340800000,5217.4,5227.3,5190.7,5195.4,102.329,1776355199999,532883.1728,5292,47.242,246045.1657,0,2026-04-16 12:00:00
1776355200000,5195.8,5198.8,5160.5,5164.8,158.376,1776369599999,820079.7545,5516,103.947,538179.0868,0,2026-04-16 16:00:00
1776369600000,5164.8,5183.5,5160.6,5173.1,110.025,1776383999999,568966.2142,4071,26.417,136639.6651,0,2026-04-16 20:00:00
1776384000000,5173.0,5199.8,5167.1,5195.9,192.767,1776398399999,999327.6551,4990,85.655,444194.8037,0,2026-04-17 00:00:00
1776398400000,5196.0,5217.1,5192.9,5207.3,134.887,1776412799999,702296.7658,4224,66.990,348883.5165,0,2026-04-17 04:00:00
1776412800000,5207.9,5228.7,5200.0,5205.4,148.394,1776427199999,774320.1675,4771,71.484,373107.7917,0,2026-04-17 08:00:00
1776427200000,5205.4,5218.4,5172.5,5213.3,101.377,1776441599999,526658.1363,5251,54.216,281710.0095,0,2026-04-17 12:00:00
1776441600000,5213.2,5224.0,5191.7,5209.8,90.036,1776455999999,469119.0543,3806,62.990,328295.9844,0,2026-04-17 16:00:00
1776456000000,5209.2,5220.0,5198.0,5208.8,33.658,1776470399999,175339.5243,2655,21.807,113599.6556,0,2026-04-17 20:00:00
1776470400000,5208.3,5238.0,5206.0,5231.7,123.802,1776484799999,646732.8325,3769,66.932,349636.7355,0,2026-04-18 00:00:00
1776484800000,5232.3,5237.6,5212.7,5217.9,50.788,1776499199999,265579.4539,3290,22.544,117956.0073,0,2026-04-18 04:00:00
1776499200000,5217.9,5267.5,5217.9,5263.1,284.932,1776513599999,1496088.5376,7346,155.111,814540.6596,0,2026-04-18 08:00:00
1776513600000,5263.2,5270.9,5253.3,5255.6,104.166,1776527999999,548492.8379,5487,64.923,341908.4219,0,2026-04-18 12:00:00
1776528000000,5255.7,5265.0,5240.2,5261.4,60.985,1776542399999,320330.8910,3961,35.266,185251.1548,0,2026-04-18 16:00:00
1776542400000,5261.3,5269.6,5250.2,5259.4,38.263,1776556799999,201230.1375,3279,19.925,104811.0145,0,2026-04-18 20:00:00
1776556800000,5259.1,5274.1,5255.6,5267.9,58.632,1776571199999,308659.8575,4002,30.520,160661.4690,0,2026-04-19 00:00:00
1776571200000,5267.8,5292.6,5266.7,5285.0,212.935,1776585599999,1124168.4067,10670,111.641,589528.4410,0,2026-04-19 04:00:00
1776585600000,5285.7,5292.0,5273.6,5286.4,120.532,1776599999999,637005.0836,7237,77.512,409659.1705,0,2026-04-19 08:00:00
1776600000000,5287.5,5292.6,5270.4,5289.0,196.785,1776614399999,1038980.3397,10548,98.340,519354.1657,0,2026-04-19 12:00:00
1776614400000,5289.0,5295.9,5278.1,5287.2,152.052,1776628799999,803908.5095,9564,86.800,459011.1137,0,2026-04-19 16:00:00
1776628800000,5287.2,5298.0,5277.2,5280.1,72.759,1776643199999,384837.2221,5347,32.014,169337.3561,0,2026-04-19 20:00:00
1776643200000,5279.3,5292.5,5273.3,5285.2,47.638,1776657599999,251640.0460,3761,19.498,103002.5146,0,2026-04-20 00:00:00
1776657600000,5285.2,5292.8,5260.4,5272.1,91.567,1776671999999,483613.7446,5275,49.589,261892.7788,0,2026-04-20 04:00:00
1776672000000,5272.1,5287.4,5265.4,5287.2,206.647,1776686399999,1090707.7220,7161,142.583,752569.7587,0,2026-04-20 08:00:00
1776686400000,5287.2,5312.8,5265.1,5300.4,325.876,1776700799999,1725120.9899,12773,186.558,987659.5987,0,2026-04-20 12:00:00
1776700800000,5300.2,5314.7,5293.6,5314.2,76.491,1776715199999,405743.1203,4982,42.190,223801.3969,0,2026-04-20 16:00:00
1776715200000,5314.0,5321.6,5291.1,5319.9,214.594,1776729599999,1138235.5680,10636,125.899,667756.5374,0,2026-04-20 20:00:00
1776729600000,5319.9,5319.9,5306.9,5313.1,56.902,1776743999999,302321.7869,3805,18.933,100589.7625,0,2026-04-21 00:00:00
1776744000000,5313.0,5316.7,5300.5,5310.9,58.075,1776758399999,308216.7819,3622,19.460,103284.9440,0,2026-04-21 04:00:00
1776758400000,5311.0,5332.3,5291.4,5329.8,340.287,1776772799999,1808113.2487,10334,211.532,1123852.1678,0,2026-04-21 08:00:00
1776772800000,5329.9,5331.2,5284.6,5290.3,192.049,1776787199999,1018539.0307,8661,112.464,596253.5592,0,2026-04-21 12:00:00
1776787200000,5290.3,5308.1,5278.2,5289.4,201.113,1776801599999,1064793.0285,10382,110.830,586722.7373,0,2026-04-21 16:00:00
1776801600000,5289.1,5316.0,5279.2,5312.4,51.725,1776815999999,273838.2734,3668,24.596,130221.2040,0,2026-04-21 20:00:00
1776816000000,5312.7,5328.0,5298.2,5326.3,207.135,1776830399999,1100856.9463,10591,127.091,675379.6042,0,2026-04-22 00:00:00
1776830400000,5326.3,5339.5,5289.3,5314.7,211.179,1776844799999,1122022.4308,11358,110.937,589643.9525,0,2026-04-22 04:00:00
1776844800000,5314.6,5339.0,5312.5,5330.7,184.048,1776859199999,980290.1301,8916,72.671,387242.5588,0,2026-04-22 08:00:00
1776859200000,5330.8,5390.0,5300.2,5383.9,607.259,1776873599999,3251044.1282,21983,304.371,1630572.5828,0,2026-04-22 12:00:00
1776873600000,5383.9,5390.6,5365.3,5378.1,214.967,1776887999999,1156705.9237,10577,93.278,501963.6510,0,2026-04-22 16:00:00
1776888000000,5378.1,5393.4,5348.6,5392.5,231.638,1776902399999,1243049.5909,14159,141.516,759630.7679,0,2026-04-22 20:00:00
1776902400000,5392.5,5411.1,5390.0,5402.6,292.792,1776916799999,1581532.0416,10841,159.307,860632.4910,0,2026-04-23 00:00:00
1776916800000,5402.6,5428.0,5402.0,5424.7,225.886,1776931199999,1224208.4275,8981,109.733,594690.1559,0,2026-04-23 04:00:00
1776931200000,5424.7,5434.8,5326.0,5422.5,222.678,1776945599999,1206105.5665,9099,93.135,504837.1691,0,2026-04-23 08:00:00
1776945600000,5422.6,5446.1,5404.6,5443.5,167.506,1776959999999,909217.7191,8288,80.151,435368.5508,0,2026-04-23 12:00:00
1776960000000,5443.7,5448.9,5423.6,5430.7,113.485,1776974399999,617101.3782,7550,57.216,311147.9596,0,2026-04-23 16:00:00
1776974400000,5430.3,5430.3,5399.3,5421.5,96.285,1776988799999,521151.0240,7681,43.447,235147.3151,0,2026-04-23 20:00:00
1776988800000,5421.4,5445.4,5418.3,5433.8,125.237,1777003199999,680737.7968,6909,61.379,333544.9982,0,2026-04-24 00:00:00
1777003200000,5433.7,5443.5,5420.0,5425.0,114.652,1777017599999,622967.6902,6303,42.168,229199.0660,0,2026-04-24 04:00:00
1777017600000,5425.0,5436.5,5420.1,5428.7,202.498,1777031999999,1099411.7166,8044,92.047,499827.5468,0,2026-04-24 08:00:00
1777032000000,5428.6,5438.1,5406.7,5406.7,89.808,1777046399999,487536.8510,6236,37.897,205784.5347,0,2026-04-24 12:00:00
1777046400000,5407.0,5407.2,5380.0,5381.0,127.041,1777060799999,685278.6113,8693,55.104,297235.6556,0,2026-04-24 16:00:00
1777060800000,5381.3,5393.5,5372.4,5391.1,47.578,1777075199999,256170.5322,3911,28.957,155918.3675,0,2026-04-24 20:00:00
1777075200000,5391.1,5412.3,5391.1,5397.3,125.621,1777089599999,678875.1744,7687,52.913,285976.0910,0,2026-04-25 00:00:00
1777089600000,5397.3,5406.7,5380.5,5387.9,122.457,1777103999999,660670.4659,8259,52.227,281846.1893,0,2026-04-25 04:00:00
1777104000000,5389.0,5420.0,5387.8,5419.0,85.163,1777118399999,460520.2339,6382,60.255,325823.5184,0,2026-04-25 08:00:00
1777118400000,5419.0,5421.3,5406.7,5407.4,64.903,1777132799999,351588.5955,4556,32.807,177731.1341,0,2026-04-25 12:00:00
1777132800000,5407.2,5421.1,5405.1,5410.0,50.615,1777147199999,274044.0379,4262,26.505,143537.3282,0,2026-04-25 16:00:00
1777147200000,5410.0,5419.4,5405.4,5410.6,35.513,1777161599999,192199.3661,3479,18.009,97491.4401,0,2026-04-25 20:00:00
1777161600000,5410.6,5419.4,5402.2,5411.2,68.270,1777175999999,369298.1491,6110,36.241,196062.3619,0,2026-04-26 00:00:00
1777176000000,5411.3,5434.7,5407.1,5418.3,100.790,1777190399999,546284.6338,7578,59.076,320249.6561,0,2026-04-26 04:00:00
1777190400000,5418.3,5427.9,5402.7,5411.0,95.743,1777204799999,518208.3381,7654,35.010,189476.9976,0,2026-04-26 08:00:00
1777204800000,5411.0,5419.0,5397.5,5399.8,32.736,1777219199999,177059.7312,2952,13.398,72462.4999,0,2026-04-26 12:00:00
1777219200000,5399.4,5417.3,5377.9,5381.7,147.054,1777233599999,794285.3892,9530,66.230,357837.5867,0,2026-04-26 16:00:00
1777233600000,5381.7,5424.0,5378.9,5414.6,75.267,1777247999999,406526.1796,4792,38.038,205502.6377,0,2026-04-26 20:00:00
1777248000000,5415.0,5423.6,5396.0,5396.2,53.729,1777262399999,290497.9942,3204,20.941,113217.3299,0,2026-04-27 00:00:00
1777262400000,5397.2,5450.0,5395.0,5448.3,192.030,1777276799999,1043109.6992,9936,121.515,659961.5663,0,2026-04-27 04:00:00
1777276800000,5448.4,5458.1,5432.3,5440.3,123.366,1777291199999,671755.7835,6560,62.605,340919.5737,0,2026-04-27 08:00:00
1777291200000,5440.6,5467.0,5439.0,5458.5,144.047,1777305599999,786102.0225,5981,80.122,437291.1430,0,2026-04-27 12:00:00
1777305600000,5458.3,5458.5,5423.4,5439.8,78.126,1777319999999,424707.5265,5416,28.988,157609.4766,0,2026-04-27 16:00:00
1777320000000,5439.7,5446.6,5426.2,5432.9,104.238,1777334399999,566686.2917,7690,41.549,225919.5049,0,2026-04-27 20:00:00
1777334400000,5433.3,5448.4,5427.1,5437.5,117.039,1777348799999,636712.0954,8504,70.724,384861.1712,0,2026-04-28 00:00:00
1777348800000,5437.5,5453.5,5427.1,5449.9,128.645,1777363199999,699758.4797,8827,69.906,380370.6296,0,2026-04-28 04:00:00
1777363200000,5449.8,5453.4,5426.1,5430.4,101.788,1777377599999,554017.1506,6607,46.225,251714.7889,0,2026-04-28 08:00:00
1777377600000,5430.3,5432.8,5400.8,5401.2,89.233,1777391999999,483036.6846,6468,32.617,176524.6095,0,2026-04-28 12:00:00
1777392000000,5401.3,5411.0,5382.7,5384.1,88.899,1777406399999,479905.3729,5526,40.406,218263.9848,0,2026-04-28 16:00:00
1777406400000,5384.2,5409.0,5382.9,5407.4,56.852,1777420799999,306865.6683,3999,37.043,199940.8876,0,2026-04-28 20:00:00
1777420800000,5406.9,5433.7,5405.0,5423.9,274.518,1777435199999,1488599.8734,10567,153.326,831329.5517,0,2026-04-29 00:00:00
1777435200000,5423.9,5424.6,5397.5,5404.9,187.441,1777449599999,1013858.6242,8845,52.653,284794.2482,0,2026-04-29 04:00:00
1777449600000,5404.8,5428.7,5398.1,5425.2,171.457,1777463999999,927756.3497,6526,75.878,410641.8891,0,2026-04-29 08:00:00
1777464000000,5425.2,5438.0,5417.1,5424.4,232.067,1777478399999,1260072.4226,11879,103.093,559823.9443,0,2026-04-29 12:00:00
1777478400000,5424.4,5467.9,5417.1,5466.1,173.774,1777492799999,945670.6044,8200,107.040,582384.4020,0,2026-04-29 16:00:00
1777492800000,5465.7,5472.2,5433.8,5433.9,123.745,1777507199999,674888.8881,5991,52.878,288534.9886,0,2026-04-29 20:00:00
1777507200000,5434.9,5441.6,5410.7,5440.6,128.631,1777521599999,697939.0149,8520,57.884,314340.8200,0,2026-04-30 00:00:00
1777521600000,5441.0,5446.7,5423.3,5446.1,152.230,1777535999999,827857.4032,8851,67.448,366783.7752,0,2026-04-30 04:00:00
1777536000000,5446.5,5449.5,5420.1,5443.0,142.983,1777550399999,777076.6194,8612,75.176,408627.0623,0,2026-04-30 08:00:00
1777550400000,5443.0,5469.1,5442.6,5454.5,81.159,1777564799999,442995.9114,5524,43.510,237459.6977,0,2026-04-30 12:00:00
1777564800000,5454.8,5469.0,5443.6,5446.0,177.448,1777579199999,968037.9827,10125,82.052,447675.0496,0,2026-04-30 16:00:00
1777579200000,5447.7,5473.4,5445.3,5464.6,117.761,1777593599999,643457.9891,7054,73.730,402821.8483,0,2026-04-30 20:00:00
1777593600000,5464.6,5480.5,5450.5,5478.9,178.090,1777607999999,973266.9299,9561,96.265,526248.1451,0,2026-05-01 00:00:00
1777608000000,5478.8,5489.4,5458.3,5488.6,323.587,1777622399999,1771824.0106,14551,154.294,845072.6095,0,2026-05-01 04:00:00
1777622400000,5488.1,5497.3,5475.6,5485.5,255.559,1777636799999,1402191.5793,13891,115.710,634945.2494,0,2026-05-01 08:00:00
1777636800000,5485.0,5528.5,5477.2,5515.0,472.728,1777651199999,2604608.9263,14904,247.338,1362742.7800,0,2026-05-01 12:00:00
1777651200000,5514.6,5526.4,5506.4,5513.4,114.990,1777665599999,634032.7562,6788,58.684,323600.6420,0,2026-05-01 16:00:00
1777665600000,5513.4,5532.5,5502.9,5529.6,99.145,1777679999999,547177.8937,5591,57.228,315910.5590,0,2026-05-01 20:00:00
1777680000000,5529.5,5540.3,5514.5,5524.0,163.364,1777694399999,903392.0108,7607,70.734,391292.1379,0,2026-05-02 00:00:00
1777694400000,5523.7,5533.2,5513.5,5519.4,125.149,1777708799999,691356.0993,8332,68.098,376204.8559,0,2026-05-02 04:00:00
1777708800000,5519.7,5534.9,5511.5,5520.5,135.022,1777723199999,745536.7462,8848,70.853,391311.4980,0,2026-05-02 08:00:00
1777723200000,5520.5,5525.2,5506.6,5515.5,110.446,1777737599999,609026.9968,7319,49.668,273930.6713,0,2026-05-02 12:00:00
1777737600000,5515.5,5526.4,5507.8,5508.1,123.472,1777751999999,681606.2645,9212,59.918,330844.1204,0,2026-05-02 16:00:00
1777752000000,5507.9,5518.8,5499.3,5518.8,111.734,1777766399999,615179.7996,7975,48.655,267919.1771,0,2026-05-02 20:00:00
1777766400000,5518.8,5536.6,5517.5,5528.1,131.374,1777780799999,726184.3227,9894,80.671,445912.6261,0,2026-05-03 00:00:00
1777780800000,5527.8,5529.6,5501.6,5518.3,137.056,1777795199999,755526.7405,9588,63.083,347751.2594,0,2026-05-03 04:00:00
1777795200000,5518.3,5520.0,5500.3,5507.2,156.113,1777809599999,859512.1538,7909,92.693,510231.7993,0,2026-05-03 08:00:00
1777809600000,5507.2,5509.4,5490.0,5490.0,89.732,1777823999999,493652.9464,5786,44.680,245905.7339,0,2026-05-03 12:00:00
1777824000000,5490.0,5498.2,5489.3,5492.3,56.699,1777838399999,311472.1124,3478,25.663,140969.2985,0,2026-05-03 16:00:00
1777838400000,5491.7,5517.4,5487.9,5509.9,54.123,1777852799999,297979.5946,3509,33.163,182585.8554,0,2026-05-03 20:00:00
1777852800000,5509.8,5526.9,5494.4,5505.8,111.627,1777867199999,615245.3576,5341,55.495,305919.0533,0,2026-05-04 00:00:00
1777867200000,5506.2,5511.0,5482.3,5493.1,72.635,1777881599999,399107.1374,4728,36.893,202722.3070,0,2026-05-04 04:00:00
1777881600000,5493.3,5508.2,5485.0,5487.3,126.554,1777895999999,696141.4196,6625,53.707,295484.5824,0,2026-05-04 08:00:00
1777896000000,5487.2,5560.4,5483.1,5559.2,282.958,1777910399999,1564939.3138,11431,168.783,933556.4526,0,2026-05-04 12:00:00
1777910400000,5558.8,5568.6,5526.5,5545.8,336.467,1777924799999,1867776.0357,15215,165.860,920855.7170,0,2026-05-04 16:00:00
1777924800000,5545.9,5559.2,5540.8,5556.9,136.047,1777939199999,755101.7839,8189,71.959,399473.5790,0,2026-05-04 20:00:00
1777939200000,5557.4,5576.8,5500.9,5565.9,371.962,1777953599999,2065142.6315,13521,212.943,1182730.7590,0,2026-05-05 00:00:00
1777953600000,5566.1,5582.2,5547.7,5549.1,244.667,1777967999999,1362341.9322,12414,117.287,653285.1704,0,2026-05-05 04:00:00
1777968000000,5549.1,5562.1,5540.8,5552.7,127.134,1777982399999,705775.0198,8759,60.999,338651.2510,0,2026-05-05 08:00:00
1777982400000,5552.8,5593.2,5552.7,5590.5,250.190,1777996799999,1395516.0986,10414,131.673,734556.5198,0,2026-05-05 12:00:00
1777996800000,5590.2,5594.4,5575.7,5585.6,146.636,1778011199999,818800.3662,7404,70.478,393607.2020,0,2026-05-05 16:00:00
1778011200000,5585.5,5588.1,5538.7,5539.7,94.480,1778025599999,525041.7874,5274,40.409,224631.1071,0,2026-05-05 20:00:00
1778025600000,5539.6,5559.2,5536.8,5549.3,67.718,1778039999999,375830.1751,4551,28.679,159179.7134,0,2026-05-06 00:00:00
1778040000000,5549.4,5553.6,5525.0,5525.5,67.164,1778054399999,372277.1196,4915,31.363,173845.9929,0,2026-05-06 04:00:00
1778054400000,5525.6,5529.1,5489.2,5515.4,203.866,1778068799999,1123451.3542,6886,89.607,493745.9280,0,2026-05-06 08:00:00
1778068800000,5514.3,5555.5,5497.9,5544.1,137.781,1778083199999,762384.7401,7205,68.921,381525.0015,0,2026-05-06 12:00:00
1778083200000,5544.2,5549.9,5527.3,5535.0,79.204,1778097599999,438718.7778,4159,32.075,177691.5962,0,2026-05-06 16:00:00
1778097600000,5535.6,5544.1,5526.7,5541.9,40.641,1778111999999,225028.3986,3747,20.108,111364.8181,0,2026-05-06 20:00:00
1778112000000,5542.1,5577.0,5538.0,5562.1,84.361,1778126399999,469336.8922,5277,49.517,275472.3655,0,2026-05-07 00:00:00
1778126400000,5562.0,5563.9,5539.1,5539.8,61.142,1778140799999,339621.3369,4628,27.400,152205.2051,0,2026-05-07 04:00:00
1778140800000,5539.5,5551.1,5530.1,5533.0,70.726,1778155199999,391882.5114,4375,45.432,251733.9437,0,2026-05-07 08:00:00
1778155200000,5532.9,5562.6,5516.9,5542.3,231.636,1778169599999,1283033.2416,7200,97.812,541668.8372,0,2026-05-07 12:00:00
1778169600000,5543.7,5560.6,5536.1,5556.3,48.884,1778183999999,271113.2826,4438,24.510,135927.3854,0,2026-05-07 16:00:00
1778184000000,5556.2,5568.3,5544.6,5554.0,48.937,1778198399999,271951.4726,4461,23.088,128308.5041,0,2026-05-07 20:00:00
1778198400000,5554.0,5557.4,5542.1,5543.5,39.220,1778212799999,217674.0150,3227,13.655,75779.8951,0,2026-05-08 00:00:00
1778212800000,5544.1,5557.1,5540.1,5548.3,44.386,1778227199999,246208.4039,2869,22.363,124061.8656,0,2026-05-08 04:00:00
1778227200000,5547.8,5559.3,5544.0,5547.2,66.959,1778241599999,371639.9734,3062,35.615,197671.6392,0,2026-05-08 08:00:00
1778241600000,5547.1,5562.4,5522.8,5524.3,73.041,1778255999999,405020.5918,4661,36.470,202340.0010,0,2026-05-08 12:00:00
1778256000000,5524.2,5524.3,5452.8,5468.0,234.641,1778270399999,1284922.6381,8062,108.661,594841.6067,0,2026-05-08 16:00:00
1778270400000,5467.1,5487.1,5456.7,5474.4,115.665,1778284799999,633019.0833,5487,46.937,256966.7237,0,2026-05-08 20:00:00
1778284800000,5474.4,5474.7,5444.8,5448.3,119.140,1778299199999,649900.5624,4234,55.926,305051.1174,0,2026-05-09 00:00:00
1778299200000,5448.3,5455.9,5438.1,5447.6,94.688,1778313599999,515652.2842,3723,60.178,327694.3085,0,2026-05-09 04:00:00
1778313600000,5447.6,5467.1,5446.2,5462.4,87.288,1778327999999,476578.7556,3562,41.484,226499.8840,0,2026-05-09 08:00:00
1778328000000,5462.4,5500.0,5458.0,5489.6,172.229,1778342399999,944211.3289,4957,82.861,454322.4458,0,2026-05-09 12:00:00
1778342400000,5489.5,5496.2,5474.4,5477.0,76.269,1778356799999,418054.7225,3086,44.973,246461.9093,0,2026-05-09 16:00:00
1778356800000,5477.0,5482.6,5475.0,5482.4,31.000,1778371199999,169801.9618,2363,23.292,127577.2532,0,2026-05-09 20:00:00
1778371200000,5482.5,5503.6,5478.9,5495.6,69.634,1778385599999,382689.9720,3327,40.258,221245.9925,0,2026-05-10 00:00:00
1778385600000,5494.7,5499.5,5483.6,5485.1,30.590,1778399999999,167984.0815,2901,11.981,65791.6006,0,2026-05-10 04:00:00
1778400000000,5485.1,5496.6,5471.3,5489.4,44.034,1778414399999,241385.3962,2812,24.385,133673.8152,0,2026-05-10 08:00:00
1778414400000,5489.0,5498.0,5456.5,5466.2,65.387,1778428799999,358102.3108,3132,32.143,176154.9333,0,2026-05-10 12:00:00
1778428800000,5466.3,5470.5,5390.0,5406.0,154.241,1778443199999,834822.3374,6370,73.292,396634.7975,0,2026-05-10 16:00:00
1778443200000,5405.7,5461.6,5391.9,5453.0,111.465,1778457599999,606005.2969,6958,57.019,310099.2295,0,2026-05-10 20:00:00
1778457600000,5452.6,5464.0,5440.4,5446.8,66.989,1778471999999,365191.1508,4851,35.751,194933.5179,0,2026-05-11 00:00:00
1778472000000,5446.6,5450.0,5433.2,5447.5,40.254,1778486399999,219098.3856,2378,23.413,127466.6925,0,2026-05-11 04:00:00
1778486400000,5446.7,5468.1,5446.7,5463.6,54.065,1778500799999,295066.2832,2866,32.652,178201.0697,0,2026-05-11 08:00:00
1778500800000,5463.4,5475.0,5443.6,5445.4,76.930,1778515199999,420377.1041,4030,26.173,143087.4804,0,2026-05-11 12:00:00
1778515200000,5445.3,5478.0,5444.1,5464.5,51.866,1778529599999,283422.8277,4164,21.872,119536.4735,0,2026-05-11 16:00:00
1778529600000,5464.6,5469.6,5445.5,5450.4,40.178,1778543999999,219326.6435,3183,17.681,96542.3910,0,2026-05-11 20:00:00
1778544000000,5450.4,5476.3,5438.0,5473.7,52.924,1778558399999,289145.2248,3765,25.464,139131.3143,0,2026-05-12 00:00:00
1778558400000,5473.8,5484.5,5468.1,5477.9,51.950,1778572799999,284526.9781,2889,20.366,111563.8514,0,2026-05-12 04:00:00
1778572800000,5478.2,5497.0,5472.6,5495.4,102.460,1778587199999,562181.5280,4880,58.840,322924.2623,0,2026-05-12 08:00:00
1778587200000,5495.4,5541.2,5490.1,5537.0,312.298,1778601599999,1723781.9585,10610,169.111,933609.2939,0,2026-05-12 12:00:00
1778601600000,5537.5,5540.7,5510.3,5514.4,66.760,1778615999999,368719.6847,5861,35.257,194800.7613,0,2026-05-12 16:00:00
1778616000000,5513.4,5513.9,5483.7,5497.4,44.753,1778630399999,246007.0135,4418,15.914,87486.0595,0,2026-05-12 20:00:00
1778630400000,5497.4,5525.2,5475.2,5478.6,276.928,1778644799999,1522161.2821,8792,146.067,803356.8020,0,2026-05-13 00:00:00
1778644800000,5478.7,5484.0,5462.0,5465.2,98.144,1778659199999,537019.3007,4088,17.914,98025.3185,0,2026-05-13 04:00:00
1778659200000,5464.6,5465.2,5433.7,5441.8,90.681,1778673599999,493806.4534,4582,42.364,230696.9174,0,2026-05-13 08:00:00
1778673600000,5440.7,5488.3,5434.8,5483.3,121.747,1778687999999,665990.5956,6817,65.254,357002.6671,0,2026-05-13 12:00:00
1778688000000,5482.3,5488.8,5456.8,5488.5,82.522,1778702399999,451717.1432,4542,28.534,156163.6862,0,2026-05-13 16:00:00
1778702400000,5488.5,5490.2,5458.0,5459.6,29.128,1778716799999,159551.2526,3256,13.659,74835.8667,0,2026-05-13 20:00:00
1778716800000,5460.3,5484.7,5455.4,5480.9,42.563,1778731199999,232824.2527,3561,22.793,124680.0532,0,2026-05-14 00:00:00
1778731200000,5480.8,5486.1,5472.8,5483.6,28.242,1778745599999,154740.8531,3248,13.576,74387.3185,0,2026-05-14 04:00:00
1778745600000,5483.0,5483.4,5461.6,5464.1,57.142,1778759999999,312827.8891,3461,34.954,191342.7802,0,2026-05-14 08:00:00
1778760000000,5466.1,5486.2,5458.3,5485.8,105.820,1778774399999,578780.6556,4147,27.032,147910.4536,0,2026-05-14 12:00:00
1778774400000,5485.7,5495.7,5438.2,5462.3,81.839,1778788799999,447809.1623,4544,30.582,167360.0380,0,2026-05-14 16:00:00
1778788800000,5462.3,5489.6,5462.3,5486.4,43.282,1778803199999,236936.1561,3078,25.897,141791.6229,0,2026-05-14 20:00:00
1778803200000,5486.2,5503.2,5476.6,5491.0,73.047,1778817599999,401204.6705,4346,41.064,225565.6102,0,2026-05-15 00:00:00
1778817600000,5491.0,5535.1,5489.6,5508.5,177.075,1778831999999,976466.3487,5353,57.810,318768.5702,0,2026-05-15 04:00:00
1778832000000,5509.2,5516.4,5497.1,5506.8,61.565,1778846399999,339174.9159,3879,29.510,162557.2163,0,2026-05-15 08:00:00
1778846400000,5506.8,5521.3,5483.1,5511.4,150.625,1778860799999,829510.5430,7079,66.557,366549.5271,0,2026-05-15 12:00:00
1778860800000,5511.4,5515.5,5485.6,5497.3,42.825,1778875199999,235411.0436,3684,15.769,86714.0826,0,2026-05-15 16:00:00
1778875200000,5495.3,5502.3,5486.9,5489.1,24.109,1778889599999,132468.1269,2879,9.836,54049.6425,0,2026-05-15 20:00:00
1778889600000,5489.9,5502.6,5483.4,5500.5,30.970,1778903999999,170149.1135,3033,21.114,115998.6923,0,2026-05-16 00:00:00
1778904000000,5500.2,5549.1,5500.2,5526.1,167.829,1778918399999,928556.9991,7936,83.749,463327.6593,0,2026-05-16 04:00:00
1778918400000,5526.1,5572.6,5523.5,5550.0,268.219,1778932799999,1489496.4923,13965,152.988,849896.7880,0,2026-05-16 08:00:00
1778932800000,5550.4,5561.2,5539.6,5544.9,115.353,1778947199999,640537.9082,7769,59.072,328094.6262,0,2026-05-16 12:00:00
1778947200000,5545.0,5547.6,5533.9,5540.5,66.341,1778961599999,367550.6550,6600,31.773,176035.3000,0,2026-05-16 16:00:00
1778961600000,5539.9,5546.9,5537.7,5538.2,21.714,1778975999999,120344.1221,3459,13.600,75377.5219,0,2026-05-16 20:00:00
1778976000000,5538.7,5560.1,5534.8,5544.1,91.259,1778990399999,506613.5986,11876,47.867,265742.8860,0,2026-05-17 00:00:00
1778990400000,5544.1,5544.5,5520.8,5526.6,52.017,1779004799999,287602.7397,10511,17.857,98711.4044,0,2026-05-17 04:00:00
1779004800000,5526.6,5534.5,5525.1,5527.2,51.892,1779019199999,286991.2370,7857,22.235,122978.5970,0,2026-05-17 08:00:00
1779019200000,5527.2,5529.4,5517.0,5527.1,34.323,1779033599999,189604.8493,3672,15.197,83953.5838,0,2026-05-17 12:00:00
1779033600000,5527.1,5546.9,5525.7,5527.9,28.957,1779047999999,160270.1012,3100,15.678,86779.6853,0,2026-05-17 16:00:00
1779048000000,5527.7,5595.0,5517.8,5571.0,390.179,1779062399999,2176042.6213,10387,263.734,1471722.6371,0,2026-05-17 20:00:00
1779062400000,5570.6,5597.0,5556.0,5570.3,296.596,1779076799999,1654167.8678,16869,152.810,852645.3608,0,2026-05-18 00:00:00
1779076800000,5570.4,5610.3,5559.0,5605.7,228.894,1779091199999,1279846.3381,12350,121.932,681919.8053,0,2026-05-18 04:00:00
1779091200000,5605.8,5619.3,5589.5,5593.5,193.002,1779105599999,1082459.0184,10112,86.507,485295.9850,0,2026-05-18 08:00:00
1779105600000,5593.5,5594.8,5564.7,5593.2,184.534,1779119999999,1029751.6138,11260,96.205,536980.3295,0,2026-05-18 12:00:00
1779120000000,5593.2,5617.6,5556.6,5560.1,179.631,1779134399999,1004561.4087,10942,77.363,432712.4687,0,2026-05-18 16:00:00
1779134400000,5560.2,5584.1,5545.7,5559.1,160.098,1779148799999,890453.7807,10216,83.231,462956.7501,0,2026-05-18 20:00:00
1779148800000,5559.1,5566.8,5547.0,5555.3,139.882,1779163199999,777448.6299,5262,56.020,311319.6812,0,2026-05-19 00:00:00
1779163200000,5555.3,5565.9,5550.2,5560.9,62.679,1779177599999,348401.8272,3177,26.031,144697.4603,0,2026-05-19 04:00:00
1779177600000,5560.8,5611.0,5560.8,5594.7,159.285,1779191999999,891060.4938,9534,86.527,483998.2130,0,2026-05-19 08:00:00
1779192000000,5594.7,5599.7,5574.9,5591.0,159.491,1779206399999,891588.7086,10967,78.899,441161.3696,0,2026-05-19 12:00:00
1779206400000,5590.4,5619.8,5579.4,5615.9,183.178,1779220799999,1025189.1844,10640,94.066,526748.9389,0,2026-05-19 16:00:00
1779220800000,5616.0,5620.0,5603.7,5609.7,102.604,1779235199999,576000.9673,7262,47.173,264842.5936,0,2026-05-19 20:00:00
1779235200000,5609.0,5622.6,5599.4,5599.7,125.514,1779249599999,704151.2941,6178,50.782,284932.0567,0,2026-05-20 00:00:00
1779249600000,5600.0,5610.1,5588.6,5595.7,167.958,1779263999999,940113.4579,11157,84.634,473744.1361,0,2026-05-20 04:00:00
1779264000000,5595.6,5616.9,5590.8,5608.7,72.578,1779278399999,406917.0830,6358,38.894,218071.8713,0,2026-05-20 08:00:00
1779278400000,5607.8,5610.1,5577.2,5578.5,79.455,1779292799999,444671.6703,4647,30.543,170933.5483,0,2026-05-20 12:00:00
1779292800000,5578.4,5588.9,5565.4,5586.0,72.548,1779307199999,404480.6956,5002,34.797,194033.0528,0,2026-05-20 16:00:00
1779307200000,5586.0,5602.0,5585.8,5595.0,49.080,1779321599999,274577.4871,3314,26.926,150656.0428,0,2026-05-20 20:00:00
1779321600000,5595.1,5596.5,5569.4,5575.1,63.878,1779335999999,356595.2522,3552,20.056,111920.6936,0,2026-05-21 00:00:00
1779336000000,5575.2,5586.7,5567.3,5584.6,44.914,1779350399999,250566.9721,3476,26.042,145300.5048,0,2026-05-21 04:00:00
1779350400000,5584.7,5595.9,5577.9,5594.6,61.884,1779364799999,345806.8186,4086,34.924,195181.3602,0,2026-05-21 08:00:00
1779364800000,5594.7,5595.8,5551.1,5557.6,85.821,1779379199999,478106.7336,4859,23.832,132802.0421,0,2026-05-21 12:00:00
1779379200000,5557.7,5565.7,5535.1,5535.2,67.131,1779393599999,372616.5954,4268,24.877,138107.0124,0,2026-05-21 16:00:00
1779393600000,5535.6,5557.3,5533.7,5550.9,40.026,1779407999999,221951.3543,2902,20.221,112145.6970,0,2026-05-21 20:00:00
1779408000000,5550.3,5557.2,5543.4,5555.9,49.882,1779422399999,276801.3545,3308,28.935,160570.7407,0,2026-05-22 00:00:00
1779422400000,5556.2,5568.5,5547.0,5547.8,64.518,1779436799999,358652.0398,3357,34.075,189407.6127,0,2026-05-22 04:00:00
1779436800000,5547.9,5562.8,5543.1,5543.7,63.898,1779451199999,354638.8044,3475,30.585,169786.2644,0,2026-05-22 08:00:00
1779451200000,5543.1,5546.7,5526.0,5531.5,77.689,1779465599999,429900.0695,3444,32.902,182064.5662,0,2026-05-22 12:00:00
1779465600000,5531.3,5584.0,5521.5,5573.3,96.419,1779479999999,535637.0702,5906,51.040,283636.4778,0,2026-05-22 16:00:00
1779480000000,5573.2,5576.0,5547.0,5567.7,58.809,1779494399999,327122.4706,5182,32.295,179680.4382,0,2026-05-22 20:00:00
1779494400000,5568.0,5572.1,5550.9,5556.6,58.236,1779508799999,323740.5404,4405,27.814,154625.3814,0,2026-05-23 00:00:00
1779508800000,5556.7,5622.6,5555.3,5600.3,218.827,1779523199999,1223727.9069,10363,119.348,667344.0523,0,2026-05-23 04:00:00
1779523200000,5600.2,5617.5,5594.3,5605.2,177.522,1779537599999,995468.5932,11338,95.319,534484.2503,0,2026-05-23 08:00:00
1779537600000,5605.0,5607.3,5570.0,5570.9,177.784,1779551999999,992805.8472,11087,88.545,494482.4175,0,2026-05-23 12:00:00
1779552000000,5571.0,5573.1,5545.9,5560.3,73.626,1779566399999,409360.0903,5501,30.934,171949.3041,0,2026-05-23 16:00:00
1779566400000,5559.8,5565.9,5509.0,5544.4,153.522,1779580799999,849215.1531,7197,73.025,404053.9466,0,2026-05-23 20:00:00
1779580800000,5544.3,5551.7,5537.6,5545.4,59.516,1779595199999,329926.0777,3373,36.140,200353.7692,0,2026-05-24 00:00:00
1779595200000,5545.3,5553.6,5539.4,5545.1,34.740,1779609599999,192665.4022,2997,16.545,91752.0323,0,2026-05-24 04:00:00
1779609600000,5544.2,5565.0,5535.5,5563.8,56.112,1779623999999,311485.0594,3786,33.336,185141.0377,0,2026-05-24 08:00:00
1779624000000,5563.5,5588.0,5552.0,5563.3,60.691,1779638399999,337812.8157,4164,27.034,150509.8723,0,2026-05-24 12:00:00
1779638400000,5563.3,5576.9,5557.4,5575.3,27.673,1779652799999,153997.3034,2473,11.861,66020.5743,0,2026-05-24 16:00:00
1779652800000,5575.3,5610.2,5575.1,5603.4,115.724,1779667199999,647977.8825,7987,68.027,380938.1902,0,2026-05-24 20:00:00
1779667200000,5604.5,5629.6,5586.6,5619.4,170.186,1779681599999,954848.3095,10251,93.500,524854.9690,0,2026-05-25 00:00:00
1779681600000,5619.4,5624.2,5580.4,5583.7,144.375,1779695999999,808487.3853,9635,63.472,355486.1254,0,2026-05-25 04:00:00
1779696000000,5583.5,5597.6,5574.4,5587.0,50.623,1779710399999,282846.9308,3294,21.923,122506.0913,0,2026-05-25 08:00:00
1779710400000,5587.1,5589.3,5562.7,5572.4,49.297,1779724799999,274643.2770,3247,21.184,118009.0302,0,2026-05-25 12:00:00
1779724800000,5572.1,5582.8,5560.3,5581.5,21.979,1779739199999,122475.4019,2759,10.909,60799.7488,0,2026-05-25 16:00:00
1779739200000,5581.4,5595.0,5575.7,5589.6,26.425,1779753599999,147635.3626,2648,11.496,64226.2997,0,2026-05-25 20:00:00
1779753600000,5588.5,5608.5,5585.4,5598.7,68.806,1779767999999,385382.5571,3149,36.733,205728.1143,0,2026-05-26 00:00:00
1779768000000,5599.0,5602.8,5584.6,5594.4,22.822,1779782399999,127616.1911,2370,9.500,53128.5976,0,2026-05-26 04:00:00
1779782400000,5594.4,5598.5,5559.5,5565.0,58.823,1779796799999,327992.6693,3039,20.858,116311.6717,0,2026-05-26 08:00:00
1779796800000,5565.3,5578.2,5547.6,5570.9,52.444,1779811199999,291584.7424,3213,24.985,138943.4393,0,2026-05-26 12:00:00
1779811200000,5570.4,5607.0,5566.2,5581.6,77.164,1779825599999,431148.3487,3689,41.899,234115.8112,0,2026-05-26 16:00:00
1779825600000,5582.2,5584.7,5571.9,5577.2,27.140,1779839999999,151383.0081,1983,12.857,71701.3386,0,2026-05-26 20:00:00
1779840000000,5577.2,5582.1,5564.6,5580.5,43.824,1779854399999,244249.8166,2412,27.765,154769.2492,0,2026-05-27 00:00:00
1779854400000,5582.0,5596.1,5568.3,5576.5,41.001,1779868799999,228690.9063,2885,22.037,122911.3939,0,2026-05-27 04:00:00
1779868800000,5577.5,5585.0,5562.6,5572.5,34.276,1779883199999,191167.0989,2359,17.043,95083.0864,0,2026-05-27 08:00:00
