timestamp_ms,datetime_utc,datetime_kst,open_raw,high_raw,low_raw,close_raw,open_pct,high_pct,low_pct,close_pct,close_pct_label,volume,source_note
1640995200000,2022-01-01 00:00:00,2022-01-01 09:00:00,1052.2,1062.7,1047.2,1053.0,10.522,10.627,10.472,10.53,10.5300%,4093.925,Binance BTCDOM index raw value divided by 100 for percent-style display; not CMC/CoinGecko/TradingView market-cap BTC dominance.
1641081600000,2022-01-02 00:00:00,2022-01-02 09:00:00,1053.1,1053.8,1028.3,1030.8,10.531,10.538,10.283,10.308,10.3080%,4609.043,Binance BTCDOM index raw value divided by 100 for percent-style display; not CMC/CoinGecko/TradingView market-cap BTC dominance.
1641168000000,2022-01-03 00:00:00,2022-01-03 09:00:00,1030.8,1037.6,1025.0,1033.0,10.308,10.376,10.25,10.33,10.3300%,5027.469,Binance BTCDOM index raw value divided by 100 for percent-style display; not CMC/CoinGecko/TradingView market-cap BTC dominance.
1641254400000,2022-01-04 00:00:00,2022-01-04 09:00:00,1032.8,1038.0,1017.2,1020.5,10.328,10.38,10.172,10.205,10.2050%,5703.47,Binance BTCDOM index raw value divided by 100 for percent-style display; not CMC/CoinGecko/TradingView market-cap BTC dominance.
1641340800000,2022-01-05 00:00:00,2022-01-05 09:00:00,1020.6,1051.0,1017.0,1032.3,10.206,10.51,10.17,10.323,10.3230%,9665.176,Binance BTCDOM index raw value divided by 100 for percent-style display; not CMC/CoinGecko/TradingView market-cap BTC dominance.
1641427200000,2022-01-06 00:00:00,2022-01-06 09:00:00,1032.3,1066.4,1032.0,1043.4,10.323,10.664,10.32,10.434,10.4340%,22372.478,Binance BTCDOM index raw value divided by 100 for percent-style display; not CMC/CoinGecko/TradingView market-cap BTC dominance.
1641513600000,2022-01-07 00:00:00,2022-01-07 09:00:00,1043.5,1082.3,1042.0,1067.1,10.435,10.823,10.42,10.671,10.6710%,15112.667,Binance BTCDOM index raw value divided by 100 for percent-style display; not CMC/CoinGecko/TradingView market-cap BTC dominance.
1641600000000,2022-01-08 00:00:00,2022-01-08 09:00:00,1067.2,1108.2,1059.3,1101.3,10.672,11.082,10.593,11.013,11.0130%,16013.581,Binance BTCDOM index raw value divided by 100 for percent-style display; not CMC/CoinGecko/TradingView market-cap BTC dominance.
1641686400000,2022-01-09 00:00:00,2022-01-09 09:00:00,1101.4,1103.5,1080.2,1087.1,11.014,11.035,10.802,10.871,10.8710%,8664.165,Binance BTCDOM index raw value divided by 100 for percent-style display; not CMC/CoinGecko/TradingView market-cap BTC dominance.
1641772800000,2022-01-10 00:00:00,2022-01-10 09:00:00,1086.8,1125.8,1079.2,1115.4,10.868,11.258,10.792,11.154,11.1540%,14901.822,Binance BTCDOM index raw value divided by 100 for percent-style display; not CMC/CoinGecko/TradingView market-cap BTC dominance.
1641859200000,2022-01-11 00:00:00,2022-01-11 09:00:00,1115.4,1119.5,1077.2,1081.5,11.154,11.195,10.772,10.815,10.8150%,10122.277,Binance BTCDOM index raw value divided by 100 for percent-style display; not CMC/CoinGecko/TradingView market-cap BTC dominance.
1641945600000,2022-01-12 00:00:00,2022-01-12 09:00:00,1081.5,1084.2,1054.2,1059.9,10.815,10.842,10.542,10.599,10.5990%,8551.383,Binance BTCDOM index raw value divided by 100 for percent-style display; not CMC/CoinGecko/TradingView market-cap BTC dominance.
1642032000000,2022-01-13 00:00:00,2022-01-13 09:00:00,1059.8,1068.3,1055.5,1066.5,10.598,10.683,10.555,10.665,10.6650%,6696.624,Binance BTCDOM index raw value divided by 100 for percent-style display; not CMC/CoinGecko/TradingView market-cap BTC dominance.
1642118400000,2022-01-14 00:00:00,2022-01-14 09:00:00,1066.3,1068.5,1045.7,1052.7,10.663,10.685,10.457,10.527,10.5270%,6060.234,Binance BTCDOM index raw value divided by 100 for percent-style display; not CMC/CoinGecko/TradingView market-cap BTC dominance.
1642204800000,2022-01-15 00:00:00,2022-01-15 09:00:00,1052.7,1054.9,1044.0,1047.7,10.527,10.549,10.44,10.477,10.4770%,3164.13,Binance BTCDOM index raw value divided by 100 for percent-style display; not CMC/CoinGecko/TradingView market-cap BTC dominance.
1642291200000,2022-01-16 00:00:00,2022-01-16 09:00:00,1047.7,1051.4,1036.2,1038.7,10.477,10.514,10.362,10.387,10.3870%,3902.87,Binance BTCDOM index raw value divided by 100 for percent-style display; not CMC/CoinGecko/TradingView market-cap BTC dominance.
1642377600000,2022-01-17 00:00:00,2022-01-17 09:00:00,1038.7,1060.4,1037.5,1052.5,10.387,10.604,10.375,10.525,10.5250%,7090.728,Binance BTCDOM index raw value divided by 100 for percent-style display; not CMC/CoinGecko/TradingView market-cap BTC dominance.
1642464000000,2022-01-18 00:00:00,2022-01-18 09:00:00,1052.5,1077.6,1046.8,1075.5,10.525,10.776,10.468,10.755,10.7550%,9247.309,Binance BTCDOM index raw value divided by 100 for percent-style display; not CMC/CoinGecko/TradingView market-cap BTC dominance.
1642550400000,2022-01-19 00:00:00,2022-01-19 09:00:00,1075.6,1090.5,1070.6,1090.4,10.756,10.905,10.706,10.904,10.9040%,8686.973,Binance BTCDOM index raw value divided by 100 for percent-style display; not CMC/CoinGecko/TradingView market-cap BTC dominance.
1642636800000,2022-01-20 00:00:00,2022-01-20 09:00:00,1090.4,1107.4,1076.0,1105.1,10.904,11.074,10.76,11.051,11.0510%,7586.892,Binance BTCDOM index raw value divided by 100 for percent-style display; not CMC/CoinGecko/TradingView market-cap BTC dominance.
1642723200000,2022-01-21 00:00:00,2022-01-21 09:00:00,1105.4,1156.9,1094.0,1141.4,11.054,11.569,10.94,11.414,11.4140%,27998.294,Binance BTCDOM index raw value divided by 100 for percent-style display; not CMC/CoinGecko/TradingView market-cap BTC dominance.
1642809600000,2022-01-22 00:00:00,2022-01-22 09:00:00,1141.6,1234.6,1128.4,1185.3,11.416,12.346,11.284,11.853,11.8530%,54003.654,Binance BTCDOM index raw value divided by 100 for percent-style display; not CMC/CoinGecko/TradingView market-cap BTC dominance.
1642896000000,2022-01-23 00:00:00,2022-01-23 09:00:00,1185.3,1189.9,1146.5,1165.9,11.853,11.899,11.465,11.659,11.6590%,15896.3,Binance BTCDOM index raw value divided by 100 for percent-style display; not CMC/CoinGecko/TradingView market-cap BTC dominance.
1642982400000,2022-01-24 00:00:00,2022-01-24 09:00:00,1165.8,1253.0,1165.6,1231.0,11.658,12.53,11.656,12.31,12.3100%,34039.308,Binance BTCDOM index raw value divided by 100 for percent-style display; not CMC/CoinGecko/TradingView market-cap BTC dominance.
1643068800000,2022-01-25 00:00:00,2022-01-25 09:00:00,1231.0,1246.6,1215.9,1228.0,12.31,12.466,12.159,12.28,12.2800%,11875.984,Binance BTCDOM index raw value divided by 100 for percent-style display; not CMC/CoinGecko/TradingView market-cap BTC dominance.
1643155200000,2022-01-26 00:00:00,2022-01-26 09:00:00,1228.0,1241.4,1180.2,1225.4,12.28,12.414,11.802,12.254,12.2540%,14290.466,Binance BTCDOM index raw value divided by 100 for percent-style display; not CMC/CoinGecko/TradingView market-cap BTC dominance.
1643241600000,2022-01-27 00:00:00,2022-01-27 09:00:00,1224.8,1251.6,1210.2,1246.5,12.248,12.516,12.102,12.465,12.4650%,10063.946,Binance BTCDOM index raw value divided by 100 for percent-style display; not CMC/CoinGecko/TradingView market-cap BTC dominance.
1643328000000,2022-01-28 00:00:00,2022-01-28 09:00:00,1246.4,1255.9,1226.0,1228.5,12.464,12.559,12.26,12.285,12.2850%,9535.053,Binance BTCDOM index raw value divided by 100 for percent-style display; not CMC/CoinGecko/TradingView market-cap BTC dominance.
1643414400000,2022-01-29 00:00:00,2022-01-29 09:00:00,1228.7,1229.8,1209.0,1218.6,12.287,12.298,12.09,12.186,12.1860%,6843.443,Binance BTCDOM index raw value divided by 100 for percent-style display; not CMC/CoinGecko/TradingView market-cap BTC dominance.
1643500800000,2022-01-30 00:00:00,2022-01-30 09:00:00,1218.1,1235.5,1207.3,1225.0,12.181,12.355,12.073,12.25,12.2500%,4527.788,Binance BTCDOM index raw value divided by 100 for percent-style display; not CMC/CoinGecko/TradingView market-cap BTC dominance.
1643587200000,2022-01-31 00:00:00,2022-01-31 09:00:00,1224.6,1240.3,1205.3,1211.0,12.246,12.403,12.053,12.11,12.1100%,7169.13,Binance BTCDOM index raw value divided by 100 for percent-style display; not CMC/CoinGecko/TradingView market-cap BTC dominance.
1643673600000,2022-02-01 00:00:00,2022-02-01 09:00:00,1211.1,1211.3,1180.0,1181.7,12.111,12.113,11.8,11.817,11.8170%,6830.506,Binance BTCDOM index raw value divided by 100 for percent-style display; not CMC/CoinGecko/TradingView market-cap BTC dominance.
1643760000000,2022-02-02 00:00:00,2022-02-02 09:00:00,1181.8,1189.4,1170.6,1178.3,11.818,11.894,11.706,11.783,11.7830%,7278.37,Binance BTCDOM index raw value divided by 100 for percent-style display; not CMC/CoinGecko/TradingView market-cap BTC dominance.
1643846400000,2022-02-03 00:00:00,2022-02-03 09:00:00,1177.9,1197.7,1168.5,1179.8,11.779,11.977,11.685,11.798,11.7980%,10147.346,Binance BTCDOM index raw value divided by 100 for percent-style display; not CMC/CoinGecko/TradingView market-cap BTC dominance.
1643932800000,2022-02-04 00:00:00,2022-02-04 09:00:00,1179.5,1201.3,1151.6,1196.7,11.795,12.013,11.516,11.967,11.9670%,11483.1,Binance BTCDOM index raw value divided by 100 for percent-style display; not CMC/CoinGecko/TradingView market-cap BTC dominance.
1644019200000,2022-02-05 00:00:00,2022-02-05 09:00:00,1196.6,1201.3,1167.7,1179.7,11.966,12.013,11.677,11.797,11.7970%,6755.071,Binance BTCDOM index raw value divided by 100 for percent-style display; not CMC/CoinGecko/TradingView market-cap BTC dominance.
1644105600000,2022-02-06 00:00:00,2022-02-06 09:00:00,1179.8,1194.6,1173.7,1185.2,11.798,11.946,11.737,11.852,11.8520%,3473.356,Binance BTCDOM index raw value divided by 100 for percent-style display; not CMC/CoinGecko/TradingView market-cap BTC dominance.
1644192000000,2022-02-07 00:00:00,2022-02-07 09:00:00,1185.3,1189.9,1170.1,1176.5,11.853,11.899,11.701,11.765,11.7650%,7688.288,Binance BTCDOM index raw value divided by 100 for percent-style display; not CMC/CoinGecko/TradingView market-cap BTC dominance.
1644278400000,2022-02-08 00:00:00,2022-02-08 09:00:00,1176.6,1209.1,1171.0,1200.7,11.766,12.091,11.71,12.007,12.0070%,7595.74,Binance BTCDOM index raw value divided by 100 for percent-style display; not CMC/CoinGecko/TradingView market-cap BTC dominance.
1644364800000,2022-02-09 00:00:00,2022-02-09 09:00:00,1200.4,1205.0,1171.0,1173.9,12.004,12.05,11.71,11.739,11.7390%,8036.185,Binance BTCDOM index raw value divided by 100 for percent-style display; not CMC/CoinGecko/TradingView market-cap BTC dominance.
1644451200000,2022-02-10 00:00:00,2022-02-10 09:00:00,1173.9,1215.5,1171.1,1207.4,11.739,12.155,11.711,12.074,12.0740%,9238.584,Binance BTCDOM index raw value divided by 100 for percent-style display; not CMC/CoinGecko/TradingView market-cap BTC dominance.
1644537600000,2022-02-11 00:00:00,2022-02-11 09:00:00,1207.5,1254.5,1197.6,1246.6,12.075,12.545,11.976,12.466,12.4660%,9566.503,Binance BTCDOM index raw value divided by 100 for percent-style display; not CMC/CoinGecko/TradingView market-cap BTC dominance.
1644624000000,2022-02-12 00:00:00,2022-02-12 09:00:00,1246.7,1260.0,1230.0,1239.8,12.467,12.6,12.3,12.398,12.3980%,17695.7,Binance BTCDOM index raw value divided by 100 for percent-style display; not CMC/CoinGecko/TradingView market-cap BTC dominance.
1644710400000,2022-02-13 00:00:00,2022-02-13 09:00:00,1239.8,1265.0,1234.8,1253.1,12.398,12.65,12.348,12.531,12.5310%,10374.626,Binance BTCDOM index raw value divided by 100 for percent-style display; not CMC/CoinGecko/TradingView market-cap BTC dominance.
1644796800000,2022-02-14 00:00:00,2022-02-14 09:00:00,1253.2,1268.7,1243.1,1249.6,12.532,12.687,12.431,12.496,12.4960%,14815.932,Binance BTCDOM index raw value divided by 100 for percent-style display; not CMC/CoinGecko/TradingView market-cap BTC dominance.
1644883200000,2022-02-15 00:00:00,2022-02-15 09:00:00,1249.8,1253.5,1212.8,1212.8,12.498,12.535,12.128,12.128,12.1280%,9720.284,Binance BTCDOM index raw value divided by 100 for percent-style display; not CMC/CoinGecko/TradingView market-cap BTC dominance.
1644969600000,2022-02-16 00:00:00,2022-02-16 09:00:00,1212.8,1234.3,1209.3,1217.7,12.128,12.343,12.093,12.177,12.1770%,6815.402,Binance BTCDOM index raw value divided by 100 for percent-style display; not CMC/CoinGecko/TradingView market-cap BTC dominance.
1645056000000,2022-02-17 00:00:00,2022-02-17 09:00:00,1217.8,1234.6,1211.7,1215.5,12.178,12.346,12.117,12.155,12.1550%,9364.465,Binance BTCDOM index raw value divided by 100 for percent-style display; not CMC/CoinGecko/TradingView market-cap BTC dominance.
1645142400000,2022-02-18 00:00:00,2022-02-18 09:00:00,1214.8,1239.3,1198.4,1231.3,12.148,12.393,11.984,12.313,12.3130%,10597.926,Binance BTCDOM index raw value divided by 100 for percent-style display; not CMC/CoinGecko/TradingView market-cap BTC dominance.
1645228800000,2022-02-19 00:00:00,2022-02-19 09:00:00,1231.4,1252.2,1218.6,1232.8,12.314,12.522,12.186,12.328,12.3280%,12361.791,Binance BTCDOM index raw value divided by 100 for percent-style display; not CMC/CoinGecko/TradingView market-cap BTC dominance.
1645315200000,2022-02-20 00:00:00,2022-02-20 09:00:00,1232.7,1262.8,1225.0,1242.3,12.327,12.628,12.25,12.423,12.4230%,15031.541,Binance BTCDOM index raw value divided by 100 for percent-style display; not CMC/CoinGecko/TradingView market-cap BTC dominance.
1645401600000,2022-02-21 00:00:00,2022-02-21 09:00:00,1242.3,1252.3,1215.1,1251.0,12.423,12.523,12.151,12.51,12.5100%,13733.238,Binance BTCDOM index raw value divided by 100 for percent-style display; not CMC/CoinGecko/TradingView market-cap BTC dominance.
1645488000000,2022-02-22 00:00:00,2022-02-22 09:00:00,1250.7,1266.5,1241.1,1254.6,12.507,12.665,12.411,12.546,12.5460%,17433.78,Binance BTCDOM index raw value divided by 100 for percent-style display; not CMC/CoinGecko/TradingView market-cap BTC dominance.
1645574400000,2022-02-23 00:00:00,2022-02-23 09:00:00,1254.5,1257.8,1226.0,1250.5,12.545,12.578,12.26,12.505,12.5050%,11423.095,Binance BTCDOM index raw value divided by 100 for percent-style display; not CMC/CoinGecko/TradingView market-cap BTC dominance.
1645660800000,2022-02-24 00:00:00,2022-02-24 09:00:00,1250.5,1304.0,1241.3,1283.4,12.505,13.04,12.413,12.834,12.8340%,34681.137,Binance BTCDOM index raw value divided by 100 for percent-style display; not CMC/CoinGecko/TradingView market-cap BTC dominance.
1645747200000,2022-02-25 00:00:00,2022-02-25 09:00:00,1283.5,1295.0,1230.7,1240.6,12.835,12.95,12.307,12.406,12.4060%,11061.271,Binance BTCDOM index raw value divided by 100 for percent-style display; not CMC/CoinGecko/TradingView market-cap BTC dominance.
1645833600000,2022-02-26 00:00:00,2022-02-26 09:00:00,1240.6,1240.6,1223.4,1237.1,12.406,12.406,12.234,12.371,12.3710%,8342.7,Binance BTCDOM index raw value divided by 100 for percent-style display; not CMC/CoinGecko/TradingView market-cap BTC dominance.
1645920000000,2022-02-27 00:00:00,2022-02-27 09:00:00,1237.0,1260.6,1227.2,1251.1,12.37,12.606,12.272,12.511,12.5110%,10019.088,Binance BTCDOM index raw value divided by 100 for percent-style display; not CMC/CoinGecko/TradingView market-cap BTC dominance.
1646006400000,2022-02-28 00:00:00,2022-02-28 09:00:00,1251.2,1309.4,1248.2,1290.3,12.512,13.094,12.482,12.903,12.9030%,13433.298,Binance BTCDOM index raw value divided by 100 for percent-style display; not CMC/CoinGecko/TradingView market-cap BTC dominance.
1646092800000,2022-03-01 00:00:00,2022-03-01 09:00:00,1290.2,1323.7,1282.0,1309.8,12.902,13.237,12.82,13.098,13.0980%,11358.235,Binance BTCDOM index raw value divided by 100 for percent-style display; not CMC/CoinGecko/TradingView market-cap BTC dominance.
1646179200000,2022-03-02 00:00:00,2022-03-02 09:00:00,1309.9,1319.6,1283.5,1304.5,13.099,13.196,12.835,13.045,13.0450%,8101.787,Binance BTCDOM index raw value divided by 100 for percent-style display; not CMC/CoinGecko/TradingView market-cap BTC dominance.
1646265600000,2022-03-03 00:00:00,2022-03-03 09:00:00,1304.5,1318.2,1298.2,1306.3,13.045,13.182,12.982,13.063,13.0630%,6538.957,Binance BTCDOM index raw value divided by 100 for percent-style display; not CMC/CoinGecko/TradingView market-cap BTC dominance.
1646352000000,2022-03-04 00:00:00,2022-03-04 09:00:00,1306.3,1323.5,1292.6,1297.8,13.063,13.235,12.926,12.978,12.9780%,10440.405,Binance BTCDOM index raw value divided by 100 for percent-style display; not CMC/CoinGecko/TradingView market-cap BTC dominance.
1646438400000,2022-03-05 00:00:00,2022-03-05 09:00:00,1298.4,1302.8,1274.5,1277.3,12.984,13.028,12.745,12.773,12.7730%,5612.008,Binance BTCDOM index raw value divided by 100 for percent-style display; not CMC/CoinGecko/TradingView market-cap BTC dominance.
1646524800000,2022-03-06 00:00:00,2022-03-06 09:00:00,1277.1,1300.0,1273.0,1299.4,12.771,13.0,12.73,12.994,12.9940%,8520.622,Binance BTCDOM index raw value divided by 100 for percent-style display; not CMC/CoinGecko/TradingView market-cap BTC dominance.
1646611200000,2022-03-07 00:00:00,2022-03-07 09:00:00,1299.5,1316.9,1286.5,1311.5,12.995,13.169,12.865,13.115,13.1150%,11372.955,Binance BTCDOM index raw value divided by 100 for percent-style display; not CMC/CoinGecko/TradingView market-cap BTC dominance.
1646697600000,2022-03-08 00:00:00,2022-03-08 09:00:00,1311.5,1315.0,1299.2,1303.8,13.115,13.15,12.992,13.038,13.0380%,4475.254,Binance BTCDOM index raw value divided by 100 for percent-style display; not CMC/CoinGecko/TradingView market-cap BTC dominance.
1646784000000,2022-03-09 00:00:00,2022-03-09 09:00:00,1303.9,1356.0,1297.2,1338.3,13.039,13.56,12.972,13.383,13.3830%,9520.952,Binance BTCDOM index raw value divided by 100 for percent-style display; not CMC/CoinGecko/TradingView market-cap BTC dominance.
1646870400000,2022-03-10 00:00:00,2022-03-10 09:00:00,1338.3,1342.7,1310.8,1321.9,13.383,13.427,13.108,13.219,13.2190%,6805.659,Binance BTCDOM index raw value divided by 100 for percent-style display; not CMC/CoinGecko/TradingView market-cap BTC dominance.
1646956800000,2022-03-11 00:00:00,2022-03-11 09:00:00,1321.7,1326.3,1303.0,1309.5,13.217,13.263,13.03,13.095,13.0950%,5515.001,Binance BTCDOM index raw value divided by 100 for percent-style display; not CMC/CoinGecko/TradingView market-cap BTC dominance.
1647043200000,2022-03-12 00:00:00,2022-03-12 09:00:00,1309.5,1312.9,1301.0,1307.5,13.095,13.129,13.01,13.075,13.0750%,1897.788,Binance BTCDOM index raw value divided by 100 for percent-style display; not CMC/CoinGecko/TradingView market-cap BTC dominance.
1647129600000,2022-03-13 00:00:00,2022-03-13 09:00:00,1307.5,1314.4,1300.3,1303.2,13.075,13.144,13.003,13.032,13.0320%,3523.078,Binance BTCDOM index raw value divided by 100 for percent-style display; not CMC/CoinGecko/TradingView market-cap BTC dominance.
1647216000000,2022-03-14 00:00:00,2022-03-14 09:00:00,1303.3,1337.7,1298.8,1330.0,13.033,13.377,12.988,13.3,13.3000%,4407.69,Binance BTCDOM index raw value divided by 100 for percent-style display; not CMC/CoinGecko/TradingView market-cap BTC dominance.
1647302400000,2022-03-15 00:00:00,2022-03-15 09:00:00,1330.3,1330.8,1305.8,1310.6,13.303,13.308,13.058,13.106,13.1060%,3940.851,Binance BTCDOM index raw value divided by 100 for percent-style display; not CMC/CoinGecko/TradingView market-cap BTC dominance.
1647388800000,2022-03-16 00:00:00,2022-03-16 09:00:00,1310.5,1337.3,1302.3,1303.2,13.105,13.373,13.023,13.032,13.0320%,8355.592,Binance BTCDOM index raw value divided by 100 for percent-style display; not CMC/CoinGecko/TradingView market-cap BTC dominance.
1647475200000,2022-03-17 00:00:00,2022-03-17 09:00:00,1303.0,1308.0,1277.9,1287.0,13.03,13.08,12.779,12.87,12.8700%,4332.646,Binance BTCDOM index raw value divided by 100 for percent-style display; not CMC/CoinGecko/TradingView market-cap BTC dominance.
1647561600000,2022-03-18 00:00:00,2022-03-18 09:00:00,1286.9,1294.3,1262.8,1271.9,12.869,12.943,12.628,12.719,12.7190%,4773.538,Binance BTCDOM index raw value divided by 100 for percent-style display; not CMC/CoinGecko/TradingView market-cap BTC dominance.
1647648000000,2022-03-19 00:00:00,2022-03-19 09:00:00,1272.1,1272.8,1251.0,1265.7,12.721,12.728,12.51,12.657,12.6570%,6819.816,Binance BTCDOM index raw value divided by 100 for percent-style display; not CMC/CoinGecko/TradingView market-cap BTC dominance.
1647734400000,2022-03-20 00:00:00,2022-03-20 09:00:00,1265.4,1280.7,1262.6,1273.3,12.654,12.807,12.626,12.733,12.7330%,4156.046,Binance BTCDOM index raw value divided by 100 for percent-style display; not CMC/CoinGecko/TradingView market-cap BTC dominance.
1647820800000,2022-03-21 00:00:00,2022-03-21 09:00:00,1273.2,1276.2,1239.0,1249.0,12.732,12.762,12.39,12.49,12.4900%,5024.741,Binance BTCDOM index raw value divided by 100 for percent-style display; not CMC/CoinGecko/TradingView market-cap BTC dominance.
1647907200000,2022-03-22 00:00:00,2022-03-22 09:00:00,1249.1,1259.6,1242.8,1252.9,12.491,12.596,12.428,12.529,12.5290%,3005.59,Binance BTCDOM index raw value divided by 100 for percent-style display; not CMC/CoinGecko/TradingView market-cap BTC dominance.
1647993600000,2022-03-23 00:00:00,2022-03-23 09:00:00,1253.0,1257.6,1226.8,1237.2,12.53,12.576,12.268,12.372,12.3720%,3506.048,Binance BTCDOM index raw value divided by 100 for percent-style display; not CMC/CoinGecko/TradingView market-cap BTC dominance.
1648080000000,2022-03-24 00:00:00,2022-03-24 09:00:00,1237.1,1240.0,1226.3,1235.0,12.371,12.4,12.263,12.35,12.3500%,3045.397,Binance BTCDOM index raw value divided by 100 for percent-style display; not CMC/CoinGecko/TradingView market-cap BTC dominance.
1648166400000,2022-03-25 00:00:00,2022-03-25 09:00:00,1235.1,1269.3,1226.6,1259.4,12.351,12.693,12.266,12.594,12.5940%,5642.884,Binance BTCDOM index raw value divided by 100 for percent-style display; not CMC/CoinGecko/TradingView market-cap BTC dominance.
1648252800000,2022-03-26 00:00:00,2022-03-26 09:00:00,1259.4,1261.5,1242.7,1243.9,12.594,12.615,12.427,12.439,12.4390%,1836.585,Binance BTCDOM index raw value divided by 100 for percent-style display; not CMC/CoinGecko/TradingView market-cap BTC dominance.
1648339200000,2022-03-27 00:00:00,2022-03-27 09:00:00,1243.9,1261.9,1237.5,1248.7,12.439,12.619,12.375,12.487,12.4870%,3595.784,Binance BTCDOM index raw value divided by 100 for percent-style display; not CMC/CoinGecko/TradingView market-cap BTC dominance.
1648425600000,2022-03-28 00:00:00,2022-03-28 09:00:00,1248.8,1258.0,1233.2,1252.3,12.488,12.58,12.332,12.523,12.5230%,4421.543,Binance BTCDOM index raw value divided by 100 for percent-style display; not CMC/CoinGecko/TradingView market-cap BTC dominance.
1648512000000,2022-03-29 00:00:00,2022-03-29 09:00:00,1252.3,1252.3,1223.5,1237.3,12.523,12.523,12.235,12.373,12.3730%,4446.459,Binance BTCDOM index raw value divided by 100 for percent-style display; not CMC/CoinGecko/TradingView market-cap BTC dominance.
1648598400000,2022-03-30 00:00:00,2022-03-30 09:00:00,1237.3,1246.5,1218.7,1223.4,12.373,12.465,12.187,12.234,12.2340%,3894.117,Binance BTCDOM index raw value divided by 100 for percent-style display; not CMC/CoinGecko/TradingView market-cap BTC dominance.
1648684800000,2022-03-31 00:00:00,2022-03-31 09:00:00,1222.8,1231.0,1210.3,1220.0,12.228,12.31,12.103,12.2,12.2000%,5032.444,Binance BTCDOM index raw value divided by 100 for percent-style display; not CMC/CoinGecko/TradingView market-cap BTC dominance.
1648771200000,2022-04-01 00:00:00,2022-04-01 09:00:00,1219.9,1221.3,1187.2,1188.2,12.199,12.213,11.872,11.882,11.8820%,4608.548,Binance BTCDOM index raw value divided by 100 for percent-style display; not CMC/CoinGecko/TradingView market-cap BTC dominance.
1648857600000,2022-04-02 00:00:00,2022-04-02 09:00:00,1188.5,1190.9,1179.4,1186.4,11.885,11.909,11.794,11.864,11.8640%,4454.92,Binance BTCDOM index raw value divided by 100 for percent-style display; not CMC/CoinGecko/TradingView market-cap BTC dominance.
1648944000000,2022-04-03 00:00:00,2022-04-03 09:00:00,1186.2,1191.6,1170.0,1170.1,11.862,11.916,11.7,11.701,11.7010%,5450.204,Binance BTCDOM index raw value divided by 100 for percent-style display; not CMC/CoinGecko/TradingView market-cap BTC dominance.
1649030400000,2022-04-04 00:00:00,2022-04-04 09:00:00,1170.0,1185.4,1166.9,1180.1,11.7,11.854,11.669,11.801,11.8010%,5695.944,Binance BTCDOM index raw value divided by 100 for percent-style display; not CMC/CoinGecko/TradingView market-cap BTC dominance.
1649116800000,2022-04-05 00:00:00,2022-04-05 09:00:00,1180.1,1185.0,1171.0,1183.1,11.801,11.85,11.71,11.831,11.8310%,3150.238,Binance BTCDOM index raw value divided by 100 for percent-style display; not CMC/CoinGecko/TradingView market-cap BTC dominance.
1649203200000,2022-04-06 00:00:00,2022-04-06 09:00:00,1183.0,1219.2,1181.7,1217.6,11.83,12.192,11.817,12.176,12.1760%,12518.65,Binance BTCDOM index raw value divided by 100 for percent-style display; not CMC/CoinGecko/TradingView market-cap BTC dominance.
1649289600000,2022-04-07 00:00:00,2022-04-07 09:00:00,1217.6,1218.5,1192.6,1193.9,12.176,12.185,11.926,11.939,11.9390%,5874.486,Binance BTCDOM index raw value divided by 100 for percent-style display; not CMC/CoinGecko/TradingView market-cap BTC dominance.
1649376000000,2022-04-08 00:00:00,2022-04-08 09:00:00,1194.0,1198.0,1184.0,1192.6,11.94,11.98,11.84,11.926,11.9260%,4676.732,Binance BTCDOM index raw value divided by 100 for percent-style display; not CMC/CoinGecko/TradingView market-cap BTC dominance.
1649462400000,2022-04-09 00:00:00,2022-04-09 09:00:00,1192.7,1194.7,1179.7,1184.2,11.927,11.947,11.797,11.842,11.8420%,3374.945,Binance BTCDOM index raw value divided by 100 for percent-style display; not CMC/CoinGecko/TradingView market-cap BTC dominance.
1649548800000,2022-04-10 00:00:00,2022-04-10 09:00:00,1184.1,1188.5,1176.8,1187.6,11.841,11.885,11.768,11.876,11.8760%,2432.226,Binance BTCDOM index raw value divided by 100 for percent-style display; not CMC/CoinGecko/TradingView market-cap BTC dominance.
1649635200000,2022-04-11 00:00:00,2022-04-11 09:00:00,1187.6,1227.5,1185.3,1204.8,11.876,12.275,11.853,12.048,12.0480%,16212.746,Binance BTCDOM index raw value divided by 100 for percent-style display; not CMC/CoinGecko/TradingView market-cap BTC dominance.
1649721600000,2022-04-12 00:00:00,2022-04-12 09:00:00,1204.9,1206.4,1184.8,1192.2,12.049,12.064,11.848,11.922,11.9220%,5801.158,Binance BTCDOM index raw value divided by 100 for percent-style display; not CMC/CoinGecko/TradingView market-cap BTC dominance.
1649808000000,2022-04-13 00:00:00,2022-04-13 09:00:00,1192.2,1201.9,1181.0,1192.7,11.922,12.019,11.81,11.927,11.9270%,5029.662,Binance BTCDOM index raw value divided by 100 for percent-style display; not CMC/CoinGecko/TradingView market-cap BTC dominance.
1649894400000,2022-04-14 00:00:00,2022-04-14 09:00:00,1192.7,1200.6,1187.2,1189.5,11.927,12.006,11.872,11.895,11.8950%,3346.062,Binance BTCDOM index raw value divided by 100 for percent-style display; not CMC/CoinGecko/TradingView market-cap BTC dominance.
1649980800000,2022-04-15 00:00:00,2022-04-15 09:00:00,1189.4,1193.3,1179.1,1189.4,11.894,11.933,11.791,11.894,11.8940%,3662.442,Binance BTCDOM index raw value divided by 100 for percent-style display; not CMC/CoinGecko/TradingView market-cap BTC dominance.
1650067200000,2022-04-16 00:00:00,2022-04-16 09:00:00,1189.4,1191.0,1177.8,1181.0,11.894,11.91,11.778,11.81,11.8100%,2011.405,Binance BTCDOM index raw value divided by 100 for percent-style display; not CMC/CoinGecko/TradingView market-cap BTC dominance.
1650153600000,2022-04-17 00:00:00,2022-04-17 09:00:00,1181.0,1191.9,1175.0,1191.9,11.81,11.919,11.75,11.919,11.9190%,3809.974,Binance BTCDOM index raw value divided by 100 for percent-style display; not CMC/CoinGecko/TradingView market-cap BTC dominance.
1650240000000,2022-04-18 00:00:00,2022-04-18 09:00:00,1192.0,1212.7,1190.7,1196.0,11.92,12.127,11.907,11.96,11.9600%,9129.519,Binance BTCDOM index raw value divided by 100 for percent-style display; not CMC/CoinGecko/TradingView market-cap BTC dominance.
1650326400000,2022-04-19 00:00:00,2022-04-19 09:00:00,1196.0,1201.9,1192.4,1196.1,11.96,12.019,11.924,11.961,11.9610%,3401.192,Binance BTCDOM index raw value divided by 100 for percent-style display; not CMC/CoinGecko/TradingView market-cap BTC dominance.
1650412800000,2022-04-20 00:00:00,2022-04-20 09:00:00,1196.1,1208.9,1192.5,1206.4,11.961,12.089,11.925,12.064,12.0640%,3274.057,Binance BTCDOM index raw value divided by 100 for percent-style display; not CMC/CoinGecko/TradingView market-cap BTC dominance.
1650499200000,2022-04-21 00:00:00,2022-04-21 09:00:00,1206.5,1218.9,1204.0,1217.0,12.065,12.189,12.04,12.17,12.1700%,4139.225,Binance BTCDOM index raw value divided by 100 for percent-style display; not CMC/CoinGecko/TradingView market-cap BTC dominance.
1650585600000,2022-04-22 00:00:00,2022-04-22 09:00:00,1217.1,1217.2,1189.4,1199.8,12.171,12.172,11.894,11.998,11.9980%,3487.38,Binance BTCDOM index raw value divided by 100 for percent-style display; not CMC/CoinGecko/TradingView market-cap BTC dominance.
1650672000000,2022-04-23 00:00:00,2022-04-23 09:00:00,1199.8,1207.7,1196.6,1204.4,11.998,12.077,11.966,12.044,12.0440%,1808.957,Binance BTCDOM index raw value divided by 100 for percent-style display; not CMC/CoinGecko/TradingView market-cap BTC dominance.
1650758400000,2022-04-24 00:00:00,2022-04-24 09:00:00,1204.5,1214.3,1202.6,1213.5,12.045,12.143,12.026,12.135,12.1350%,2873.452,Binance BTCDOM index raw value divided by 100 for percent-style display; not CMC/CoinGecko/TradingView market-cap BTC dominance.
1650844800000,2022-04-25 00:00:00,2022-04-25 09:00:00,1213.7,1239.2,1208.1,1213.6,12.137,12.392,12.081,12.136,12.1360%,10135.25,Binance BTCDOM index raw value divided by 100 for percent-style display; not CMC/CoinGecko/TradingView market-cap BTC dominance.
1650931200000,2022-04-26 00:00:00,2022-04-26 09:00:00,1213.5,1234.5,1210.3,1228.2,12.135,12.345,12.103,12.282,12.2820%,6069.709,Binance BTCDOM index raw value divided by 100 for percent-style display; not CMC/CoinGecko/TradingView market-cap BTC dominance.
1651017600000,2022-04-27 00:00:00,2022-04-27 09:00:00,1228.3,1238.2,1215.5,1232.8,12.283,12.382,12.155,12.328,12.3280%,6137.51,Binance BTCDOM index raw value divided by 100 for percent-style display; not CMC/CoinGecko/TradingView market-cap BTC dominance.
1651104000000,2022-04-28 00:00:00,2022-04-28 09:00:00,1232.7,1246.8,1224.7,1234.6,12.327,12.468,12.247,12.346,12.3460%,5046.634,Binance BTCDOM index raw value divided by 100 for percent-style display; not CMC/CoinGecko/TradingView market-cap BTC dominance.
1651190400000,2022-04-29 00:00:00,2022-04-29 09:00:00,1234.7,1255.5,1230.4,1251.9,12.347,12.555,12.304,12.519,12.5190%,8973.656,Binance BTCDOM index raw value divided by 100 for percent-style display; not CMC/CoinGecko/TradingView market-cap BTC dominance.
1651276800000,2022-04-30 00:00:00,2022-04-30 09:00:00,1251.9,1292.8,1242.3,1281.8,12.519,12.928,12.423,12.818,12.8180%,7321.44,Binance BTCDOM index raw value divided by 100 for percent-style display; not CMC/CoinGecko/TradingView market-cap BTC dominance.
1651363200000,2022-05-01 00:00:00,2022-05-01 09:00:00,1281.7,1284.3,1255.1,1258.4,12.817,12.843,12.551,12.584,12.5840%,6227.257,Binance BTCDOM index raw value divided by 100 for percent-style display; not CMC/CoinGecko/TradingView market-cap BTC dominance.
1651449600000,2022-05-02 00:00:00,2022-05-02 09:00:00,1258.4,1282.2,1254.6,1258.4,12.584,12.822,12.546,12.584,12.5840%,5098.443,Binance BTCDOM index raw value divided by 100 for percent-style display; not CMC/CoinGecko/TradingView market-cap BTC dominance.
1651536000000,2022-05-03 00:00:00,2022-05-03 09:00:00,1258.4,1265.3,1254.1,1258.2,12.584,12.653,12.541,12.582,12.5820%,3093.142,Binance BTCDOM index raw value divided by 100 for percent-style display; not CMC/CoinGecko/TradingView market-cap BTC dominance.
1651622400000,2022-05-04 00:00:00,2022-05-04 09:00:00,1258.0,1269.7,1235.6,1235.7,12.58,12.697,12.356,12.357,12.3570%,6595.16,Binance BTCDOM index raw value divided by 100 for percent-style display; not CMC/CoinGecko/TradingView market-cap BTC dominance.
1651708800000,2022-05-05 00:00:00,2022-05-05 09:00:00,1235.7,1246.5,1222.4,1229.1,12.357,12.465,12.224,12.291,12.2910%,6707.815,Binance BTCDOM index raw value divided by 100 for percent-style display; not CMC/CoinGecko/TradingView market-cap BTC dominance.
1651795200000,2022-05-06 00:00:00,2022-05-06 09:00:00,1229.1,1236.8,1222.3,1227.1,12.291,12.368,12.223,12.271,12.2710%,5471.036,Binance BTCDOM index raw value divided by 100 for percent-style display; not CMC/CoinGecko/TradingView market-cap BTC dominance.
1651881600000,2022-05-07 00:00:00,2022-05-07 09:00:00,1227.2,1242.6,1219.0,1240.9,12.272,12.426,12.19,12.409,12.4090%,5206.129,Binance BTCDOM index raw value divided by 100 for percent-style display; not CMC/CoinGecko/TradingView market-cap BTC dominance.
1651968000000,2022-05-08 00:00:00,2022-05-08 09:00:00,1240.8,1248.2,1229.5,1235.2,12.408,12.482,12.295,12.352,12.3520%,4898.208,Binance BTCDOM index raw value divided by 100 for percent-style display; not CMC/CoinGecko/TradingView market-cap BTC dominance.
1652054400000,2022-05-09 00:00:00,2022-05-09 09:00:00,1235.2,1277.0,1230.7,1268.0,12.352,12.77,12.307,12.68,12.6800%,15429.491,Binance BTCDOM index raw value divided by 100 for percent-style display; not CMC/CoinGecko/TradingView market-cap BTC dominance.
1652140800000,2022-05-10 00:00:00,2022-05-10 09:00:00,1268.0,1279.5,1219.8,1240.4,12.68,12.795,12.198,12.404,12.4040%,13897.103,Binance BTCDOM index raw value divided by 100 for percent-style display; not CMC/CoinGecko/TradingView market-cap BTC dominance.
1652227200000,2022-05-11 00:00:00,2022-05-11 09:00:00,1240.1,1392.3,1228.4,1362.0,12.401,13.923,12.284,13.62,13.6200%,33814.327,Binance BTCDOM index raw value divided by 100 for percent-style display; not CMC/CoinGecko/TradingView market-cap BTC dominance.
1652313600000,2022-05-12 00:00:00,2022-05-12 09:00:00,1362.3,1514.5,1345.0,1445.1,13.623,15.145,13.45,14.451,14.4510%,38384.146,Binance BTCDOM index raw value divided by 100 for percent-style display; not CMC/CoinGecko/TradingView market-cap BTC dominance.
1652400000000,2022-05-13 00:00:00,2022-05-13 09:00:00,1445.7,1449.4,1358.0,1384.6,14.457,14.494,13.58,13.846,13.8460%,10682.937,Binance BTCDOM index raw value divided by 100 for percent-style display; not CMC/CoinGecko/TradingView market-cap BTC dominance.
1652486400000,2022-05-14 00:00:00,2022-05-14 09:00:00,1385.1,1416.3,1358.3,1385.2,13.851,14.163,13.583,13.852,13.8520%,6434.781,Binance BTCDOM index raw value divided by 100 for percent-style display; not CMC/CoinGecko/TradingView market-cap BTC dominance.
1652572800000,2022-05-15 00:00:00,2022-05-15 09:00:00,1385.8,1408.0,1365.3,1372.5,13.858,14.08,13.653,13.725,13.7250%,3973.962,Binance BTCDOM index raw value divided by 100 for percent-style display; not CMC/CoinGecko/TradingView market-cap BTC dominance.
1652659200000,2022-05-16 00:00:00,2022-05-16 09:00:00,1372.5,1399.8,1370.3,1393.7,13.725,13.998,13.703,13.937,13.9370%,4631.575,Binance BTCDOM index raw value divided by 100 for percent-style display; not CMC/CoinGecko/TradingView market-cap BTC dominance.
1652745600000,2022-05-17 00:00:00,2022-05-17 09:00:00,1393.2,1393.5,1361.5,1368.3,13.932,13.935,13.615,13.683,13.6830%,3880.469,Binance BTCDOM index raw value divided by 100 for percent-style display; not CMC/CoinGecko/TradingView market-cap BTC dominance.
1652832000000,2022-05-18 00:00:00,2022-05-18 09:00:00,1368.3,1420.2,1364.1,1416.4,13.683,14.202,13.641,14.164,14.1640%,5846.479,Binance BTCDOM index raw value divided by 100 for percent-style display; not CMC/CoinGecko/TradingView market-cap BTC dominance.
1652918400000,2022-05-19 00:00:00,2022-05-19 09:00:00,1416.1,1434.2,1404.7,1417.6,14.161,14.342,14.047,14.176,14.1760%,11528.407,Binance BTCDOM index raw value divided by 100 for percent-style display; not CMC/CoinGecko/TradingView market-cap BTC dominance.
1653004800000,2022-05-20 00:00:00,2022-05-20 09:00:00,1416.8,1421.9,1396.0,1408.6,14.168,14.219,13.96,14.086,14.0860%,8919.254,Binance BTCDOM index raw value divided by 100 for percent-style display; not CMC/CoinGecko/TradingView market-cap BTC dominance.
1653091200000,2022-05-21 00:00:00,2022-05-21 09:00:00,1409.0,1416.9,1393.0,1399.1,14.09,14.169,13.93,13.991,13.9910%,3518.907,Binance BTCDOM index raw value divided by 100 for percent-style display; not CMC/CoinGecko/TradingView market-cap BTC dominance.
1653177600000,2022-05-22 00:00:00,2022-05-22 09:00:00,1399.0,1403.0,1389.2,1393.8,13.99,14.03,13.892,13.938,13.9380%,2156.212,Binance BTCDOM index raw value divided by 100 for percent-style display; not CMC/CoinGecko/TradingView market-cap BTC dominance.
1653264000000,2022-05-23 00:00:00,2022-05-23 09:00:00,1394.2,1399.9,1366.1,1387.0,13.942,13.999,13.661,13.87,13.8700%,3746.648,Binance BTCDOM index raw value divided by 100 for percent-style display; not CMC/CoinGecko/TradingView market-cap BTC dominance.
1653350400000,2022-05-24 00:00:00,2022-05-24 09:00:00,1386.9,1412.0,1377.8,1397.3,13.869,14.12,13.778,13.973,13.9730%,3809.417,Binance BTCDOM index raw value divided by 100 for percent-style display; not CMC/CoinGecko/TradingView market-cap BTC dominance.
1653436800000,2022-05-25 00:00:00,2022-05-25 09:00:00,1397.1,1419.2,1391.0,1415.5,13.971,14.192,13.91,14.155,14.1550%,3125.685,Binance BTCDOM index raw value divided by 100 for percent-style display; not CMC/CoinGecko/TradingView market-cap BTC dominance.
1653523200000,2022-05-26 00:00:00,2022-05-26 09:00:00,1415.2,1512.0,1411.9,1509.8,14.152,15.12,14.119,15.098,15.0980%,23704.171,Binance BTCDOM index raw value divided by 100 for percent-style display; not CMC/CoinGecko/TradingView market-cap BTC dominance.
1653609600000,2022-05-27 00:00:00,2022-05-27 09:00:00,1509.7,1549.9,1489.8,1525.8,15.097,15.499,14.898,15.258,15.2580%,24473.229,Binance BTCDOM index raw value divided by 100 for percent-style display; not CMC/CoinGecko/TradingView market-cap BTC dominance.
1653696000000,2022-05-28 00:00:00,2022-05-28 09:00:00,1525.7,1539.1,1492.0,1499.2,15.257,15.391,14.92,14.992,14.9920%,6453.357,Binance BTCDOM index raw value divided by 100 for percent-style display; not CMC/CoinGecko/TradingView market-cap BTC dominance.
1653782400000,2022-05-29 00:00:00,2022-05-29 09:00:00,1499.4,1519.6,1496.0,1502.2,14.994,15.196,14.96,15.022,15.0220%,3654.844,Binance BTCDOM index raw value divided by 100 for percent-style display; not CMC/CoinGecko/TradingView market-cap BTC dominance.
1653868800000,2022-05-30 00:00:00,2022-05-30 09:00:00,1502.2,1505.9,1477.6,1480.5,15.022,15.059,14.776,14.805,14.8050%,6319.617,Binance BTCDOM index raw value divided by 100 for percent-style display; not CMC/CoinGecko/TradingView market-cap BTC dominance.
1653955200000,2022-05-31 00:00:00,2022-05-31 09:00:00,1480.4,1516.0,1467.9,1505.2,14.804,15.16,14.679,15.052,15.0520%,4816.479,Binance BTCDOM index raw value divided by 100 for percent-style display; not CMC/CoinGecko/TradingView market-cap BTC dominance.
1654041600000,2022-06-01 00:00:00,2022-06-01 09:00:00,1504.8,1533.7,1490.0,1518.7,15.048,15.337,14.9,15.187,15.1870%,8255.178,Binance BTCDOM index raw value divided by 100 for percent-style display; not CMC/CoinGecko/TradingView market-cap BTC dominance.
1654128000000,2022-06-02 00:00:00,2022-06-02 09:00:00,1518.6,1541.4,1508.7,1523.3,15.186,15.414,15.087,15.233,15.2330%,9284.313,Binance BTCDOM index raw value divided by 100 for percent-style display; not CMC/CoinGecko/TradingView market-cap BTC dominance.
1654214400000,2022-06-03 00:00:00,2022-06-03 09:00:00,1523.9,1559.9,1523.4,1543.4,15.239,15.599,15.234,15.434,15.4340%,9436.618,Binance BTCDOM index raw value divided by 100 for percent-style display; not CMC/CoinGecko/TradingView market-cap BTC dominance.
1654300800000,2022-06-04 00:00:00,2022-06-04 09:00:00,1543.2,1560.0,1525.0,1529.5,15.432,15.6,15.25,15.295,15.2950%,7097.263,Binance BTCDOM index raw value divided by 100 for percent-style display; not CMC/CoinGecko/TradingView market-cap BTC dominance.
1654387200000,2022-06-05 00:00:00,2022-06-05 09:00:00,1529.5,1544.5,1523.2,1533.5,15.295,15.445,15.232,15.335,15.3350%,4381.803,Binance BTCDOM index raw value divided by 100 for percent-style display; not CMC/CoinGecko/TradingView market-cap BTC dominance.
1654473600000,2022-06-06 00:00:00,2022-06-06 09:00:00,1533.5,1580.3,1518.0,1560.9,15.335,15.803,15.18,15.609,15.6090%,11156.47,Binance BTCDOM index raw value divided by 100 for percent-style display; not CMC/CoinGecko/TradingView market-cap BTC dominance.
1654560000000,2022-06-07 00:00:00,2022-06-07 09:00:00,1560.9,1600.0,1543.0,1585.0,15.609,16.0,15.43,15.85,15.8500%,10805.209,Binance BTCDOM index raw value divided by 100 for percent-style display; not CMC/CoinGecko/TradingView market-cap BTC dominance.
1654646400000,2022-06-08 00:00:00,2022-06-08 09:00:00,1585.0,1587.9,1545.4,1554.8,15.85,15.879,15.454,15.548,15.5480%,4617.919,Binance BTCDOM index raw value divided by 100 for percent-style display; not CMC/CoinGecko/TradingView market-cap BTC dominance.
1654732800000,2022-06-09 00:00:00,2022-06-09 09:00:00,1555.1,1562.0,1536.1,1545.5,15.551,15.62,15.361,15.455,15.4550%,3294.022,Binance BTCDOM index raw value divided by 100 for percent-style display; not CMC/CoinGecko/TradingView market-cap BTC dominance.
1654819200000,2022-06-10 00:00:00,2022-06-10 09:00:00,1545.5,1596.3,1533.2,1592.4,15.455,15.963,15.332,15.924,15.9240%,8362.759,Binance BTCDOM index raw value divided by 100 for percent-style display; not CMC/CoinGecko/TradingView market-cap BTC dominance.
1654905600000,2022-06-11 00:00:00,2022-06-11 09:00:00,1592.5,1708.0,1585.2,1683.0,15.925,17.08,15.852,16.83,16.8300%,19281.834,Binance BTCDOM index raw value divided by 100 for percent-style display; not CMC/CoinGecko/TradingView market-cap BTC dominance.
1654992000000,2022-06-12 00:00:00,2022-06-12 09:00:00,1682.7,1739.9,1657.0,1688.0,16.827,17.399,16.57,16.88,16.8800%,20378.344,Binance BTCDOM index raw value divided by 100 for percent-style display; not CMC/CoinGecko/TradingView market-cap BTC dominance.
1655078400000,2022-06-13 00:00:00,2022-06-13 09:00:00,1687.9,1828.5,1638.1,1640.9,16.879,18.285,16.381,16.409,16.4090%,28303.372,Binance BTCDOM index raw value divided by 100 for percent-style display; not CMC/CoinGecko/TradingView market-cap BTC dominance.
1655164800000,2022-06-14 00:00:00,2022-06-14 09:00:00,1641.7,1708.4,1591.2,1606.3,16.417,17.084,15.912,16.063,16.0630%,15123.966,Binance BTCDOM index raw value divided by 100 for percent-style display; not CMC/CoinGecko/TradingView market-cap BTC dominance.
1655251200000,2022-06-15 00:00:00,2022-06-15 09:00:00,1606.1,1694.6,1550.0,1561.6,16.061,16.946,15.5,15.616,15.6160%,16068.568,Binance BTCDOM index raw value divided by 100 for percent-style display; not CMC/CoinGecko/TradingView market-cap BTC dominance.
1655337600000,2022-06-16 00:00:00,2022-06-16 09:00:00,1561.2,1638.5,1552.7,1614.0,15.612,16.385,15.527,16.14,16.1400%,8518.05,Binance BTCDOM index raw value divided by 100 for percent-style display; not CMC/CoinGecko/TradingView market-cap BTC dominance.
1655424000000,2022-06-17 00:00:00,2022-06-17 09:00:00,1614.2,1627.8,1582.0,1586.6,16.142,16.278,15.82,15.866,15.8660%,5720.309,Binance BTCDOM index raw value divided by 100 for percent-style display; not CMC/CoinGecko/TradingView market-cap BTC dominance.
1655510400000,2022-06-18 00:00:00,2022-06-18 09:00:00,1586.5,1640.8,1582.7,1583.1,15.865,16.408,15.827,15.831,15.8310%,12163.298,Binance BTCDOM index raw value divided by 100 for percent-style display; not CMC/CoinGecko/TradingView market-cap BTC dominance.
1655596800000,2022-06-19 00:00:00,2022-06-19 09:00:00,1582.9,1599.4,1513.2,1541.5,15.829,15.994,15.132,15.415,15.4150%,8224.812,Binance BTCDOM index raw value divided by 100 for percent-style display; not CMC/CoinGecko/TradingView market-cap BTC dominance.
1655683200000,2022-06-20 00:00:00,2022-06-20 09:00:00,1540.8,1568.6,1510.0,1533.6,15.408,15.686,15.1,15.336,15.3360%,6470.472,Binance BTCDOM index raw value divided by 100 for percent-style display; not CMC/CoinGecko/TradingView market-cap BTC dominance.
1655769600000,2022-06-21 00:00:00,2022-06-21 09:00:00,1533.6,1555.6,1518.4,1534.5,15.336,15.556,15.184,15.345,15.3450%,5314.773,Binance BTCDOM index raw value divided by 100 for percent-style display; not CMC/CoinGecko/TradingView market-cap BTC dominance.
1655856000000,2022-06-22 00:00:00,2022-06-22 09:00:00,1533.9,1565.3,1531.5,1564.7,15.339,15.653,15.315,15.647,15.6470%,4133.258,Binance BTCDOM index raw value divided by 100 for percent-style display; not CMC/CoinGecko/TradingView market-cap BTC dominance.
1655942400000,2022-06-23 00:00:00,2022-06-23 09:00:00,1564.7,1565.0,1516.9,1528.6,15.647,15.65,15.169,15.286,15.2860%,5392.501,Binance BTCDOM index raw value divided by 100 for percent-style display; not CMC/CoinGecko/TradingView market-cap BTC dominance.
1656028800000,2022-06-24 00:00:00,2022-06-24 09:00:00,1528.9,1529.0,1435.7,1443.3,15.289,15.29,14.357,14.433,14.4330%,8161.611,Binance BTCDOM index raw value divided by 100 for percent-style display; not CMC/CoinGecko/TradingView market-cap BTC dominance.
1656115200000,2022-06-25 00:00:00,2022-06-25 09:00:00,1445.1,1480.7,1436.0,1449.7,14.451,14.807,14.36,14.497,14.4970%,5972.505,Binance BTCDOM index raw value divided by 100 for percent-style display; not CMC/CoinGecko/TradingView market-cap BTC dominance.
1656201600000,2022-06-26 00:00:00,2022-06-26 09:00:00,1449.5,1465.9,1425.0,1465.4,14.495,14.659,14.25,14.654,14.6540%,6396.902,Binance BTCDOM index raw value divided by 100 for percent-style display; not CMC/CoinGecko/TradingView market-cap BTC dominance.
1656288000000,2022-06-27 00:00:00,2022-06-27 09:00:00,1465.3,1466.3,1444.1,1457.5,14.653,14.663,14.441,14.575,14.5750%,4894.399,Binance BTCDOM index raw value divided by 100 for percent-style display; not CMC/CoinGecko/TradingView market-cap BTC dominance.
1656374400000,2022-06-28 00:00:00,2022-06-28 09:00:00,1457.6,1494.8,1436.7,1491.4,14.576,14.948,14.367,14.914,14.9140%,6229.996,Binance BTCDOM index raw value divided by 100 for percent-style display; not CMC/CoinGecko/TradingView market-cap BTC dominance.
1656460800000,2022-06-29 00:00:00,2022-06-29 09:00:00,1490.9,1531.2,1478.5,1521.7,14.909,15.312,14.785,15.217,15.2170%,8216.783,Binance BTCDOM index raw value divided by 100 for percent-style display; not CMC/CoinGecko/TradingView market-cap BTC dominance.
1656547200000,2022-06-30 00:00:00,2022-06-30 09:00:00,1521.6,1558.5,1506.2,1536.1,15.216,15.585,15.062,15.361,15.3610%,13417.744,Binance BTCDOM index raw value divided by 100 for percent-style display; not CMC/CoinGecko/TradingView market-cap BTC dominance.
1656633600000,2022-07-01 00:00:00,2022-07-01 09:00:00,1536.3,1555.4,1501.0,1514.0,15.363,15.554,15.01,15.14,15.1400%,6217.434,Binance BTCDOM index raw value divided by 100 for percent-style display; not CMC/CoinGecko/TradingView market-cap BTC dominance.
1656720000000,2022-07-02 00:00:00,2022-07-02 09:00:00,1513.9,1531.0,1494.3,1496.2,15.139,15.31,14.943,14.962,14.9620%,3453.706,Binance BTCDOM index raw value divided by 100 for percent-style display; not CMC/CoinGecko/TradingView market-cap BTC dominance.
1656806400000,2022-07-03 00:00:00,2022-07-03 09:00:00,1496.3,1518.3,1486.0,1493.5,14.963,15.183,14.86,14.935,14.9350%,4600.8,Binance BTCDOM index raw value divided by 100 for percent-style display; not CMC/CoinGecko/TradingView market-cap BTC dominance.
1656892800000,2022-07-04 00:00:00,2022-07-04 09:00:00,1493.7,1513.1,1462.8,1475.1,14.937,15.131,14.628,14.751,14.7510%,5402.777,Binance BTCDOM index raw value divided by 100 for percent-style display; not CMC/CoinGecko/TradingView market-cap BTC dominance.
1656979200000,2022-07-05 00:00:00,2022-07-05 09:00:00,1475.1,1503.9,1465.5,1496.1,14.751,15.039,14.655,14.961,14.9610%,5401.028,Binance BTCDOM index raw value divided by 100 for percent-style display; not CMC/CoinGecko/TradingView market-cap BTC dominance.
1657065600000,2022-07-06 00:00:00,2022-07-06 09:00:00,1496.4,1501.6,1457.2,1469.0,14.964,15.016,14.572,14.69,14.6900%,3369.975,Binance BTCDOM index raw value divided by 100 for percent-style display; not CMC/CoinGecko/TradingView market-cap BTC dominance.
1657152000000,2022-07-07 00:00:00,2022-07-07 09:00:00,1469.0,1497.6,1449.1,1487.0,14.69,14.976,14.491,14.87,14.8700%,5833.241,Binance BTCDOM index raw value divided by 100 for percent-style display; not CMC/CoinGecko/TradingView market-cap BTC dominance.
1657238400000,2022-07-08 00:00:00,2022-07-08 09:00:00,1487.2,1518.6,1476.1,1507.1,14.872,15.186,14.761,15.071,15.0710%,5534.501,Binance BTCDOM index raw value divided by 100 for percent-style display; not CMC/CoinGecko/TradingView market-cap BTC dominance.
1657324800000,2022-07-09 00:00:00,2022-07-09 09:00:00,1507.1,1507.3,1487.8,1494.3,15.071,15.073,14.878,14.943,14.9430%,2445.976,Binance BTCDOM index raw value divided by 100 for percent-style display; not CMC/CoinGecko/TradingView market-cap BTC dominance.
1657411200000,2022-07-10 00:00:00,2022-07-10 09:00:00,1494.4,1521.7,1489.4,1504.2,14.944,15.217,14.894,15.042,15.0420%,3715.938,Binance BTCDOM index raw value divided by 100 for percent-style display; not CMC/CoinGecko/TradingView market-cap BTC dominance.
1657497600000,2022-07-11 00:00:00,2022-07-11 09:00:00,1504.1,1536.7,1500.0,1528.4,15.041,15.367,15.0,15.284,15.2840%,5020.396,Binance BTCDOM index raw value divided by 100 for percent-style display; not CMC/CoinGecko/TradingView market-cap BTC dominance.
1657584000000,2022-07-12 00:00:00,2022-07-12 09:00:00,1528.5,1548.7,1518.9,1543.6,15.285,15.487,15.189,15.436,15.4360%,8264.195,Binance BTCDOM index raw value divided by 100 for percent-style display; not CMC/CoinGecko/TradingView market-cap BTC dominance.
1657670400000,2022-07-13 00:00:00,2022-07-13 09:00:00,1543.4,1555.0,1514.1,1519.2,15.434,15.55,15.141,15.192,15.1920%,8730.627,Binance BTCDOM index raw value divided by 100 for percent-style display; not CMC/CoinGecko/TradingView market-cap BTC dominance.
1657756800000,2022-07-14 00:00:00,2022-07-14 09:00:00,1518.5,1530.8,1461.6,1465.8,15.185,15.308,14.616,14.658,14.6580%,5599.775,Binance BTCDOM index raw value divided by 100 for percent-style display; not CMC/CoinGecko/TradingView market-cap BTC dominance.
1657843200000,2022-07-15 00:00:00,2022-07-15 09:00:00,1465.8,1472.0,1430.1,1453.6,14.658,14.72,14.301,14.536,14.5360%,5891.604,Binance BTCDOM index raw value divided by 100 for percent-style display; not CMC/CoinGecko/TradingView market-cap BTC dominance.
1657929600000,2022-07-16 00:00:00,2022-07-16 09:00:00,1453.9,1470.0,1358.9,1375.7,14.539,14.7,13.589,13.757,13.7570%,10002.03,Binance BTCDOM index raw value divided by 100 for percent-style display; not CMC/CoinGecko/TradingView market-cap BTC dominance.
1658016000000,2022-07-17 00:00:00,2022-07-17 09:00:00,1375.4,1394.4,1357.2,1366.6,13.754,13.944,13.572,13.666,13.6660%,6732.245,Binance BTCDOM index raw value divided by 100 for percent-style display; not CMC/CoinGecko/TradingView market-cap BTC dominance.
1658102400000,2022-07-18 00:00:00,2022-07-18 09:00:00,1366.7,1367.4,1293.9,1300.4,13.667,13.674,12.939,13.004,13.0040%,16471.063,Binance BTCDOM index raw value divided by 100 for percent-style display; not CMC/CoinGecko/TradingView market-cap BTC dominance.
1658188800000,2022-07-19 00:00:00,2022-07-19 09:00:00,1300.1,1361.5,1287.2,1358.1,13.001,13.615,12.872,13.581,13.5810%,15155.376,Binance BTCDOM index raw value divided by 100 for percent-style display; not CMC/CoinGecko/TradingView market-cap BTC dominance.
1658275200000,2022-07-20 00:00:00,2022-07-20 09:00:00,1358.5,1393.3,1337.3,1384.0,13.585,13.933,13.373,13.84,13.8400%,10097.957,Binance BTCDOM index raw value divided by 100 for percent-style display; not CMC/CoinGecko/TradingView market-cap BTC dominance.
1658361600000,2022-07-21 00:00:00,2022-07-21 09:00:00,1384.1,1405.3,1329.1,1341.5,13.841,14.053,13.291,13.415,13.4150%,11691.818,Binance BTCDOM index raw value divided by 100 for percent-style display; not CMC/CoinGecko/TradingView market-cap BTC dominance.
1658448000000,2022-07-22 00:00:00,2022-07-22 09:00:00,1341.5,1362.1,1313.0,1350.4,13.415,13.621,13.13,13.504,13.5040%,10423.372,Binance BTCDOM index raw value divided by 100 for percent-style display; not CMC/CoinGecko/TradingView market-cap BTC dominance.
1658534400000,2022-07-23 00:00:00,2022-07-23 09:00:00,1350.4,1355.5,1321.1,1325.4,13.504,13.555,13.211,13.254,13.2540%,7398.866,Binance BTCDOM index raw value divided by 100 for percent-style display; not CMC/CoinGecko/TradingView market-cap BTC dominance.
1658620800000,2022-07-24 00:00:00,2022-07-24 09:00:00,1325.5,1326.5,1288.1,1306.2,13.255,13.265,12.881,13.062,13.0620%,8333.11,Binance BTCDOM index raw value divided by 100 for percent-style display; not CMC/CoinGecko/TradingView market-cap BTC dominance.
1658707200000,2022-07-25 00:00:00,2022-07-25 09:00:00,1306.3,1360.3,1300.2,1351.1,13.063,13.603,13.002,13.511,13.5110%,14500.814,Binance BTCDOM index raw value divided by 100 for percent-style display; not CMC/CoinGecko/TradingView market-cap BTC dominance.
1658793600000,2022-07-26 00:00:00,2022-07-26 09:00:00,1350.9,1386.9,1337.4,1338.9,13.509,13.869,13.374,13.389,13.3890%,17816.819,Binance BTCDOM index raw value divided by 100 for percent-style display; not CMC/CoinGecko/TradingView market-cap BTC dominance.
1658880000000,2022-07-27 00:00:00,2022-07-27 09:00:00,1339.0,1350.0,1293.9,1297.6,13.39,13.5,12.939,12.976,12.9760%,12152.747,Binance BTCDOM index raw value divided by 100 for percent-style display; not CMC/CoinGecko/TradingView market-cap BTC dominance.
1658966400000,2022-07-28 00:00:00,2022-07-28 09:00:00,1297.8,1316.7,1266.0,1287.2,12.978,13.167,12.66,12.872,12.8720%,12942.964,Binance BTCDOM index raw value divided by 100 for percent-style display; not CMC/CoinGecko/TradingView market-cap BTC dominance.
1659052800000,2022-07-29 00:00:00,2022-07-29 09:00:00,1287.2,1305.5,1266.1,1277.1,12.872,13.055,12.661,12.771,12.7710%,11323.456,Binance BTCDOM index raw value divided by 100 for percent-style display; not CMC/CoinGecko/TradingView market-cap BTC dominance.
1659139200000,2022-07-30 00:00:00,2022-07-30 09:00:00,1277.2,1303.5,1272.2,1275.2,12.772,13.035,12.722,12.752,12.7520%,8646.756,Binance BTCDOM index raw value divided by 100 for percent-style display; not CMC/CoinGecko/TradingView market-cap BTC dominance.
1659225600000,2022-07-31 00:00:00,2022-07-31 09:00:00,1275.0,1279.8,1251.0,1271.1,12.75,12.798,12.51,12.711,12.7110%,7661.769,Binance BTCDOM index raw value divided by 100 for percent-style display; not CMC/CoinGecko/TradingView market-cap BTC dominance.
1659312000000,2022-08-01 00:00:00,2022-08-01 09:00:00,1271.3,1299.2,1257.4,1295.6,12.713,12.992,12.574,12.956,12.9560%,7901.555,Binance BTCDOM index raw value divided by 100 for percent-style display; not CMC/CoinGecko/TradingView market-cap BTC dominance.
1659398400000,2022-08-02 00:00:00,2022-08-02 09:00:00,1295.7,1321.6,1270.6,1290.9,12.957,13.216,12.706,12.909,12.9090%,12714.368,Binance BTCDOM index raw value divided by 100 for percent-style display; not CMC/CoinGecko/TradingView market-cap BTC dominance.
1659484800000,2022-08-03 00:00:00,2022-08-03 09:00:00,1290.6,1307.8,1279.7,1280.2,12.906,13.078,12.797,12.802,12.8020%,5258.661,Binance BTCDOM index raw value divided by 100 for percent-style display; not CMC/CoinGecko/TradingView market-cap BTC dominance.
1659571200000,2022-08-04 00:00:00,2022-08-04 09:00:00,1280.3,1288.8,1266.7,1267.9,12.803,12.888,12.667,12.679,12.6790%,6252.228,Binance BTCDOM index raw value divided by 100 for percent-style display; not CMC/CoinGecko/TradingView market-cap BTC dominance.
1659657600000,2022-08-05 00:00:00,2022-08-05 09:00:00,1267.9,1270.8,1225.5,1230.9,12.679,12.708,12.255,12.309,12.3090%,12535.669,Binance BTCDOM index raw value divided by 100 for percent-style display; not CMC/CoinGecko/TradingView market-cap BTC dominance.
1659744000000,2022-08-06 00:00:00,2022-08-06 09:00:00,1230.9,1241.5,1226.9,1235.9,12.309,12.415,12.269,12.359,12.3590%,4617.836,Binance BTCDOM index raw value divided by 100 for percent-style display; not CMC/CoinGecko/TradingView market-cap BTC dominance.
1659830400000,2022-08-07 00:00:00,2022-08-07 09:00:00,1236.0,1249.5,1225.9,1235.7,12.36,12.495,12.259,12.357,12.3570%,6422.81,Binance BTCDOM index raw value divided by 100 for percent-style display; not CMC/CoinGecko/TradingView market-cap BTC dominance.
1659916800000,2022-08-08 00:00:00,2022-08-08 09:00:00,1235.7,1247.2,1220.0,1228.4,12.357,12.472,12.2,12.284,12.2840%,8649.99,Binance BTCDOM index raw value divided by 100 for percent-style display; not CMC/CoinGecko/TradingView market-cap BTC dominance.
1660003200000,2022-08-09 00:00:00,2022-08-09 09:00:00,1228.4,1252.8,1225.2,1240.0,12.284,12.528,12.252,12.4,12.4000%,9145.417,Binance BTCDOM index raw value divided by 100 for percent-style display; not CMC/CoinGecko/TradingView market-cap BTC dominance.
1660089600000,2022-08-10 00:00:00,2022-08-10 09:00:00,1240.1,1249.7,1192.0,1203.2,12.401,12.497,11.92,12.032,12.0320%,15399.275,Binance BTCDOM index raw value divided by 100 for percent-style display; not CMC/CoinGecko/TradingView market-cap BTC dominance.
1660176000000,2022-08-11 00:00:00,2022-08-11 09:00:00,1203.1,1216.7,1193.9,1196.3,12.031,12.167,11.939,11.963,11.9630%,10981.465,Binance BTCDOM index raw value divided by 100 for percent-style display; not CMC/CoinGecko/TradingView market-cap BTC dominance.
1660262400000,2022-08-12 00:00:00,2022-08-12 09:00:00,1196.3,1203.5,1175.1,1179.5,11.963,12.035,11.751,11.795,11.7950%,8059.279,Binance BTCDOM index raw value divided by 100 for percent-style display; not CMC/CoinGecko/TradingView market-cap BTC dominance.
1660348800000,2022-08-13 00:00:00,2022-08-13 09:00:00,1179.6,1188.7,1162.5,1171.5,11.796,11.887,11.625,11.715,11.7150%,7954.225,Binance BTCDOM index raw value divided by 100 for percent-style display; not CMC/CoinGecko/TradingView market-cap BTC dominance.
1660435200000,2022-08-14 00:00:00,2022-08-14 09:00:00,1171.6,1193.5,1163.3,1185.4,11.716,11.935,11.633,11.854,11.8540%,9948.587,Binance BTCDOM index raw value divided by 100 for percent-style display; not CMC/CoinGecko/TradingView market-cap BTC dominance.
1660521600000,2022-08-15 00:00:00,2022-08-15 09:00:00,1185.5,1206.0,1176.5,1197.4,11.855,12.06,11.765,11.974,11.9740%,11509.292,Binance BTCDOM index raw value divided by 100 for percent-style display; not CMC/CoinGecko/TradingView market-cap BTC dominance.
1660608000000,2022-08-16 00:00:00,2022-08-16 09:00:00,1197.7,1209.3,1185.2,1192.8,11.977,12.093,11.852,11.928,11.9280%,8588.371,Binance BTCDOM index raw value divided by 100 for percent-style display; not CMC/CoinGecko/TradingView market-cap BTC dominance.
1660694400000,2022-08-17 00:00:00,2022-08-17 09:00:00,1192.8,1209.1,1176.0,1198.8,11.928,12.091,11.76,11.988,11.9880%,10811.421,Binance BTCDOM index raw value divided by 100 for percent-style display; not CMC/CoinGecko/TradingView market-cap BTC dominance.
1660780800000,2022-08-18 00:00:00,2022-08-18 09:00:00,1198.8,1211.0,1186.5,1207.2,11.988,12.11,11.865,12.072,12.0720%,8325.942,Binance BTCDOM index raw value divided by 100 for percent-style display; not CMC/CoinGecko/TradingView market-cap BTC dominance.
1660867200000,2022-08-19 00:00:00,2022-08-19 09:00:00,1207.2,1227.4,1196.5,1222.0,12.072,12.274,11.965,12.22,12.2200%,21941.77,Binance BTCDOM index raw value divided by 100 for percent-style display; not CMC/CoinGecko/TradingView market-cap BTC dominance.
1660953600000,2022-08-20 00:00:00,2022-08-20 09:00:00,1222.3,1266.7,1213.0,1251.4,12.223,12.667,12.13,12.514,12.5140%,14091.767,Binance BTCDOM index raw value divided by 100 for percent-style display; not CMC/CoinGecko/TradingView market-cap BTC dominance.
1661040000000,2022-08-21 00:00:00,2022-08-21 09:00:00,1251.4,1255.0,1227.3,1235.7,12.514,12.55,12.273,12.357,12.3570%,9459.83,Binance BTCDOM index raw value divided by 100 for percent-style display; not CMC/CoinGecko/TradingView market-cap BTC dominance.
1661126400000,2022-08-22 00:00:00,2022-08-22 09:00:00,1235.8,1270.6,1229.3,1230.7,12.358,12.706,12.293,12.307,12.3070%,12174.544,Binance BTCDOM index raw value divided by 100 for percent-style display; not CMC/CoinGecko/TradingView market-cap BTC dominance.
1661212800000,2022-08-23 00:00:00,2022-08-23 09:00:00,1231.0,1248.1,1213.3,1216.4,12.31,12.481,12.133,12.164,12.1640%,8786.149,Binance BTCDOM index raw value divided by 100 for percent-style display; not CMC/CoinGecko/TradingView market-cap BTC dominance.
1661299200000,2022-08-24 00:00:00,2022-08-24 09:00:00,1216.4,1233.9,1210.3,1217.8,12.164,12.339,12.103,12.178,12.1780%,6592.065,Binance BTCDOM index raw value divided by 100 for percent-style display; not CMC/CoinGecko/TradingView market-cap BTC dominance.
1661385600000,2022-08-25 00:00:00,2022-08-25 09:00:00,1217.9,1218.6,1199.0,1204.9,12.179,12.186,11.99,12.049,12.0490%,7559.016,Binance BTCDOM index raw value divided by 100 for percent-style display; not CMC/CoinGecko/TradingView market-cap BTC dominance.
1661472000000,2022-08-26 00:00:00,2022-08-26 09:00:00,1205.1,1258.7,1205.0,1249.9,12.051,12.587,12.05,12.499,12.4990%,17188.58,Binance BTCDOM index raw value divided by 100 for percent-style display; not CMC/CoinGecko/TradingView market-cap BTC dominance.
1661558400000,2022-08-27 00:00:00,2022-08-27 09:00:00,1250.1,1263.9,1242.7,1245.1,12.501,12.639,12.427,12.451,12.4510%,13575.155,Binance BTCDOM index raw value divided by 100 for percent-style display; not CMC/CoinGecko/TradingView market-cap BTC dominance.
1661644800000,2022-08-28 00:00:00,2022-08-28 09:00:00,1245.1,1263.4,1237.3,1260.1,12.451,12.634,12.373,12.601,12.6010%,7322.981,Binance BTCDOM index raw value divided by 100 for percent-style display; not CMC/CoinGecko/TradingView market-cap BTC dominance.
1661731200000,2022-08-29 00:00:00,2022-08-29 09:00:00,1260.2,1269.5,1218.1,1221.0,12.602,12.695,12.181,12.21,12.2100%,10840.102,Binance BTCDOM index raw value divided by 100 for percent-style display; not CMC/CoinGecko/TradingView market-cap BTC dominance.
1661817600000,2022-08-30 00:00:00,2022-08-30 09:00:00,1221.1,1234.6,1205.5,1213.9,12.211,12.346,12.055,12.139,12.1390%,11758.423,Binance BTCDOM index raw value divided by 100 for percent-style display; not CMC/CoinGecko/TradingView market-cap BTC dominance.
1661904000000,2022-08-31 00:00:00,2022-08-31 09:00:00,1213.8,1221.0,1192.0,1215.9,12.138,12.21,11.92,12.159,12.1590%,9003.967,Binance BTCDOM index raw value divided by 100 for percent-style display; not CMC/CoinGecko/TradingView market-cap BTC dominance.
1661990400000,2022-09-01 00:00:00,2022-09-01 09:00:00,1216.1,1226.7,1197.5,1201.1,12.161,12.267,11.975,12.011,12.0110%,7259.568,Binance BTCDOM index raw value divided by 100 for percent-style display; not CMC/CoinGecko/TradingView market-cap BTC dominance.
1662076800000,2022-09-02 00:00:00,2022-09-02 09:00:00,1201.1,1206.9,1180.6,1197.1,12.011,12.069,11.806,11.971,11.9710%,9819.176,Binance BTCDOM index raw value divided by 100 for percent-style display; not CMC/CoinGecko/TradingView market-cap BTC dominance.
1662163200000,2022-09-03 00:00:00,2022-09-03 09:00:00,1197.0,1206.9,1188.0,1192.7,11.97,12.069,11.88,11.927,11.9270%,5536.902,Binance BTCDOM index raw value divided by 100 for percent-style display; not CMC/CoinGecko/TradingView market-cap BTC dominance.
1662249600000,2022-09-04 00:00:00,2022-09-04 09:00:00,1192.8,1194.9,1181.1,1186.3,11.928,11.949,11.811,11.863,11.8630%,4050.902,Binance BTCDOM index raw value divided by 100 for percent-style display; not CMC/CoinGecko/TradingView market-cap BTC dominance.
1662336000000,2022-09-05 00:00:00,2022-09-05 09:00:00,1186.6,1188.7,1156.3,1157.2,11.866,11.887,11.563,11.572,11.5720%,8113.952,Binance BTCDOM index raw value divided by 100 for percent-style display; not CMC/CoinGecko/TradingView market-cap BTC dominance.
1662422400000,2022-09-06 00:00:00,2022-09-06 09:00:00,1157.4,1158.0,1125.9,1153.7,11.574,11.58,11.259,11.537,11.5370%,18957.92,Binance BTCDOM index raw value divided by 100 for percent-style display; not CMC/CoinGecko/TradingView market-cap BTC dominance.
1662508800000,2022-09-07 00:00:00,2022-09-07 09:00:00,1153.6,1177.9,1120.2,1129.8,11.536,11.779,11.202,11.298,11.2980%,15608.56,Binance BTCDOM index raw value divided by 100 for percent-style display; not CMC/CoinGecko/TradingView market-cap BTC dominance.
1662595200000,2022-09-08 00:00:00,2022-09-08 09:00:00,1129.9,1138.9,1118.2,1124.2,11.299,11.389,11.182,11.242,11.2420%,9373.015,Binance BTCDOM index raw value divided by 100 for percent-style display; not CMC/CoinGecko/TradingView market-cap BTC dominance.
1662681600000,2022-09-09 00:00:00,2022-09-09 09:00:00,1124.2,1192.5,1121.2,1183.0,11.242,11.925,11.212,11.83,11.8300%,13446.477,Binance BTCDOM index raw value divided by 100 for percent-style display; not CMC/CoinGecko/TradingView market-cap BTC dominance.
1662768000000,2022-09-10 00:00:00,2022-09-10 09:00:00,1183.8,1188.9,1167.0,1173.6,11.838,11.889,11.67,11.736,11.7360%,5744.423,Binance BTCDOM index raw value divided by 100 for percent-style display; not CMC/CoinGecko/TradingView market-cap BTC dominance.
1662854400000,2022-09-11 00:00:00,2022-09-11 09:00:00,1173.8,1197.3,1167.5,1190.2,11.738,11.973,11.675,11.902,11.9020%,4780.061,Binance BTCDOM index raw value divided by 100 for percent-style display; not CMC/CoinGecko/TradingView market-cap BTC dominance.
1662940800000,2022-09-12 00:00:00,2022-09-12 09:00:00,1190.1,1240.3,1187.7,1237.5,11.901,12.403,11.877,12.375,12.3750%,11825.765,Binance BTCDOM index raw value divided by 100 for percent-style display; not CMC/CoinGecko/TradingView market-cap BTC dominance.
1663027200000,2022-09-13 00:00:00,2022-09-13 09:00:00,1237.6,1252.0,1188.6,1211.2,12.376,12.52,11.886,12.112,12.1120%,15664.776,Binance BTCDOM index raw value divided by 100 for percent-style display; not CMC/CoinGecko/TradingView market-cap BTC dominance.
1663113600000,2022-09-14 00:00:00,2022-09-14 09:00:00,1211.3,1216.4,1175.0,1175.3,12.113,12.164,11.75,11.753,11.7530%,7965.477,Binance BTCDOM index raw value divided by 100 for percent-style display; not CMC/CoinGecko/TradingView market-cap BTC dominance.
1663200000000,2022-09-15 00:00:00,2022-09-15 09:00:00,1175.4,1240.8,1170.0,1235.1,11.754,12.408,11.7,12.351,12.3510%,20478.431,Binance BTCDOM index raw value divided by 100 for percent-style display; not CMC/CoinGecko/TradingView market-cap BTC dominance.
1663286400000,2022-09-16 00:00:00,2022-09-16 09:00:00,1235.1,1256.8,1230.7,1254.2,12.351,12.568,12.307,12.542,12.5420%,11957.855,Binance BTCDOM index raw value divided by 100 for percent-style display; not CMC/CoinGecko/TradingView market-cap BTC dominance.
1663372800000,2022-09-17 00:00:00,2022-09-17 09:00:00,1253.7,1266.0,1238.1,1240.2,12.537,12.66,12.381,12.402,12.4020%,8449.492,Binance BTCDOM index raw value divided by 100 for percent-style display; not CMC/CoinGecko/TradingView market-cap BTC dominance.
1663459200000,2022-09-18 00:00:00,2022-09-18 09:00:00,1240.5,1319.4,1239.6,1306.4,12.405,13.194,12.396,13.064,13.0640%,11101.172,Binance BTCDOM index raw value divided by 100 for percent-style display; not CMC/CoinGecko/TradingView market-cap BTC dominance.
1663545600000,2022-09-19 00:00:00,2022-09-19 09:00:00,1306.5,1310.6,1271.0,1279.9,13.065,13.106,12.71,12.799,12.7990%,13639.72,Binance BTCDOM index raw value divided by 100 for percent-style display; not CMC/CoinGecko/TradingView market-cap BTC dominance.
1663632000000,2022-09-20 00:00:00,2022-09-20 09:00:00,1280.2,1288.4,1250.5,1271.6,12.802,12.884,12.505,12.716,12.7160%,8025.936,Binance BTCDOM index raw value divided by 100 for percent-style display; not CMC/CoinGecko/TradingView market-cap BTC dominance.
1663718400000,2022-09-21 00:00:00,2022-09-21 09:00:00,1271.7,1311.2,1264.1,1302.8,12.717,13.112,12.641,13.028,13.0280%,12588.921,Binance BTCDOM index raw value divided by 100 for percent-style display; not CMC/CoinGecko/TradingView market-cap BTC dominance.
1663804800000,2022-09-22 00:00:00,2022-09-22 09:00:00,1302.6,1312.0,1271.4,1283.6,13.026,13.12,12.714,12.836,12.8360%,7497.198,Binance BTCDOM index raw value divided by 100 for percent-style display; not CMC/CoinGecko/TradingView market-cap BTC dominance.
1663891200000,2022-09-23 00:00:00,2022-09-23 09:00:00,1283.5,1284.3,1244.2,1262.0,12.835,12.843,12.442,12.62,12.6200%,8614.343,Binance BTCDOM index raw value divided by 100 for percent-style display; not CMC/CoinGecko/TradingView market-cap BTC dominance.
1663977600000,2022-09-24 00:00:00,2022-09-24 09:00:00,1262.4,1264.4,1239.4,1254.5,12.624,12.644,12.394,12.545,12.5450%,4346.639,Binance BTCDOM index raw value divided by 100 for percent-style display; not CMC/CoinGecko/TradingView market-cap BTC dominance.
1664064000000,2022-09-25 00:00:00,2022-09-25 09:00:00,1254.8,1276.4,1248.6,1262.6,12.548,12.764,12.486,12.626,12.6260%,4876.824,Binance BTCDOM index raw value divided by 100 for percent-style display; not CMC/CoinGecko/TradingView market-cap BTC dominance.
1664150400000,2022-09-26 00:00:00,2022-09-26 09:00:00,1262.7,1280.0,1255.0,1264.5,12.627,12.8,12.55,12.645,12.6450%,4982.476,Binance BTCDOM index raw value divided by 100 for percent-style display; not CMC/CoinGecko/TradingView market-cap BTC dominance.
1664236800000,2022-09-27 00:00:00,2022-09-27 09:00:00,1265.1,1294.8,1262.3,1269.5,12.651,12.948,12.623,12.695,12.6950%,7500.243,Binance BTCDOM index raw value divided by 100 for percent-style display; not CMC/CoinGecko/TradingView market-cap BTC dominance.
1664323200000,2022-09-28 00:00:00,2022-09-28 09:00:00,1269.5,1304.0,1268.3,1281.1,12.695,13.04,12.683,12.811,12.8110%,8919.473,Binance BTCDOM index raw value divided by 100 for percent-style display; not CMC/CoinGecko/TradingView market-cap BTC dominance.
1664409600000,2022-09-29 00:00:00,2022-09-29 09:00:00,1281.2,1293.7,1273.0,1279.6,12.812,12.937,12.73,12.796,12.7960%,5769.95,Binance BTCDOM index raw value divided by 100 for percent-style display; not CMC/CoinGecko/TradingView market-cap BTC dominance.
1664496000000,2022-09-30 00:00:00,2022-09-30 09:00:00,1279.5,1293.2,1269.8,1275.6,12.795,12.932,12.698,12.756,12.7560%,6433.438,Binance BTCDOM index raw value divided by 100 for percent-style display; not CMC/CoinGecko/TradingView market-cap BTC dominance.
1664582400000,2022-10-01 00:00:00,2022-10-01 09:00:00,1275.6,1286.0,1270.4,1284.3,12.756,12.86,12.704,12.843,12.8430%,2394.232,Binance BTCDOM index raw value divided by 100 for percent-style display; not CMC/CoinGecko/TradingView market-cap BTC dominance.
1664668800000,2022-10-02 00:00:00,2022-10-02 09:00:00,1284.3,1296.9,1279.9,1294.5,12.843,12.969,12.799,12.945,12.9450%,4249.001,Binance BTCDOM index raw value divided by 100 for percent-style display; not CMC/CoinGecko/TradingView market-cap BTC dominance.
1664755200000,2022-10-03 00:00:00,2022-10-03 09:00:00,1294.6,1300.7,1284.1,1295.8,12.946,13.007,12.841,12.958,12.9580%,3855.039,Binance BTCDOM index raw value divided by 100 for percent-style display; not CMC/CoinGecko/TradingView market-cap BTC dominance.
1664841600000,2022-10-04 00:00:00,2022-10-04 09:00:00,1295.6,1305.5,1289.8,1301.5,12.956,13.055,12.898,13.015,13.0150%,3927.53,Binance BTCDOM index raw value divided by 100 for percent-style display; not CMC/CoinGecko/TradingView market-cap BTC dominance.
1664928000000,2022-10-05 00:00:00,2022-10-05 09:00:00,1301.5,1307.2,1290.1,1296.4,13.015,13.072,12.901,12.964,12.9640%,4478.074,Binance BTCDOM index raw value divided by 100 for percent-style display; not CMC/CoinGecko/TradingView market-cap BTC dominance.
1665014400000,2022-10-06 00:00:00,2022-10-06 09:00:00,1296.5,1299.8,1282.0,1292.0,12.965,12.998,12.82,12.92,12.9200%,3909.586,Binance BTCDOM index raw value divided by 100 for percent-style display; not CMC/CoinGecko/TradingView market-cap BTC dominance.
1665100800000,2022-10-07 00:00:00,2022-10-07 09:00:00,1292.1,1297.9,1272.5,1274.8,12.921,12.979,12.725,12.748,12.7480%,4017.383,Binance BTCDOM index raw value divided by 100 for percent-style display; not CMC/CoinGecko/TradingView market-cap BTC dominance.
1665187200000,2022-10-08 00:00:00,2022-10-08 09:00:00,1274.9,1283.8,1273.0,1282.8,12.749,12.838,12.73,12.828,12.8280%,1757.07,Binance BTCDOM index raw value divided by 100 for percent-style display; not CMC/CoinGecko/TradingView market-cap BTC dominance.
1665273600000,2022-10-09 00:00:00,2022-10-09 09:00:00,1282.8,1286.4,1272.9,1273.7,12.828,12.864,12.729,12.737,12.7370%,1881.646,Binance BTCDOM index raw value divided by 100 for percent-style display; not CMC/CoinGecko/TradingView market-cap BTC dominance.
1665360000000,2022-10-10 00:00:00,2022-10-10 09:00:00,1273.8,1294.0,1266.1,1293.3,12.738,12.94,12.661,12.933,12.9330%,3098.812,Binance BTCDOM index raw value divided by 100 for percent-style display; not CMC/CoinGecko/TradingView market-cap BTC dominance.
1665446400000,2022-10-11 00:00:00,2022-10-11 09:00:00,1293.4,1307.0,1292.2,1303.1,12.934,13.07,12.922,13.031,13.0310%,9163.419,Binance BTCDOM index raw value divided by 100 for percent-style display; not CMC/CoinGecko/TradingView market-cap BTC dominance.
1665532800000,2022-10-12 00:00:00,2022-10-12 09:00:00,1302.9,1306.3,1291.4,1303.1,13.029,13.063,12.914,13.031,13.0310%,3681.67,Binance BTCDOM index raw value divided by 100 for percent-style display; not CMC/CoinGecko/TradingView market-cap BTC dominance.
1665619200000,2022-10-13 00:00:00,2022-10-13 09:00:00,1303.2,1354.9,1300.2,1328.4,13.032,13.549,13.002,13.284,13.2840%,22129.908,Binance BTCDOM index raw value divided by 100 for percent-style display; not CMC/CoinGecko/TradingView market-cap BTC dominance.
1665705600000,2022-10-14 00:00:00,2022-10-14 09:00:00,1328.6,1330.9,1308.2,1312.5,13.286,13.309,13.082,13.125,13.1250%,5687.228,Binance BTCDOM index raw value divided by 100 for percent-style display; not CMC/CoinGecko/TradingView market-cap BTC dominance.
1665792000000,2022-10-15 00:00:00,2022-10-15 09:00:00,1312.6,1325.2,1308.5,1322.0,13.126,13.252,13.085,13.22,13.2200%,3132.186,Binance BTCDOM index raw value divided by 100 for percent-style display; not CMC/CoinGecko/TradingView market-cap BTC dominance.
1665878400000,2022-10-16 00:00:00,2022-10-16 09:00:00,1322.0,1322.3,1308.1,1310.2,13.22,13.223,13.081,13.102,13.1020%,2463.368,Binance BTCDOM index raw value divided by 100 for percent-style display; not CMC/CoinGecko/TradingView market-cap BTC dominance.
1665964800000,2022-10-17 00:00:00,2022-10-17 09:00:00,1310.5,1318.0,1306.1,1306.8,13.105,13.18,13.061,13.068,13.0680%,1935.072,Binance BTCDOM index raw value divided by 100 for percent-style display; not CMC/CoinGecko/TradingView market-cap BTC dominance.
1666051200000,2022-10-18 00:00:00,2022-10-18 09:00:00,1306.8,1325.3,1302.9,1312.6,13.068,13.253,13.029,13.126,13.1260%,3670.813,Binance BTCDOM index raw value divided by 100 for percent-style display; not CMC/CoinGecko/TradingView market-cap BTC dominance.
1666137600000,2022-10-19 00:00:00,2022-10-19 09:00:00,1312.7,1328.9,1310.0,1325.9,13.127,13.289,13.1,13.259,13.2590%,3527.432,Binance BTCDOM index raw value divided by 100 for percent-style display; not CMC/CoinGecko/TradingView market-cap BTC dominance.
1666224000000,2022-10-20 00:00:00,2022-10-20 09:00:00,1325.8,1337.3,1314.2,1330.9,13.258,13.373,13.142,13.309,13.3090%,5609.102,Binance BTCDOM index raw value divided by 100 for percent-style display; not CMC/CoinGecko/TradingView market-cap BTC dominance.
1666310400000,2022-10-21 00:00:00,2022-10-21 09:00:00,1331.1,1343.0,1323.4,1324.3,13.311,13.43,13.234,13.243,13.2430%,8098.802,Binance BTCDOM index raw value divided by 100 for percent-style display; not CMC/CoinGecko/TradingView market-cap BTC dominance.
1666396800000,2022-10-22 00:00:00,2022-10-22 09:00:00,1324.3,1331.3,1313.2,1314.7,13.243,13.313,13.132,13.147,13.1470%,3039.173,Binance BTCDOM index raw value divided by 100 for percent-style display; not CMC/CoinGecko/TradingView market-cap BTC dominance.
1666483200000,2022-10-23 00:00:00,2022-10-23 09:00:00,1314.7,1325.4,1296.2,1298.9,13.147,13.254,12.962,12.989,12.9890%,3919.217,Binance BTCDOM index raw value divided by 100 for percent-style display; not CMC/CoinGecko/TradingView market-cap BTC dominance.
1666569600000,2022-10-24 00:00:00,2022-10-24 09:00:00,1299.1,1312.5,1294.8,1305.5,12.991,13.125,12.948,13.055,13.0550%,3983.45,Binance BTCDOM index raw value divided by 100 for percent-style display; not CMC/CoinGecko/TradingView market-cap BTC dominance.
1666656000000,2022-10-25 00:00:00,2022-10-25 09:00:00,1305.5,1308.1,1250.0,1270.3,13.055,13.081,12.5,12.703,12.7030%,7210.578,Binance BTCDOM index raw value divided by 100 for percent-style display; not CMC/CoinGecko/TradingView market-cap BTC dominance.
1666742400000,2022-10-26 00:00:00,2022-10-26 09:00:00,1270.0,1272.9,1248.7,1253.6,12.7,12.729,12.487,12.536,12.5360%,7361.179,Binance BTCDOM index raw value divided by 100 for percent-style display; not CMC/CoinGecko/TradingView market-cap BTC dominance.
1666828800000,2022-10-27 00:00:00,2022-10-27 09:00:00,1254.3,1260.5,1241.0,1255.9,12.543,12.605,12.41,12.559,12.5590%,5564.24,Binance BTCDOM index raw value divided by 100 for percent-style display; not CMC/CoinGecko/TradingView market-cap BTC dominance.
1666915200000,2022-10-28 00:00:00,2022-10-28 09:00:00,1255.7,1263.0,1231.9,1237.1,12.557,12.63,12.319,12.371,12.3710%,5328.903,Binance BTCDOM index raw value divided by 100 for percent-style display; not CMC/CoinGecko/TradingView market-cap BTC dominance.
1667001600000,2022-10-29 00:00:00,2022-10-29 09:00:00,1237.0,1241.1,1185.2,1202.8,12.37,12.411,11.852,12.028,12.0280%,10478.398,Binance BTCDOM index raw value divided by 100 for percent-style display; not CMC/CoinGecko/TradingView market-cap BTC dominance.
1667088000000,2022-10-30 00:00:00,2022-10-30 09:00:00,1202.8,1218.6,1191.0,1207.0,12.028,12.186,11.91,12.07,12.0700%,5024.213,Binance BTCDOM index raw value divided by 100 for percent-style display; not CMC/CoinGecko/TradingView market-cap BTC dominance.
1667174400000,2022-10-31 00:00:00,2022-10-31 09:00:00,1207.0,1218.6,1182.9,1200.0,12.07,12.186,11.829,12.0,12.0000%,7216.102,Binance BTCDOM index raw value divided by 100 for percent-style display; not CMC/CoinGecko/TradingView market-cap BTC dominance.
1667260800000,2022-11-01 00:00:00,2022-11-01 09:00:00,1200.0,1204.4,1186.9,1198.2,12.0,12.044,11.869,11.982,11.9820%,3391.175,Binance BTCDOM index raw value divided by 100 for percent-style display; not CMC/CoinGecko/TradingView market-cap BTC dominance.
1667347200000,2022-11-02 00:00:00,2022-11-02 09:00:00,1198.8,1230.5,1190.0,1216.5,11.988,12.305,11.9,12.165,12.1650%,9452.196,Binance BTCDOM index raw value divided by 100 for percent-style display; not CMC/CoinGecko/TradingView market-cap BTC dominance.
1667433600000,2022-11-03 00:00:00,2022-11-03 09:00:00,1216.5,1218.9,1189.1,1206.1,12.165,12.189,11.891,12.061,12.0610%,6622.324,Binance BTCDOM index raw value divided by 100 for percent-style display; not CMC/CoinGecko/TradingView market-cap BTC dominance.
1667520000000,2022-11-04 00:00:00,2022-11-04 09:00:00,1206.3,1209.6,1161.1,1171.3,12.063,12.096,11.611,11.713,11.7130%,9209.231,Binance BTCDOM index raw value divided by 100 for percent-style display; not CMC/CoinGecko/TradingView market-cap BTC dominance.
1667606400000,2022-11-05 00:00:00,2022-11-05 09:00:00,1171.3,1191.2,1168.0,1186.7,11.713,11.912,11.68,11.867,11.8670%,6159.865,Binance BTCDOM index raw value divided by 100 for percent-style display; not CMC/CoinGecko/TradingView market-cap BTC dominance.
1667692800000,2022-11-06 00:00:00,2022-11-06 09:00:00,1186.8,1218.9,1181.3,1218.4,11.868,12.189,11.813,12.184,12.1840%,6865.477,Binance BTCDOM index raw value divided by 100 for percent-style display; not CMC/CoinGecko/TradingView market-cap BTC dominance.
1667779200000,2022-11-07 00:00:00,2022-11-07 09:00:00,1218.4,1221.7,1185.5,1201.4,12.184,12.217,11.855,12.014,12.0140%,10605.323,Binance BTCDOM index raw value divided by 100 for percent-style display; not CMC/CoinGecko/TradingView market-cap BTC dominance.
1667865600000,2022-11-08 00:00:00,2022-11-08 09:00:00,1201.2,1275.2,1168.1,1246.8,12.012,12.752,11.681,12.468,12.4680%,32817.054,Binance BTCDOM index raw value divided by 100 for percent-style display; not CMC/CoinGecko/TradingView market-cap BTC dominance.
1667952000000,2022-11-09 00:00:00,2022-11-09 09:00:00,1246.9,1350.0,1243.4,1309.1,12.469,13.5,12.434,13.091,13.0910%,42398.228,Binance BTCDOM index raw value divided by 100 for percent-style display; not CMC/CoinGecko/TradingView market-cap BTC dominance.
1668038400000,2022-11-10 00:00:00,2022-11-10 09:00:00,1310.3,1329.8,1217.4,1234.7,13.103,13.298,12.174,12.347,12.3470%,20389.868,Binance BTCDOM index raw value divided by 100 for percent-style display; not CMC/CoinGecko/TradingView market-cap BTC dominance.
1668124800000,2022-11-11 00:00:00,2022-11-11 09:00:00,1234.8,1257.5,1218.9,1224.0,12.348,12.575,12.189,12.24,12.2400%,8633.811,Binance BTCDOM index raw value divided by 100 for percent-style display; not CMC/CoinGecko/TradingView market-cap BTC dominance.
1668211200000,2022-11-12 00:00:00,2022-11-12 09:00:00,1223.9,1263.0,1222.7,1245.5,12.239,12.63,12.227,12.455,12.4550%,7588.0,Binance BTCDOM index raw value divided by 100 for percent-style display; not CMC/CoinGecko/TradingView market-cap BTC dominance.
1668297600000,2022-11-13 00:00:00,2022-11-13 09:00:00,1245.4,1264.8,1235.0,1249.0,12.454,12.648,12.35,12.49,12.4900%,5477.551,Binance BTCDOM index raw value divided by 100 for percent-style display; not CMC/CoinGecko/TradingView market-cap BTC dominance.
1668384000000,2022-11-14 00:00:00,2022-11-14 09:00:00,1249.2,1271.3,1240.2,1242.8,12.492,12.713,12.402,12.428,12.4280%,6146.981,Binance BTCDOM index raw value divided by 100 for percent-style display; not CMC/CoinGecko/TradingView market-cap BTC dominance.
1668470400000,2022-11-15 00:00:00,2022-11-15 09:00:00,1242.8,1260.0,1236.6,1252.4,12.428,12.6,12.366,12.524,12.5240%,4859.217,Binance BTCDOM index raw value divided by 100 for percent-style display; not CMC/CoinGecko/TradingView market-cap BTC dominance.
1668556800000,2022-11-16 00:00:00,2022-11-16 09:00:00,1252.4,1277.7,1242.7,1267.4,12.524,12.777,12.427,12.674,12.6740%,5149.185,Binance BTCDOM index raw value divided by 100 for percent-style display; not CMC/CoinGecko/TradingView market-cap BTC dominance.
1668643200000,2022-11-17 00:00:00,2022-11-17 09:00:00,1267.4,1286.7,1263.2,1283.8,12.674,12.867,12.632,12.838,12.8380%,4452.134,Binance BTCDOM index raw value divided by 100 for percent-style display; not CMC/CoinGecko/TradingView market-cap BTC dominance.
1668729600000,2022-11-18 00:00:00,2022-11-18 09:00:00,1283.5,1290.0,1265.7,1272.3,12.835,12.9,12.657,12.723,12.7230%,3096.454,Binance BTCDOM index raw value divided by 100 for percent-style display; not CMC/CoinGecko/TradingView market-cap BTC dominance.
1668816000000,2022-11-19 00:00:00,2022-11-19 09:00:00,1272.9,1281.4,1266.6,1270.0,12.729,12.814,12.666,12.7,12.7000%,2113.619,Binance BTCDOM index raw value divided by 100 for percent-style display; not CMC/CoinGecko/TradingView market-cap BTC dominance.
1668902400000,2022-11-20 00:00:00,2022-11-20 09:00:00,1270.2,1316.0,1262.0,1311.8,12.702,13.16,12.62,13.118,13.1180%,7400.958,Binance BTCDOM index raw value divided by 100 for percent-style display; not CMC/CoinGecko/TradingView market-cap BTC dominance.
1668988800000,2022-11-21 00:00:00,2022-11-21 09:00:00,1312.4,1338.6,1301.7,1307.4,13.124,13.386,13.017,13.074,13.0740%,9785.186,Binance BTCDOM index raw value divided by 100 for percent-style display; not CMC/CoinGecko/TradingView market-cap BTC dominance.
1669075200000,2022-11-22 00:00:00,2022-11-22 09:00:00,1307.5,1328.1,1293.6,1296.1,13.075,13.281,12.936,12.961,12.9610%,5065.364,Binance BTCDOM index raw value divided by 100 for percent-style display; not CMC/CoinGecko/TradingView market-cap BTC dominance.
1669161600000,2022-11-23 00:00:00,2022-11-23 09:00:00,1296.1,1308.0,1260.0,1264.2,12.961,13.08,12.6,12.642,12.6420%,5881.611,Binance BTCDOM index raw value divided by 100 for percent-style display; not CMC/CoinGecko/TradingView market-cap BTC dominance.
1669248000000,2022-11-24 00:00:00,2022-11-24 09:00:00,1264.2,1270.2,1243.8,1246.4,12.642,12.702,12.438,12.464,12.4640%,4123.226,Binance BTCDOM index raw value divided by 100 for percent-style display; not CMC/CoinGecko/TradingView market-cap BTC dominance.
1669334400000,2022-11-25 00:00:00,2022-11-25 09:00:00,1246.5,1261.3,1238.8,1241.8,12.465,12.613,12.388,12.418,12.4180%,2718.779,Binance BTCDOM index raw value divided by 100 for percent-style display; not CMC/CoinGecko/TradingView market-cap BTC dominance.
1669420800000,2022-11-26 00:00:00,2022-11-26 09:00:00,1241.6,1242.8,1213.6,1227.0,12.416,12.428,12.136,12.27,12.2700%,4619.813,Binance BTCDOM index raw value divided by 100 for percent-style display; not CMC/CoinGecko/TradingView market-cap BTC dominance.
1669507200000,2022-11-27 00:00:00,2022-11-27 09:00:00,1226.7,1234.0,1214.7,1230.6,12.267,12.34,12.147,12.306,12.3060%,3755.128,Binance BTCDOM index raw value divided by 100 for percent-style display; not CMC/CoinGecko/TradingView market-cap BTC dominance.
1669593600000,2022-11-28 00:00:00,2022-11-28 09:00:00,1230.5,1257.5,1227.0,1246.2,12.305,12.575,12.27,12.462,12.4620%,6900.017,Binance BTCDOM index raw value divided by 100 for percent-style display; not CMC/CoinGecko/TradingView market-cap BTC dominance.
1669680000000,2022-11-29 00:00:00,2022-11-29 09:00:00,1246.6,1252.9,1221.3,1227.6,12.466,12.529,12.213,12.276,12.2760%,3965.326,Binance BTCDOM index raw value divided by 100 for percent-style display; not CMC/CoinGecko/TradingView market-cap BTC dominance.
1669766400000,2022-11-30 00:00:00,2022-11-30 09:00:00,1227.7,1229.1,1206.9,1221.5,12.277,12.291,12.069,12.215,12.2150%,4995.073,Binance BTCDOM index raw value divided by 100 for percent-style display; not CMC/CoinGecko/TradingView market-cap BTC dominance.
1669852800000,2022-12-01 00:00:00,2022-12-01 09:00:00,1221.6,1241.4,1220.7,1230.2,12.216,12.414,12.207,12.302,12.3020%,3367.783,Binance BTCDOM index raw value divided by 100 for percent-style display; not CMC/CoinGecko/TradingView market-cap BTC dominance.
1669939200000,2022-12-02 00:00:00,2022-12-02 09:00:00,1230.3,1241.1,1223.6,1224.1,12.303,12.411,12.236,12.241,12.2410%,2855.317,Binance BTCDOM index raw value divided by 100 for percent-style display; not CMC/CoinGecko/TradingView market-cap BTC dominance.
1670025600000,2022-12-03 00:00:00,2022-12-03 09:00:00,1224.1,1250.0,1220.3,1248.9,12.241,12.5,12.203,12.489,12.4890%,3111.062,Binance BTCDOM index raw value divided by 100 for percent-style display; not CMC/CoinGecko/TradingView market-cap BTC dominance.
1670112000000,2022-12-04 00:00:00,2022-12-04 09:00:00,1249.0,1249.7,1233.3,1237.0,12.49,12.497,12.333,12.37,12.3700%,2802.585,Binance BTCDOM index raw value divided by 100 for percent-style display; not CMC/CoinGecko/TradingView market-cap BTC dominance.
1670198400000,2022-12-05 00:00:00,2022-12-05 09:00:00,1237.2,1248.1,1224.9,1239.7,12.372,12.481,12.249,12.397,12.3970%,4273.529,Binance BTCDOM index raw value divided by 100 for percent-style display; not CMC/CoinGecko/TradingView market-cap BTC dominance.
1670284800000,2022-12-06 00:00:00,2022-12-06 09:00:00,1240.0,1253.0,1235.8,1241.4,12.4,12.53,12.358,12.414,12.4140%,4027.905,Binance BTCDOM index raw value divided by 100 for percent-style display; not CMC/CoinGecko/TradingView market-cap BTC dominance.
1670371200000,2022-12-07 00:00:00,2022-12-07 09:00:00,1241.5,1266.5,1240.1,1261.0,12.415,12.665,12.401,12.61,12.6100%,6237.58,Binance BTCDOM index raw value divided by 100 for percent-style display; not CMC/CoinGecko/TradingView market-cap BTC dominance.
1670457600000,2022-12-08 00:00:00,2022-12-08 09:00:00,1260.9,1265.7,1246.7,1249.3,12.609,12.657,12.467,12.493,12.4930%,3114.747,Binance BTCDOM index raw value divided by 100 for percent-style display; not CMC/CoinGecko/TradingView market-cap BTC dominance.
1670544000000,2022-12-09 00:00:00,2022-12-09 09:00:00,1249.5,1261.8,1244.1,1260.1,12.495,12.618,12.441,12.601,12.6010%,2611.289,Binance BTCDOM index raw value divided by 100 for percent-style display; not CMC/CoinGecko/TradingView market-cap BTC dominance.
1670630400000,2022-12-10 00:00:00,2022-12-10 09:00:00,1260.1,1266.0,1251.2,1256.4,12.601,12.66,12.512,12.564,12.5640%,3293.318,Binance BTCDOM index raw value divided by 100 for percent-style display; not CMC/CoinGecko/TradingView market-cap BTC dominance.
1670716800000,2022-12-11 00:00:00,2022-12-11 09:00:00,1256.4,1270.3,1250.9,1267.7,12.564,12.703,12.509,12.677,12.6770%,2325.706,Binance BTCDOM index raw value divided by 100 for percent-style display; not CMC/CoinGecko/TradingView market-cap BTC dominance.
1670803200000,2022-12-12 00:00:00,2022-12-12 09:00:00,1267.7,1283.2,1259.1,1274.8,12.677,12.832,12.591,12.748,12.7480%,5728.193,Binance BTCDOM index raw value divided by 100 for percent-style display; not CMC/CoinGecko/TradingView market-cap BTC dominance.
1670889600000,2022-12-13 00:00:00,2022-12-13 09:00:00,1274.7,1302.8,1272.8,1288.9,12.747,13.028,12.728,12.889,12.8890%,8931.939,Binance BTCDOM index raw value divided by 100 for percent-style display; not CMC/CoinGecko/TradingView market-cap BTC dominance.
1670976000000,2022-12-14 00:00:00,2022-12-14 09:00:00,1288.9,1316.0,1284.0,1310.2,12.889,13.16,12.84,13.102,13.1020%,4902.96,Binance BTCDOM index raw value divided by 100 for percent-style display; not CMC/CoinGecko/TradingView market-cap BTC dominance.
1671062400000,2022-12-15 00:00:00,2022-12-15 09:00:00,1310.1,1320.0,1302.9,1313.7,13.101,13.2,13.029,13.137,13.1370%,4772.05,Binance BTCDOM index raw value divided by 100 for percent-style display; not CMC/CoinGecko/TradingView market-cap BTC dominance.
1671148800000,2022-12-16 00:00:00,2022-12-16 09:00:00,1313.5,1390.0,1306.9,1378.9,13.135,13.9,13.069,13.789,13.7890%,19368.607,Binance BTCDOM index raw value divided by 100 for percent-style display; not CMC/CoinGecko/TradingView market-cap BTC dominance.
1671235200000,2022-12-17 00:00:00,2022-12-17 09:00:00,1379.0,1397.9,1358.4,1361.0,13.79,13.979,13.584,13.61,13.6100%,16010.562,Binance BTCDOM index raw value divided by 100 for percent-style display; not CMC/CoinGecko/TradingView market-cap BTC dominance.
1671321600000,2022-12-18 00:00:00,2022-12-18 09:00:00,1361.0,1371.0,1345.9,1359.9,13.61,13.71,13.459,13.599,13.5990%,6041.31,Binance BTCDOM index raw value divided by 100 for percent-style display; not CMC/CoinGecko/TradingView market-cap BTC dominance.
1671408000000,2022-12-19 00:00:00,2022-12-19 09:00:00,1359.8,1384.4,1351.5,1371.1,13.598,13.844,13.515,13.711,13.7110%,6018.858,Binance BTCDOM index raw value divided by 100 for percent-style display; not CMC/CoinGecko/TradingView market-cap BTC dominance.
1671494400000,2022-12-20 00:00:00,2022-12-20 09:00:00,1371.0,1373.4,1348.8,1354.7,13.71,13.734,13.488,13.547,13.5470%,5361.328,Binance BTCDOM index raw value divided by 100 for percent-style display; not CMC/CoinGecko/TradingView market-cap BTC dominance.
1671580800000,2022-12-21 00:00:00,2022-12-21 09:00:00,1354.7,1367.9,1353.6,1358.7,13.547,13.679,13.536,13.587,13.5870%,2907.421,Binance BTCDOM index raw value divided by 100 for percent-style display; not CMC/CoinGecko/TradingView market-cap BTC dominance.
1671667200000,2022-12-22 00:00:00,2022-12-22 09:00:00,1358.7,1374.8,1340.0,1353.1,13.587,13.748,13.4,13.531,13.5310%,5709.303,Binance BTCDOM index raw value divided by 100 for percent-style display; not CMC/CoinGecko/TradingView market-cap BTC dominance.
1671753600000,2022-12-23 00:00:00,2022-12-23 09:00:00,1353.1,1357.1,1342.7,1348.3,13.531,13.571,13.427,13.483,13.4830%,2228.424,Binance BTCDOM index raw value divided by 100 for percent-style display; not CMC/CoinGecko/TradingView market-cap BTC dominance.
1671840000000,2022-12-24 00:00:00,2022-12-24 09:00:00,1348.3,1359.8,1347.7,1354.7,13.483,13.598,13.477,13.547,13.5470%,1257.319,Binance BTCDOM index raw value divided by 100 for percent-style display; not CMC/CoinGecko/TradingView market-cap BTC dominance.
1671926400000,2022-12-25 00:00:00,2022-12-25 09:00:00,1354.7,1370.8,1352.5,1358.7,13.547,13.708,13.525,13.587,13.5870%,2212.052,Binance BTCDOM index raw value divided by 100 for percent-style display; not CMC/CoinGecko/TradingView market-cap BTC dominance.
1672012800000,2022-12-26 00:00:00,2022-12-26 09:00:00,1358.7,1363.0,1349.0,1350.6,13.587,13.63,13.49,13.506,13.5060%,2077.367,Binance BTCDOM index raw value divided by 100 for percent-style display; not CMC/CoinGecko/TradingView market-cap BTC dominance.
1672099200000,2022-12-27 00:00:00,2022-12-27 09:00:00,1350.4,1357.4,1345.0,1347.0,13.504,13.574,13.45,13.47,13.4700%,3576.71,Binance BTCDOM index raw value divided by 100 for percent-style display; not CMC/CoinGecko/TradingView market-cap BTC dominance.
1672185600000,2022-12-28 00:00:00,2022-12-28 09:00:00,1347.0,1372.0,1344.8,1364.4,13.47,13.72,13.448,13.644,13.6440%,5940.317,Binance BTCDOM index raw value divided by 100 for percent-style display; not CMC/CoinGecko/TradingView market-cap BTC dominance.
1672272000000,2022-12-29 00:00:00,2022-12-29 09:00:00,1364.4,1379.0,1362.1,1368.3,13.644,13.79,13.621,13.683,13.6830%,3019.755,Binance BTCDOM index raw value divided by 100 for percent-style display; not CMC/CoinGecko/TradingView market-cap BTC dominance.
1672358400000,2022-12-30 00:00:00,2022-12-30 09:00:00,1368.4,1375.9,1363.9,1366.5,13.684,13.759,13.639,13.665,13.6650%,2371.281,Binance BTCDOM index raw value divided by 100 for percent-style display; not CMC/CoinGecko/TradingView market-cap BTC dominance.
1672444800000,2022-12-31 00:00:00,2022-12-31 09:00:00,1366.5,1369.4,1355.6,1362.6,13.665,13.694,13.556,13.626,13.6260%,2378.917,Binance BTCDOM index raw value divided by 100 for percent-style display; not CMC/CoinGecko/TradingView market-cap BTC dominance.
1672531200000,2023-01-01 00:00:00,2023-01-01 09:00:00,1362.5,1368.5,1360.3,1365.0,13.625,13.685,13.603,13.65,13.6500%,1295.689,Binance BTCDOM index raw value divided by 100 for percent-style display; not CMC/CoinGecko/TradingView market-cap BTC dominance.
1672617600000,2023-01-02 00:00:00,2023-01-02 09:00:00,1365.0,1377.4,1344.4,1349.8,13.65,13.774,13.444,13.498,13.4980%,4206.09,Binance BTCDOM index raw value divided by 100 for percent-style display; not CMC/CoinGecko/TradingView market-cap BTC dominance.
1672704000000,2023-01-03 00:00:00,2023-01-03 09:00:00,1349.7,1357.1,1347.4,1348.7,13.497,13.571,13.474,13.487,13.4870%,2129.867,Binance BTCDOM index raw value divided by 100 for percent-style display; not CMC/CoinGecko/TradingView market-cap BTC dominance.
1672790400000,2023-01-04 00:00:00,2023-01-04 09:00:00,1348.6,1349.1,1312.3,1316.7,13.486,13.491,13.123,13.167,13.1670%,5544.366,Binance BTCDOM index raw value divided by 100 for percent-style display; not CMC/CoinGecko/TradingView market-cap BTC dominance.
1672876800000,2023-01-05 00:00:00,2023-01-05 09:00:00,1317.0,1330.9,1315.2,1326.8,13.17,13.309,13.152,13.268,13.2680%,3069.578,Binance BTCDOM index raw value divided by 100 for percent-style display; not CMC/CoinGecko/TradingView market-cap BTC dominance.
1672963200000,2023-01-06 00:00:00,2023-01-06 09:00:00,1326.8,1333.7,1312.0,1315.9,13.268,13.337,13.12,13.159,13.1590%,2945.72,Binance BTCDOM index raw value divided by 100 for percent-style display; not CMC/CoinGecko/TradingView market-cap BTC dominance.
1673049600000,2023-01-07 00:00:00,2023-01-07 09:00:00,1315.9,1321.1,1313.4,1318.7,13.159,13.211,13.134,13.187,13.1870%,1391.024,Binance BTCDOM index raw value divided by 100 for percent-style display; not CMC/CoinGecko/TradingView market-cap BTC dominance.
1673136000000,2023-01-08 00:00:00,2023-01-08 09:00:00,1318.5,1325.5,1293.2,1295.8,13.185,13.255,12.932,12.958,12.9580%,3084.596,Binance BTCDOM index raw value divided by 100 for percent-style display; not CMC/CoinGecko/TradingView market-cap BTC dominance.
1673222400000,2023-01-09 00:00:00,2023-01-09 09:00:00,1295.8,1299.1,1256.2,1274.6,12.958,12.991,12.562,12.746,12.7460%,10471.168,Binance BTCDOM index raw value divided by 100 for percent-style display; not CMC/CoinGecko/TradingView market-cap BTC dominance.
1673308800000,2023-01-10 00:00:00,2023-01-10 09:00:00,1274.5,1283.1,1265.4,1279.2,12.745,12.831,12.654,12.792,12.7920%,4320.183,Binance BTCDOM index raw value divided by 100 for percent-style display; not CMC/CoinGecko/TradingView market-cap BTC dominance.
1673395200000,2023-01-11 00:00:00,2023-01-11 09:00:00,1279.2,1286.5,1260.8,1271.5,12.792,12.865,12.608,12.715,12.7150%,5374.798,Binance BTCDOM index raw value divided by 100 for percent-style display; not CMC/CoinGecko/TradingView market-cap BTC dominance.
1673481600000,2023-01-12 00:00:00,2023-01-12 09:00:00,1271.5,1316.5,1266.6,1310.7,12.715,13.165,12.666,13.107,13.1070%,7690.79,Binance BTCDOM index raw value divided by 100 for percent-style display; not CMC/CoinGecko/TradingView market-cap BTC dominance.
1673568000000,2023-01-13 00:00:00,2023-01-13 09:00:00,1310.6,1348.2,1305.7,1348.0,13.106,13.482,13.057,13.48,13.4800%,5925.648,Binance BTCDOM index raw value divided by 100 for percent-style display; not CMC/CoinGecko/TradingView market-cap BTC dominance.
1673654400000,2023-01-14 00:00:00,2023-01-14 09:00:00,1348.1,1366.5,1312.9,1338.5,13.481,13.665,13.129,13.385,13.3850%,12130.473,Binance BTCDOM index raw value divided by 100 for percent-style display; not CMC/CoinGecko/TradingView market-cap BTC dominance.
1673740800000,2023-01-15 00:00:00,2023-01-15 09:00:00,1338.6,1353.7,1335.0,1339.3,13.386,13.537,13.35,13.393,13.3930%,4545.444,Binance BTCDOM index raw value divided by 100 for percent-style display; not CMC/CoinGecko/TradingView market-cap BTC dominance.
1673827200000,2023-01-16 00:00:00,2023-01-16 09:00:00,1339.3,1359.6,1334.1,1351.6,13.393,13.596,13.341,13.516,13.5160%,5730.192,Binance BTCDOM index raw value divided by 100 for percent-style display; not CMC/CoinGecko/TradingView market-cap BTC dominance.
1673913600000,2023-01-17 00:00:00,2023-01-17 09:00:00,1351.7,1358.0,1345.3,1355.5,13.517,13.58,13.453,13.555,13.5550%,4460.149,Binance BTCDOM index raw value divided by 100 for percent-style display; not CMC/CoinGecko/TradingView market-cap BTC dominance.
1674000000000,2023-01-18 00:00:00,2023-01-18 09:00:00,1355.0,1382.5,1345.4,1380.8,13.55,13.825,13.454,13.808,13.8080%,6757.448,Binance BTCDOM index raw value divided by 100 for percent-style display; not CMC/CoinGecko/TradingView market-cap BTC dominance.
1674086400000,2023-01-19 00:00:00,2023-01-19 09:00:00,1380.8,1381.8,1366.9,1370.4,13.808,13.818,13.669,13.704,13.7040%,4347.093,Binance BTCDOM index raw value divided by 100 for percent-style display; not CMC/CoinGecko/TradingView market-cap BTC dominance.
1674172800000,2023-01-20 00:00:00,2023-01-20 09:00:00,1370.5,1388.6,1358.7,1382.2,13.705,13.886,13.587,13.822,13.8220%,4610.34,Binance BTCDOM index raw value divided by 100 for percent-style display; not CMC/CoinGecko/TradingView market-cap BTC dominance.
1674259200000,2023-01-21 00:00:00,2023-01-21 09:00:00,1382.3,1420.0,1375.0,1415.1,13.823,14.2,13.75,14.151,14.1510%,5453.08,Binance BTCDOM index raw value divided by 100 for percent-style display; not CMC/CoinGecko/TradingView market-cap BTC dominance.
1674345600000,2023-01-22 00:00:00,2023-01-22 09:00:00,1415.2,1420.0,1384.3,1403.1,14.152,14.2,13.843,14.031,14.0310%,3729.912,Binance BTCDOM index raw value divided by 100 for percent-style display; not CMC/CoinGecko/TradingView market-cap BTC dominance.
1674432000000,2023-01-23 00:00:00,2023-01-23 09:00:00,1403.0,1417.1,1388.4,1408.0,14.03,14.171,13.884,14.08,14.0800%,3208.431,Binance BTCDOM index raw value divided by 100 for percent-style display; not CMC/CoinGecko/TradingView market-cap BTC dominance.
1674518400000,2023-01-24 00:00:00,2023-01-24 09:00:00,1407.6,1468.8,1395.0,1448.4,14.076,14.688,13.95,14.484,14.4840%,4793.055,Binance BTCDOM index raw value divided by 100 for percent-style display; not CMC/CoinGecko/TradingView market-cap BTC dominance.
1674604800000,2023-01-25 00:00:00,2023-01-25 09:00:00,1448.4,1463.9,1426.9,1427.0,14.484,14.639,14.269,14.27,14.2700%,7928.581,Binance BTCDOM index raw value divided by 100 for percent-style display; not CMC/CoinGecko/TradingView market-cap BTC dominance.
1674691200000,2023-01-26 00:00:00,2023-01-26 09:00:00,1427.1,1439.9,1420.4,1426.4,14.271,14.399,14.204,14.264,14.2640%,3301.306,Binance BTCDOM index raw value divided by 100 for percent-style display; not CMC/CoinGecko/TradingView market-cap BTC dominance.
1674777600000,2023-01-27 00:00:00,2023-01-27 09:00:00,1426.4,1451.9,1422.7,1422.8,14.264,14.519,14.227,14.228,14.2280%,3454.99,Binance BTCDOM index raw value divided by 100 for percent-style display; not CMC/CoinGecko/TradingView market-cap BTC dominance.
1674864000000,2023-01-28 00:00:00,2023-01-28 09:00:00,1422.8,1449.2,1414.0,1439.6,14.228,14.492,14.14,14.396,14.3960%,2577.297,Binance BTCDOM index raw value divided by 100 for percent-style display; not CMC/CoinGecko/TradingView market-cap BTC dominance.
1674950400000,2023-01-29 00:00:00,2023-01-29 09:00:00,1440.0,1442.9,1420.4,1425.5,14.4,14.429,14.204,14.255,14.2550%,2793.209,Binance BTCDOM index raw value divided by 100 for percent-style display; not CMC/CoinGecko/TradingView market-cap BTC dominance.
1675036800000,2023-01-30 00:00:00,2023-01-30 09:00:00,1425.5,1458.7,1421.9,1440.0,14.255,14.587,14.219,14.4,14.4000%,4063.419,Binance BTCDOM index raw value divided by 100 for percent-style display; not CMC/CoinGecko/TradingView market-cap BTC dominance.
1675123200000,2023-01-31 00:00:00,2023-01-31 09:00:00,1440.1,1440.2,1423.9,1434.2,14.401,14.402,14.239,14.342,14.3420%,2645.942,Binance BTCDOM index raw value divided by 100 for percent-style display; not CMC/CoinGecko/TradingView market-cap BTC dominance.
1675209600000,2023-02-01 00:00:00,2023-02-01 09:00:00,1434.1,1453.6,1421.0,1426.5,14.341,14.536,14.21,14.265,14.2650%,5613.278,Binance BTCDOM index raw value divided by 100 for percent-style display; not CMC/CoinGecko/TradingView market-cap BTC dominance.
1675296000000,2023-02-02 00:00:00,2023-02-02 09:00:00,1426.7,1427.3,1390.3,1412.0,14.267,14.273,13.903,14.12,14.1200%,5704.528,Binance BTCDOM index raw value divided by 100 for percent-style display; not CMC/CoinGecko/TradingView market-cap BTC dominance.
1675382400000,2023-02-03 00:00:00,2023-02-03 09:00:00,1411.9,1417.9,1382.1,1386.9,14.119,14.179,13.821,13.869,13.8690%,3996.466,Binance BTCDOM index raw value divided by 100 for percent-style display; not CMC/CoinGecko/TradingView market-cap BTC dominance.
1675468800000,2023-02-04 00:00:00,2023-02-04 09:00:00,1386.9,1391.5,1369.5,1379.4,13.869,13.915,13.695,13.794,13.7940%,3673.31,Binance BTCDOM index raw value divided by 100 for percent-style display; not CMC/CoinGecko/TradingView market-cap BTC dominance.
1675555200000,2023-02-05 00:00:00,2023-02-05 09:00:00,1379.4,1397.7,1375.6,1388.0,13.794,13.977,13.756,13.88,13.8800%,2937.155,Binance BTCDOM index raw value divided by 100 for percent-style display; not CMC/CoinGecko/TradingView market-cap BTC dominance.
1675641600000,2023-02-06 00:00:00,2023-02-06 09:00:00,1388.1,1397.9,1379.6,1395.3,13.881,13.979,13.796,13.953,13.9530%,2340.738,Binance BTCDOM index raw value divided by 100 for percent-style display; not CMC/CoinGecko/TradingView market-cap BTC dominance.
1675728000000,2023-02-07 00:00:00,2023-02-07 09:00:00,1394.9,1396.7,1372.5,1373.8,13.949,13.967,13.725,13.738,13.7380%,3737.027,Binance BTCDOM index raw value divided by 100 for percent-style display; not CMC/CoinGecko/TradingView market-cap BTC dominance.
1675814400000,2023-02-08 00:00:00,2023-02-08 09:00:00,1373.7,1380.3,1361.0,1374.6,13.737,13.803,13.61,13.746,13.7460%,5088.725,Binance BTCDOM index raw value divided by 100 for percent-style display; not CMC/CoinGecko/TradingView market-cap BTC dominance.
1675900800000,2023-02-09 00:00:00,2023-02-09 09:00:00,1374.7,1412.8,1366.7,1399.4,13.747,14.128,13.667,13.994,13.9940%,6673.995,Binance BTCDOM index raw value divided by 100 for percent-style display; not CMC/CoinGecko/TradingView market-cap BTC dominance.
1675987200000,2023-02-10 00:00:00,2023-02-10 09:00:00,1399.4,1408.1,1391.8,1405.9,13.994,14.081,13.918,14.059,14.0590%,5906.788,Binance BTCDOM index raw value divided by 100 for percent-style display; not CMC/CoinGecko/TradingView market-cap BTC dominance.
1676073600000,2023-02-11 00:00:00,2023-02-11 09:00:00,1406.2,1408.3,1392.5,1396.7,14.062,14.083,13.925,13.967,13.9670%,2239.714,Binance BTCDOM index raw value divided by 100 for percent-style display; not CMC/CoinGecko/TradingView market-cap BTC dominance.
1676160000000,2023-02-12 00:00:00,2023-02-12 09:00:00,1396.7,1413.0,1389.4,1407.1,13.967,14.13,13.894,14.071,14.0710%,2676.215,Binance BTCDOM index raw value divided by 100 for percent-style display; not CMC/CoinGecko/TradingView market-cap BTC dominance.
1676246400000,2023-02-13 00:00:00,2023-02-13 09:00:00,1407.0,1449.4,1403.9,1428.7,14.07,14.494,14.039,14.287,14.2870%,8503.86,Binance BTCDOM index raw value divided by 100 for percent-style display; not CMC/CoinGecko/TradingView market-cap BTC dominance.
1676332800000,2023-02-14 00:00:00,2023-02-14 09:00:00,1428.6,1435.7,1408.7,1413.8,14.286,14.357,14.087,14.138,14.1380%,5278.116,Binance BTCDOM index raw value divided by 100 for percent-style display; not CMC/CoinGecko/TradingView market-cap BTC dominance.
1676419200000,2023-02-15 00:00:00,2023-02-15 09:00:00,1413.8,1450.8,1408.6,1444.5,14.138,14.508,14.086,14.445,14.4450%,5140.126,Binance BTCDOM index raw value divided by 100 for percent-style display; not CMC/CoinGecko/TradingView market-cap BTC dominance.
1676505600000,2023-02-16 00:00:00,2023-02-16 09:00:00,1444.7,1467.2,1442.3,1442.5,14.447,14.672,14.423,14.425,14.4250%,5350.003,Binance BTCDOM index raw value divided by 100 for percent-style display; not CMC/CoinGecko/TradingView market-cap BTC dominance.
1676592000000,2023-02-17 00:00:00,2023-02-17 09:00:00,1442.6,1453.8,1423.8,1445.2,14.426,14.538,14.238,14.452,14.4520%,4590.673,Binance BTCDOM index raw value divided by 100 for percent-style display; not CMC/CoinGecko/TradingView market-cap BTC dominance.
1676678400000,2023-02-18 00:00:00,2023-02-18 09:00:00,1445.3,1455.8,1438.2,1448.5,14.453,14.558,14.382,14.485,14.4850%,1724.839,Binance BTCDOM index raw value divided by 100 for percent-style display; not CMC/CoinGecko/TradingView market-cap BTC dominance.
1676764800000,2023-02-19 00:00:00,2023-02-19 09:00:00,1448.6,1453.3,1430.5,1434.2,14.486,14.533,14.305,14.342,14.3420%,2801.178,Binance BTCDOM index raw value divided by 100 for percent-style display; not CMC/CoinGecko/TradingView market-cap BTC dominance.
1676851200000,2023-02-20 00:00:00,2023-02-20 09:00:00,1434.1,1451.9,1425.2,1445.6,14.341,14.519,14.252,14.456,14.4560%,2636.406,Binance BTCDOM index raw value divided by 100 for percent-style display; not CMC/CoinGecko/TradingView market-cap BTC dominance.
1676937600000,2023-02-21 00:00:00,2023-02-21 09:00:00,1445.7,1467.8,1441.2,1460.6,14.457,14.678,14.412,14.606,14.6060%,3690.463,Binance BTCDOM index raw value divided by 100 for percent-style display; not CMC/CoinGecko/TradingView market-cap BTC dominance.
1677024000000,2023-02-22 00:00:00,2023-02-22 09:00:00,1460.7,1463.8,1450.5,1453.7,14.607,14.638,14.505,14.537,14.5370%,3759.798,Binance BTCDOM index raw value divided by 100 for percent-style display; not CMC/CoinGecko/TradingView market-cap BTC dominance.
1677110400000,2023-02-23 00:00:00,2023-02-23 09:00:00,1453.6,1458.2,1434.4,1443.6,14.536,14.582,14.344,14.436,14.4360%,2797.191,Binance BTCDOM index raw value divided by 100 for percent-style display; not CMC/CoinGecko/TradingView market-cap BTC dominance.
1677196800000,2023-02-24 00:00:00,2023-02-24 09:00:00,1444.0,1455.2,1433.6,1444.0,14.44,14.552,14.336,14.44,14.4400%,3018.948,Binance BTCDOM index raw value divided by 100 for percent-style display; not CMC/CoinGecko/TradingView market-cap BTC dominance.
1677283200000,2023-02-25 00:00:00,2023-02-25 09:00:00,1444.0,1467.0,1435.0,1453.3,14.44,14.67,14.35,14.533,14.5330%,3572.955,Binance BTCDOM index raw value divided by 100 for percent-style display; not CMC/CoinGecko/TradingView market-cap BTC dominance.
1677369600000,2023-02-26 00:00:00,2023-02-26 09:00:00,1453.3,1455.0,1439.4,1442.3,14.533,14.55,14.394,14.423,14.4230%,2037.542,Binance BTCDOM index raw value divided by 100 for percent-style display; not CMC/CoinGecko/TradingView market-cap BTC dominance.
1677456000000,2023-02-27 00:00:00,2023-02-27 09:00:00,1442.4,1452.9,1436.6,1450.8,14.424,14.529,14.366,14.508,14.5080%,2797.538,Binance BTCDOM index raw value divided by 100 for percent-style display; not CMC/CoinGecko/TradingView market-cap BTC dominance.
1677542400000,2023-02-28 00:00:00,2023-02-28 09:00:00,1450.8,1459.2,1442.4,1454.9,14.508,14.592,14.424,14.549,14.5490%,2327.065,Binance BTCDOM index raw value divided by 100 for percent-style display; not CMC/CoinGecko/TradingView market-cap BTC dominance.
1677628800000,2023-03-01 00:00:00,2023-03-01 09:00:00,1454.7,1458.2,1438.9,1440.7,14.547,14.582,14.389,14.407,14.4070%,2470.678,Binance BTCDOM index raw value divided by 100 for percent-style display; not CMC/CoinGecko/TradingView market-cap BTC dominance.
1677715200000,2023-03-02 00:00:00,2023-03-02 09:00:00,1440.7,1460.4,1437.0,1451.6,14.407,14.604,14.37,14.516,14.5160%,2671.99,Binance BTCDOM index raw value divided by 100 for percent-style display; not CMC/CoinGecko/TradingView market-cap BTC dominance.
1677801600000,2023-03-03 00:00:00,2023-03-03 09:00:00,1451.5,1465.0,1441.0,1443.2,14.515,14.65,14.41,14.432,14.4320%,4319.256,Binance BTCDOM index raw value divided by 100 for percent-style display; not CMC/CoinGecko/TradingView market-cap BTC dominance.
1677888000000,2023-03-04 00:00:00,2023-03-04 09:00:00,1443.1,1461.6,1438.6,1452.9,14.431,14.616,14.386,14.529,14.5290%,2480.155,Binance BTCDOM index raw value divided by 100 for percent-style display; not CMC/CoinGecko/TradingView market-cap BTC dominance.
1677974400000,2023-03-05 00:00:00,2023-03-05 09:00:00,1452.9,1460.8,1444.0,1459.7,14.529,14.608,14.44,14.597,14.5970%,2345.971,Binance BTCDOM index raw value divided by 100 for percent-style display; not CMC/CoinGecko/TradingView market-cap BTC dominance.
1678060800000,2023-03-06 00:00:00,2023-03-06 09:00:00,1459.6,1469.2,1456.2,1460.3,14.596,14.692,14.562,14.603,14.6030%,2978.387,Binance BTCDOM index raw value divided by 100 for percent-style display; not CMC/CoinGecko/TradingView market-cap BTC dominance.
1678147200000,2023-03-07 00:00:00,2023-03-07 09:00:00,1460.2,1466.1,1447.5,1448.5,14.602,14.661,14.475,14.485,14.4850%,3027.321,Binance BTCDOM index raw value divided by 100 for percent-style display; not CMC/CoinGecko/TradingView market-cap BTC dominance.
1678233600000,2023-03-08 00:00:00,2023-03-08 09:00:00,1448.6,1461.4,1443.6,1450.4,14.486,14.614,14.436,14.504,14.5040%,2859.444,Binance BTCDOM index raw value divided by 100 for percent-style display; not CMC/CoinGecko/TradingView market-cap BTC dominance.
1678320000000,2023-03-09 00:00:00,2023-03-09 09:00:00,1450.5,1452.3,1422.7,1440.0,14.505,14.523,14.227,14.4,14.4000%,5192.743,Binance BTCDOM index raw value divided by 100 for percent-style display; not CMC/CoinGecko/TradingView market-cap BTC dominance.
1678406400000,2023-03-10 00:00:00,2023-03-10 09:00:00,1440.2,1463.0,1423.6,1429.6,14.402,14.63,14.236,14.296,14.2960%,9319.359,Binance BTCDOM index raw value divided by 100 for percent-style display; not CMC/CoinGecko/TradingView market-cap BTC dominance.
1678492800000,2023-03-11 00:00:00,2023-03-11 09:00:00,1429.6,1447.6,1420.4,1433.6,14.296,14.476,14.204,14.336,14.3360%,5033.229,Binance BTCDOM index raw value divided by 100 for percent-style display; not CMC/CoinGecko/TradingView market-cap BTC dominance.
1678579200000,2023-03-12 00:00:00,2023-03-12 09:00:00,1433.5,1443.8,1417.5,1440.0,14.335,14.438,14.175,14.4,14.4000%,5277.583,Binance BTCDOM index raw value divided by 100 for percent-style display; not CMC/CoinGecko/TradingView market-cap BTC dominance.
1678665600000,2023-03-13 00:00:00,2023-03-13 09:00:00,1440.2,1512.9,1435.8,1500.5,14.402,15.129,14.358,15.005,15.0050%,8347.924,Binance BTCDOM index raw value divided by 100 for percent-style display; not CMC/CoinGecko/TradingView market-cap BTC dominance.
1678752000000,2023-03-14 00:00:00,2023-03-14 09:00:00,1500.5,1570.0,1498.8,1517.3,15.005,15.7,14.988,15.173,15.1730%,11017.973,Binance BTCDOM index raw value divided by 100 for percent-style display; not CMC/CoinGecko/TradingView market-cap BTC dominance.
1678838400000,2023-03-15 00:00:00,2023-03-15 09:00:00,1517.3,1567.7,1508.4,1547.3,15.173,15.677,15.084,15.473,15.4730%,11387.022,Binance BTCDOM index raw value divided by 100 for percent-style display; not CMC/CoinGecko/TradingView market-cap BTC dominance.
1678924800000,2023-03-16 00:00:00,2023-03-16 09:00:00,1547.4,1573.8,1542.3,1555.4,15.474,15.738,15.423,15.554,15.5540%,6757.807,Binance BTCDOM index raw value divided by 100 for percent-style display; not CMC/CoinGecko/TradingView market-cap BTC dominance.
1679011200000,2023-03-17 00:00:00,2023-03-17 09:00:00,1555.3,1635.7,1555.2,1602.5,15.553,16.357,15.552,16.025,16.0250%,10725.254,Binance BTCDOM index raw value divided by 100 for percent-style display; not CMC/CoinGecko/TradingView market-cap BTC dominance.
1679097600000,2023-03-18 00:00:00,2023-03-18 09:00:00,1602.6,1613.1,1575.4,1610.1,16.026,16.131,15.754,16.101,16.1010%,7261.955,Binance BTCDOM index raw value divided by 100 for percent-style display; not CMC/CoinGecko/TradingView market-cap BTC dominance.
1679184000000,2023-03-19 00:00:00,2023-03-19 09:00:00,1610.1,1648.6,1595.8,1647.9,16.101,16.486,15.958,16.479,16.4790%,5736.153,Binance BTCDOM index raw value divided by 100 for percent-style display; not CMC/CoinGecko/TradingView market-cap BTC dominance.
1679270400000,2023-03-20 00:00:00,2023-03-20 09:00:00,1647.9,1686.5,1623.4,1681.5,16.479,16.865,16.234,16.815,16.8150%,9500.627,Binance BTCDOM index raw value divided by 100 for percent-style display; not CMC/CoinGecko/TradingView market-cap BTC dominance.
1679356800000,2023-03-21 00:00:00,2023-03-21 09:00:00,1681.6,1683.8,1616.2,1625.3,16.816,16.838,16.162,16.253,16.2530%,10743.198,Binance BTCDOM index raw value divided by 100 for percent-style display; not CMC/CoinGecko/TradingView market-cap BTC dominance.
1679443200000,2023-03-22 00:00:00,2023-03-22 09:00:00,1625.3,1678.9,1623.3,1644.8,16.253,16.789,16.233,16.448,16.4480%,12961.67,Binance BTCDOM index raw value divided by 100 for percent-style display; not CMC/CoinGecko/TradingView market-cap BTC dominance.
1679529600000,2023-03-23 00:00:00,2023-03-23 09:00:00,1644.8,1655.6,1624.3,1638.6,16.448,16.556,16.243,16.386,16.3860%,5023.877,Binance BTCDOM index raw value divided by 100 for percent-style display; not CMC/CoinGecko/TradingView market-cap BTC dominance.
1679616000000,2023-03-24 00:00:00,2023-03-24 09:00:00,1638.5,1677.9,1635.3,1647.2,16.385,16.779,16.353,16.472,16.4720%,6909.142,Binance BTCDOM index raw value divided by 100 for percent-style display; not CMC/CoinGecko/TradingView market-cap BTC dominance.
1679702400000,2023-03-25 00:00:00,2023-03-25 09:00:00,1646.9,1656.7,1637.9,1652.0,16.469,16.567,16.379,16.52,16.5200%,4592.273,Binance BTCDOM index raw value divided by 100 for percent-style display; not CMC/CoinGecko/TradingView market-cap BTC dominance.
1679788800000,2023-03-26 00:00:00,2023-03-26 09:00:00,1652.0,1657.4,1630.7,1653.2,16.52,16.574,16.307,16.532,16.5320%,4032.893,Binance BTCDOM index raw value divided by 100 for percent-style display; not CMC/CoinGecko/TradingView market-cap BTC dominance.
1679875200000,2023-03-27 00:00:00,2023-03-27 09:00:00,1653.3,1668.0,1636.2,1656.2,16.533,16.68,16.362,16.562,16.5620%,5467.476,Binance BTCDOM index raw value divided by 100 for percent-style display; not CMC/CoinGecko/TradingView market-cap BTC dominance.
1679961600000,2023-03-28 00:00:00,2023-03-28 09:00:00,1656.1,1659.0,1608.0,1613.2,16.561,16.59,16.08,16.132,16.1320%,5631.754,Binance BTCDOM index raw value divided by 100 for percent-style display; not CMC/CoinGecko/TradingView market-cap BTC dominance.
1680048000000,2023-03-29 00:00:00,2023-03-29 09:00:00,1612.9,1654.5,1604.1,1651.1,16.129,16.545,16.041,16.511,16.5110%,4750.222,Binance BTCDOM index raw value divided by 100 for percent-style display; not CMC/CoinGecko/TradingView market-cap BTC dominance.
1680134400000,2023-03-30 00:00:00,2023-03-30 09:00:00,1651.1,1676.7,1633.0,1637.9,16.511,16.767,16.33,16.379,16.3790%,5087.671,Binance BTCDOM index raw value divided by 100 for percent-style display; not CMC/CoinGecko/TradingView market-cap BTC dominance.
1680220800000,2023-03-31 00:00:00,2023-03-31 09:00:00,1637.9,1645.5,1618.8,1636.1,16.379,16.455,16.188,16.361,16.3610%,3362.48,Binance BTCDOM index raw value divided by 100 for percent-style display; not CMC/CoinGecko/TradingView market-cap BTC dominance.
1680307200000,2023-04-01 00:00:00,2023-04-01 09:00:00,1636.0,1648.3,1633.5,1640.7,16.36,16.483,16.335,16.407,16.4070%,2097.285,Binance BTCDOM index raw value divided by 100 for percent-style display; not CMC/CoinGecko/TradingView market-cap BTC dominance.
1680393600000,2023-04-02 00:00:00,2023-04-02 09:00:00,1640.4,1647.7,1633.3,1644.7,16.404,16.477,16.333,16.447,16.4470%,1868.18,Binance BTCDOM index raw value divided by 100 for percent-style display; not CMC/CoinGecko/TradingView market-cap BTC dominance.
1680480000000,2023-04-03 00:00:00,2023-04-03 09:00:00,1644.8,1649.2,1609.2,1613.9,16.448,16.492,16.092,16.139,16.1390%,4616.306,Binance BTCDOM index raw value divided by 100 for percent-style display; not CMC/CoinGecko/TradingView market-cap BTC dominance.
1680566400000,2023-04-04 00:00:00,2023-04-04 09:00:00,1613.9,1625.6,1592.3,1598.1,16.139,16.256,15.923,15.981,15.9810%,3249.179,Binance BTCDOM index raw value divided by 100 for percent-style display; not CMC/CoinGecko/TradingView market-cap BTC dominance.
1680652800000,2023-04-05 00:00:00,2023-04-05 09:00:00,1598.1,1601.1,1572.5,1577.2,15.981,16.011,15.725,15.772,15.7720%,3586.427,Binance BTCDOM index raw value divided by 100 for percent-style display; not CMC/CoinGecko/TradingView market-cap BTC dominance.
1680739200000,2023-04-06 00:00:00,2023-04-06 09:00:00,1577.3,1603.6,1576.6,1599.8,15.773,16.036,15.766,15.998,15.9980%,2346.863,Binance BTCDOM index raw value divided by 100 for percent-style display; not CMC/CoinGecko/TradingView market-cap BTC dominance.
1680825600000,2023-04-07 00:00:00,2023-04-07 09:00:00,1599.7,1611.0,1595.1,1597.5,15.997,16.11,15.951,15.975,15.9750%,1890.694,Binance BTCDOM index raw value divided by 100 for percent-style display; not CMC/CoinGecko/TradingView market-cap BTC dominance.
1680912000000,2023-04-08 00:00:00,2023-04-08 09:00:00,1597.9,1617.6,1597.6,1612.6,15.979,16.176,15.976,16.126,16.1260%,1336.915,Binance BTCDOM index raw value divided by 100 for percent-style display; not CMC/CoinGecko/TradingView market-cap BTC dominance.
1680998400000,2023-04-09 00:00:00,2023-04-09 09:00:00,1612.6,1626.5,1610.4,1624.1,16.126,16.265,16.104,16.241,16.2410%,2038.739,Binance BTCDOM index raw value divided by 100 for percent-style display; not CMC/CoinGecko/TradingView market-cap BTC dominance.
1681084800000,2023-04-10 00:00:00,2023-04-10 09:00:00,1624.0,1667.7,1621.1,1658.6,16.24,16.677,16.211,16.586,16.5860%,4712.359,Binance BTCDOM index raw value divided by 100 for percent-style display; not CMC/CoinGecko/TradingView market-cap BTC dominance.
1681171200000,2023-04-11 00:00:00,2023-04-11 09:00:00,1659.2,1697.2,1657.1,1693.9,16.592,16.972,16.571,16.939,16.9390%,6457.903,Binance BTCDOM index raw value divided by 100 for percent-style display; not CMC/CoinGecko/TradingView market-cap BTC dominance.
1681257600000,2023-04-12 00:00:00,2023-04-12 09:00:00,1693.9,1713.3,1662.7,1668.4,16.939,17.133,16.627,16.684,16.6840%,9081.162,Binance BTCDOM index raw value divided by 100 for percent-style display; not CMC/CoinGecko/TradingView market-cap BTC dominance.
1681344000000,2023-04-13 00:00:00,2023-04-13 09:00:00,1668.3,1689.0,1627.5,1631.9,16.683,16.89,16.275,16.319,16.3190%,8144.539,Binance BTCDOM index raw value divided by 100 for percent-style display; not CMC/CoinGecko/TradingView market-cap BTC dominance.
1681430400000,2023-04-14 00:00:00,2023-04-14 09:00:00,1632.0,1633.4,1577.6,1586.9,16.32,16.334,15.776,15.869,15.8690%,10918.78,Binance BTCDOM index raw value divided by 100 for percent-style display; not CMC/CoinGecko/TradingView market-cap BTC dominance.
1681516800000,2023-04-15 00:00:00,2023-04-15 09:00:00,1587.1,1597.5,1569.5,1577.0,15.871,15.975,15.695,15.77,15.7700%,4323.012,Binance BTCDOM index raw value divided by 100 for percent-style display; not CMC/CoinGecko/TradingView market-cap BTC dominance.
1681603200000,2023-04-16 00:00:00,2023-04-16 09:00:00,1576.9,1584.6,1546.1,1551.4,15.769,15.846,15.461,15.514,15.5140%,3939.53,Binance BTCDOM index raw value divided by 100 for percent-style display; not CMC/CoinGecko/TradingView market-cap BTC dominance.
1681689600000,2023-04-17 00:00:00,2023-04-17 09:00:00,1551.4,1557.8,1534.6,1539.4,15.514,15.578,15.346,15.394,15.3940%,4423.673,Binance BTCDOM index raw value divided by 100 for percent-style display; not CMC/CoinGecko/TradingView market-cap BTC dominance.
1681776000000,2023-04-18 00:00:00,2023-04-18 09:00:00,1540.1,1572.9,1529.6,1563.7,15.401,15.729,15.296,15.637,15.6370%,5150.487,Binance BTCDOM index raw value divided by 100 for percent-style display; not CMC/CoinGecko/TradingView market-cap BTC dominance.
1681862400000,2023-04-19 00:00:00,2023-04-19 09:00:00,1563.8,1614.3,1560.6,1603.7,15.638,16.143,15.606,16.037,16.0370%,9588.518,Binance BTCDOM index raw value divided by 100 for percent-style display; not CMC/CoinGecko/TradingView market-cap BTC dominance.
1681948800000,2023-04-20 00:00:00,2023-04-20 09:00:00,1604.1,1606.2,1578.3,1586.5,16.041,16.062,15.783,15.865,15.8650%,5686.676,Binance BTCDOM index raw value divided by 100 for percent-style display; not CMC/CoinGecko/TradingView market-cap BTC dominance.
1682035200000,2023-04-21 00:00:00,2023-04-21 09:00:00,1586.4,1613.0,1578.0,1594.9,15.864,16.13,15.78,15.949,15.9490%,6449.604,Binance BTCDOM index raw value divided by 100 for percent-style display; not CMC/CoinGecko/TradingView market-cap BTC dominance.
1682121600000,2023-04-22 00:00:00,2023-04-22 09:00:00,1594.9,1598.1,1581.0,1596.0,15.949,15.981,15.81,15.96,15.9600%,3797.347,Binance BTCDOM index raw value divided by 100 for percent-style display; not CMC/CoinGecko/TradingView market-cap BTC dominance.
1682208000000,2023-04-23 00:00:00,2023-04-23 09:00:00,1596.0,1607.4,1583.7,1595.3,15.96,16.074,15.837,15.953,15.9530%,4260.688,Binance BTCDOM index raw value divided by 100 for percent-style display; not CMC/CoinGecko/TradingView market-cap BTC dominance.
1682294400000,2023-04-24 00:00:00,2023-04-24 09:00:00,1595.3,1606.4,1587.2,1602.8,15.953,16.064,15.872,16.028,16.0280%,4023.429,Binance BTCDOM index raw value divided by 100 for percent-style display; not CMC/CoinGecko/TradingView market-cap BTC dominance.
1682380800000,2023-04-25 00:00:00,2023-04-25 09:00:00,1602.9,1625.3,1599.1,1622.4,16.029,16.253,15.991,16.224,16.2240%,5604.834,Binance BTCDOM index raw value divided by 100 for percent-style display; not CMC/CoinGecko/TradingView market-cap BTC dominance.
1682467200000,2023-04-26 00:00:00,2023-04-26 09:00:00,1622.5,1660.0,1620.8,1642.6,16.225,16.6,16.208,16.426,16.4260%,8785.665,Binance BTCDOM index raw value divided by 100 for percent-style display; not CMC/CoinGecko/TradingView market-cap BTC dominance.
1682553600000,2023-04-27 00:00:00,2023-04-27 09:00:00,1642.4,1677.0,1635.9,1671.4,16.424,16.77,16.359,16.714,16.7140%,5317.706,Binance BTCDOM index raw value divided by 100 for percent-style display; not CMC/CoinGecko/TradingView market-cap BTC dominance.
1682640000000,2023-04-28 00:00:00,2023-04-28 09:00:00,1671.3,1679.2,1663.9,1673.1,16.713,16.792,16.639,16.731,16.7310%,3164.077,Binance BTCDOM index raw value divided by 100 for percent-style display; not CMC/CoinGecko/TradingView market-cap BTC dominance.
1682726400000,2023-04-29 00:00:00,2023-04-29 09:00:00,1673.3,1675.3,1656.2,1658.4,16.733,16.753,16.562,16.584,16.5840%,2340.835,Binance BTCDOM index raw value divided by 100 for percent-style display; not CMC/CoinGecko/TradingView market-cap BTC dominance.
1682812800000,2023-04-30 00:00:00,2023-04-30 09:00:00,1658.4,1678.0,1658.4,1677.5,16.584,16.78,16.584,16.775,16.7750%,2454.109,Binance BTCDOM index raw value divided by 100 for percent-style display; not CMC/CoinGecko/TradingView market-cap BTC dominance.
1682899200000,2023-05-01 00:00:00,2023-05-01 09:00:00,1677.3,1678.1,1638.7,1645.2,16.773,16.781,16.387,16.452,16.4520%,3606.984,Binance BTCDOM index raw value divided by 100 for percent-style display; not CMC/CoinGecko/TradingView market-cap BTC dominance.
1682985600000,2023-05-02 00:00:00,2023-05-02 09:00:00,1645.1,1664.8,1642.4,1659.0,16.451,16.648,16.424,16.59,16.5900%,2305.277,Binance BTCDOM index raw value divided by 100 for percent-style display; not CMC/CoinGecko/TradingView market-cap BTC dominance.
1683072000000,2023-05-03 00:00:00,2023-05-03 09:00:00,1659.1,1667.8,1635.2,1653.9,16.591,16.678,16.352,16.539,16.5390%,3585.178,Binance BTCDOM index raw value divided by 100 for percent-style display; not CMC/CoinGecko/TradingView market-cap BTC dominance.
1683158400000,2023-05-04 00:00:00,2023-05-04 09:00:00,1653.9,1670.0,1652.0,1666.0,16.539,16.7,16.52,16.66,16.6600%,2635.823,Binance BTCDOM index raw value divided by 100 for percent-style display; not CMC/CoinGecko/TradingView market-cap BTC dominance.
1683244800000,2023-05-05 00:00:00,2023-05-05 09:00:00,1666.0,1683.4,1630.9,1633.5,16.66,16.834,16.309,16.335,16.3350%,4897.767,Binance BTCDOM index raw value divided by 100 for percent-style display; not CMC/CoinGecko/TradingView market-cap BTC dominance.
1683331200000,2023-05-06 00:00:00,2023-05-06 09:00:00,1633.3,1673.3,1630.8,1665.8,16.333,16.733,16.308,16.658,16.6580%,5585.828,Binance BTCDOM index raw value divided by 100 for percent-style display; not CMC/CoinGecko/TradingView market-cap BTC dominance.
1683417600000,2023-05-07 00:00:00,2023-05-07 09:00:00,1666.0,1668.6,1650.3,1656.6,16.66,16.686,16.503,16.566,16.5660%,2661.659,Binance BTCDOM index raw value divided by 100 for percent-style display; not CMC/CoinGecko/TradingView market-cap BTC dominance.
1683504000000,2023-05-08 00:00:00,2023-05-08 09:00:00,1656.8,1676.6,1642.4,1654.5,16.568,16.766,16.424,16.545,16.5450%,4641.981,Binance BTCDOM index raw value divided by 100 for percent-style display; not CMC/CoinGecko/TradingView market-cap BTC dominance.
1683590400000,2023-05-09 00:00:00,2023-05-09 09:00:00,1654.6,1656.4,1642.6,1650.1,16.546,16.564,16.426,16.501,16.5010%,1977.492,Binance BTCDOM index raw value divided by 100 for percent-style display; not CMC/CoinGecko/TradingView market-cap BTC dominance.
1683676800000,2023-05-10 00:00:00,2023-05-10 09:00:00,1650.2,1664.1,1636.2,1645.0,16.502,16.641,16.362,16.45,16.4500%,3774.387,Binance BTCDOM index raw value divided by 100 for percent-style display; not CMC/CoinGecko/TradingView market-cap BTC dominance.
1683763200000,2023-05-11 00:00:00,2023-05-11 09:00:00,1645.0,1666.9,1644.7,1649.1,16.45,16.669,16.447,16.491,16.4910%,3129.685,Binance BTCDOM index raw value divided by 100 for percent-style display; not CMC/CoinGecko/TradingView market-cap BTC dominance.
1683849600000,2023-05-12 00:00:00,2023-05-12 09:00:00,1649.0,1654.6,1617.2,1620.1,16.49,16.546,16.172,16.201,16.2010%,3380.6,Binance BTCDOM index raw value divided by 100 for percent-style display; not CMC/CoinGecko/TradingView market-cap BTC dominance.
1683936000000,2023-05-13 00:00:00,2023-05-13 09:00:00,1620.7,1639.7,1620.0,1630.2,16.207,16.397,16.2,16.302,16.3020%,1638.434,Binance BTCDOM index raw value divided by 100 for percent-style display; not CMC/CoinGecko/TradingView market-cap BTC dominance.
1684022400000,2023-05-14 00:00:00,2023-05-14 09:00:00,1630.5,1637.1,1624.2,1632.0,16.305,16.371,16.242,16.32,16.3200%,1337.113,Binance BTCDOM index raw value divided by 100 for percent-style display; not CMC/CoinGecko/TradingView market-cap BTC dominance.
1684108800000,2023-05-15 00:00:00,2023-05-15 09:00:00,1632.0,1644.5,1626.7,1637.4,16.32,16.445,16.267,16.374,16.3740%,2003.957,Binance BTCDOM index raw value divided by 100 for percent-style display; not CMC/CoinGecko/TradingView market-cap BTC dominance.
1684195200000,2023-05-16 00:00:00,2023-05-16 09:00:00,1637.5,1644.9,1618.8,1620.2,16.375,16.449,16.188,16.202,16.2020%,1875.647,Binance BTCDOM index raw value divided by 100 for percent-style display; not CMC/CoinGecko/TradingView market-cap BTC dominance.
1684281600000,2023-05-17 00:00:00,2023-05-17 09:00:00,1620.2,1635.2,1613.9,1634.7,16.202,16.352,16.139,16.347,16.3470%,2284.015,Binance BTCDOM index raw value divided by 100 for percent-style display; not CMC/CoinGecko/TradingView market-cap BTC dominance.
1684368000000,2023-05-18 00:00:00,2023-05-18 09:00:00,1634.7,1637.6,1610.9,1616.8,16.347,16.376,16.109,16.168,16.1680%,2455.397,Binance BTCDOM index raw value divided by 100 for percent-style display; not CMC/CoinGecko/TradingView market-cap BTC dominance.
1684454400000,2023-05-19 00:00:00,2023-05-19 09:00:00,1616.8,1620.6,1608.2,1614.1,16.168,16.206,16.082,16.141,16.1410%,1404.763,Binance BTCDOM index raw value divided by 100 for percent-style display; not CMC/CoinGecko/TradingView market-cap BTC dominance.
1684540800000,2023-05-20 00:00:00,2023-05-20 09:00:00,1614.0,1621.6,1609.9,1620.5,16.14,16.216,16.099,16.205,16.2050%,1005.9,Binance BTCDOM index raw value divided by 100 for percent-style display; not CMC/CoinGecko/TradingView market-cap BTC dominance.
1684627200000,2023-05-21 00:00:00,2023-05-21 09:00:00,1620.4,1629.1,1613.1,1618.8,16.204,16.291,16.131,16.188,16.1880%,1437.335,Binance BTCDOM index raw value divided by 100 for percent-style display; not CMC/CoinGecko/TradingView market-cap BTC dominance.
1684713600000,2023-05-22 00:00:00,2023-05-22 09:00:00,1618.8,1622.2,1608.6,1610.9,16.188,16.222,16.086,16.109,16.1090%,1278.713,Binance BTCDOM index raw value divided by 100 for percent-style display; not CMC/CoinGecko/TradingView market-cap BTC dominance.
1684800000000,2023-05-23 00:00:00,2023-05-23 09:00:00,1611.0,1617.3,1603.1,1607.2,16.11,16.173,16.031,16.072,16.0720%,2536.785,Binance BTCDOM index raw value divided by 100 for percent-style display; not CMC/CoinGecko/TradingView market-cap BTC dominance.
1684886400000,2023-05-24 00:00:00,2023-05-24 09:00:00,1607.0,1614.7,1598.8,1599.6,16.07,16.147,15.988,15.996,15.9960%,2036.639,Binance BTCDOM index raw value divided by 100 for percent-style display; not CMC/CoinGecko/TradingView market-cap BTC dominance.
1684972800000,2023-05-25 00:00:00,2023-05-25 09:00:00,1599.6,1609.1,1598.5,1606.3,15.996,16.091,15.985,16.063,16.0630%,1558.356,Binance BTCDOM index raw value divided by 100 for percent-style display; not CMC/CoinGecko/TradingView market-cap BTC dominance.
1685059200000,2023-05-26 00:00:00,2023-05-26 09:00:00,1606.3,1612.1,1594.0,1602.4,16.063,16.121,15.94,16.024,16.0240%,1777.243,Binance BTCDOM index raw value divided by 100 for percent-style display; not CMC/CoinGecko/TradingView market-cap BTC dominance.
1685145600000,2023-05-27 00:00:00,2023-05-27 09:00:00,1602.6,1608.5,1598.2,1602.6,16.026,16.085,15.982,16.026,16.0260%,849.581,Binance BTCDOM index raw value divided by 100 for percent-style display; not CMC/CoinGecko/TradingView market-cap BTC dominance.
1685232000000,2023-05-28 00:00:00,2023-05-28 09:00:00,1603.0,1639.2,1600.0,1618.2,16.03,16.392,16.0,16.182,16.1820%,2766.512,Binance BTCDOM index raw value divided by 100 for percent-style display; not CMC/CoinGecko/TradingView market-cap BTC dominance.
1685318400000,2023-05-29 00:00:00,2023-05-29 09:00:00,1618.0,1629.1,1604.9,1611.9,16.18,16.291,16.049,16.119,16.1190%,1579.149,Binance BTCDOM index raw value divided by 100 for percent-style display; not CMC/CoinGecko/TradingView market-cap BTC dominance.
1685404800000,2023-05-30 00:00:00,2023-05-30 09:00:00,1611.8,1612.6,1595.2,1597.8,16.118,16.126,15.952,15.978,15.9780%,1126.766,Binance BTCDOM index raw value divided by 100 for percent-style display; not CMC/CoinGecko/TradingView market-cap BTC dominance.
1685491200000,2023-05-31 00:00:00,2023-05-31 09:00:00,1597.7,1604.0,1589.0,1594.4,15.977,16.04,15.89,15.944,15.9440%,1502.019,Binance BTCDOM index raw value divided by 100 for percent-style display; not CMC/CoinGecko/TradingView market-cap BTC dominance.
1685577600000,2023-06-01 00:00:00,2023-06-01 09:00:00,1594.4,1595.7,1577.9,1582.7,15.944,15.957,15.779,15.827,15.8270%,1286.619,Binance BTCDOM index raw value divided by 100 for percent-style display; not CMC/CoinGecko/TradingView market-cap BTC dominance.
1685664000000,2023-06-02 00:00:00,2023-06-02 09:00:00,1582.7,1585.1,1567.9,1570.4,15.827,15.851,15.679,15.704,15.7040%,1339.859,Binance BTCDOM index raw value divided by 100 for percent-style display; not CMC/CoinGecko/TradingView market-cap BTC dominance.
1685750400000,2023-06-03 00:00:00,2023-06-03 09:00:00,1570.4,1578.4,1565.1,1568.6,15.704,15.784,15.651,15.686,15.6860%,1133.918,Binance BTCDOM index raw value divided by 100 for percent-style display; not CMC/CoinGecko/TradingView market-cap BTC dominance.
1685836800000,2023-06-04 00:00:00,2023-06-04 09:00:00,1568.7,1573.9,1562.2,1570.5,15.687,15.739,15.622,15.705,15.7050%,947.764,Binance BTCDOM index raw value divided by 100 for percent-style display; not CMC/CoinGecko/TradingView market-cap BTC dominance.
1685923200000,2023-06-05 00:00:00,2023-06-05 09:00:00,1570.4,1599.6,1566.2,1577.8,15.704,15.996,15.662,15.778,15.7780%,3117.735,Binance BTCDOM index raw value divided by 100 for percent-style display; not CMC/CoinGecko/TradingView market-cap BTC dominance.
1686009600000,2023-06-06 00:00:00,2023-06-06 09:00:00,1577.9,1616.6,1562.3,1614.9,15.779,16.166,15.623,16.149,16.1490%,2866.103,Binance BTCDOM index raw value divided by 100 for percent-style display; not CMC/CoinGecko/TradingView market-cap BTC dominance.
1686096000000,2023-06-07 00:00:00,2023-06-07 09:00:00,1614.8,1630.9,1601.8,1627.2,16.148,16.309,16.018,16.272,16.2720%,2208.5,Binance BTCDOM index raw value divided by 100 for percent-style display; not CMC/CoinGecko/TradingView market-cap BTC dominance.
1686182400000,2023-06-08 00:00:00,2023-06-08 09:00:00,1627.1,1630.6,1616.3,1625.5,16.271,16.306,16.163,16.255,16.2550%,1901.455,Binance BTCDOM index raw value divided by 100 for percent-style display; not CMC/CoinGecko/TradingView market-cap BTC dominance.
1686268800000,2023-06-09 00:00:00,2023-06-09 09:00:00,1625.5,1640.2,1623.3,1636.8,16.255,16.402,16.233,16.368,16.3680%,1478.663,Binance BTCDOM index raw value divided by 100 for percent-style display; not CMC/CoinGecko/TradingView market-cap BTC dominance.
1686355200000,2023-06-10 00:00:00,2023-06-10 09:00:00,1636.9,1751.4,1636.3,1705.3,16.369,17.514,16.363,17.053,17.0530%,20674.547,Binance BTCDOM index raw value divided by 100 for percent-style display; not CMC/CoinGecko/TradingView market-cap BTC dominance.
1686441600000,2023-06-11 00:00:00,2023-06-11 09:00:00,1705.3,1715.8,1700.0,1708.8,17.053,17.158,17.0,17.088,17.0880%,4420.422,Binance BTCDOM index raw value divided by 100 for percent-style display; not CMC/CoinGecko/TradingView market-cap BTC dominance.
1686528000000,2023-06-12 00:00:00,2023-06-12 09:00:00,1708.9,1732.8,1706.8,1715.1,17.089,17.328,17.068,17.151,17.1510%,3790.103,Binance BTCDOM index raw value divided by 100 for percent-style display; not CMC/CoinGecko/TradingView market-cap BTC dominance.
1686614400000,2023-06-13 00:00:00,2023-06-13 09:00:00,1715.1,1724.9,1694.5,1707.4,17.151,17.249,16.945,17.074,17.0740%,3935.842,Binance BTCDOM index raw value divided by 100 for percent-style display; not CMC/CoinGecko/TradingView market-cap BTC dominance.
1686700800000,2023-06-14 00:00:00,2023-06-14 09:00:00,1707.3,1747.4,1700.6,1732.9,17.073,17.474,17.006,17.329,17.3290%,3706.273,Binance BTCDOM index raw value divided by 100 for percent-style display; not CMC/CoinGecko/TradingView market-cap BTC dominance.
1686787200000,2023-06-15 00:00:00,2023-06-15 09:00:00,1732.8,1759.2,1723.2,1754.2,17.328,17.592,17.232,17.542,17.5420%,4041.155,Binance BTCDOM index raw value divided by 100 for percent-style display; not CMC/CoinGecko/TradingView market-cap BTC dominance.
1686873600000,2023-06-16 00:00:00,2023-06-16 09:00:00,1754.2,1783.0,1742.6,1769.8,17.542,17.83,17.426,17.698,17.6980%,3671.923,Binance BTCDOM index raw value divided by 100 for percent-style display; not CMC/CoinGecko/TradingView market-cap BTC dominance.
1686960000000,2023-06-17 00:00:00,2023-06-17 09:00:00,1769.9,1777.2,1748.0,1764.2,17.699,17.772,17.48,17.642,17.6420%,2576.195,Binance BTCDOM index raw value divided by 100 for percent-style display; not CMC/CoinGecko/TradingView market-cap BTC dominance.
1687046400000,2023-06-18 00:00:00,2023-06-18 09:00:00,1764.2,1769.4,1751.2,1760.0,17.642,17.694,17.512,17.6,17.6000%,1860.251,Binance BTCDOM index raw value divided by 100 for percent-style display; not CMC/CoinGecko/TradingView market-cap BTC dominance.
1687132800000,2023-06-19 00:00:00,2023-06-19 09:00:00,1759.9,1782.4,1758.2,1779.2,17.599,17.824,17.582,17.792,17.7920%,2655.07,Binance BTCDOM index raw value divided by 100 for percent-style display; not CMC/CoinGecko/TradingView market-cap BTC dominance.
1687219200000,2023-06-20 00:00:00,2023-06-20 09:00:00,1779.3,1835.0,1778.7,1828.5,17.793,18.35,17.787,18.285,18.2850%,6790.523,Binance BTCDOM index raw value divided by 100 for percent-style display; not CMC/CoinGecko/TradingView market-cap BTC dominance.
1687305600000,2023-06-21 00:00:00,2023-06-21 09:00:00,1828.3,1894.9,1824.7,1854.2,18.283,18.949,18.247,18.542,18.5420%,10382.551,Binance BTCDOM index raw value divided by 100 for percent-style display; not CMC/CoinGecko/TradingView market-cap BTC dominance.
1687392000000,2023-06-22 00:00:00,2023-06-22 09:00:00,1854.6,1874.1,1830.0,1869.0,18.546,18.741,18.3,18.69,18.6900%,4970.583,Binance BTCDOM index raw value divided by 100 for percent-style display; not CMC/CoinGecko/TradingView market-cap BTC dominance.
1687478400000,2023-06-23 00:00:00,2023-06-23 09:00:00,1869.0,1912.2,1855.6,1884.0,18.69,19.122,18.556,18.84,18.8400%,5192.449,Binance BTCDOM index raw value divided by 100 for percent-style display; not CMC/CoinGecko/TradingView market-cap BTC dominance.
1687564800000,2023-06-24 00:00:00,2023-06-24 09:00:00,1883.8,1906.1,1876.1,1897.4,18.838,19.061,18.761,18.974,18.9740%,3602.058,Binance BTCDOM index raw value divided by 100 for percent-style display; not CMC/CoinGecko/TradingView market-cap BTC dominance.
1687651200000,2023-06-25 00:00:00,2023-06-25 09:00:00,1897.4,1902.5,1859.9,1871.0,18.974,19.025,18.599,18.71,18.7100%,3326.843,Binance BTCDOM index raw value divided by 100 for percent-style display; not CMC/CoinGecko/TradingView market-cap BTC dominance.
1687737600000,2023-06-26 00:00:00,2023-06-26 09:00:00,1870.9,1903.1,1869.8,1898.7,18.709,19.031,18.698,18.987,18.9870%,3650.445,Binance BTCDOM index raw value divided by 100 for percent-style display; not CMC/CoinGecko/TradingView market-cap BTC dominance.
1687824000000,2023-06-27 00:00:00,2023-06-27 09:00:00,1898.7,1905.0,1880.0,1894.2,18.987,19.05,18.8,18.942,18.9420%,2524.131,Binance BTCDOM index raw value divided by 100 for percent-style display; not CMC/CoinGecko/TradingView market-cap BTC dominance.
1687910400000,2023-06-28 00:00:00,2023-06-28 09:00:00,1894.1,1946.0,1894.0,1926.8,18.941,19.46,18.94,19.268,19.2680%,4709.729,Binance BTCDOM index raw value divided by 100 for percent-style display; not CMC/CoinGecko/TradingView market-cap BTC dominance.
1687996800000,2023-06-29 00:00:00,2023-06-29 09:00:00,1926.8,1929.8,1912.7,1918.5,19.268,19.298,19.127,19.185,19.1850%,3464.877,Binance BTCDOM index raw value divided by 100 for percent-style display; not CMC/CoinGecko/TradingView market-cap BTC dominance.
1688083200000,2023-06-30 00:00:00,2023-06-30 09:00:00,1918.6,1923.3,1829.6,1834.5,19.186,19.233,18.296,18.345,18.3450%,8008.899,Binance BTCDOM index raw value divided by 100 for percent-style display; not CMC/CoinGecko/TradingView market-cap BTC dominance.
1688169600000,2023-07-01 00:00:00,2023-07-01 09:00:00,1834.6,1849.1,1825.5,1838.7,18.346,18.491,18.255,18.387,18.3870%,3098.672,Binance BTCDOM index raw value divided by 100 for percent-style display; not CMC/CoinGecko/TradingView market-cap BTC dominance.
1688256000000,2023-07-02 00:00:00,2023-07-02 09:00:00,1838.4,1847.6,1817.1,1824.6,18.384,18.476,18.171,18.246,18.2460%,2078.664,Binance BTCDOM index raw value divided by 100 for percent-style display; not CMC/CoinGecko/TradingView market-cap BTC dominance.
1688342400000,2023-07-03 00:00:00,2023-07-03 09:00:00,1824.7,1847.0,1802.2,1843.8,18.247,18.47,18.022,18.438,18.4380%,2858.284,Binance BTCDOM index raw value divided by 100 for percent-style display; not CMC/CoinGecko/TradingView market-cap BTC dominance.
1688428800000,2023-07-04 00:00:00,2023-07-04 09:00:00,1843.9,1858.1,1833.2,1841.5,18.439,18.581,18.332,18.415,18.4150%,2097.86,Binance BTCDOM index raw value divided by 100 for percent-style display; not CMC/CoinGecko/TradingView market-cap BTC dominance.
1688515200000,2023-07-05 00:00:00,2023-07-05 09:00:00,1841.3,1865.7,1836.4,1855.2,18.413,18.657,18.364,18.552,18.5520%,2546.935,Binance BTCDOM index raw value divided by 100 for percent-style display; not CMC/CoinGecko/TradingView market-cap BTC dominance.
1688601600000,2023-07-06 00:00:00,2023-07-06 09:00:00,1855.2,1876.6,1844.8,1875.5,18.552,18.766,18.448,18.755,18.7550%,2806.208,Binance BTCDOM index raw value divided by 100 for percent-style display; not CMC/CoinGecko/TradingView market-cap BTC dominance.
1688688000000,2023-07-07 00:00:00,2023-07-07 09:00:00,1875.5,1883.9,1869.2,1874.6,18.755,18.839,18.692,18.746,18.7460%,2026.838,Binance BTCDOM index raw value divided by 100 for percent-style display; not CMC/CoinGecko/TradingView market-cap BTC dominance.
1688774400000,2023-07-08 00:00:00,2023-07-08 09:00:00,1874.6,1880.0,1866.2,1870.3,18.746,18.8,18.662,18.703,18.7030%,1096.991,Binance BTCDOM index raw value divided by 100 for percent-style display; not CMC/CoinGecko/TradingView market-cap BTC dominance.
1688860800000,2023-07-09 00:00:00,2023-07-09 09:00:00,1870.3,1879.4,1865.4,1872.8,18.703,18.794,18.654,18.728,18.7280%,1611.628,Binance BTCDOM index raw value divided by 100 for percent-style display; not CMC/CoinGecko/TradingView market-cap BTC dominance.
1688947200000,2023-07-10 00:00:00,2023-07-10 09:00:00,1872.8,1884.8,1850.4,1861.8,18.728,18.848,18.504,18.618,18.6180%,2370.022,Binance BTCDOM index raw value divided by 100 for percent-style display; not CMC/CoinGecko/TradingView market-cap BTC dominance.
1689033600000,2023-07-11 00:00:00,2023-07-11 09:00:00,1861.8,1880.0,1860.3,1870.9,18.618,18.8,18.603,18.709,18.7090%,1257.996,Binance BTCDOM index raw value divided by 100 for percent-style display; not CMC/CoinGecko/TradingView market-cap BTC dominance.
1689120000000,2023-07-12 00:00:00,2023-07-12 09:00:00,1871.0,1877.6,1859.0,1866.6,18.71,18.776,18.59,18.666,18.6660%,1300.439,Binance BTCDOM index raw value divided by 100 for percent-style display; not CMC/CoinGecko/TradingView market-cap BTC dominance.
1689206400000,2023-07-13 00:00:00,2023-07-13 09:00:00,1866.9,1868.3,1731.2,1745.4,18.669,18.683,17.312,17.454,17.4540%,7821.72,Binance BTCDOM index raw value divided by 100 for percent-style display; not CMC/CoinGecko/TradingView market-cap BTC dominance.
1689292800000,2023-07-14 00:00:00,2023-07-14 09:00:00,1745.1,1772.7,1723.6,1748.9,17.451,17.727,17.236,17.489,17.4890%,6475.619,Binance BTCDOM index raw value divided by 100 for percent-style display; not CMC/CoinGecko/TradingView market-cap BTC dominance.
1689379200000,2023-07-15 00:00:00,2023-07-15 09:00:00,1748.7,1758.1,1733.2,1748.3,17.487,17.581,17.332,17.483,17.4830%,2185.677,Binance BTCDOM index raw value divided by 100 for percent-style display; not CMC/CoinGecko/TradingView market-cap BTC dominance.
1689465600000,2023-07-16 00:00:00,2023-07-16 09:00:00,1748.3,1763.9,1743.1,1762.7,17.483,17.639,17.431,17.627,17.6270%,1566.039,Binance BTCDOM index raw value divided by 100 for percent-style display; not CMC/CoinGecko/TradingView market-cap BTC dominance.
1689552000000,2023-07-17 00:00:00,2023-07-17 09:00:00,1762.3,1780.0,1751.6,1763.8,17.623,17.8,17.516,17.638,17.6380%,3214.319,Binance BTCDOM index raw value divided by 100 for percent-style display; not CMC/CoinGecko/TradingView market-cap BTC dominance.
1689638400000,2023-07-18 00:00:00,2023-07-18 09:00:00,1763.9,1772.9,1754.9,1759.9,17.639,17.729,17.549,17.599,17.5990%,1659.199,Binance BTCDOM index raw value divided by 100 for percent-style display; not CMC/CoinGecko/TradingView market-cap BTC dominance.
1689724800000,2023-07-19 00:00:00,2023-07-19 09:00:00,1759.9,1762.8,1744.6,1757.6,17.599,17.628,17.446,17.576,17.5760%,1570.282,Binance BTCDOM index raw value divided by 100 for percent-style display; not CMC/CoinGecko/TradingView market-cap BTC dominance.
1689811200000,2023-07-20 00:00:00,2023-07-20 09:00:00,1757.5,1761.2,1742.2,1748.6,17.575,17.612,17.422,17.486,17.4860%,1695.078,Binance BTCDOM index raw value divided by 100 for percent-style display; not CMC/CoinGecko/TradingView market-cap BTC dominance.
1689897600000,2023-07-21 00:00:00,2023-07-21 09:00:00,1748.7,1760.6,1743.3,1757.6,17.487,17.606,17.433,17.576,17.5760%,1050.88,Binance BTCDOM index raw value divided by 100 for percent-style display; not CMC/CoinGecko/TradingView market-cap BTC dominance.
1689984000000,2023-07-22 00:00:00,2023-07-22 09:00:00,1757.1,1791.8,1747.6,1785.5,17.571,17.918,17.476,17.855,17.8550%,1696.828,Binance BTCDOM index raw value divided by 100 for percent-style display; not CMC/CoinGecko/TradingView market-cap BTC dominance.
1690070400000,2023-07-23 00:00:00,2023-07-23 09:00:00,1785.5,1794.6,1771.8,1781.8,17.855,17.946,17.718,17.818,17.8180%,2120.655,Binance BTCDOM index raw value divided by 100 for percent-style display; not CMC/CoinGecko/TradingView market-cap BTC dominance.
1690156800000,2023-07-24 00:00:00,2023-07-24 09:00:00,1781.8,1786.5,1766.0,1773.7,17.818,17.865,17.66,17.737,17.7370%,1922.509,Binance BTCDOM index raw value divided by 100 for percent-style display; not CMC/CoinGecko/TradingView market-cap BTC dominance.
1690243200000,2023-07-25 00:00:00,2023-07-25 09:00:00,1773.9,1784.9,1766.5,1771.1,17.739,17.849,17.665,17.711,17.7110%,2831.445,Binance BTCDOM index raw value divided by 100 for percent-style display; not CMC/CoinGecko/TradingView market-cap BTC dominance.
1690329600000,2023-07-26 00:00:00,2023-07-26 09:00:00,1771.4,1783.3,1759.4,1759.7,17.714,17.833,17.594,17.597,17.5970%,1249.964,Binance BTCDOM index raw value divided by 100 for percent-style display; not CMC/CoinGecko/TradingView market-cap BTC dominance.
1690416000000,2023-07-27 00:00:00,2023-07-27 09:00:00,1759.8,1765.4,1750.2,1757.9,17.598,17.654,17.502,17.579,17.5790%,1084.368,Binance BTCDOM index raw value divided by 100 for percent-style display; not CMC/CoinGecko/TradingView market-cap BTC dominance.
1690502400000,2023-07-28 00:00:00,2023-07-28 09:00:00,1757.9,1761.3,1750.0,1756.1,17.579,17.613,17.5,17.561,17.5610%,1061.8,Binance BTCDOM index raw value divided by 100 for percent-style display; not CMC/CoinGecko/TradingView market-cap BTC dominance.
1690588800000,2023-07-29 00:00:00,2023-07-29 09:00:00,1756.0,1758.2,1744.2,1747.1,17.56,17.582,17.442,17.471,17.4710%,747.058,Binance BTCDOM index raw value divided by 100 for percent-style display; not CMC/CoinGecko/TradingView market-cap BTC dominance.
1690675200000,2023-07-30 00:00:00,2023-07-30 09:00:00,1747.1,1767.2,1740.6,1760.9,17.471,17.672,17.406,17.609,17.6090%,1451.149,Binance BTCDOM index raw value divided by 100 for percent-style display; not CMC/CoinGecko/TradingView market-cap BTC dominance.
1690761600000,2023-07-31 00:00:00,2023-07-31 09:00:00,1761.0,1775.4,1758.2,1769.9,17.61,17.754,17.582,17.699,17.6990%,1361.303,Binance BTCDOM index raw value divided by 100 for percent-style display; not CMC/CoinGecko/TradingView market-cap BTC dominance.
1690848000000,2023-08-01 00:00:00,2023-08-01 09:00:00,1769.8,1787.1,1761.6,1779.3,17.698,17.871,17.616,17.793,17.7930%,2289.919,Binance BTCDOM index raw value divided by 100 for percent-style display; not CMC/CoinGecko/TradingView market-cap BTC dominance.
1690934400000,2023-08-02 00:00:00,2023-08-02 09:00:00,1779.3,1797.0,1777.7,1793.5,17.793,17.97,17.777,17.935,17.9350%,1774.533,Binance BTCDOM index raw value divided by 100 for percent-style display; not CMC/CoinGecko/TradingView market-cap BTC dominance.
1691020800000,2023-08-03 00:00:00,2023-08-03 09:00:00,1793.5,1815.3,1790.2,1809.4,17.935,18.153,17.902,18.094,18.0940%,1774.473,Binance BTCDOM index raw value divided by 100 for percent-style display; not CMC/CoinGecko/TradingView market-cap BTC dominance.
1691107200000,2023-08-04 00:00:00,2023-08-04 09:00:00,1809.4,1815.6,1797.9,1815.6,18.094,18.156,17.979,18.156,18.1560%,1137.44,Binance BTCDOM index raw value divided by 100 for percent-style display; not CMC/CoinGecko/TradingView market-cap BTC dominance.
1691193600000,2023-08-05 00:00:00,2023-08-05 09:00:00,1815.5,1825.1,1805.3,1806.6,18.155,18.251,18.053,18.066,18.0660%,1083.935,Binance BTCDOM index raw value divided by 100 for percent-style display; not CMC/CoinGecko/TradingView market-cap BTC dominance.
1691280000000,2023-08-06 00:00:00,2023-08-06 09:00:00,1806.5,1816.5,1797.0,1812.8,18.065,18.165,17.97,18.128,18.1280%,1045.147,Binance BTCDOM index raw value divided by 100 for percent-style display; not CMC/CoinGecko/TradingView market-cap BTC dominance.
1691366400000,2023-08-07 00:00:00,2023-08-07 09:00:00,1812.9,1829.6,1803.1,1824.2,18.129,18.296,18.031,18.242,18.2420%,1899.672,Binance BTCDOM index raw value divided by 100 for percent-style display; not CMC/CoinGecko/TradingView market-cap BTC dominance.
1691452800000,2023-08-08 00:00:00,2023-08-08 09:00:00,1824.4,1836.5,1817.2,1828.2,18.244,18.365,18.172,18.282,18.2820%,1222.967,Binance BTCDOM index raw value divided by 100 for percent-style display; not CMC/CoinGecko/TradingView market-cap BTC dominance.
1691539200000,2023-08-09 00:00:00,2023-08-09 09:00:00,1828.2,1833.1,1803.8,1815.1,18.282,18.331,18.038,18.151,18.1510%,1029.122,Binance BTCDOM index raw value divided by 100 for percent-style display; not CMC/CoinGecko/TradingView market-cap BTC dominance.
1691625600000,2023-08-10 00:00:00,2023-08-10 09:00:00,1815.0,1823.0,1811.7,1816.9,18.15,18.23,18.117,18.169,18.1690%,772.325,Binance BTCDOM index raw value divided by 100 for percent-style display; not CMC/CoinGecko/TradingView market-cap BTC dominance.
1691712000000,2023-08-11 00:00:00,2023-08-11 09:00:00,1816.9,1821.5,1813.1,1819.8,18.169,18.215,18.131,18.198,18.1980%,659.714,Binance BTCDOM index raw value divided by 100 for percent-style display; not CMC/CoinGecko/TradingView market-cap BTC dominance.
1691798400000,2023-08-12 00:00:00,2023-08-12 09:00:00,1819.8,1820.9,1813.2,1819.0,18.198,18.209,18.132,18.19,18.1900%,502.819,Binance BTCDOM index raw value divided by 100 for percent-style display; not CMC/CoinGecko/TradingView market-cap BTC dominance.
1691884800000,2023-08-13 00:00:00,2023-08-13 09:00:00,1819.1,1825.3,1807.3,1821.3,18.191,18.253,18.073,18.213,18.2130%,984.296,Binance BTCDOM index raw value divided by 100 for percent-style display; not CMC/CoinGecko/TradingView market-cap BTC dominance.
1691971200000,2023-08-14 00:00:00,2023-08-14 09:00:00,1821.7,1828.0,1813.0,1821.7,18.217,18.28,18.13,18.217,18.2170%,1241.371,Binance BTCDOM index raw value divided by 100 for percent-style display; not CMC/CoinGecko/TradingView market-cap BTC dominance.
1692057600000,2023-08-15 00:00:00,2023-08-15 09:00:00,1821.6,1862.4,1817.4,1841.2,18.216,18.624,18.174,18.412,18.4120%,2520.167,Binance BTCDOM index raw value divided by 100 for percent-style display; not CMC/CoinGecko/TradingView market-cap BTC dominance.
1692144000000,2023-08-16 00:00:00,2023-08-16 09:00:00,1841.2,1879.5,1840.6,1851.4,18.412,18.795,18.406,18.514,18.5140%,3453.337,Binance BTCDOM index raw value divided by 100 for percent-style display; not CMC/CoinGecko/TradingView market-cap BTC dominance.
1692230400000,2023-08-17 00:00:00,2023-08-17 09:00:00,1851.5,1935.0,1830.3,1858.2,18.515,19.35,18.303,18.582,18.5820%,5417.122,Binance BTCDOM index raw value divided by 100 for percent-style display; not CMC/CoinGecko/TradingView market-cap BTC dominance.
1692316800000,2023-08-18 00:00:00,2023-08-18 09:00:00,1858.0,1866.2,1818.0,1828.5,18.58,18.662,18.18,18.285,18.2850%,3363.107,Binance BTCDOM index raw value divided by 100 for percent-style display; not CMC/CoinGecko/TradingView market-cap BTC dominance.
1692403200000,2023-08-19 00:00:00,2023-08-19 09:00:00,1828.5,1831.2,1800.1,1816.1,18.285,18.312,18.001,18.161,18.1610%,1656.417,Binance BTCDOM index raw value divided by 100 for percent-style display; not CMC/CoinGecko/TradingView market-cap BTC dominance.
1692489600000,2023-08-20 00:00:00,2023-08-20 09:00:00,1816.1,1821.8,1797.0,1804.6,18.161,18.218,17.97,18.046,18.0460%,1044.739,Binance BTCDOM index raw value divided by 100 for percent-style display; not CMC/CoinGecko/TradingView market-cap BTC dominance.
1692576000000,2023-08-21 00:00:00,2023-08-21 09:00:00,1804.6,1839.4,1800.3,1826.6,18.046,18.394,18.003,18.266,18.2660%,2143.465,Binance BTCDOM index raw value divided by 100 for percent-style display; not CMC/CoinGecko/TradingView market-cap BTC dominance.
1692662400000,2023-08-22 00:00:00,2023-08-22 09:00:00,1826.5,1865.7,1824.9,1851.9,18.265,18.657,18.249,18.519,18.5190%,2299.207,Binance BTCDOM index raw value divided by 100 for percent-style display; not CMC/CoinGecko/TradingView market-cap BTC dominance.
1692748800000,2023-08-23 00:00:00,2023-08-23 09:00:00,1851.9,1855.3,1822.2,1828.6,18.519,18.553,18.222,18.286,18.2860%,1583.86,Binance BTCDOM index raw value divided by 100 for percent-style display; not CMC/CoinGecko/TradingView market-cap BTC dominance.
1692835200000,2023-08-24 00:00:00,2023-08-24 09:00:00,1828.6,1841.9,1826.6,1832.6,18.286,18.419,18.266,18.326,18.3260%,789.661,Binance BTCDOM index raw value divided by 100 for percent-style display; not CMC/CoinGecko/TradingView market-cap BTC dominance.
1692921600000,2023-08-25 00:00:00,2023-08-25 09:00:00,1832.6,1845.1,1827.4,1829.2,18.326,18.451,18.274,18.292,18.2920%,1109.716,Binance BTCDOM index raw value divided by 100 for percent-style display; not CMC/CoinGecko/TradingView market-cap BTC dominance.
1693008000000,2023-08-26 00:00:00,2023-08-26 09:00:00,1829.2,1837.2,1828.7,1834.8,18.292,18.372,18.287,18.348,18.3480%,480.674,Binance BTCDOM index raw value divided by 100 for percent-style display; not CMC/CoinGecko/TradingView market-cap BTC dominance.
1693094400000,2023-08-27 00:00:00,2023-08-27 09:00:00,1834.7,1836.4,1824.1,1827.4,18.347,18.364,18.241,18.274,18.2740%,689.437,Binance BTCDOM index raw value divided by 100 for percent-style display; not CMC/CoinGecko/TradingView market-cap BTC dominance.
1693180800000,2023-08-28 00:00:00,2023-08-28 09:00:00,1827.5,1848.5,1826.7,1831.9,18.275,18.485,18.267,18.319,18.3190%,4425.668,Binance BTCDOM index raw value divided by 100 for percent-style display; not CMC/CoinGecko/TradingView market-cap BTC dominance.
1693267200000,2023-08-29 00:00:00,2023-08-29 09:00:00,1831.9,1876.7,1824.6,1861.4,18.319,18.767,18.246,18.614,18.6140%,3038.957,Binance BTCDOM index raw value divided by 100 for percent-style display; not CMC/CoinGecko/TradingView market-cap BTC dominance.
1693353600000,2023-08-30 00:00:00,2023-08-30 09:00:00,1861.4,1869.8,1855.1,1868.1,18.614,18.698,18.551,18.681,18.6810%,1287.806,Binance BTCDOM index raw value divided by 100 for percent-style display; not CMC/CoinGecko/TradingView market-cap BTC dominance.
1693440000000,2023-08-31 00:00:00,2023-08-31 09:00:00,1868.2,1871.1,1835.9,1837.5,18.682,18.711,18.359,18.375,18.3750%,1500.235,Binance BTCDOM index raw value divided by 100 for percent-style display; not CMC/CoinGecko/TradingView market-cap BTC dominance.
1693526400000,2023-09-01 00:00:00,2023-09-01 09:00:00,1837.6,1859.6,1836.0,1851.1,18.376,18.596,18.36,18.511,18.5110%,885.682,Binance BTCDOM index raw value divided by 100 for percent-style display; not CMC/CoinGecko/TradingView market-cap BTC dominance.
1693612800000,2023-09-02 00:00:00,2023-09-02 09:00:00,1851.2,1854.6,1843.6,1846.6,18.512,18.546,18.436,18.466,18.4660%,807.649,Binance BTCDOM index raw value divided by 100 for percent-style display; not CMC/CoinGecko/TradingView market-cap BTC dominance.
1693699200000,2023-09-03 00:00:00,2023-09-03 09:00:00,1846.7,1858.4,1846.5,1852.7,18.467,18.584,18.465,18.527,18.5270%,642.608,Binance BTCDOM index raw value divided by 100 for percent-style display; not CMC/CoinGecko/TradingView market-cap BTC dominance.
1693785600000,2023-09-04 00:00:00,2023-09-04 09:00:00,1852.6,1854.8,1842.0,1844.6,18.526,18.548,18.42,18.446,18.4460%,564.2,Binance BTCDOM index raw value divided by 100 for percent-style display; not CMC/CoinGecko/TradingView market-cap BTC dominance.
1693872000000,2023-09-05 00:00:00,2023-09-05 09:00:00,1844.6,1848.2,1830.6,1837.5,18.446,18.482,18.306,18.375,18.3750%,574.337,Binance BTCDOM index raw value divided by 100 for percent-style display; not CMC/CoinGecko/TradingView market-cap BTC dominance.
1693958400000,2023-09-06 00:00:00,2023-09-06 09:00:00,1837.3,1842.9,1825.5,1836.6,18.373,18.429,18.255,18.366,18.3660%,507.017,Binance BTCDOM index raw value divided by 100 for percent-style display; not CMC/CoinGecko/TradingView market-cap BTC dominance.
1694044800000,2023-09-07 00:00:00,2023-09-07 09:00:00,1836.5,1863.5,1832.2,1855.0,18.365,18.635,18.322,18.55,18.5500%,523.102,Binance BTCDOM index raw value divided by 100 for percent-style display; not CMC/CoinGecko/TradingView market-cap BTC dominance.
1694131200000,2023-09-08 00:00:00,2023-09-08 09:00:00,1855.0,1861.8,1844.7,1845.8,18.55,18.618,18.447,18.458,18.4580%,470.171,Binance BTCDOM index raw value divided by 100 for percent-style display; not CMC/CoinGecko/TradingView market-cap BTC dominance.
1694217600000,2023-09-09 00:00:00,2023-09-09 09:00:00,1845.8,1848.0,1842.9,1847.7,18.458,18.48,18.429,18.477,18.4770%,219.846,Binance BTCDOM index raw value divided by 100 for percent-style display; not CMC/CoinGecko/TradingView market-cap BTC dominance.
1694304000000,2023-09-10 00:00:00,2023-09-10 09:00:00,1847.6,1876.7,1847.2,1870.6,18.476,18.767,18.472,18.706,18.7060%,1947.235,Binance BTCDOM index raw value divided by 100 for percent-style display; not CMC/CoinGecko/TradingView market-cap BTC dominance.
1694390400000,2023-09-11 00:00:00,2023-09-11 09:00:00,1870.7,1910.0,1865.3,1890.5,18.707,19.1,18.653,18.905,18.9050%,3310.246,Binance BTCDOM index raw value divided by 100 for percent-style display; not CMC/CoinGecko/TradingView market-cap BTC dominance.
1694476800000,2023-09-12 00:00:00,2023-09-12 09:00:00,1890.5,1916.2,1887.6,1899.0,18.905,19.162,18.876,18.99,18.9900%,2580.54,Binance BTCDOM index raw value divided by 100 for percent-style display; not CMC/CoinGecko/TradingView market-cap BTC dominance.
1694563200000,2023-09-13 00:00:00,2023-09-13 09:00:00,1899.0,1927.0,1898.1,1909.7,18.99,19.27,18.981,19.097,19.0970%,1409.631,Binance BTCDOM index raw value divided by 100 for percent-style display; not CMC/CoinGecko/TradingView market-cap BTC dominance.
1694649600000,2023-09-14 00:00:00,2023-09-14 09:00:00,1909.7,1921.1,1893.1,1908.7,19.097,19.211,18.931,19.087,19.0870%,1214.806,Binance BTCDOM index raw value divided by 100 for percent-style display; not CMC/CoinGecko/TradingView market-cap BTC dominance.
1694736000000,2023-09-15 00:00:00,2023-09-15 09:00:00,1908.3,1910.6,1890.0,1892.3,19.083,19.106,18.9,18.923,18.9230%,904.817,Binance BTCDOM index raw value divided by 100 for percent-style display; not CMC/CoinGecko/TradingView market-cap BTC dominance.
1694822400000,2023-09-16 00:00:00,2023-09-16 09:00:00,1892.3,1898.9,1884.8,1896.3,18.923,18.989,18.848,18.963,18.9630%,767.273,Binance BTCDOM index raw value divided by 100 for percent-style display; not CMC/CoinGecko/TradingView market-cap BTC dominance.
1694908800000,2023-09-17 00:00:00,2023-09-17 09:00:00,1896.4,1912.6,1895.7,1908.0,18.964,19.126,18.957,19.08,19.0800%,1025.987,Binance BTCDOM index raw value divided by 100 for percent-style display; not CMC/CoinGecko/TradingView market-cap BTC dominance.
1694995200000,2023-09-18 00:00:00,2023-09-18 09:00:00,1908.2,1921.0,1901.3,1903.6,19.082,19.21,19.013,19.036,19.0360%,1178.891,Binance BTCDOM index raw value divided by 100 for percent-style display; not CMC/CoinGecko/TradingView market-cap BTC dominance.
1695081600000,2023-09-19 00:00:00,2023-09-19 09:00:00,1903.7,1927.4,1898.0,1920.7,19.037,19.274,18.98,19.207,19.2070%,1211.199,Binance BTCDOM index raw value divided by 100 for percent-style display; not CMC/CoinGecko/TradingView market-cap BTC dominance.
1695168000000,2023-09-20 00:00:00,2023-09-20 09:00:00,1920.7,1934.6,1915.6,1933.9,19.207,19.346,19.156,19.339,19.3390%,1367.903,Binance BTCDOM index raw value divided by 100 for percent-style display; not CMC/CoinGecko/TradingView market-cap BTC dominance.
1695254400000,2023-09-21 00:00:00,2023-09-21 09:00:00,1934.1,1944.8,1924.1,1937.8,19.341,19.448,19.241,19.378,19.3780%,1453.297,Binance BTCDOM index raw value divided by 100 for percent-style display; not CMC/CoinGecko/TradingView market-cap BTC dominance.
1695340800000,2023-09-22 00:00:00,2023-09-22 09:00:00,1938.2,1941.8,1927.5,1929.5,19.382,19.418,19.275,19.295,19.2950%,847.084,Binance BTCDOM index raw value divided by 100 for percent-style display; not CMC/CoinGecko/TradingView market-cap BTC dominance.
1695427200000,2023-09-23 00:00:00,2023-09-23 09:00:00,1929.5,1934.6,1925.7,1930.6,19.295,19.346,19.257,19.306,19.3060%,739.427,Binance BTCDOM index raw value divided by 100 for percent-style display; not CMC/CoinGecko/TradingView market-cap BTC dominance.
1695513600000,2023-09-24 00:00:00,2023-09-24 09:00:00,1930.6,1935.9,1923.0,1924.0,19.306,19.359,19.23,19.24,19.2400%,702.359,Binance BTCDOM index raw value divided by 100 for percent-style display; not CMC/CoinGecko/TradingView market-cap BTC dominance.
1695600000000,2023-09-25 00:00:00,2023-09-25 09:00:00,1924.0,1925.8,1908.2,1913.7,19.24,19.258,19.082,19.137,19.1370%,1031.885,Binance BTCDOM index raw value divided by 100 for percent-style display; not CMC/CoinGecko/TradingView market-cap BTC dominance.
1695686400000,2023-09-26 00:00:00,2023-09-26 09:00:00,1913.8,1914.5,1905.1,1906.0,19.138,19.145,19.051,19.06,19.0600%,621.122,Binance BTCDOM index raw value divided by 100 for percent-style display; not CMC/CoinGecko/TradingView market-cap BTC dominance.
1695772800000,2023-09-27 00:00:00,2023-09-27 09:00:00,1905.9,1913.7,1898.5,1913.0,19.059,19.137,18.985,19.13,19.1300%,1123.283,Binance BTCDOM index raw value divided by 100 for percent-style display; not CMC/CoinGecko/TradingView market-cap BTC dominance.
1695859200000,2023-09-28 00:00:00,2023-09-28 09:00:00,1912.9,1916.8,1890.1,1905.9,19.129,19.168,18.901,19.059,19.0590%,1015.921,Binance BTCDOM index raw value divided by 100 for percent-style display; not CMC/CoinGecko/TradingView market-cap BTC dominance.
1695945600000,2023-09-29 00:00:00,2023-09-29 09:00:00,1906.0,1909.5,1869.9,1879.6,19.06,19.095,18.699,18.796,18.7960%,1144.445,Binance BTCDOM index raw value divided by 100 for percent-style display; not CMC/CoinGecko/TradingView market-cap BTC dominance.
1696032000000,2023-09-30 00:00:00,2023-09-30 09:00:00,1879.4,1885.4,1870.0,1880.0,18.794,18.854,18.7,18.8,18.8000%,474.227,Binance BTCDOM index raw value divided by 100 for percent-style display; not CMC/CoinGecko/TradingView market-cap BTC dominance.
1696118400000,2023-10-01 00:00:00,2023-10-01 09:00:00,1880.0,1890.0,1871.4,1888.3,18.8,18.9,18.714,18.883,18.8830%,822.233,Binance BTCDOM index raw value divided by 100 for percent-style display; not CMC/CoinGecko/TradingView market-cap BTC dominance.
1696204800000,2023-10-02 00:00:00,2023-10-02 09:00:00,1888.3,1950.4,1886.9,1920.5,18.883,19.504,18.869,19.205,19.2050%,2767.767,Binance BTCDOM index raw value divided by 100 for percent-style display; not CMC/CoinGecko/TradingView market-cap BTC dominance.
1696291200000,2023-10-03 00:00:00,2023-10-03 09:00:00,1919.2,1933.3,1904.5,1911.6,19.192,19.333,19.045,19.116,19.1160%,1216.654,Binance BTCDOM index raw value divided by 100 for percent-style display; not CMC/CoinGecko/TradingView market-cap BTC dominance.
1696377600000,2023-10-04 00:00:00,2023-10-04 09:00:00,1911.5,1949.1,1911.3,1948.6,19.115,19.491,19.113,19.486,19.4860%,1247.012,Binance BTCDOM index raw value divided by 100 for percent-style display; not CMC/CoinGecko/TradingView market-cap BTC dominance.
1696464000000,2023-10-05 00:00:00,2023-10-05 09:00:00,1948.5,1968.7,1942.2,1958.1,19.485,19.687,19.422,19.581,19.5810%,1732.287,Binance BTCDOM index raw value divided by 100 for percent-style display; not CMC/CoinGecko/TradingView market-cap BTC dominance.
1696550400000,2023-10-06 00:00:00,2023-10-06 09:00:00,1957.7,1967.6,1944.8,1960.2,19.577,19.676,19.448,19.602,19.6020%,1155.361,Binance BTCDOM index raw value divided by 100 for percent-style display; not CMC/CoinGecko/TradingView market-cap BTC dominance.
1696636800000,2023-10-07 00:00:00,2023-10-07 09:00:00,1959.6,1974.8,1954.0,1973.8,19.596,19.748,19.54,19.738,19.7380%,923.98,Binance BTCDOM index raw value divided by 100 for percent-style display; not CMC/CoinGecko/TradingView market-cap BTC dominance.
1696723200000,2023-10-08 00:00:00,2023-10-08 09:00:00,1973.9,1983.5,1966.1,1975.8,19.739,19.835,19.661,19.758,19.7580%,1349.626,Binance BTCDOM index raw value divided by 100 for percent-style display; not CMC/CoinGecko/TradingView market-cap BTC dominance.
1696809600000,2023-10-09 00:00:00,2023-10-09 09:00:00,1975.8,2037.6,1971.4,2017.6,19.758,20.376,19.714,20.176,20.1760%,3257.629,Binance BTCDOM index raw value divided by 100 for percent-style display; not CMC/CoinGecko/TradingView market-cap BTC dominance.
1696896000000,2023-10-10 00:00:00,2023-10-10 09:00:00,2017.5,2027.7,2009.0,2014.9,20.175,20.277,20.09,20.149,20.1490%,1917.345,Binance BTCDOM index raw value divided by 100 for percent-style display; not CMC/CoinGecko/TradingView market-cap BTC dominance.
1696982400000,2023-10-11 00:00:00,2023-10-11 09:00:00,2015.0,2021.3,1977.4,1985.3,20.15,20.213,19.774,19.853,19.8530%,1575.039,Binance BTCDOM index raw value divided by 100 for percent-style display; not CMC/CoinGecko/TradingView market-cap BTC dominance.
1697068800000,2023-10-12 00:00:00,2023-10-12 09:00:00,1985.4,2030.0,1984.5,2006.9,19.854,20.3,19.845,20.069,20.0690%,1251.625,Binance BTCDOM index raw value divided by 100 for percent-style display; not CMC/CoinGecko/TradingView market-cap BTC dominance.
1697155200000,2023-10-13 00:00:00,2023-10-13 09:00:00,2007.0,2013.3,1989.1,1997.4,20.07,20.133,19.891,19.974,19.9740%,832.057,Binance BTCDOM index raw value divided by 100 for percent-style display; not CMC/CoinGecko/TradingView market-cap BTC dominance.
1697241600000,2023-10-14 00:00:00,2023-10-14 09:00:00,1997.4,2003.1,1988.4,1991.1,19.974,20.031,19.884,19.911,19.9110%,552.833,Binance BTCDOM index raw value divided by 100 for percent-style display; not CMC/CoinGecko/TradingView market-cap BTC dominance.
1697328000000,2023-10-15 00:00:00,2023-10-15 09:00:00,1991.1,2009.6,1989.4,2007.6,19.911,20.096,19.894,20.076,20.0760%,1016.765,Binance BTCDOM index raw value divided by 100 for percent-style display; not CMC/CoinGecko/TradingView market-cap BTC dominance.
1697414400000,2023-10-16 00:00:00,2023-10-16 09:00:00,2007.7,2130.9,2003.2,2053.9,20.077,21.309,20.032,20.539,20.5390%,5174.153,Binance BTCDOM index raw value divided by 100 for percent-style display; not CMC/CoinGecko/TradingView market-cap BTC dominance.
1697500800000,2023-10-17 00:00:00,2023-10-17 09:00:00,2053.8,2096.1,2039.7,2084.8,20.538,20.961,20.397,20.848,20.8480%,1826.149,Binance BTCDOM index raw value divided by 100 for percent-style display; not CMC/CoinGecko/TradingView market-cap BTC dominance.
1697587200000,2023-10-18 00:00:00,2023-10-18 09:00:00,2084.8,2107.5,2065.7,2087.1,20.848,21.075,20.657,20.871,20.8710%,1522.962,Binance BTCDOM index raw value divided by 100 for percent-style display; not CMC/CoinGecko/TradingView market-cap BTC dominance.
1697673600000,2023-10-19 00:00:00,2023-10-19 09:00:00,2087.1,2120.4,2085.9,2093.3,20.871,21.204,20.859,20.933,20.9330%,2190.801,Binance BTCDOM index raw value divided by 100 for percent-style display; not CMC/CoinGecko/TradingView market-cap BTC dominance.
1697760000000,2023-10-20 00:00:00,2023-10-20 09:00:00,2093.3,2126.7,2086.0,2121.3,20.933,21.267,20.86,21.213,21.2130%,2490.773,Binance BTCDOM index raw value divided by 100 for percent-style display; not CMC/CoinGecko/TradingView market-cap BTC dominance.
1697846400000,2023-10-21 00:00:00,2023-10-21 09:00:00,2121.2,2122.6,2092.1,2093.3,21.212,21.226,20.921,20.933,20.9330%,1092.616,Binance BTCDOM index raw value divided by 100 for percent-style display; not CMC/CoinGecko/TradingView market-cap BTC dominance.
1697932800000,2023-10-22 00:00:00,2023-10-22 09:00:00,2093.3,2104.8,2060.7,2064.8,20.933,21.048,20.607,20.648,20.6480%,1787.721,Binance BTCDOM index raw value divided by 100 for percent-style display; not CMC/CoinGecko/TradingView market-cap BTC dominance.
1698019200000,2023-10-23 00:00:00,2023-10-23 09:00:00,2064.7,2378.9,2057.6,2149.6,20.647,23.789,20.576,21.496,21.4960%,5406.344,Binance BTCDOM index raw value divided by 100 for percent-style display; not CMC/CoinGecko/TradingView market-cap BTC dominance.
1698105600000,2023-10-24 00:00:00,2023-10-24 09:00:00,2149.7,2232.3,2140.1,2196.3,21.497,22.323,21.401,21.963,21.9630%,5020.687,Binance BTCDOM index raw value divided by 100 for percent-style display; not CMC/CoinGecko/TradingView market-cap BTC dominance.
1698192000000,2023-10-25 00:00:00,2023-10-25 09:00:00,2196.6,2243.9,2187.8,2227.1,21.966,22.439,21.878,22.271,22.2710%,1807.584,Binance BTCDOM index raw value divided by 100 for percent-style display; not CMC/CoinGecko/TradingView market-cap BTC dominance.
1698278400000,2023-10-26 00:00:00,2023-10-26 09:00:00,2227.1,2239.9,2163.8,2192.4,22.271,22.399,21.638,21.924,21.9240%,2829.882,Binance BTCDOM index raw value divided by 100 for percent-style display; not CMC/CoinGecko/TradingView market-cap BTC dominance.
1698364800000,2023-10-27 00:00:00,2023-10-27 09:00:00,2192.3,2213.4,2190.0,2204.8,21.923,22.134,21.9,22.048,22.0480%,932.174,Binance BTCDOM index raw value divided by 100 for percent-style display; not CMC/CoinGecko/TradingView market-cap BTC dominance.
1698451200000,2023-10-28 00:00:00,2023-10-28 09:00:00,2204.3,2218.6,2194.7,2213.0,22.043,22.186,21.947,22.13,22.1300%,602.45,Binance BTCDOM index raw value divided by 100 for percent-style display; not CMC/CoinGecko/TradingView market-cap BTC dominance.
1698537600000,2023-10-29 00:00:00,2023-10-29 09:00:00,2213.0,2224.5,2202.1,2211.0,22.13,22.245,22.021,22.11,22.1100%,723.703,Binance BTCDOM index raw value divided by 100 for percent-style display; not CMC/CoinGecko/TradingView market-cap BTC dominance.
1698624000000,2023-10-30 00:00:00,2023-10-30 09:00:00,2211.1,2215.2,2175.6,2179.3,22.111,22.152,21.756,21.793,21.7930%,2176.032,Binance BTCDOM index raw value divided by 100 for percent-style display; not CMC/CoinGecko/TradingView market-cap BTC dominance.
1698710400000,2023-10-31 00:00:00,2023-10-31 09:00:00,2179.4,2196.9,2160.6,2177.0,21.794,21.969,21.606,21.77,21.7700%,899.599,Binance BTCDOM index raw value divided by 100 for percent-style display; not CMC/CoinGecko/TradingView market-cap BTC dominance.
1698796800000,2023-11-01 00:00:00,2023-11-01 09:00:00,2176.9,2196.7,2131.2,2180.0,21.769,21.967,21.312,21.8,21.8000%,1493.852,Binance BTCDOM index raw value divided by 100 for percent-style display; not CMC/CoinGecko/TradingView market-cap BTC dominance.
1698883200000,2023-11-02 00:00:00,2023-11-02 09:00:00,2179.8,2190.6,2160.0,2187.8,21.798,21.906,21.6,21.878,21.8780%,1092.112,Binance BTCDOM index raw value divided by 100 for percent-style display; not CMC/CoinGecko/TradingView market-cap BTC dominance.
1698969600000,2023-11-03 00:00:00,2023-11-03 09:00:00,2188.2,2198.4,2146.0,2152.0,21.882,21.984,21.46,21.52,21.5200%,1453.319,Binance BTCDOM index raw value divided by 100 for percent-style display; not CMC/CoinGecko/TradingView market-cap BTC dominance.
1699056000000,2023-11-04 00:00:00,2023-11-04 09:00:00,2152.1,2158.8,2133.0,2140.1,21.521,21.588,21.33,21.401,21.4010%,1105.211,Binance BTCDOM index raw value divided by 100 for percent-style display; not CMC/CoinGecko/TradingView market-cap BTC dominance.
1699142400000,2023-11-05 00:00:00,2023-11-05 09:00:00,2140.4,2144.0,2085.2,2088.7,21.404,21.44,20.852,20.887,20.8870%,1647.188,Binance BTCDOM index raw value divided by 100 for percent-style display; not CMC/CoinGecko/TradingView market-cap BTC dominance.
1699228800000,2023-11-06 00:00:00,2023-11-06 09:00:00,2088.6,2096.5,2043.0,2045.5,20.886,20.965,20.43,20.455,20.4550%,1711.353,Binance BTCDOM index raw value divided by 100 for percent-style display; not CMC/CoinGecko/TradingView market-cap BTC dominance.
1699315200000,2023-11-07 00:00:00,2023-11-07 09:00:00,2045.8,2105.1,2045.4,2097.6,20.458,21.051,20.454,20.976,20.9760%,1818.987,Binance BTCDOM index raw value divided by 100 for percent-style display; not CMC/CoinGecko/TradingView market-cap BTC dominance.
1699401600000,2023-11-08 00:00:00,2023-11-08 09:00:00,2096.6,2110.7,2069.8,2092.5,20.966,21.107,20.698,20.925,20.9250%,1157.913,Binance BTCDOM index raw value divided by 100 for percent-style display; not CMC/CoinGecko/TradingView market-cap BTC dominance.
1699488000000,2023-11-09 00:00:00,2023-11-09 09:00:00,2092.9,2168.6,2011.4,2015.2,20.929,21.686,20.114,20.152,20.1520%,4534.001,Binance BTCDOM index raw value divided by 100 for percent-style display; not CMC/CoinGecko/TradingView market-cap BTC dominance.
1699574400000,2023-11-10 00:00:00,2023-11-10 09:00:00,2014.6,2063.1,1994.0,2041.9,20.146,20.631,19.94,20.419,20.4190%,2159.958,Binance BTCDOM index raw value divided by 100 for percent-style display; not CMC/CoinGecko/TradingView market-cap BTC dominance.
1699660800000,2023-11-11 00:00:00,2023-11-11 09:00:00,2041.5,2074.2,2002.9,2040.0,20.415,20.742,20.029,20.4,20.4000%,1506.888,Binance BTCDOM index raw value divided by 100 for percent-style display; not CMC/CoinGecko/TradingView market-cap BTC dominance.
1699747200000,2023-11-12 00:00:00,2023-11-12 09:00:00,2040.1,2069.6,2024.6,2039.4,20.401,20.696,20.246,20.394,20.3940%,1425.635,Binance BTCDOM index raw value divided by 100 for percent-style display; not CMC/CoinGecko/TradingView market-cap BTC dominance.
1699833600000,2023-11-13 00:00:00,2023-11-13 09:00:00,2040.2,2050.7,1992.0,2031.5,20.402,20.507,19.92,20.315,20.3150%,2337.236,Binance BTCDOM index raw value divided by 100 for percent-style display; not CMC/CoinGecko/TradingView market-cap BTC dominance.
1699920000000,2023-11-14 00:00:00,2023-11-14 09:00:00,2031.5,2065.0,2009.5,2033.8,20.315,20.65,20.095,20.338,20.3380%,1641.583,Binance BTCDOM index raw value divided by 100 for percent-style display; not CMC/CoinGecko/TradingView market-cap BTC dominance.
1700006400000,2023-11-15 00:00:00,2023-11-15 09:00:00,2033.8,2080.0,2010.2,2072.2,20.338,20.8,20.102,20.722,20.7220%,1494.185,Binance BTCDOM index raw value divided by 100 for percent-style display; not CMC/CoinGecko/TradingView market-cap BTC dominance.
1700092800000,2023-11-16 00:00:00,2023-11-16 09:00:00,2072.2,2093.1,2025.4,2081.7,20.722,20.931,20.254,20.817,20.8170%,1615.062,Binance BTCDOM index raw value divided by 100 for percent-style display; not CMC/CoinGecko/TradingView market-cap BTC dominance.
1700179200000,2023-11-17 00:00:00,2023-11-17 09:00:00,2081.7,2151.0,2066.0,2104.9,20.817,21.51,20.66,21.049,21.0490%,3362.773,Binance BTCDOM index raw value divided by 100 for percent-style display; not CMC/CoinGecko/TradingView market-cap BTC dominance.
1700265600000,2023-11-18 00:00:00,2023-11-18 09:00:00,2104.9,2149.5,2100.9,2106.4,21.049,21.495,21.009,21.064,21.0640%,3415.562,Binance BTCDOM index raw value divided by 100 for percent-style display; not CMC/CoinGecko/TradingView market-cap BTC dominance.
1700352000000,2023-11-19 00:00:00,2023-11-19 09:00:00,2106.1,2125.6,2052.6,2099.4,21.061,21.256,20.526,20.994,20.9940%,2550.481,Binance BTCDOM index raw value divided by 100 for percent-style display; not CMC/CoinGecko/TradingView market-cap BTC dominance.
1700438400000,2023-11-20 00:00:00,2023-11-20 09:00:00,2099.3,2120.6,2008.1,2115.0,20.993,21.206,20.081,21.15,21.1500%,2100.967,Binance BTCDOM index raw value divided by 100 for percent-style display; not CMC/CoinGecko/TradingView market-cap BTC dominance.
1700524800000,2023-11-21 00:00:00,2023-11-21 09:00:00,2115.0,2189.5,2092.4,2147.1,21.15,21.895,20.924,21.471,21.4710%,3678.504,Binance BTCDOM index raw value divided by 100 for percent-style display; not CMC/CoinGecko/TradingView market-cap BTC dominance.
1700611200000,2023-11-22 00:00:00,2023-11-22 09:00:00,2147.1,2147.1,2083.7,2107.8,21.471,21.471,20.837,21.078,21.0780%,1462.312,Binance BTCDOM index raw value divided by 100 for percent-style display; not CMC/CoinGecko/TradingView market-cap BTC dominance.
1700697600000,2023-11-23 00:00:00,2023-11-23 09:00:00,2106.9,2113.7,2080.0,2098.5,21.069,21.137,20.8,20.985,20.9850%,884.105,Binance BTCDOM index raw value divided by 100 for percent-style display; not CMC/CoinGecko/TradingView market-cap BTC dominance.
1700784000000,2023-11-24 00:00:00,2023-11-24 09:00:00,2098.3,2117.9,2075.7,2105.0,20.983,21.179,20.757,21.05,21.0500%,1008.915,Binance BTCDOM index raw value divided by 100 for percent-style display; not CMC/CoinGecko/TradingView market-cap BTC dominance.
1700870400000,2023-11-25 00:00:00,2023-11-25 09:00:00,2105.1,2110.4,2093.1,2094.3,21.051,21.104,20.931,20.943,20.9430%,395.868,Binance BTCDOM index raw value divided by 100 for percent-style display; not CMC/CoinGecko/TradingView market-cap BTC dominance.
1700956800000,2023-11-26 00:00:00,2023-11-26 09:00:00,2094.2,2119.1,2080.8,2100.2,20.942,21.191,20.808,21.002,21.0020%,697.846,Binance BTCDOM index raw value divided by 100 for percent-style display; not CMC/CoinGecko/TradingView market-cap BTC dominance.
1701043200000,2023-11-27 00:00:00,2023-11-27 09:00:00,2100.2,2146.4,2094.3,2129.1,21.002,21.464,20.943,21.291,21.2910%,1186.2,Binance BTCDOM index raw value divided by 100 for percent-style display; not CMC/CoinGecko/TradingView market-cap BTC dominance.
1701129600000,2023-11-28 00:00:00,2023-11-28 09:00:00,2129.8,2149.0,2122.0,2134.3,21.298,21.49,21.22,21.343,21.3430%,1044.301,Binance BTCDOM index raw value divided by 100 for percent-style display; not CMC/CoinGecko/TradingView market-cap BTC dominance.
1701216000000,2023-11-29 00:00:00,2023-11-29 09:00:00,2134.2,2152.0,2131.5,2149.0,21.342,21.52,21.315,21.49,21.4900%,755.117,Binance BTCDOM index raw value divided by 100 for percent-style display; not CMC/CoinGecko/TradingView market-cap BTC dominance.
1701302400000,2023-11-30 00:00:00,2023-11-30 09:00:00,2149.0,2151.3,2125.2,2126.8,21.49,21.513,21.252,21.268,21.2680%,510.178,Binance BTCDOM index raw value divided by 100 for percent-style display; not CMC/CoinGecko/TradingView market-cap BTC dominance.
1701388800000,2023-12-01 00:00:00,2023-12-01 09:00:00,2126.7,2153.1,2107.6,2147.2,21.267,21.531,21.076,21.472,21.4720%,811.835,Binance BTCDOM index raw value divided by 100 for percent-style display; not CMC/CoinGecko/TradingView market-cap BTC dominance.
1701475200000,2023-12-02 00:00:00,2023-12-02 09:00:00,2147.2,2148.3,2103.3,2123.2,21.472,21.483,21.033,21.232,21.2320%,990.751,Binance BTCDOM index raw value divided by 100 for percent-style display; not CMC/CoinGecko/TradingView market-cap BTC dominance.
1701561600000,2023-12-03 00:00:00,2023-12-03 09:00:00,2123.4,2154.9,2114.0,2140.6,21.234,21.549,21.14,21.406,21.4060%,697.118,Binance BTCDOM index raw value divided by 100 for percent-style display; not CMC/CoinGecko/TradingView market-cap BTC dominance.
1701648000000,2023-12-04 00:00:00,2023-12-04 09:00:00,2140.6,2233.0,2137.1,2205.4,21.406,22.33,21.371,22.054,22.0540%,1948.73,Binance BTCDOM index raw value divided by 100 for percent-style display; not CMC/CoinGecko/TradingView market-cap BTC dominance.
1701734400000,2023-12-05 00:00:00,2023-12-05 09:00:00,2205.6,2312.3,2192.0,2283.0,22.056,23.123,21.92,22.83,22.8300%,1857.748,Binance BTCDOM index raw value divided by 100 for percent-style display; not CMC/CoinGecko/TradingView market-cap BTC dominance.
1701820800000,2023-12-06 00:00:00,2023-12-06 09:00:00,2283.0,2302.0,2250.4,2296.1,22.83,23.02,22.504,22.961,22.9610%,1303.974,Binance BTCDOM index raw value divided by 100 for percent-style display; not CMC/CoinGecko/TradingView market-cap BTC dominance.
1701907200000,2023-12-07 00:00:00,2023-12-07 09:00:00,2296.2,2297.5,2170.8,2177.4,22.962,22.975,21.708,21.774,21.7740%,2127.913,Binance BTCDOM index raw value divided by 100 for percent-style display; not CMC/CoinGecko/TradingView market-cap BTC dominance.
1701993600000,2023-12-08 00:00:00,2023-12-08 09:00:00,2177.3,2185.5,2151.2,2166.1,21.773,21.855,21.512,21.661,21.6610%,2019.189,Binance BTCDOM index raw value divided by 100 for percent-style display; not CMC/CoinGecko/TradingView market-cap BTC dominance.
1702080000000,2023-12-09 00:00:00,2023-12-09 09:00:00,2166.0,2167.7,2105.3,2157.1,21.66,21.677,21.053,21.571,21.5710%,2559.818,Binance BTCDOM index raw value divided by 100 for percent-style display; not CMC/CoinGecko/TradingView market-cap BTC dominance.
1702166400000,2023-12-10 00:00:00,2023-12-10 09:00:00,2157.5,2175.8,2123.3,2139.5,21.575,21.758,21.233,21.395,21.3950%,1032.327,Binance BTCDOM index raw value divided by 100 for percent-style display; not CMC/CoinGecko/TradingView market-cap BTC dominance.
1702252800000,2023-12-11 00:00:00,2023-12-11 09:00:00,2139.5,2321.9,2107.5,2130.4,21.395,23.219,21.075,21.304,21.3040%,3884.169,Binance BTCDOM index raw value divided by 100 for percent-style display; not CMC/CoinGecko/TradingView market-cap BTC dominance.
1702339200000,2023-12-12 00:00:00,2023-12-12 09:00:00,2129.8,2160.0,2123.6,2146.4,21.298,21.6,21.236,21.464,21.4640%,810.626,Binance BTCDOM index raw value divided by 100 for percent-style display; not CMC/CoinGecko/TradingView market-cap BTC dominance.
1702425600000,2023-12-13 00:00:00,2023-12-13 09:00:00,2146.6,2184.7,2139.5,2164.7,21.466,21.847,21.395,21.647,21.6470%,1291.24,Binance BTCDOM index raw value divided by 100 for percent-style display; not CMC/CoinGecko/TradingView market-cap BTC dominance.
1702512000000,2023-12-14 00:00:00,2023-12-14 09:00:00,2164.7,2174.5,2125.7,2130.8,21.647,21.745,21.257,21.308,21.3080%,1350.531,Binance BTCDOM index raw value divided by 100 for percent-style display; not CMC/CoinGecko/TradingView market-cap BTC dominance.
1702598400000,2023-12-15 00:00:00,2023-12-15 09:00:00,2130.7,2177.6,2120.0,2166.0,21.307,21.776,21.2,21.66,21.6600%,1096.113,Binance BTCDOM index raw value divided by 100 for percent-style display; not CMC/CoinGecko/TradingView market-cap BTC dominance.
1702684800000,2023-12-16 00:00:00,2023-12-16 09:00:00,2166.0,2171.4,2145.2,2161.5,21.66,21.714,21.452,21.615,21.6150%,843.906,Binance BTCDOM index raw value divided by 100 for percent-style display; not CMC/CoinGecko/TradingView market-cap BTC dominance.
1702771200000,2023-12-17 00:00:00,2023-12-17 09:00:00,2161.7,2172.0,2148.4,2160.2,21.617,21.72,21.484,21.602,21.6020%,602.131,Binance BTCDOM index raw value divided by 100 for percent-style display; not CMC/CoinGecko/TradingView market-cap BTC dominance.
1702857600000,2023-12-18 00:00:00,2023-12-18 09:00:00,2160.6,2214.8,2151.8,2197.9,21.606,22.148,21.518,21.979,21.9790%,1897.166,Binance BTCDOM index raw value divided by 100 for percent-style display; not CMC/CoinGecko/TradingView market-cap BTC dominance.
1702944000000,2023-12-19 00:00:00,2023-12-19 09:00:00,2197.9,2226.9,2187.8,2212.2,21.979,22.269,21.878,22.122,22.1220%,1097.289,Binance BTCDOM index raw value divided by 100 for percent-style display; not CMC/CoinGecko/TradingView market-cap BTC dominance.
1703030400000,2023-12-20 00:00:00,2023-12-20 09:00:00,2212.1,2259.3,2194.2,2237.7,22.121,22.593,21.942,22.377,22.3770%,1119.45,Binance BTCDOM index raw value divided by 100 for percent-style display; not CMC/CoinGecko/TradingView market-cap BTC dominance.
1703116800000,2023-12-21 00:00:00,2023-12-21 09:00:00,2237.7,2253.9,2169.1,2174.8,22.377,22.539,21.691,21.748,21.7480%,1034.516,Binance BTCDOM index raw value divided by 100 for percent-style display; not CMC/CoinGecko/TradingView market-cap BTC dominance.
1703203200000,2023-12-22 00:00:00,2023-12-22 09:00:00,2174.8,2177.9,2110.5,2126.2,21.748,21.779,21.105,21.262,21.2620%,1529.939,Binance BTCDOM index raw value divided by 100 for percent-style display; not CMC/CoinGecko/TradingView market-cap BTC dominance.
1703289600000,2023-12-23 00:00:00,2023-12-23 09:00:00,2126.8,2162.1,2104.4,2110.8,21.268,21.621,21.044,21.108,21.1080%,1136.143,Binance BTCDOM index raw value divided by 100 for percent-style display; not CMC/CoinGecko/TradingView market-cap BTC dominance.
1703376000000,2023-12-24 00:00:00,2023-12-24 09:00:00,2111.2,2124.3,2095.7,2104.2,21.112,21.243,20.957,21.042,21.0420%,1438.256,Binance BTCDOM index raw value divided by 100 for percent-style display; not CMC/CoinGecko/TradingView market-cap BTC dominance.
1703462400000,2023-12-25 00:00:00,2023-12-25 09:00:00,2104.2,2112.2,2084.9,2096.2,21.042,21.122,20.849,20.962,20.9620%,1074.186,Binance BTCDOM index raw value divided by 100 for percent-style display; not CMC/CoinGecko/TradingView market-cap BTC dominance.
1703548800000,2023-12-26 00:00:00,2023-12-26 09:00:00,2096.2,2109.0,2056.7,2066.0,20.962,21.09,20.567,20.66,20.6600%,2131.147,Binance BTCDOM index raw value divided by 100 for percent-style display; not CMC/CoinGecko/TradingView market-cap BTC dominance.
1703635200000,2023-12-27 00:00:00,2023-12-27 09:00:00,2065.6,2085.7,2004.4,2012.3,20.656,20.857,20.044,20.123,20.1230%,2093.704,Binance BTCDOM index raw value divided by 100 for percent-style display; not CMC/CoinGecko/TradingView market-cap BTC dominance.
1703721600000,2023-12-28 00:00:00,2023-12-28 09:00:00,2011.9,2013.5,1970.1,2002.1,20.119,20.135,19.701,20.021,20.0210%,3076.225,Binance BTCDOM index raw value divided by 100 for percent-style display; not CMC/CoinGecko/TradingView market-cap BTC dominance.
1703808000000,2023-12-29 00:00:00,2023-12-29 09:00:00,2002.2,2019.6,1983.5,2009.0,20.022,20.196,19.835,20.09,20.0900%,1715.585,Binance BTCDOM index raw value divided by 100 for percent-style display; not CMC/CoinGecko/TradingView market-cap BTC dominance.
1703894400000,2023-12-30 00:00:00,2023-12-30 09:00:00,2008.9,2028.2,1997.6,2019.4,20.089,20.282,19.976,20.194,20.1940%,731.375,Binance BTCDOM index raw value divided by 100 for percent-style display; not CMC/CoinGecko/TradingView market-cap BTC dominance.
1703980800000,2023-12-31 00:00:00,2023-12-31 09:00:00,2018.9,2052.9,2011.5,2034.3,20.189,20.529,20.115,20.343,20.3430%,994.267,Binance BTCDOM index raw value divided by 100 for percent-style display; not CMC/CoinGecko/TradingView market-cap BTC dominance.
1704067200000,2024-01-01 00:00:00,2024-01-01 09:00:00,2034.3,2060.2,2021.9,2057.3,20.343,20.602,20.219,20.573,20.5730%,1274.528,Binance BTCDOM index raw value divided by 100 for percent-style display; not CMC/CoinGecko/TradingView market-cap BTC dominance.
1704153600000,2024-01-02 00:00:00,2024-01-02 09:00:00,2057.5,2120.0,2056.4,2108.5,20.575,21.2,20.564,21.085,21.0850%,1759.289,Binance BTCDOM index raw value divided by 100 for percent-style display; not CMC/CoinGecko/TradingView market-cap BTC dominance.
1704240000000,2024-01-03 00:00:00,2024-01-03 09:00:00,2108.9,2228.0,2067.4,2141.7,21.089,22.28,20.674,21.417,21.4170%,4667.932,Binance BTCDOM index raw value divided by 100 for percent-style display; not CMC/CoinGecko/TradingView market-cap BTC dominance.
1704326400000,2024-01-04 00:00:00,2024-01-04 09:00:00,2142.0,2166.2,2116.6,2152.6,21.42,21.662,21.166,21.526,21.5260%,1975.901,Binance BTCDOM index raw value divided by 100 for percent-style display; not CMC/CoinGecko/TradingView market-cap BTC dominance.
1704412800000,2024-01-05 00:00:00,2024-01-05 09:00:00,2152.3,2201.0,2125.4,2185.3,21.523,22.01,21.254,21.853,21.8530%,2253.713,Binance BTCDOM index raw value divided by 100 for percent-style display; not CMC/CoinGecko/TradingView market-cap BTC dominance.
1704499200000,2024-01-06 00:00:00,2024-01-06 09:00:00,2184.8,2241.4,2184.3,2225.9,21.848,22.414,21.843,22.259,22.2590%,2326.116,Binance BTCDOM index raw value divided by 100 for percent-style display; not CMC/CoinGecko/TradingView market-cap BTC dominance.
1704585600000,2024-01-07 00:00:00,2024-01-07 09:00:00,2225.9,2279.2,2210.5,2265.7,22.259,22.792,22.105,22.657,22.6570%,2252.511,Binance BTCDOM index raw value divided by 100 for percent-style display; not CMC/CoinGecko/TradingView market-cap BTC dominance.
1704672000000,2024-01-08 00:00:00,2024-01-08 09:00:00,2265.8,2307.3,2246.2,2298.1,22.658,23.073,22.462,22.981,22.9810%,6124.53,Binance BTCDOM index raw value divided by 100 for percent-style display; not CMC/CoinGecko/TradingView market-cap BTC dominance.
1704758400000,2024-01-09 00:00:00,2024-01-09 09:00:00,2298.8,2380.0,2244.2,2272.9,22.988,23.8,22.442,22.729,22.7290%,7747.966,Binance BTCDOM index raw value divided by 100 for percent-style display; not CMC/CoinGecko/TradingView market-cap BTC dominance.
1704844800000,2024-01-10 00:00:00,2024-01-10 09:00:00,2272.9,2275.9,2124.0,2132.4,22.729,22.759,21.24,21.324,21.3240%,5731.861,Binance BTCDOM index raw value divided by 100 for percent-style display; not CMC/CoinGecko/TradingView market-cap BTC dominance.
1704931200000,2024-01-11 00:00:00,2024-01-11 09:00:00,2132.4,2168.7,2008.3,2097.8,21.324,21.687,20.083,20.978,20.9780%,8376.432,Binance BTCDOM index raw value divided by 100 for percent-style display; not CMC/CoinGecko/TradingView market-cap BTC dominance.
1705017600000,2024-01-12 00:00:00,2024-01-12 09:00:00,2097.8,2109.3,1968.0,2022.3,20.978,21.093,19.68,20.223,20.2230%,5135.61,Binance BTCDOM index raw value divided by 100 for percent-style display; not CMC/CoinGecko/TradingView market-cap BTC dominance.
1705104000000,2024-01-13 00:00:00,2024-01-13 09:00:00,2022.0,2042.3,1980.5,1983.5,20.22,20.423,19.805,19.835,19.8350%,2229.007,Binance BTCDOM index raw value divided by 100 for percent-style display; not CMC/CoinGecko/TradingView market-cap BTC dominance.
1705190400000,2024-01-14 00:00:00,2024-01-14 09:00:00,1983.2,2019.8,1983.1,1996.9,19.832,20.198,19.831,19.969,19.9690%,2040.359,Binance BTCDOM index raw value divided by 100 for percent-style display; not CMC/CoinGecko/TradingView market-cap BTC dominance.
1705276800000,2024-01-15 00:00:00,2024-01-15 09:00:00,1997.0,2010.0,1976.9,1999.9,19.97,20.1,19.769,19.999,19.9990%,1483.479,Binance BTCDOM index raw value divided by 100 for percent-style display; not CMC/CoinGecko/TradingView market-cap BTC dominance.
1705363200000,2024-01-16 00:00:00,2024-01-16 09:00:00,1999.9,2008.9,1984.8,1991.0,19.999,20.089,19.848,19.91,19.9100%,1210.817,Binance BTCDOM index raw value divided by 100 for percent-style display; not CMC/CoinGecko/TradingView market-cap BTC dominance.
1705449600000,2024-01-17 00:00:00,2024-01-17 09:00:00,1991.1,2003.7,1973.9,1999.7,19.911,20.037,19.739,19.997,19.9970%,1412.575,Binance BTCDOM index raw value divided by 100 for percent-style display; not CMC/CoinGecko/TradingView market-cap BTC dominance.
1705536000000,2024-01-18 00:00:00,2024-01-18 09:00:00,1999.7,2011.8,1983.4,1990.4,19.997,20.118,19.834,19.904,19.9040%,1577.568,Binance BTCDOM index raw value divided by 100 for percent-style display; not CMC/CoinGecko/TradingView market-cap BTC dominance.
1705622400000,2024-01-19 00:00:00,2024-01-19 09:00:00,1990.5,2014.2,1974.0,1993.2,19.905,20.142,19.74,19.932,19.9320%,1810.326,Binance BTCDOM index raw value divided by 100 for percent-style display; not CMC/CoinGecko/TradingView market-cap BTC dominance.
1705708800000,2024-01-20 00:00:00,2024-01-20 09:00:00,1993.7,2010.6,1988.0,1997.0,19.937,20.106,19.88,19.97,19.9700%,742.922,Binance BTCDOM index raw value divided by 100 for percent-style display; not CMC/CoinGecko/TradingView market-cap BTC dominance.
1705795200000,2024-01-21 00:00:00,2024-01-21 09:00:00,1996.9,2010.8,1990.3,2009.8,19.969,20.108,19.903,20.098,20.0980%,438.687,Binance BTCDOM index raw value divided by 100 for percent-style display; not CMC/CoinGecko/TradingView market-cap BTC dominance.
1705881600000,2024-01-22 00:00:00,2024-01-22 09:00:00,2009.8,2039.0,2000.9,2021.6,20.098,20.39,20.009,20.216,20.2160%,2423.477,Binance BTCDOM index raw value divided by 100 for percent-style display; not CMC/CoinGecko/TradingView market-cap BTC dominance.
1705968000000,2024-01-23 00:00:00,2024-01-23 09:00:00,2021.8,2103.3,2015.5,2086.5,20.218,21.033,20.155,20.865,20.8650%,3754.029,Binance BTCDOM index raw value divided by 100 for percent-style display; not CMC/CoinGecko/TradingView market-cap BTC dominance.
1706054400000,2024-01-24 00:00:00,2024-01-24 09:00:00,2086.5,2110.8,2086.2,2091.7,20.865,21.108,20.862,20.917,20.9170%,1618.12,Binance BTCDOM index raw value divided by 100 for percent-style display; not CMC/CoinGecko/TradingView market-cap BTC dominance.
1706140800000,2024-01-25 00:00:00,2024-01-25 09:00:00,2092.7,2119.0,2086.0,2100.8,20.927,21.19,20.86,21.008,21.0080%,1462.65,Binance BTCDOM index raw value divided by 100 for percent-style display; not CMC/CoinGecko/TradingView market-cap BTC dominance.
1706227200000,2024-01-26 00:00:00,2024-01-26 09:00:00,2100.8,2154.3,2092.3,2134.5,21.008,21.543,20.923,21.345,21.3450%,1239.242,Binance BTCDOM index raw value divided by 100 for percent-style display; not CMC/CoinGecko/TradingView market-cap BTC dominance.
1706313600000,2024-01-27 00:00:00,2024-01-27 09:00:00,2134.5,2144.5,2120.5,2140.1,21.345,21.445,21.205,21.401,21.4010%,649.95,Binance BTCDOM index raw value divided by 100 for percent-style display; not CMC/CoinGecko/TradingView market-cap BTC dominance.
1706400000000,2024-01-28 00:00:00,2024-01-28 09:00:00,2140.4,2149.7,2126.4,2142.2,21.404,21.497,21.264,21.422,21.4220%,763.679,Binance BTCDOM index raw value divided by 100 for percent-style display; not CMC/CoinGecko/TradingView market-cap BTC dominance.
1706486400000,2024-01-29 00:00:00,2024-01-29 09:00:00,2142.3,2159.9,2133.1,2143.0,21.423,21.599,21.331,21.43,21.4300%,851.978,Binance BTCDOM index raw value divided by 100 for percent-style display; not CMC/CoinGecko/TradingView market-cap BTC dominance.
1706572800000,2024-01-30 00:00:00,2024-01-30 09:00:00,2143.1,2161.5,2108.7,2126.5,21.431,21.615,21.087,21.265,21.2650%,1263.506,Binance BTCDOM index raw value divided by 100 for percent-style display; not CMC/CoinGecko/TradingView market-cap BTC dominance.
1706659200000,2024-01-31 00:00:00,2024-01-31 09:00:00,2126.2,2172.2,2124.4,2167.3,21.262,21.722,21.244,21.673,21.6730%,1520.671,Binance BTCDOM index raw value divided by 100 for percent-style display; not CMC/CoinGecko/TradingView market-cap BTC dominance.
1706745600000,2024-02-01 00:00:00,2024-02-01 09:00:00,2167.1,2175.2,2149.2,2167.1,21.671,21.752,21.492,21.671,21.6710%,1423.809,Binance BTCDOM index raw value divided by 100 for percent-style display; not CMC/CoinGecko/TradingView market-cap BTC dominance.
1706832000000,2024-02-02 00:00:00,2024-02-02 09:00:00,2167.2,2169.7,2143.6,2155.9,21.672,21.697,21.436,21.559,21.5590%,589.765,Binance BTCDOM index raw value divided by 100 for percent-style display; not CMC/CoinGecko/TradingView market-cap BTC dominance.
1706918400000,2024-02-03 00:00:00,2024-02-03 09:00:00,2156.0,2160.7,2144.5,2158.7,21.56,21.607,21.445,21.587,21.5870%,283.647,Binance BTCDOM index raw value divided by 100 for percent-style display; not CMC/CoinGecko/TradingView market-cap BTC dominance.
1707004800000,2024-02-04 00:00:00,2024-02-04 09:00:00,2158.7,2165.7,2145.5,2151.7,21.587,21.657,21.455,21.517,21.5170%,511.42,Binance BTCDOM index raw value divided by 100 for percent-style display; not CMC/CoinGecko/TradingView market-cap BTC dominance.
1707091200000,2024-02-05 00:00:00,2024-02-05 09:00:00,2151.8,2161.0,2136.2,2150.2,21.518,21.61,21.362,21.502,21.5020%,514.365,Binance BTCDOM index raw value divided by 100 for percent-style display; not CMC/CoinGecko/TradingView market-cap BTC dominance.
1707177600000,2024-02-06 00:00:00,2024-02-06 09:00:00,2150.2,2157.9,2123.3,2134.0,21.502,21.579,21.233,21.34,21.3400%,832.829,Binance BTCDOM index raw value divided by 100 for percent-style display; not CMC/CoinGecko/TradingView market-cap BTC dominance.
1707264000000,2024-02-07 00:00:00,2024-02-07 09:00:00,2134.0,2143.5,2111.1,2142.3,21.34,21.435,21.111,21.423,21.4230%,653.666,Binance BTCDOM index raw value divided by 100 for percent-style display; not CMC/CoinGecko/TradingView market-cap BTC dominance.
1707350400000,2024-02-08 00:00:00,2024-02-08 09:00:00,2142.2,2186.0,2141.4,2180.2,21.422,21.86,21.414,21.802,21.8020%,1162.647,Binance BTCDOM index raw value divided by 100 for percent-style display; not CMC/CoinGecko/TradingView market-cap BTC dominance.
1707436800000,2024-02-09 00:00:00,2024-02-09 09:00:00,2180.0,2243.1,2175.3,2211.7,21.8,22.431,21.753,22.117,22.1170%,1947.883,Binance BTCDOM index raw value divided by 100 for percent-style display; not CMC/CoinGecko/TradingView market-cap BTC dominance.
1707523200000,2024-02-10 00:00:00,2024-02-10 09:00:00,2211.7,2238.0,2198.7,2226.6,22.117,22.38,21.987,22.266,22.2660%,835.463,Binance BTCDOM index raw value divided by 100 for percent-style display; not CMC/CoinGecko/TradingView market-cap BTC dominance.
1707609600000,2024-02-11 00:00:00,2024-02-11 09:00:00,2226.5,2250.8,2216.2,2250.1,22.265,22.508,22.162,22.501,22.5010%,627.903,Binance BTCDOM index raw value divided by 100 for percent-style display; not CMC/CoinGecko/TradingView market-cap BTC dominance.
1707696000000,2024-02-12 00:00:00,2024-02-12 09:00:00,2250.3,2292.8,2222.9,2227.4,22.503,22.928,22.229,22.274,22.2740%,2643.65,Binance BTCDOM index raw value divided by 100 for percent-style display; not CMC/CoinGecko/TradingView market-cap BTC dominance.
1707782400000,2024-02-13 00:00:00,2024-02-13 09:00:00,2227.1,2239.9,2202.1,2238.0,22.271,22.399,22.021,22.38,22.3800%,2232.438,Binance BTCDOM index raw value divided by 100 for percent-style display; not CMC/CoinGecko/TradingView market-cap BTC dominance.
1707868800000,2024-02-14 00:00:00,2024-02-14 09:00:00,2238.1,2258.7,2218.5,2231.9,22.381,22.587,22.185,22.319,22.3190%,1542.856,Binance BTCDOM index raw value divided by 100 for percent-style display; not CMC/CoinGecko/TradingView market-cap BTC dominance.
1707955200000,2024-02-15 00:00:00,2024-02-15 09:00:00,2232.0,2243.8,2177.3,2195.7,22.32,22.438,21.773,21.957,21.9570%,1571.453,Binance BTCDOM index raw value divided by 100 for percent-style display; not CMC/CoinGecko/TradingView market-cap BTC dominance.
1708041600000,2024-02-16 00:00:00,2024-02-16 09:00:00,2195.5,2236.2,2180.6,2219.5,21.955,22.362,21.806,22.195,22.1950%,1156.384,Binance BTCDOM index raw value divided by 100 for percent-style display; not CMC/CoinGecko/TradingView market-cap BTC dominance.
1708128000000,2024-02-17 00:00:00,2024-02-17 09:00:00,2219.5,2230.0,2208.5,2211.8,22.195,22.3,22.085,22.118,22.1180%,675.674,Binance BTCDOM index raw value divided by 100 for percent-style display; not CMC/CoinGecko/TradingView market-cap BTC dominance.
1708214400000,2024-02-18 00:00:00,2024-02-18 09:00:00,2211.9,2217.2,2173.2,2178.8,22.119,22.172,21.732,21.788,21.7880%,861.902,Binance BTCDOM index raw value divided by 100 for percent-style display; not CMC/CoinGecko/TradingView market-cap BTC dominance.
1708300800000,2024-02-19 00:00:00,2024-02-19 09:00:00,2179.2,2184.9,2116.8,2128.2,21.792,21.849,21.168,21.282,21.2820%,1764.567,Binance BTCDOM index raw value divided by 100 for percent-style display; not CMC/CoinGecko/TradingView market-cap BTC dominance.
1708387200000,2024-02-20 00:00:00,2024-02-20 09:00:00,2128.2,2171.9,2118.8,2130.3,21.282,21.719,21.188,21.303,21.3030%,1888.127,Binance BTCDOM index raw value divided by 100 for percent-style display; not CMC/CoinGecko/TradingView market-cap BTC dominance.
1708473600000,2024-02-21 00:00:00,2024-02-21 09:00:00,2130.0,2166.8,2127.5,2141.8,21.3,21.668,21.275,21.418,21.4180%,1354.015,Binance BTCDOM index raw value divided by 100 for percent-style display; not CMC/CoinGecko/TradingView market-cap BTC dominance.
1708560000000,2024-02-22 00:00:00,2024-02-22 09:00:00,2141.7,2159.6,2110.2,2120.8,21.417,21.596,21.102,21.208,21.2080%,1591.869,Binance BTCDOM index raw value divided by 100 for percent-style display; not CMC/CoinGecko/TradingView market-cap BTC dominance.
1708646400000,2024-02-23 00:00:00,2024-02-23 09:00:00,2121.1,2145.7,2113.2,2127.1,21.211,21.457,21.132,21.271,21.2710%,1256.015,Binance BTCDOM index raw value divided by 100 for percent-style display; not CMC/CoinGecko/TradingView market-cap BTC dominance.
1708732800000,2024-02-24 00:00:00,2024-02-24 09:00:00,2127.1,2138.0,2102.7,2110.5,21.271,21.38,21.027,21.105,21.1050%,942.911,Binance BTCDOM index raw value divided by 100 for percent-style display; not CMC/CoinGecko/TradingView market-cap BTC dominance.
1708819200000,2024-02-25 00:00:00,2024-02-25 09:00:00,2110.8,2115.7,2057.5,2064.8,21.108,21.157,20.575,20.648,20.6480%,1209.842,Binance BTCDOM index raw value divided by 100 for percent-style display; not CMC/CoinGecko/TradingView market-cap BTC dominance.
1708905600000,2024-02-26 00:00:00,2024-02-26 09:00:00,2064.5,2132.0,2052.5,2117.9,20.645,21.32,20.525,21.179,21.1790%,1832.169,Binance BTCDOM index raw value divided by 100 for percent-style display; not CMC/CoinGecko/TradingView market-cap BTC dominance.
1708992000000,2024-02-27 00:00:00,2024-02-27 09:00:00,2118.1,2196.1,2115.7,2183.2,21.181,21.961,21.157,21.832,21.8320%,2183.121,Binance BTCDOM index raw value divided by 100 for percent-style display; not CMC/CoinGecko/TradingView market-cap BTC dominance.
1709078400000,2024-02-28 00:00:00,2024-02-28 09:00:00,2183.1,2350.0,2173.8,2292.9,21.831,23.5,21.738,22.929,22.9290%,4856.917,Binance BTCDOM index raw value divided by 100 for percent-style display; not CMC/CoinGecko/TradingView market-cap BTC dominance.
1709164800000,2024-02-29 00:00:00,2024-02-29 09:00:00,2292.9,2299.0,2207.9,2259.4,22.929,22.99,22.079,22.594,22.5940%,2900.147,Binance BTCDOM index raw value divided by 100 for percent-style display; not CMC/CoinGecko/TradingView market-cap BTC dominance.
1709251200000,2024-03-01 00:00:00,2024-03-01 09:00:00,2259.4,2262.2,2215.1,2229.0,22.594,22.622,22.151,22.29,22.2900%,1432.36,Binance BTCDOM index raw value divided by 100 for percent-style display; not CMC/CoinGecko/TradingView market-cap BTC dominance.
1709337600000,2024-03-02 00:00:00,2024-03-02 09:00:00,2229.0,2232.1,2182.2,2182.4,22.29,22.321,21.822,21.824,21.8240%,1508.384,Binance BTCDOM index raw value divided by 100 for percent-style display; not CMC/CoinGecko/TradingView market-cap BTC dominance.
1709424000000,2024-03-03 00:00:00,2024-03-03 09:00:00,2182.1,2234.6,2173.4,2198.0,21.821,22.346,21.734,21.98,21.9800%,2222.947,Binance BTCDOM index raw value divided by 100 for percent-style display; not CMC/CoinGecko/TradingView market-cap BTC dominance.
1709510400000,2024-03-04 00:00:00,2024-03-04 09:00:00,2197.7,2306.6,2190.9,2297.0,21.977,23.066,21.909,22.97,22.9700%,3336.638,Binance BTCDOM index raw value divided by 100 for percent-style display; not CMC/CoinGecko/TradingView market-cap BTC dominance.
1709596800000,2024-03-05 00:00:00,2024-03-05 09:00:00,2297.0,2307.1,2173.9,2232.5,22.97,23.071,21.739,22.325,22.3250%,6835.77,Binance BTCDOM index raw value divided by 100 for percent-style display; not CMC/CoinGecko/TradingView market-cap BTC dominance.
1709683200000,2024-03-06 00:00:00,2024-03-06 09:00:00,2232.8,2248.5,2160.7,2164.2,22.328,22.485,21.607,21.642,21.6420%,3115.801,Binance BTCDOM index raw value divided by 100 for percent-style display; not CMC/CoinGecko/TradingView market-cap BTC dominance.
1709769600000,2024-03-07 00:00:00,2024-03-07 09:00:00,2164.2,2195.7,2130.0,2133.9,21.642,21.957,21.3,21.339,21.3390%,2052.632,Binance BTCDOM index raw value divided by 100 for percent-style display; not CMC/CoinGecko/TradingView market-cap BTC dominance.
1709856000000,2024-03-08 00:00:00,2024-03-08 09:00:00,2133.9,2179.6,2106.9,2165.3,21.339,21.796,21.069,21.653,21.6530%,3259.327,Binance BTCDOM index raw value divided by 100 for percent-style display; not CMC/CoinGecko/TradingView market-cap BTC dominance.
1709942400000,2024-03-09 00:00:00,2024-03-09 09:00:00,2165.8,2168.0,2138.6,2156.4,21.658,21.68,21.386,21.564,21.5640%,1275.662,Binance BTCDOM index raw value divided by 100 for percent-style display; not CMC/CoinGecko/TradingView market-cap BTC dominance.
1710028800000,2024-03-10 00:00:00,2024-03-10 09:00:00,2156.4,2205.1,2149.7,2181.7,21.564,22.051,21.497,21.817,21.8170%,1770.613,Binance BTCDOM index raw value divided by 100 for percent-style display; not CMC/CoinGecko/TradingView market-cap BTC dominance.
1710115200000,2024-03-11 00:00:00,2024-03-11 09:00:00,2181.8,2221.6,2170.4,2172.5,21.818,22.216,21.704,21.725,21.7250%,2536.445,Binance BTCDOM index raw value divided by 100 for percent-style display; not CMC/CoinGecko/TradingView market-cap BTC dominance.
1710201600000,2024-03-12 00:00:00,2024-03-12 09:00:00,2172.5,2217.4,2163.2,2196.1,21.725,22.174,21.632,21.961,21.9610%,2468.144,Binance BTCDOM index raw value divided by 100 for percent-style display; not CMC/CoinGecko/TradingView market-cap BTC dominance.
1710288000000,2024-03-13 00:00:00,2024-03-13 09:00:00,2196.1,2223.1,2188.0,2193.6,21.961,22.231,21.88,21.936,21.9360%,1324.724,Binance BTCDOM index raw value divided by 100 for percent-style display; not CMC/CoinGecko/TradingView market-cap BTC dominance.
1710374400000,2024-03-14 00:00:00,2024-03-14 09:00:00,2193.0,2220.5,2180.2,2181.5,21.93,22.205,21.802,21.815,21.8150%,1992.317,Binance BTCDOM index raw value divided by 100 for percent-style display; not CMC/CoinGecko/TradingView market-cap BTC dominance.
1710460800000,2024-03-15 00:00:00,2024-03-15 09:00:00,2181.1,2209.3,2159.7,2180.6,21.811,22.093,21.597,21.806,21.8060%,3391.062,Binance BTCDOM index raw value divided by 100 for percent-style display; not CMC/CoinGecko/TradingView market-cap BTC dominance.
1710547200000,2024-03-16 00:00:00,2024-03-16 09:00:00,2180.6,2219.2,2156.7,2187.5,21.806,22.192,21.567,21.875,21.8750%,2688.816,Binance BTCDOM index raw value divided by 100 for percent-style display; not CMC/CoinGecko/TradingView market-cap BTC dominance.
1710633600000,2024-03-17 00:00:00,2024-03-17 09:00:00,2187.5,2242.0,2184.3,2212.5,21.875,22.42,21.843,22.125,22.1250%,3026.736,Binance BTCDOM index raw value divided by 100 for percent-style display; not CMC/CoinGecko/TradingView market-cap BTC dominance.
1710720000000,2024-03-18 00:00:00,2024-03-18 09:00:00,2212.5,2270.0,2207.1,2250.2,22.125,22.7,22.071,22.502,22.5020%,2270.858,Binance BTCDOM index raw value divided by 100 for percent-style display; not CMC/CoinGecko/TradingView market-cap BTC dominance.
1710806400000,2024-03-19 00:00:00,2024-03-19 09:00:00,2251.0,2314.2,2250.7,2300.2,22.51,23.142,22.507,23.002,23.0020%,5324.935,Binance BTCDOM index raw value divided by 100 for percent-style display; not CMC/CoinGecko/TradingView market-cap BTC dominance.
1710892800000,2024-03-20 00:00:00,2024-03-20 09:00:00,2300.2,2328.5,2241.1,2273.1,23.002,23.285,22.411,22.731,22.7310%,4486.479,Binance BTCDOM index raw value divided by 100 for percent-style display; not CMC/CoinGecko/TradingView market-cap BTC dominance.
1710979200000,2024-03-21 00:00:00,2024-03-21 09:00:00,2272.5,2281.0,2206.7,2213.9,22.725,22.81,22.067,22.139,22.1390%,2954.342,Binance BTCDOM index raw value divided by 100 for percent-style display; not CMC/CoinGecko/TradingView market-cap BTC dominance.
1711065600000,2024-03-22 00:00:00,2024-03-22 09:00:00,2213.9,2246.6,2208.0,2229.3,22.139,22.466,22.08,22.293,22.2930%,2517.738,Binance BTCDOM index raw value divided by 100 for percent-style display; not CMC/CoinGecko/TradingView market-cap BTC dominance.
1711152000000,2024-03-23 00:00:00,2024-03-23 09:00:00,2229.3,2248.8,2220.7,2235.0,22.293,22.488,22.207,22.35,22.3500%,1499.007,Binance BTCDOM index raw value divided by 100 for percent-style display; not CMC/CoinGecko/TradingView market-cap BTC dominance.
1711238400000,2024-03-24 00:00:00,2024-03-24 09:00:00,2235.0,2260.9,2228.0,2256.9,22.35,22.609,22.28,22.569,22.5690%,1199.343,Binance BTCDOM index raw value divided by 100 for percent-style display; not CMC/CoinGecko/TradingView market-cap BTC dominance.
1711324800000,2024-03-25 00:00:00,2024-03-25 09:00:00,2256.9,2276.0,2230.2,2268.3,22.569,22.76,22.302,22.683,22.6830%,1509.431,Binance BTCDOM index raw value divided by 100 for percent-style display; not CMC/CoinGecko/TradingView market-cap BTC dominance.
1711411200000,2024-03-26 00:00:00,2024-03-26 09:00:00,2268.3,2285.0,2248.5,2271.5,22.683,22.85,22.485,22.715,22.7150%,1613.773,Binance BTCDOM index raw value divided by 100 for percent-style display; not CMC/CoinGecko/TradingView market-cap BTC dominance.
1711497600000,2024-03-27 00:00:00,2024-03-27 09:00:00,2271.5,2301.0,2269.2,2296.7,22.715,23.01,22.692,22.967,22.9670%,1446.51,Binance BTCDOM index raw value divided by 100 for percent-style display; not CMC/CoinGecko/TradingView market-cap BTC dominance.
1711584000000,2024-03-28 00:00:00,2024-03-28 09:00:00,2297.0,2311.6,2285.0,2295.8,22.97,23.116,22.85,22.958,22.9580%,1434.13,Binance BTCDOM index raw value divided by 100 for percent-style display; not CMC/CoinGecko/TradingView market-cap BTC dominance.
1711670400000,2024-03-29 00:00:00,2024-03-29 09:00:00,2295.7,2305.2,2257.5,2264.7,22.957,23.052,22.575,22.647,22.6470%,1241.307,Binance BTCDOM index raw value divided by 100 for percent-style display; not CMC/CoinGecko/TradingView market-cap BTC dominance.
1711756800000,2024-03-30 00:00:00,2024-03-30 09:00:00,2263.9,2282.4,2255.2,2273.7,22.639,22.824,22.552,22.737,22.7370%,1094.761,Binance BTCDOM index raw value divided by 100 for percent-style display; not CMC/CoinGecko/TradingView market-cap BTC dominance.
1711843200000,2024-03-31 00:00:00,2024-03-31 09:00:00,2273.8,2275.9,2234.5,2246.2,22.738,22.759,22.345,22.462,22.4620%,1285.689,Binance BTCDOM index raw value divided by 100 for percent-style display; not CMC/CoinGecko/TradingView market-cap BTC dominance.
1711929600000,2024-04-01 00:00:00,2024-04-01 09:00:00,2245.9,2302.4,2239.3,2292.5,22.459,23.024,22.393,22.925,22.9250%,2158.398,Binance BTCDOM index raw value divided by 100 for percent-style display; not CMC/CoinGecko/TradingView market-cap BTC dominance.
1712016000000,2024-04-02 00:00:00,2024-04-02 09:00:00,2292.4,2305.4,2274.5,2287.5,22.924,23.054,22.745,22.875,22.8750%,3104.289,Binance BTCDOM index raw value divided by 100 for percent-style display; not CMC/CoinGecko/TradingView market-cap BTC dominance.
1712102400000,2024-04-03 00:00:00,2024-04-03 09:00:00,2287.6,2318.7,2273.0,2298.8,22.876,23.187,22.73,22.988,22.9880%,2259.787,Binance BTCDOM index raw value divided by 100 for percent-style display; not CMC/CoinGecko/TradingView market-cap BTC dominance.
1712188800000,2024-04-04 00:00:00,2024-04-04 09:00:00,2299.0,2359.1,2274.4,2355.5,22.99,23.591,22.744,23.555,23.5550%,2300.716,Binance BTCDOM index raw value divided by 100 for percent-style display; not CMC/CoinGecko/TradingView market-cap BTC dominance.
1712275200000,2024-04-05 00:00:00,2024-04-05 09:00:00,2355.6,2380.0,2337.6,2363.5,23.556,23.8,23.376,23.635,23.6350%,3668.375,Binance BTCDOM index raw value divided by 100 for percent-style display; not CMC/CoinGecko/TradingView market-cap BTC dominance.
1712361600000,2024-04-06 00:00:00,2024-04-06 09:00:00,2363.5,2367.7,2336.2,2362.8,23.635,23.677,23.362,23.628,23.6280%,1116.412,Binance BTCDOM index raw value divided by 100 for percent-style display; not CMC/CoinGecko/TradingView market-cap BTC dominance.
1712448000000,2024-04-07 00:00:00,2024-04-07 09:00:00,2362.9,2375.0,2332.1,2332.4,23.629,23.75,23.321,23.324,23.3240%,1343.517,Binance BTCDOM index raw value divided by 100 for percent-style display; not CMC/CoinGecko/TradingView market-cap BTC dominance.
1712534400000,2024-04-08 00:00:00,2024-04-08 09:00:00,2332.2,2366.8,2304.8,2309.6,23.322,23.668,23.048,23.096,23.0960%,1853.129,Binance BTCDOM index raw value divided by 100 for percent-style display; not CMC/CoinGecko/TradingView market-cap BTC dominance.
1712620800000,2024-04-09 00:00:00,2024-04-09 09:00:00,2309.6,2338.6,2299.3,2326.8,23.096,23.386,22.993,23.268,23.2680%,1856.537,Binance BTCDOM index raw value divided by 100 for percent-style display; not CMC/CoinGecko/TradingView market-cap BTC dominance.
1712707200000,2024-04-10 00:00:00,2024-04-10 09:00:00,2326.8,2357.5,2320.1,2350.0,23.268,23.575,23.201,23.5,23.5000%,2069.138,Binance BTCDOM index raw value divided by 100 for percent-style display; not CMC/CoinGecko/TradingView market-cap BTC dominance.
1712793600000,2024-04-11 00:00:00,2024-04-11 09:00:00,2350.1,2369.5,2335.5,2357.9,23.501,23.695,23.355,23.579,23.5790%,2050.446,Binance BTCDOM index raw value divided by 100 for percent-style display; not CMC/CoinGecko/TradingView market-cap BTC dominance.
1712880000000,2024-04-12 00:00:00,2024-04-12 09:00:00,2357.9,2847.3,2349.3,2467.4,23.579,28.473,23.493,24.674,24.6740%,10481.346,Binance BTCDOM index raw value divided by 100 for percent-style display; not CMC/CoinGecko/TradingView market-cap BTC dominance.
1712966400000,2024-04-13 00:00:00,2024-04-13 09:00:00,2467.0,2970.0,2458.5,2571.9,24.67,29.7,24.585,25.719,25.7190%,17477.159,Binance BTCDOM index raw value divided by 100 for percent-style display; not CMC/CoinGecko/TradingView market-cap BTC dominance.
1713052800000,2024-04-14 00:00:00,2024-04-14 09:00:00,2571.9,2611.4,2479.3,2499.0,25.719,26.114,24.793,24.99,24.9900%,9639.074,Binance BTCDOM index raw value divided by 100 for percent-style display; not CMC/CoinGecko/TradingView market-cap BTC dominance.
1713139200000,2024-04-15 00:00:00,2024-04-15 09:00:00,2499.0,2535.1,2445.4,2483.1,24.99,25.351,24.454,24.831,24.8310%,5545.139,Binance BTCDOM index raw value divided by 100 for percent-style display; not CMC/CoinGecko/TradingView market-cap BTC dominance.
1713225600000,2024-04-16 00:00:00,2024-04-16 09:00:00,2482.7,2529.6,2477.7,2518.7,24.827,25.296,24.777,25.187,25.1870%,4408.478,Binance BTCDOM index raw value divided by 100 for percent-style display; not CMC/CoinGecko/TradingView market-cap BTC dominance.
1713312000000,2024-04-17 00:00:00,2024-04-17 09:00:00,2518.4,2536.3,2460.8,2491.0,25.184,25.363,24.608,24.91,24.9100%,2920.855,Binance BTCDOM index raw value divided by 100 for percent-style display; not CMC/CoinGecko/TradingView market-cap BTC dominance.
1713398400000,2024-04-18 00:00:00,2024-04-18 09:00:00,2491.1,2525.8,2471.2,2502.4,24.911,25.258,24.712,25.024,25.0240%,2235.149,Binance BTCDOM index raw value divided by 100 for percent-style display; not CMC/CoinGecko/TradingView market-cap BTC dominance.
1713484800000,2024-04-19 00:00:00,2024-04-19 09:00:00,2502.8,2545.7,2496.5,2512.2,25.028,25.457,24.965,25.122,25.1220%,2668.477,Binance BTCDOM index raw value divided by 100 for percent-style display; not CMC/CoinGecko/TradingView market-cap BTC dominance.
1713571200000,2024-04-20 00:00:00,2024-04-20 09:00:00,2512.2,2521.1,2436.2,2454.1,25.122,25.211,24.362,24.541,24.5410%,1793.665,Binance BTCDOM index raw value divided by 100 for percent-style display; not CMC/CoinGecko/TradingView market-cap BTC dominance.
1713657600000,2024-04-21 00:00:00,2024-04-21 09:00:00,2454.0,2473.4,2440.2,2468.3,24.54,24.734,24.402,24.683,24.6830%,1657.722,Binance BTCDOM index raw value divided by 100 for percent-style display; not CMC/CoinGecko/TradingView market-cap BTC dominance.
1713744000000,2024-04-22 00:00:00,2024-04-22 09:00:00,2468.2,2476.3,2441.1,2470.7,24.682,24.763,24.411,24.707,24.7070%,1422.331,Binance BTCDOM index raw value divided by 100 for percent-style display; not CMC/CoinGecko/TradingView market-cap BTC dominance.
1713830400000,2024-04-23 00:00:00,2024-04-23 09:00:00,2470.7,2485.4,2446.5,2458.4,24.707,24.854,24.465,24.584,24.5840%,898.124,Binance BTCDOM index raw value divided by 100 for percent-style display; not CMC/CoinGecko/TradingView market-cap BTC dominance.
1713916800000,2024-04-24 00:00:00,2024-04-24 09:00:00,2458.4,2469.0,2420.4,2445.2,24.584,24.69,24.204,24.452,24.4520%,1095.459,Binance BTCDOM index raw value divided by 100 for percent-style display; not CMC/CoinGecko/TradingView market-cap BTC dominance.
1714003200000,2024-04-25 00:00:00,2024-04-25 09:00:00,2445.8,2460.1,2415.0,2444.9,24.458,24.601,24.15,24.449,24.4490%,1704.298,Binance BTCDOM index raw value divided by 100 for percent-style display; not CMC/CoinGecko/TradingView market-cap BTC dominance.
1714089600000,2024-04-26 00:00:00,2024-04-26 09:00:00,2445.5,2463.1,2436.0,2454.7,24.455,24.631,24.36,24.547,24.5470%,866.297,Binance BTCDOM index raw value divided by 100 for percent-style display; not CMC/CoinGecko/TradingView market-cap BTC dominance.
1714176000000,2024-04-27 00:00:00,2024-04-27 09:00:00,2454.7,2467.5,2372.0,2385.2,24.547,24.675,23.72,23.852,23.8520%,1551.206,Binance BTCDOM index raw value divided by 100 for percent-style display; not CMC/CoinGecko/TradingView market-cap BTC dominance.
1714262400000,2024-04-28 00:00:00,2024-04-28 09:00:00,2385.2,2390.7,2350.3,2378.2,23.852,23.907,23.503,23.782,23.7820%,1261.959,Binance BTCDOM index raw value divided by 100 for percent-style display; not CMC/CoinGecko/TradingView market-cap BTC dominance.
1714348800000,2024-04-29 00:00:00,2024-04-29 09:00:00,2378.5,2435.0,2373.1,2432.9,23.785,24.35,23.731,24.329,24.3290%,2048.413,Binance BTCDOM index raw value divided by 100 for percent-style display; not CMC/CoinGecko/TradingView market-cap BTC dominance.
1714435200000,2024-04-30 00:00:00,2024-04-30 09:00:00,2432.9,2500.0,2430.8,2454.3,24.329,25.0,24.308,24.543,24.5430%,4144.426,Binance BTCDOM index raw value divided by 100 for percent-style display; not CMC/CoinGecko/TradingView market-cap BTC dominance.
1714521600000,2024-05-01 00:00:00,2024-05-01 09:00:00,2454.2,2460.0,2342.5,2361.4,24.542,24.6,23.425,23.614,23.6140%,2762.697,Binance BTCDOM index raw value divided by 100 for percent-style display; not CMC/CoinGecko/TradingView market-cap BTC dominance.
1714608000000,2024-05-02 00:00:00,2024-05-02 09:00:00,2361.8,2383.1,2337.3,2376.2,23.618,23.831,23.373,23.762,23.7620%,1195.808,Binance BTCDOM index raw value divided by 100 for percent-style display; not CMC/CoinGecko/TradingView market-cap BTC dominance.
1714694400000,2024-05-03 00:00:00,2024-05-03 09:00:00,2375.6,2435.0,2366.8,2430.3,23.756,24.35,23.668,24.303,24.3030%,1024.291,Binance BTCDOM index raw value divided by 100 for percent-style display; not CMC/CoinGecko/TradingView market-cap BTC dominance.
1714780800000,2024-05-04 00:00:00,2024-05-04 09:00:00,2429.7,2463.8,2418.7,2460.3,24.297,24.638,24.187,24.603,24.6030%,749.486,Binance BTCDOM index raw value divided by 100 for percent-style display; not CMC/CoinGecko/TradingView market-cap BTC dominance.
1714867200000,2024-05-05 00:00:00,2024-05-05 09:00:00,2460.2,2469.8,2428.6,2447.8,24.602,24.698,24.286,24.478,24.4780%,768.612,Binance BTCDOM index raw value divided by 100 for percent-style display; not CMC/CoinGecko/TradingView market-cap BTC dominance.
1714953600000,2024-05-06 00:00:00,2024-05-06 09:00:00,2447.8,2450.0,2423.2,2442.7,24.478,24.5,24.232,24.427,24.4270%,752.696,Binance BTCDOM index raw value divided by 100 for percent-style display; not CMC/CoinGecko/TradingView market-cap BTC dominance.
1715040000000,2024-05-07 00:00:00,2024-05-07 09:00:00,2442.2,2470.0,2438.1,2463.1,24.422,24.7,24.381,24.631,24.6310%,861.044,Binance BTCDOM index raw value divided by 100 for percent-style display; not CMC/CoinGecko/TradingView market-cap BTC dominance.
1715126400000,2024-05-08 00:00:00,2024-05-08 09:00:00,2463.1,2479.9,2437.9,2440.3,24.631,24.799,24.379,24.403,24.4030%,1095.977,Binance BTCDOM index raw value divided by 100 for percent-style display; not CMC/CoinGecko/TradingView market-cap BTC dominance.
1715212800000,2024-05-09 00:00:00,2024-05-09 09:00:00,2440.2,2456.4,2425.0,2454.3,24.402,24.564,24.25,24.543,24.5430%,832.775,Binance BTCDOM index raw value divided by 100 for percent-style display; not CMC/CoinGecko/TradingView market-cap BTC dominance.
1715299200000,2024-05-10 00:00:00,2024-05-10 09:00:00,2454.4,2470.0,2443.1,2460.5,24.544,24.7,24.431,24.605,24.6050%,887.793,Binance BTCDOM index raw value divided by 100 for percent-style display; not CMC/CoinGecko/TradingView market-cap BTC dominance.
1715385600000,2024-05-11 00:00:00,2024-05-11 09:00:00,2460.3,2466.9,2449.5,2457.2,24.603,24.669,24.495,24.572,24.5720%,404.809,Binance BTCDOM index raw value divided by 100 for percent-style display; not CMC/CoinGecko/TradingView market-cap BTC dominance.
1715472000000,2024-05-12 00:00:00,2024-05-12 09:00:00,2458.0,2483.0,2452.9,2482.8,24.58,24.83,24.529,24.828,24.8280%,443.462,Binance BTCDOM index raw value divided by 100 for percent-style display; not CMC/CoinGecko/TradingView market-cap BTC dominance.
1715558400000,2024-05-13 00:00:00,2024-05-13 09:00:00,2483.0,2522.8,2475.8,2519.8,24.83,25.228,24.758,25.198,25.1980%,1393.414,Binance BTCDOM index raw value divided by 100 for percent-style display; not CMC/CoinGecko/TradingView market-cap BTC dominance.
1715644800000,2024-05-14 00:00:00,2024-05-14 09:00:00,2519.9,2540.3,2492.4,2533.1,25.199,25.403,24.924,25.331,25.3310%,1307.737,Binance BTCDOM index raw value divided by 100 for percent-style display; not CMC/CoinGecko/TradingView market-cap BTC dominance.
1715731200000,2024-05-15 00:00:00,2024-05-15 09:00:00,2533.1,2599.0,2526.5,2577.9,25.331,25.99,25.265,25.779,25.7790%,1977.288,Binance BTCDOM index raw value divided by 100 for percent-style display; not CMC/CoinGecko/TradingView market-cap BTC dominance.
1715817600000,2024-05-16 00:00:00,2024-05-16 09:00:00,2577.9,2629.4,2564.3,2593.6,25.779,26.294,25.643,25.936,25.9360%,1700.839,Binance BTCDOM index raw value divided by 100 for percent-style display; not CMC/CoinGecko/TradingView market-cap BTC dominance.
1715904000000,2024-05-17 00:00:00,2024-05-17 09:00:00,2593.8,2609.3,2533.9,2554.9,25.938,26.093,25.339,25.549,25.5490%,1519.262,Binance BTCDOM index raw value divided by 100 for percent-style display; not CMC/CoinGecko/TradingView market-cap BTC dominance.
1715990400000,2024-05-18 00:00:00,2024-05-18 09:00:00,2554.9,2556.9,2528.4,2535.9,25.549,25.569,25.284,25.359,25.3590%,610.556,Binance BTCDOM index raw value divided by 100 for percent-style display; not CMC/CoinGecko/TradingView market-cap BTC dominance.
1716076800000,2024-05-19 00:00:00,2024-05-19 09:00:00,2536.1,2578.4,2527.9,2552.1,25.361,25.784,25.279,25.521,25.5210%,1389.352,Binance BTCDOM index raw value divided by 100 for percent-style display; not CMC/CoinGecko/TradingView market-cap BTC dominance.
1716163200000,2024-05-20 00:00:00,2024-05-20 09:00:00,2552.6,2583.6,2373.0,2424.0,25.526,25.836,23.73,24.24,24.2400%,3799.295,Binance BTCDOM index raw value divided by 100 for percent-style display; not CMC/CoinGecko/TradingView market-cap BTC dominance.
1716249600000,2024-05-21 00:00:00,2024-05-21 09:00:00,2424.0,2436.3,2322.4,2340.7,24.24,24.363,23.224,23.407,23.4070%,4138.294,Binance BTCDOM index raw value divided by 100 for percent-style display; not CMC/CoinGecko/TradingView market-cap BTC dominance.
1716336000000,2024-05-22 00:00:00,2024-05-22 09:00:00,2340.1,2388.9,2329.6,2343.9,23.401,23.889,23.296,23.439,23.4390%,2638.396,Binance BTCDOM index raw value divided by 100 for percent-style display; not CMC/CoinGecko/TradingView market-cap BTC dominance.
1716422400000,2024-05-23 00:00:00,2024-05-23 09:00:00,2343.6,2380.0,2273.2,2304.4,23.436,23.8,22.732,23.044,23.0440%,7068.656,Binance BTCDOM index raw value divided by 100 for percent-style display; not CMC/CoinGecko/TradingView market-cap BTC dominance.
1716508800000,2024-05-24 00:00:00,2024-05-24 09:00:00,2304.9,2378.5,2284.3,2349.3,23.049,23.785,22.843,23.493,23.4930%,2580.487,Binance BTCDOM index raw value divided by 100 for percent-style display; not CMC/CoinGecko/TradingView market-cap BTC dominance.
1716595200000,2024-05-25 00:00:00,2024-05-25 09:00:00,2349.8,2369.9,2333.1,2356.4,23.498,23.699,23.331,23.564,23.5640%,758.586,Binance BTCDOM index raw value divided by 100 for percent-style display; not CMC/CoinGecko/TradingView market-cap BTC dominance.
1716681600000,2024-05-26 00:00:00,2024-05-26 09:00:00,2356.9,2360.4,2311.0,2319.6,23.569,23.604,23.11,23.196,23.1960%,867.413,Binance BTCDOM index raw value divided by 100 for percent-style display; not CMC/CoinGecko/TradingView market-cap BTC dominance.
1716768000000,2024-05-27 00:00:00,2024-05-27 09:00:00,2319.7,2322.2,2280.9,2307.7,23.197,23.222,22.809,23.077,23.0770%,1116.189,Binance BTCDOM index raw value divided by 100 for percent-style display; not CMC/CoinGecko/TradingView market-cap BTC dominance.
1716854400000,2024-05-28 00:00:00,2024-05-28 09:00:00,2307.9,2314.0,2274.1,2303.8,23.079,23.14,22.741,23.038,23.0380%,1257.313,Binance BTCDOM index raw value divided by 100 for percent-style display; not CMC/CoinGecko/TradingView market-cap BTC dominance.
1716940800000,2024-05-29 00:00:00,2024-05-29 09:00:00,2303.8,2314.4,2290.0,2311.8,23.038,23.144,22.9,23.118,23.1180%,1063.057,Binance BTCDOM index raw value divided by 100 for percent-style display; not CMC/CoinGecko/TradingView market-cap BTC dominance.
1717027200000,2024-05-30 00:00:00,2024-05-30 09:00:00,2311.4,2359.2,2309.6,2351.6,23.114,23.592,23.096,23.516,23.5160%,1116.186,Binance BTCDOM index raw value divided by 100 for percent-style display; not CMC/CoinGecko/TradingView market-cap BTC dominance.
1717113600000,2024-05-31 00:00:00,2024-05-31 09:00:00,2351.9,2361.0,2309.9,2322.3,23.519,23.61,23.099,23.223,23.2230%,1662.849,Binance BTCDOM index raw value divided by 100 for percent-style display; not CMC/CoinGecko/TradingView market-cap BTC dominance.
1717200000000,2024-06-01 00:00:00,2024-06-01 09:00:00,2322.3,2325.6,2298.2,2306.0,23.223,23.256,22.982,23.06,23.0600%,559.209,Binance BTCDOM index raw value divided by 100 for percent-style display; not CMC/CoinGecko/TradingView market-cap BTC dominance.
1717286400000,2024-06-02 00:00:00,2024-06-02 09:00:00,2306.1,2341.2,2296.2,2326.6,23.061,23.412,22.962,23.266,23.2660%,621.093,Binance BTCDOM index raw value divided by 100 for percent-style display; not CMC/CoinGecko/TradingView market-cap BTC dominance.
1717372800000,2024-06-03 00:00:00,2024-06-03 09:00:00,2326.4,2367.3,2325.7,2353.0,23.264,23.673,23.257,23.53,23.5300%,776.974,Binance BTCDOM index raw value divided by 100 for percent-style display; not CMC/CoinGecko/TradingView market-cap BTC dominance.
1717459200000,2024-06-04 00:00:00,2024-06-04 09:00:00,2352.5,2373.7,2347.0,2351.0,23.525,23.737,23.47,23.51,23.5100%,1096.238,Binance BTCDOM index raw value divided by 100 for percent-style display; not CMC/CoinGecko/TradingView market-cap BTC dominance.
1717545600000,2024-06-05 00:00:00,2024-06-05 09:00:00,2351.3,2375.0,2335.0,2339.2,23.513,23.75,23.35,23.392,23.3920%,924.681,Binance BTCDOM index raw value divided by 100 for percent-style display; not CMC/CoinGecko/TradingView market-cap BTC dominance.
1717632000000,2024-06-06 00:00:00,2024-06-06 09:00:00,2339.2,2365.4,2336.6,2355.2,23.392,23.654,23.366,23.552,23.5520%,666.437,Binance BTCDOM index raw value divided by 100 for percent-style display; not CMC/CoinGecko/TradingView market-cap BTC dominance.
1717718400000,2024-06-07 00:00:00,2024-06-07 09:00:00,2355.2,2469.9,2354.5,2400.7,23.552,24.699,23.545,24.007,24.0070%,2444.55,Binance BTCDOM index raw value divided by 100 for percent-style display; not CMC/CoinGecko/TradingView market-cap BTC dominance.
1717804800000,2024-06-08 00:00:00,2024-06-08 09:00:00,2400.6,2422.0,2390.0,2414.4,24.006,24.22,23.9,24.144,24.1440%,1803.96,Binance BTCDOM index raw value divided by 100 for percent-style display; not CMC/CoinGecko/TradingView market-cap BTC dominance.
1717891200000,2024-06-09 00:00:00,2024-06-09 09:00:00,2414.4,2566.2,2405.0,2409.8,24.144,25.662,24.05,24.098,24.0980%,1501.981,Binance BTCDOM index raw value divided by 100 for percent-style display; not CMC/CoinGecko/TradingView market-cap BTC dominance.
1717977600000,2024-06-10 00:00:00,2024-06-10 09:00:00,2409.9,2458.2,2407.7,2451.9,24.099,24.582,24.077,24.519,24.5190%,916.704,Binance BTCDOM index raw value divided by 100 for percent-style display; not CMC/CoinGecko/TradingView market-cap BTC dominance.
1718064000000,2024-06-11 00:00:00,2024-06-11 09:00:00,2451.3,2515.2,2437.9,2487.4,24.513,25.152,24.379,24.874,24.8740%,2535.764,Binance BTCDOM index raw value divided by 100 for percent-style display; not CMC/CoinGecko/TradingView market-cap BTC dominance.
1718150400000,2024-06-12 00:00:00,2024-06-12 09:00:00,2487.5,2507.6,2450.0,2457.5,24.875,25.076,24.5,24.575,24.5750%,2040.426,Binance BTCDOM index raw value divided by 100 for percent-style display; not CMC/CoinGecko/TradingView market-cap BTC dominance.
1718236800000,2024-06-13 00:00:00,2024-06-13 09:00:00,2457.5,2497.6,2454.0,2483.0,24.575,24.976,24.54,24.83,24.8300%,1463.443,Binance BTCDOM index raw value divided by 100 for percent-style display; not CMC/CoinGecko/TradingView market-cap BTC dominance.
1718323200000,2024-06-14 00:00:00,2024-06-14 09:00:00,2483.1,2510.0,2455.6,2463.8,24.831,25.1,24.556,24.638,24.6380%,1289.487,Binance BTCDOM index raw value divided by 100 for percent-style display; not CMC/CoinGecko/TradingView market-cap BTC dominance.
1718409600000,2024-06-15 00:00:00,2024-06-15 09:00:00,2463.8,2470.8,2418.1,2423.5,24.638,24.708,24.181,24.235,24.2350%,613.039,Binance BTCDOM index raw value divided by 100 for percent-style display; not CMC/CoinGecko/TradingView market-cap BTC dominance.
1718496000000,2024-06-16 00:00:00,2024-06-16 09:00:00,2422.5,2439.6,2393.3,2403.7,24.225,24.396,23.933,24.037,24.0370%,607.22,Binance BTCDOM index raw value divided by 100 for percent-style display; not CMC/CoinGecko/TradingView market-cap BTC dominance.
1718582400000,2024-06-17 00:00:00,2024-06-17 09:00:00,2403.5,2473.4,2398.8,2471.0,24.035,24.734,23.988,24.71,24.7100%,1023.575,Binance BTCDOM index raw value divided by 100 for percent-style display; not CMC/CoinGecko/TradingView market-cap BTC dominance.
1718668800000,2024-06-18 00:00:00,2024-06-18 09:00:00,2471.0,2615.0,2465.0,2478.0,24.71,26.15,24.65,24.78,24.7800%,4777.61,Binance BTCDOM index raw value divided by 100 for percent-style display; not CMC/CoinGecko/TradingView market-cap BTC dominance.
1718755200000,2024-06-19 00:00:00,2024-06-19 09:00:00,2477.8,2480.8,2419.0,2431.0,24.778,24.808,24.19,24.31,24.3100%,1485.387,Binance BTCDOM index raw value divided by 100 for percent-style display; not CMC/CoinGecko/TradingView market-cap BTC dominance.
1718841600000,2024-06-20 00:00:00,2024-06-20 09:00:00,2431.4,2463.8,2426.0,2456.7,24.314,24.638,24.26,24.567,24.5670%,979.465,Binance BTCDOM index raw value divided by 100 for percent-style display; not CMC/CoinGecko/TradingView market-cap BTC dominance.
1718928000000,2024-06-21 00:00:00,2024-06-21 09:00:00,2457.0,2467.2,2418.6,2430.8,24.57,24.672,24.186,24.308,24.3080%,748.58,Binance BTCDOM index raw value divided by 100 for percent-style display; not CMC/CoinGecko/TradingView market-cap BTC dominance.
1719014400000,2024-06-22 00:00:00,2024-06-22 09:00:00,2431.0,2462.1,2431.0,2443.6,24.31,24.621,24.31,24.436,24.4360%,491.018,Binance BTCDOM index raw value divided by 100 for percent-style display; not CMC/CoinGecko/TradingView market-cap BTC dominance.
1719100800000,2024-06-23 00:00:00,2024-06-23 09:00:00,2443.6,2478.0,2432.8,2459.5,24.436,24.78,24.328,24.595,24.5950%,556.916,Binance BTCDOM index raw value divided by 100 for percent-style display; not CMC/CoinGecko/TradingView market-cap BTC dominance.
1719187200000,2024-06-24 00:00:00,2024-06-24 09:00:00,2459.2,2499.0,2362.8,2376.2,24.592,24.99,23.628,23.762,23.7620%,2535.662,Binance BTCDOM index raw value divided by 100 for percent-style display; not CMC/CoinGecko/TradingView market-cap BTC dominance.
1719273600000,2024-06-25 00:00:00,2024-06-25 09:00:00,2376.1,2395.3,2365.7,2390.4,23.761,23.953,23.657,23.904,23.9040%,830.043,Binance BTCDOM index raw value divided by 100 for percent-style display; not CMC/CoinGecko/TradingView market-cap BTC dominance.
1719360000000,2024-06-26 00:00:00,2024-06-26 09:00:00,2390.2,2404.5,2355.1,2376.3,23.902,24.045,23.551,23.763,23.7630%,808.706,Binance BTCDOM index raw value divided by 100 for percent-style display; not CMC/CoinGecko/TradingView market-cap BTC dominance.
1719446400000,2024-06-27 00:00:00,2024-06-27 09:00:00,2376.1,2383.6,2333.4,2339.6,23.761,23.836,23.334,23.396,23.3960%,665.193,Binance BTCDOM index raw value divided by 100 for percent-style display; not CMC/CoinGecko/TradingView market-cap BTC dominance.
1719532800000,2024-06-28 00:00:00,2024-06-28 09:00:00,2339.7,2354.7,2328.9,2350.1,23.397,23.547,23.289,23.501,23.5010%,831.088,Binance BTCDOM index raw value divided by 100 for percent-style display; not CMC/CoinGecko/TradingView market-cap BTC dominance.
1719619200000,2024-06-29 00:00:00,2024-06-29 09:00:00,2350.2,2373.0,2347.0,2369.5,23.502,23.73,23.47,23.695,23.6950%,632.633,Binance BTCDOM index raw value divided by 100 for percent-style display; not CMC/CoinGecko/TradingView market-cap BTC dominance.
1719705600000,2024-06-30 00:00:00,2024-06-30 09:00:00,2369.5,2390.8,2365.1,2388.8,23.695,23.908,23.651,23.888,23.8880%,537.499,Binance BTCDOM index raw value divided by 100 for percent-style display; not CMC/CoinGecko/TradingView market-cap BTC dominance.
1719792000000,2024-07-01 00:00:00,2024-07-01 09:00:00,2389.3,2400.0,2368.7,2393.9,23.893,24.0,23.687,23.939,23.9390%,519.971,Binance BTCDOM index raw value divided by 100 for percent-style display; not CMC/CoinGecko/TradingView market-cap BTC dominance.
1719878400000,2024-07-02 00:00:00,2024-07-02 09:00:00,2393.7,2424.3,2352.4,2358.3,23.937,24.243,23.524,23.583,23.5830%,541.814,Binance BTCDOM index raw value divided by 100 for percent-style display; not CMC/CoinGecko/TradingView market-cap BTC dominance.
1719964800000,2024-07-03 00:00:00,2024-07-03 09:00:00,2358.4,2396.8,2345.5,2385.6,23.584,23.968,23.455,23.856,23.8560%,839.57,Binance BTCDOM index raw value divided by 100 for percent-style display; not CMC/CoinGecko/TradingView market-cap BTC dominance.
1720051200000,2024-07-04 00:00:00,2024-07-04 09:00:00,2385.1,2460.0,2373.8,2448.8,23.851,24.6,23.738,24.488,24.4880%,2596.139,Binance BTCDOM index raw value divided by 100 for percent-style display; not CMC/CoinGecko/TradingView market-cap BTC dominance.
1720137600000,2024-07-05 00:00:00,2024-07-05 09:00:00,2448.3,2552.0,2442.0,2470.8,24.483,25.52,24.42,24.708,24.7080%,7802.829,Binance BTCDOM index raw value divided by 100 for percent-style display; not CMC/CoinGecko/TradingView market-cap BTC dominance.
1720224000000,2024-07-06 00:00:00,2024-07-06 09:00:00,2470.9,2477.5,2426.7,2439.0,24.709,24.775,24.267,24.39,24.3900%,1091.217,Binance BTCDOM index raw value divided by 100 for percent-style display; not CMC/CoinGecko/TradingView market-cap BTC dominance.
1720310400000,2024-07-07 00:00:00,2024-07-07 09:00:00,2439.1,2507.9,2438.8,2475.5,24.391,25.079,24.388,24.755,24.7550%,1388.244,Binance BTCDOM index raw value divided by 100 for percent-style display; not CMC/CoinGecko/TradingView market-cap BTC dominance.
1720396800000,2024-07-08 00:00:00,2024-07-08 09:00:00,2475.3,2505.4,2416.1,2428.9,24.753,25.054,24.161,24.289,24.2890%,2359.194,Binance BTCDOM index raw value divided by 100 for percent-style display; not CMC/CoinGecko/TradingView market-cap BTC dominance.
1720483200000,2024-07-09 00:00:00,2024-07-09 09:00:00,2428.5,2451.7,2414.3,2451.5,24.285,24.517,24.143,24.515,24.5150%,755.945,Binance BTCDOM index raw value divided by 100 for percent-style display; not CMC/CoinGecko/TradingView market-cap BTC dominance.
1720569600000,2024-07-10 00:00:00,2024-07-10 09:00:00,2451.5,2470.2,2393.7,2411.9,24.515,24.702,23.937,24.119,24.1190%,851.051,Binance BTCDOM index raw value divided by 100 for percent-style display; not CMC/CoinGecko/TradingView market-cap BTC dominance.
1720656000000,2024-07-11 00:00:00,2024-07-11 09:00:00,2411.6,2425.7,2378.8,2405.1,24.116,24.257,23.788,24.051,24.0510%,776.149,Binance BTCDOM index raw value divided by 100 for percent-style display; not CMC/CoinGecko/TradingView market-cap BTC dominance.
1720742400000,2024-07-12 00:00:00,2024-07-12 09:00:00,2404.8,2414.3,2385.9,2387.5,24.048,24.143,23.859,23.875,23.8750%,506.642,Binance BTCDOM index raw value divided by 100 for percent-style display; not CMC/CoinGecko/TradingView market-cap BTC dominance.
1720828800000,2024-07-13 00:00:00,2024-07-13 09:00:00,2387.5,2402.2,2371.8,2396.1,23.875,24.022,23.718,23.961,23.9610%,438.223,Binance BTCDOM index raw value divided by 100 for percent-style display; not CMC/CoinGecko/TradingView market-cap BTC dominance.
1720915200000,2024-07-14 00:00:00,2024-07-14 09:00:00,2396.0,2423.9,2393.9,2409.0,23.96,24.239,23.939,24.09,24.0900%,359.083,Binance BTCDOM index raw value divided by 100 for percent-style display; not CMC/CoinGecko/TradingView market-cap BTC dominance.
1721001600000,2024-07-15 00:00:00,2024-07-15 09:00:00,2409.2,2433.0,2389.7,2401.7,24.092,24.33,23.897,24.017,24.0170%,882.623,Binance BTCDOM index raw value divided by 100 for percent-style display; not CMC/CoinGecko/TradingView market-cap BTC dominance.
1721088000000,2024-07-16 00:00:00,2024-07-16 09:00:00,2401.7,2433.4,2391.3,2429.6,24.017,24.334,23.913,24.296,24.2960%,1147.368,Binance BTCDOM index raw value divided by 100 for percent-style display; not CMC/CoinGecko/TradingView market-cap BTC dominance.
1721174400000,2024-07-17 00:00:00,2024-07-17 09:00:00,2429.3,2441.8,2406.5,2427.6,24.293,24.418,24.065,24.276,24.2760%,693.941,Binance BTCDOM index raw value divided by 100 for percent-style display; not CMC/CoinGecko/TradingView market-cap BTC dominance.
1721260800000,2024-07-18 00:00:00,2024-07-18 09:00:00,2427.4,2435.5,2408.0,2416.9,24.274,24.355,24.08,24.169,24.1690%,491.351,Binance BTCDOM index raw value divided by 100 for percent-style display; not CMC/CoinGecko/TradingView market-cap BTC dominance.
1721347200000,2024-07-19 00:00:00,2024-07-19 09:00:00,2416.5,2459.8,2411.5,2443.7,24.165,24.598,24.115,24.437,24.4370%,739.033,Binance BTCDOM index raw value divided by 100 for percent-style display; not CMC/CoinGecko/TradingView market-cap BTC dominance.
1721433600000,2024-07-20 00:00:00,2024-07-20 09:00:00,2444.0,2456.6,2437.0,2441.6,24.44,24.566,24.37,24.416,24.4160%,474.373,Binance BTCDOM index raw value divided by 100 for percent-style display; not CMC/CoinGecko/TradingView market-cap BTC dominance.
1721520000000,2024-07-21 00:00:00,2024-07-21 09:00:00,2441.7,2502.0,2439.0,2446.1,24.417,25.02,24.39,24.461,24.4610%,736.747,Binance BTCDOM index raw value divided by 100 for percent-style display; not CMC/CoinGecko/TradingView market-cap BTC dominance.
1721606400000,2024-07-22 00:00:00,2024-07-22 09:00:00,2446.0,2492.5,2441.6,2488.6,24.46,24.925,24.416,24.886,24.8860%,641.131,Binance BTCDOM index raw value divided by 100 for percent-style display; not CMC/CoinGecko/TradingView market-cap BTC dominance.
1721692800000,2024-07-23 00:00:00,2024-07-23 09:00:00,2488.7,2495.4,2424.6,2435.8,24.887,24.954,24.246,24.358,24.3580%,1261.645,Binance BTCDOM index raw value divided by 100 for percent-style display; not CMC/CoinGecko/TradingView market-cap BTC dominance.
1721779200000,2024-07-24 00:00:00,2024-07-24 09:00:00,2435.6,2492.7,2430.4,2474.5,24.356,24.927,24.304,24.745,24.7450%,668.815,Binance BTCDOM index raw value divided by 100 for percent-style display; not CMC/CoinGecko/TradingView market-cap BTC dominance.
1721865600000,2024-07-25 00:00:00,2024-07-25 09:00:00,2474.7,2609.8,2473.3,2581.4,24.747,26.098,24.733,25.814,25.8140%,4509.819,Binance BTCDOM index raw value divided by 100 for percent-style display; not CMC/CoinGecko/TradingView market-cap BTC dominance.
1721952000000,2024-07-26 00:00:00,2024-07-26 09:00:00,2581.5,2603.2,2554.6,2577.6,25.815,26.032,25.546,25.776,25.7760%,1772.664,Binance BTCDOM index raw value divided by 100 for percent-style display; not CMC/CoinGecko/TradingView market-cap BTC dominance.
1722038400000,2024-07-27 00:00:00,2024-07-27 09:00:00,2577.6,2621.8,2572.6,2590.2,25.776,26.218,25.726,25.902,25.9020%,1555.145,Binance BTCDOM index raw value divided by 100 for percent-style display; not CMC/CoinGecko/TradingView market-cap BTC dominance.
1722124800000,2024-07-28 00:00:00,2024-07-28 09:00:00,2590.1,2600.0,2572.7,2594.2,25.901,26.0,25.727,25.942,25.9420%,515.875,Binance BTCDOM index raw value divided by 100 for percent-style display; not CMC/CoinGecko/TradingView market-cap BTC dominance.
1722211200000,2024-07-29 00:00:00,2024-07-29 09:00:00,2593.4,2605.0,2520.7,2528.7,25.934,26.05,25.207,25.287,25.2870%,1500.325,Binance BTCDOM index raw value divided by 100 for percent-style display; not CMC/CoinGecko/TradingView market-cap BTC dominance.
1722297600000,2024-07-30 00:00:00,2024-07-30 09:00:00,2528.7,2533.2,2497.4,2519.4,25.287,25.332,24.974,25.194,25.1940%,854.824,Binance BTCDOM index raw value divided by 100 for percent-style display; not CMC/CoinGecko/TradingView market-cap BTC dominance.
1722384000000,2024-07-31 00:00:00,2024-07-31 09:00:00,2519.4,2525.5,2481.0,2509.8,25.194,25.255,24.81,25.098,25.0980%,912.767,Binance BTCDOM index raw value divided by 100 for percent-style display; not CMC/CoinGecko/TradingView market-cap BTC dominance.
1722470400000,2024-08-01 00:00:00,2024-08-01 09:00:00,2509.7,2579.7,2502.6,2567.7,25.097,25.797,25.026,25.677,25.6770%,1920.007,Binance BTCDOM index raw value divided by 100 for percent-style display; not CMC/CoinGecko/TradingView market-cap BTC dominance.
1722556800000,2024-08-02 00:00:00,2024-08-02 09:00:00,2567.7,2646.4,2552.7,2589.8,25.677,26.464,25.527,25.898,25.8980%,2382.404,Binance BTCDOM index raw value divided by 100 for percent-style display; not CMC/CoinGecko/TradingView market-cap BTC dominance.
1722643200000,2024-08-03 00:00:00,2024-08-03 09:00:00,2590.0,2650.6,2580.7,2636.9,25.9,26.506,25.807,26.369,26.3690%,2507.96,Binance BTCDOM index raw value divided by 100 for percent-style display; not CMC/CoinGecko/TradingView market-cap BTC dominance.
1722729600000,2024-08-04 00:00:00,2024-08-04 09:00:00,2636.9,2722.0,2620.4,2697.0,26.369,27.22,26.204,26.97,26.9700%,3999.392,Binance BTCDOM index raw value divided by 100 for percent-style display; not CMC/CoinGecko/TradingView market-cap BTC dominance.
1722816000000,2024-08-05 00:00:00,2024-08-05 09:00:00,2697.0,3005.8,2687.8,2741.6,26.97,30.058,26.878,27.416,27.4160%,14318.219,Binance BTCDOM index raw value divided by 100 for percent-style display; not CMC/CoinGecko/TradingView market-cap BTC dominance.
1722902400000,2024-08-06 00:00:00,2024-08-06 09:00:00,2742.6,2759.5,2690.3,2751.5,27.426,27.595,26.903,27.515,27.5150%,2990.984,Binance BTCDOM index raw value divided by 100 for percent-style display; not CMC/CoinGecko/TradingView market-cap BTC dominance.
1722988800000,2024-08-07 00:00:00,2024-08-07 09:00:00,2751.6,2814.8,2714.1,2775.2,27.516,28.148,27.141,27.752,27.7520%,2707.137,Binance BTCDOM index raw value divided by 100 for percent-style display; not CMC/CoinGecko/TradingView market-cap BTC dominance.
1723075200000,2024-08-08 00:00:00,2024-08-08 09:00:00,2775.5,2810.0,2752.2,2776.4,27.755,28.1,27.522,27.764,27.7640%,2596.422,Binance BTCDOM index raw value divided by 100 for percent-style display; not CMC/CoinGecko/TradingView market-cap BTC dominance.
1723161600000,2024-08-09 00:00:00,2024-08-09 09:00:00,2776.6,2835.3,2761.7,2825.7,27.766,28.353,27.617,28.257,28.2570%,1807.124,Binance BTCDOM index raw value divided by 100 for percent-style display; not CMC/CoinGecko/TradingView market-cap BTC dominance.
1723248000000,2024-08-10 00:00:00,2024-08-10 09:00:00,2825.2,2834.2,2793.0,2815.0,28.252,28.342,27.93,28.15,28.1500%,755.616,Binance BTCDOM index raw value divided by 100 for percent-style display; not CMC/CoinGecko/TradingView market-cap BTC dominance.
1723334400000,2024-08-11 00:00:00,2024-08-11 09:00:00,2814.9,2825.0,2760.1,2817.1,28.149,28.25,27.601,28.171,28.1710%,1429.923,Binance BTCDOM index raw value divided by 100 for percent-style display; not CMC/CoinGecko/TradingView market-cap BTC dominance.
1723420800000,2024-08-12 00:00:00,2024-08-12 09:00:00,2817.1,2830.3,2695.2,2715.3,28.171,28.303,26.952,27.153,27.1530%,2078.045,Binance BTCDOM index raw value divided by 100 for percent-style display; not CMC/CoinGecko/TradingView market-cap BTC dominance.
1723507200000,2024-08-13 00:00:00,2024-08-13 09:00:00,2715.2,2796.6,2713.7,2773.3,27.152,27.966,27.137,27.733,27.7330%,1281.894,Binance BTCDOM index raw value divided by 100 for percent-style display; not CMC/CoinGecko/TradingView market-cap BTC dominance.
1723593600000,2024-08-14 00:00:00,2024-08-14 09:00:00,2773.3,2795.0,2725.0,2725.5,27.733,27.95,27.25,27.255,27.2550%,1101.58,Binance BTCDOM index raw value divided by 100 for percent-style display; not CMC/CoinGecko/TradingView market-cap BTC dominance.
1723680000000,2024-08-15 00:00:00,2024-08-15 09:00:00,2725.5,2783.4,2710.7,2741.7,27.255,27.834,27.107,27.417,27.4170%,1189.624,Binance BTCDOM index raw value divided by 100 for percent-style display; not CMC/CoinGecko/TradingView market-cap BTC dominance.
1723766400000,2024-08-16 00:00:00,2024-08-16 09:00:00,2741.0,2807.3,2727.1,2792.4,27.41,28.073,27.271,27.924,27.9240%,997.509,Binance BTCDOM index raw value divided by 100 for percent-style display; not CMC/CoinGecko/TradingView market-cap BTC dominance.
1723852800000,2024-08-17 00:00:00,2024-08-17 09:00:00,2792.7,2806.0,2774.3,2780.6,27.927,28.06,27.743,27.806,27.8060%,519.193,Binance BTCDOM index raw value divided by 100 for percent-style display; not CMC/CoinGecko/TradingView market-cap BTC dominance.
1723939200000,2024-08-18 00:00:00,2024-08-18 09:00:00,2781.3,2801.4,2742.8,2745.1,27.813,28.014,27.428,27.451,27.4510%,617.15,Binance BTCDOM index raw value divided by 100 for percent-style display; not CMC/CoinGecko/TradingView market-cap BTC dominance.
1724025600000,2024-08-19 00:00:00,2024-08-19 09:00:00,2745.3,2755.7,2728.5,2735.4,27.453,27.557,27.285,27.354,27.3540%,595.813,Binance BTCDOM index raw value divided by 100 for percent-style display; not CMC/CoinGecko/TradingView market-cap BTC dominance.
1724112000000,2024-08-20 00:00:00,2024-08-20 09:00:00,2735.3,2776.1,2730.1,2741.7,27.353,27.761,27.301,27.417,27.4170%,729.669,Binance BTCDOM index raw value divided by 100 for percent-style display; not CMC/CoinGecko/TradingView market-cap BTC dominance.
1724198400000,2024-08-21 00:00:00,2024-08-21 09:00:00,2741.7,2794.2,2740.3,2787.9,27.417,27.942,27.403,27.879,27.8790%,761.062,Binance BTCDOM index raw value divided by 100 for percent-style display; not CMC/CoinGecko/TradingView market-cap BTC dominance.
1724284800000,2024-08-22 00:00:00,2024-08-22 09:00:00,2787.9,2794.4,2743.2,2746.5,27.879,27.944,27.432,27.465,27.4650%,517.682,Binance BTCDOM index raw value divided by 100 for percent-style display; not CMC/CoinGecko/TradingView market-cap BTC dominance.
1724371200000,2024-08-23 00:00:00,2024-08-23 09:00:00,2746.5,2809.3,2730.0,2782.1,27.465,28.093,27.3,27.821,27.8210%,1137.756,Binance BTCDOM index raw value divided by 100 for percent-style display; not CMC/CoinGecko/TradingView market-cap BTC dominance.
1724457600000,2024-08-24 00:00:00,2024-08-24 09:00:00,2781.4,2804.5,2746.1,2775.1,27.814,28.045,27.461,27.751,27.7510%,1045.867,Binance BTCDOM index raw value divided by 100 for percent-style display; not CMC/CoinGecko/TradingView market-cap BTC dominance.
1724544000000,2024-08-25 00:00:00,2024-08-25 09:00:00,2775.2,2828.6,2772.9,2808.4,27.752,28.286,27.729,28.084,28.0840%,1482.839,Binance BTCDOM index raw value divided by 100 for percent-style display; not CMC/CoinGecko/TradingView market-cap BTC dominance.
1724630400000,2024-08-26 00:00:00,2024-08-26 09:00:00,2808.4,2848.4,2798.3,2830.0,28.084,28.484,27.983,28.3,28.3000%,1305.232,Binance BTCDOM index raw value divided by 100 for percent-style display; not CMC/CoinGecko/TradingView market-cap BTC dominance.
1724716800000,2024-08-27 00:00:00,2024-08-27 09:00:00,2829.9,2903.5,2813.2,2860.0,28.299,29.035,28.132,28.6,28.6000%,2179.336,Binance BTCDOM index raw value divided by 100 for percent-style display; not CMC/CoinGecko/TradingView market-cap BTC dominance.
1724803200000,2024-08-28 00:00:00,2024-08-28 09:00:00,2859.9,2876.4,2800.3,2803.7,28.599,28.764,28.003,28.037,28.0370%,1782.998,Binance BTCDOM index raw value divided by 100 for percent-style display; not CMC/CoinGecko/TradingView market-cap BTC dominance.
1724889600000,2024-08-29 00:00:00,2024-08-29 09:00:00,2804.0,2847.3,2796.9,2831.8,28.04,28.473,27.969,28.318,28.3180%,829.249,Binance BTCDOM index raw value divided by 100 for percent-style display; not CMC/CoinGecko/TradingView market-cap BTC dominance.
1724976000000,2024-08-30 00:00:00,2024-08-30 09:00:00,2831.8,2867.7,2819.7,2822.2,28.318,28.677,28.197,28.222,28.2220%,1174.619,Binance BTCDOM index raw value divided by 100 for percent-style display; not CMC/CoinGecko/TradingView market-cap BTC dominance.
1725062400000,2024-08-31 00:00:00,2024-08-31 09:00:00,2822.2,2844.6,2819.0,2834.4,28.222,28.446,28.19,28.344,28.3440%,407.019,Binance BTCDOM index raw value divided by 100 for percent-style display; not CMC/CoinGecko/TradingView market-cap BTC dominance.
1725148800000,2024-09-01 00:00:00,2024-09-01 09:00:00,2834.4,2883.1,2830.0,2861.3,28.344,28.831,28.3,28.613,28.6130%,1140.973,Binance BTCDOM index raw value divided by 100 for percent-style display; not CMC/CoinGecko/TradingView market-cap BTC dominance.
1725235200000,2024-09-02 00:00:00,2024-09-02 09:00:00,2861.5,2879.0,2817.9,2839.2,28.615,28.79,28.179,28.392,28.3920%,1316.96,Binance BTCDOM index raw value divided by 100 for percent-style display; not CMC/CoinGecko/TradingView market-cap BTC dominance.
1725321600000,2024-09-03 00:00:00,2024-09-03 09:00:00,2839.6,2872.7,2836.5,2867.4,28.396,28.727,28.365,28.674,28.6740%,633.485,Binance BTCDOM index raw value divided by 100 for percent-style display; not CMC/CoinGecko/TradingView market-cap BTC dominance.
1725408000000,2024-09-04 00:00:00,2024-09-04 09:00:00,2867.6,2910.0,2828.6,2865.8,28.676,29.1,28.286,28.658,28.6580%,2942.421,Binance BTCDOM index raw value divided by 100 for percent-style display; not CMC/CoinGecko/TradingView market-cap BTC dominance.
1725494400000,2024-09-05 00:00:00,2024-09-05 09:00:00,2865.8,2867.7,2838.3,2850.1,28.658,28.677,28.383,28.501,28.5010%,553.803,Binance BTCDOM index raw value divided by 100 for percent-style display; not CMC/CoinGecko/TradingView market-cap BTC dominance.
1725580800000,2024-09-06 00:00:00,2024-09-06 09:00:00,2851.6,2887.4,2821.7,2868.8,28.516,28.874,28.217,28.688,28.6880%,948.955,Binance BTCDOM index raw value divided by 100 for percent-style display; not CMC/CoinGecko/TradingView market-cap BTC dominance.
1725667200000,2024-09-07 00:00:00,2024-09-07 09:00:00,2868.8,2873.1,2828.6,2833.1,28.688,28.731,28.286,28.331,28.3310%,514.357,Binance BTCDOM index raw value divided by 100 for percent-style display; not CMC/CoinGecko/TradingView market-cap BTC dominance.
1725753600000,2024-09-08 00:00:00,2024-09-08 09:00:00,2833.0,2836.5,2801.3,2828.2,28.33,28.365,28.013,28.282,28.2820%,700.406,Binance BTCDOM index raw value divided by 100 for percent-style display; not CMC/CoinGecko/TradingView market-cap BTC dominance.
1725840000000,2024-09-09 00:00:00,2024-09-09 09:00:00,2827.9,2881.0,2818.4,2857.9,28.279,28.81,28.184,28.579,28.5790%,822.354,Binance BTCDOM index raw value divided by 100 for percent-style display; not CMC/CoinGecko/TradingView market-cap BTC dominance.
1725926400000,2024-09-10 00:00:00,2024-09-10 09:00:00,2858.9,2880.0,2850.0,2867.3,28.589,28.8,28.5,28.673,28.6730%,420.606,Binance BTCDOM index raw value divided by 100 for percent-style display; not CMC/CoinGecko/TradingView market-cap BTC dominance.
1726012800000,2024-09-11 00:00:00,2024-09-11 09:00:00,2867.3,2897.2,2858.6,2879.3,28.673,28.972,28.586,28.793,28.7930%,865.89,Binance BTCDOM index raw value divided by 100 for percent-style display; not CMC/CoinGecko/TradingView market-cap BTC dominance.
1726099200000,2024-09-12 00:00:00,2024-09-12 09:00:00,2879.4,2897.7,2861.8,2876.8,28.794,28.977,28.618,28.768,28.7680%,741.822,Binance BTCDOM index raw value divided by 100 for percent-style display; not CMC/CoinGecko/TradingView market-cap BTC dominance.
1726185600000,2024-09-13 00:00:00,2024-09-13 09:00:00,2876.7,2933.3,2870.9,2913.9,28.767,29.333,28.709,29.139,29.1390%,787.786,Binance BTCDOM index raw value divided by 100 for percent-style display; not CMC/CoinGecko/TradingView market-cap BTC dominance.
1726272000000,2024-09-14 00:00:00,2024-09-14 09:00:00,2913.4,2924.4,2897.5,2909.4,29.134,29.244,28.975,29.094,29.0940%,444.537,Binance BTCDOM index raw value divided by 100 for percent-style display; not CMC/CoinGecko/TradingView market-cap BTC dominance.
1726358400000,2024-09-15 00:00:00,2024-09-15 09:00:00,2909.1,2966.3,2900.0,2962.3,29.091,29.663,29.0,29.623,29.6230%,822.672,Binance BTCDOM index raw value divided by 100 for percent-style display; not CMC/CoinGecko/TradingView market-cap BTC dominance.
1726444800000,2024-09-16 00:00:00,2024-09-16 09:00:00,2962.7,2987.5,2934.6,2950.5,29.627,29.875,29.346,29.505,29.5050%,1385.188,Binance BTCDOM index raw value divided by 100 for percent-style display; not CMC/CoinGecko/TradingView market-cap BTC dominance.
1726531200000,2024-09-17 00:00:00,2024-09-17 09:00:00,2950.1,3030.0,2944.0,3012.2,29.501,30.3,29.44,30.122,30.1220%,1638.08,Binance BTCDOM index raw value divided by 100 for percent-style display; not CMC/CoinGecko/TradingView market-cap BTC dominance.
1726617600000,2024-09-18 00:00:00,2024-09-18 09:00:00,3012.7,3049.1,3010.3,3031.8,30.127,30.491,30.103,30.318,30.3180%,1369.902,Binance BTCDOM index raw value divided by 100 for percent-style display; not CMC/CoinGecko/TradingView market-cap BTC dominance.
1726704000000,2024-09-19 00:00:00,2024-09-19 09:00:00,3031.7,3041.6,2988.5,2995.4,30.317,30.416,29.885,29.954,29.9540%,1343.109,Binance BTCDOM index raw value divided by 100 for percent-style display; not CMC/CoinGecko/TradingView market-cap BTC dominance.
1726790400000,2024-09-20 00:00:00,2024-09-20 09:00:00,2995.2,3016.6,2926.8,2940.6,29.952,30.166,29.268,29.406,29.4060%,1422.766,Binance BTCDOM index raw value divided by 100 for percent-style display; not CMC/CoinGecko/TradingView market-cap BTC dominance.
1726876800000,2024-09-21 00:00:00,2024-09-21 09:00:00,2940.5,2952.5,2881.3,2883.7,29.405,29.525,28.813,28.837,28.8370%,798.506,Binance BTCDOM index raw value divided by 100 for percent-style display; not CMC/CoinGecko/TradingView market-cap BTC dominance.
1726963200000,2024-09-22 00:00:00,2024-09-22 09:00:00,2884.0,2945.0,2875.2,2935.2,28.84,29.45,28.752,29.352,29.3520%,1007.842,Binance BTCDOM index raw value divided by 100 for percent-style display; not CMC/CoinGecko/TradingView market-cap BTC dominance.
1727049600000,2024-09-23 00:00:00,2024-09-23 09:00:00,2935.2,2938.7,2846.0,2866.4,29.352,29.387,28.46,28.664,28.6640%,1125.343,Binance BTCDOM index raw value divided by 100 for percent-style display; not CMC/CoinGecko/TradingView market-cap BTC dominance.
1727136000000,2024-09-24 00:00:00,2024-09-24 09:00:00,2866.9,2891.6,2861.4,2872.8,28.669,28.916,28.614,28.728,28.7280%,599.739,Binance BTCDOM index raw value divided by 100 for percent-style display; not CMC/CoinGecko/TradingView market-cap BTC dominance.
1727222400000,2024-09-25 00:00:00,2024-09-25 09:00:00,2872.4,2907.0,2870.1,2896.4,28.724,29.07,28.701,28.964,28.9640%,452.278,Binance BTCDOM index raw value divided by 100 for percent-style display; not CMC/CoinGecko/TradingView market-cap BTC dominance.
1727308800000,2024-09-26 00:00:00,2024-09-26 09:00:00,2896.5,2911.0,2868.4,2909.5,28.965,29.11,28.684,29.095,29.0950%,558.465,Binance BTCDOM index raw value divided by 100 for percent-style display; not CMC/CoinGecko/TradingView market-cap BTC dominance.
1727395200000,2024-09-27 00:00:00,2024-09-27 09:00:00,2909.5,2914.1,2872.5,2882.3,29.095,29.141,28.725,28.823,28.8230%,542.907,Binance BTCDOM index raw value divided by 100 for percent-style display; not CMC/CoinGecko/TradingView market-cap BTC dominance.
1727481600000,2024-09-28 00:00:00,2024-09-28 09:00:00,2882.1,2915.0,2874.0,2894.4,28.821,29.15,28.74,28.944,28.9440%,414.383,Binance BTCDOM index raw value divided by 100 for percent-style display; not CMC/CoinGecko/TradingView market-cap BTC dominance.
1727568000000,2024-09-29 00:00:00,2024-09-29 09:00:00,2895.2,2921.0,2882.6,2893.1,28.952,29.21,28.826,28.931,28.9310%,609.704,Binance BTCDOM index raw value divided by 100 for percent-style display; not CMC/CoinGecko/TradingView market-cap BTC dominance.
1727654400000,2024-09-30 00:00:00,2024-09-30 09:00:00,2893.1,2908.6,2852.2,2886.9,28.931,29.086,28.522,28.869,28.8690%,851.657,Binance BTCDOM index raw value divided by 100 for percent-style display; not CMC/CoinGecko/TradingView market-cap BTC dominance.
1727740800000,2024-10-01 00:00:00,2024-10-01 09:00:00,2886.9,2974.0,2851.0,2924.2,28.869,29.74,28.51,29.242,29.2420%,2132.531,Binance BTCDOM index raw value divided by 100 for percent-style display; not CMC/CoinGecko/TradingView market-cap BTC dominance.
1727827200000,2024-10-02 00:00:00,2024-10-02 09:00:00,2924.5,3020.0,2912.8,3010.2,29.245,30.2,29.128,30.102,30.1020%,2331.703,Binance BTCDOM index raw value divided by 100 for percent-style display; not CMC/CoinGecko/TradingView market-cap BTC dominance.
1727913600000,2024-10-03 00:00:00,2024-10-03 09:00:00,3010.3,3060.7,3000.0,3034.4,30.103,30.607,30.0,30.344,30.3440%,2540.604,Binance BTCDOM index raw value divided by 100 for percent-style display; not CMC/CoinGecko/TradingView market-cap BTC dominance.
1728000000000,2024-10-04 00:00:00,2024-10-04 09:00:00,3034.4,3039.3,2998.0,3017.2,30.344,30.393,29.98,30.172,30.1720%,911.032,Binance BTCDOM index raw value divided by 100 for percent-style display; not CMC/CoinGecko/TradingView market-cap BTC dominance.
1728086400000,2024-10-05 00:00:00,2024-10-05 09:00:00,3016.9,3031.3,3005.9,3017.8,30.169,30.313,30.059,30.178,30.1780%,469.47,Binance BTCDOM index raw value divided by 100 for percent-style display; not CMC/CoinGecko/TradingView market-cap BTC dominance.
1728172800000,2024-10-06 00:00:00,2024-10-06 09:00:00,3017.6,3023.3,3002.1,3013.0,30.176,30.233,30.021,30.13,30.1300%,485.708,Binance BTCDOM index raw value divided by 100 for percent-style display; not CMC/CoinGecko/TradingView market-cap BTC dominance.
1728259200000,2024-10-07 00:00:00,2024-10-07 09:00:00,3013.1,3035.9,2985.0,3014.9,30.131,30.359,29.85,30.149,30.1490%,1202.955,Binance BTCDOM index raw value divided by 100 for percent-style display; not CMC/CoinGecko/TradingView market-cap BTC dominance.
1728345600000,2024-10-08 00:00:00,2024-10-08 09:00:00,3014.4,3031.5,2988.3,2992.6,30.144,30.315,29.883,29.926,29.9260%,869.351,Binance BTCDOM index raw value divided by 100 for percent-style display; not CMC/CoinGecko/TradingView market-cap BTC dominance.
1728432000000,2024-10-09 00:00:00,2024-10-09 09:00:00,2992.5,3001.8,2965.6,2988.8,29.925,30.018,29.656,29.888,29.8880%,1062.416,Binance BTCDOM index raw value divided by 100 for percent-style display; not CMC/CoinGecko/TradingView market-cap BTC dominance.
1728518400000,2024-10-10 00:00:00,2024-10-10 09:00:00,2988.8,3002.3,2959.0,2969.4,29.888,30.023,29.59,29.694,29.6940%,1090.603,Binance BTCDOM index raw value divided by 100 for percent-style display; not CMC/CoinGecko/TradingView market-cap BTC dominance.
1728604800000,2024-10-11 00:00:00,2024-10-11 09:00:00,2969.3,3008.1,2949.9,2994.3,29.693,30.081,29.499,29.943,29.9430%,677.859,Binance BTCDOM index raw value divided by 100 for percent-style display; not CMC/CoinGecko/TradingView market-cap BTC dominance.
1728691200000,2024-10-12 00:00:00,2024-10-12 09:00:00,2994.4,3003.1,2981.4,2991.6,29.944,30.031,29.814,29.916,29.9160%,332.656,Binance BTCDOM index raw value divided by 100 for percent-style display; not CMC/CoinGecko/TradingView market-cap BTC dominance.
1728777600000,2024-10-13 00:00:00,2024-10-13 09:00:00,2991.0,3003.7,2978.1,2989.5,29.91,30.037,29.781,29.895,29.8950%,418.227,Binance BTCDOM index raw value divided by 100 for percent-style display; not CMC/CoinGecko/TradingView market-cap BTC dominance.
1728864000000,2024-10-14 00:00:00,2024-10-14 09:00:00,2989.5,3018.7,2974.8,2985.9,29.895,30.187,29.748,29.859,29.8590%,939.472,Binance BTCDOM index raw value divided by 100 for percent-style display; not CMC/CoinGecko/TradingView market-cap BTC dominance.
1728950400000,2024-10-15 00:00:00,2024-10-15 09:00:00,2985.8,3074.0,2967.8,3051.8,29.858,30.74,29.678,30.518,30.5180%,1735.598,Binance BTCDOM index raw value divided by 100 for percent-style display; not CMC/CoinGecko/TradingView market-cap BTC dominance.
1729036800000,2024-10-16 00:00:00,2024-10-16 09:00:00,3051.9,3088.3,3046.5,3069.6,30.519,30.883,30.465,30.696,30.6960%,966.175,Binance BTCDOM index raw value divided by 100 for percent-style display; not CMC/CoinGecko/TradingView market-cap BTC dominance.
1729123200000,2024-10-17 00:00:00,2024-10-17 09:00:00,3069.6,3093.6,3035.3,3081.9,30.696,30.936,30.353,30.819,30.8190%,943.381,Binance BTCDOM index raw value divided by 100 for percent-style display; not CMC/CoinGecko/TradingView market-cap BTC dominance.
1729209600000,2024-10-18 00:00:00,2024-10-18 09:00:00,3081.9,3087.0,3058.5,3077.2,30.819,30.87,30.585,30.772,30.7720%,661.489,Binance BTCDOM index raw value divided by 100 for percent-style display; not CMC/CoinGecko/TradingView market-cap BTC dominance.
1729296000000,2024-10-19 00:00:00,2024-10-19 09:00:00,3077.1,3078.5,3054.9,3060.0,30.771,30.785,30.549,30.6,30.6000%,345.211,Binance BTCDOM index raw value divided by 100 for percent-style display; not CMC/CoinGecko/TradingView market-cap BTC dominance.
1729382400000,2024-10-20 00:00:00,2024-10-20 09:00:00,3060.0,3073.9,3001.0,3003.4,30.6,30.739,30.01,30.034,30.0340%,900.557,Binance BTCDOM index raw value divided by 100 for percent-style display; not CMC/CoinGecko/TradingView market-cap BTC dominance.
1729468800000,2024-10-21 00:00:00,2024-10-21 09:00:00,3003.3,3008.0,2974.1,2993.9,30.033,30.08,29.741,29.939,29.9390%,1078.9,Binance BTCDOM index raw value divided by 100 for percent-style display; not CMC/CoinGecko/TradingView market-cap BTC dominance.
1729555200000,2024-10-22 00:00:00,2024-10-22 09:00:00,2993.8,3029.4,2984.6,3028.5,29.938,30.294,29.846,30.285,30.2850%,558.405,Binance BTCDOM index raw value divided by 100 for percent-style display; not CMC/CoinGecko/TradingView market-cap BTC dominance.
1729641600000,2024-10-23 00:00:00,2024-10-23 09:00:00,3028.4,3083.3,3022.9,3061.0,30.284,30.833,30.229,30.61,30.6100%,1275.921,Binance BTCDOM index raw value divided by 100 for percent-style display; not CMC/CoinGecko/TradingView market-cap BTC dominance.
1729728000000,2024-10-24 00:00:00,2024-10-24 09:00:00,3061.0,3102.2,3057.0,3095.3,30.61,31.022,30.57,30.953,30.9530%,1131.457,Binance BTCDOM index raw value divided by 100 for percent-style display; not CMC/CoinGecko/TradingView market-cap BTC dominance.
1729814400000,2024-10-25 00:00:00,2024-10-25 09:00:00,3095.2,3270.0,3090.6,3182.2,30.952,32.7,30.906,31.822,31.8220%,2982.128,Binance BTCDOM index raw value divided by 100 for percent-style display; not CMC/CoinGecko/TradingView market-cap BTC dominance.
1729900800000,2024-10-26 00:00:00,2024-10-26 09:00:00,3182.3,3200.0,3127.8,3139.4,31.823,32.0,31.278,31.394,31.3940%,1909.68,Binance BTCDOM index raw value divided by 100 for percent-style display; not CMC/CoinGecko/TradingView market-cap BTC dominance.
1729987200000,2024-10-27 00:00:00,2024-10-27 09:00:00,3139.4,3147.7,3129.6,3136.3,31.394,31.477,31.296,31.363,31.3630%,653.325,Binance BTCDOM index raw value divided by 100 for percent-style display; not CMC/CoinGecko/TradingView market-cap BTC dominance.
1730073600000,2024-10-28 00:00:00,2024-10-28 09:00:00,3136.7,3203.5,3132.4,3163.5,31.367,32.035,31.324,31.635,31.6350%,1559.408,Binance BTCDOM index raw value divided by 100 for percent-style display; not CMC/CoinGecko/TradingView market-cap BTC dominance.
1730160000000,2024-10-29 00:00:00,2024-10-29 09:00:00,3163.5,3223.0,3133.1,3201.3,31.635,32.23,31.331,32.013,32.0130%,1771.96,Binance BTCDOM index raw value divided by 100 for percent-style display; not CMC/CoinGecko/TradingView market-cap BTC dominance.
1730246400000,2024-10-30 00:00:00,2024-10-30 09:00:00,3201.7,3212.1,3148.9,3200.1,32.017,32.121,31.489,32.001,32.0010%,1395.148,Binance BTCDOM index raw value divided by 100 for percent-style display; not CMC/CoinGecko/TradingView market-cap BTC dominance.
1730332800000,2024-10-31 00:00:00,2024-10-31 09:00:00,3200.3,3270.0,3188.6,3254.4,32.003,32.7,31.886,32.544,32.5440%,2651.527,Binance BTCDOM index raw value divided by 100 for percent-style display; not CMC/CoinGecko/TradingView market-cap BTC dominance.
1730419200000,2024-11-01 00:00:00,2024-11-01 09:00:00,3254.5,3256.0,3215.5,3236.0,32.545,32.56,32.155,32.36,32.3600%,1879.769,Binance BTCDOM index raw value divided by 100 for percent-style display; not CMC/CoinGecko/TradingView market-cap BTC dominance.
1730505600000,2024-11-02 00:00:00,2024-11-02 09:00:00,3236.2,3278.5,3226.7,3248.7,32.362,32.785,32.267,32.487,32.4870%,1433.707,Binance BTCDOM index raw value divided by 100 for percent-style display; not CMC/CoinGecko/TradingView market-cap BTC dominance.
1730592000000,2024-11-03 00:00:00,2024-11-03 09:00:00,3248.6,3302.7,3243.0,3286.4,32.486,33.027,32.43,32.864,32.8640%,2790.673,Binance BTCDOM index raw value divided by 100 for percent-style display; not CMC/CoinGecko/TradingView market-cap BTC dominance.
1730678400000,2024-11-04 00:00:00,2024-11-04 09:00:00,3286.3,3316.9,3260.5,3299.9,32.863,33.169,32.605,32.999,32.9990%,1742.966,Binance BTCDOM index raw value divided by 100 for percent-style display; not CMC/CoinGecko/TradingView market-cap BTC dominance.
1730764800000,2024-11-05 00:00:00,2024-11-05 09:00:00,3300.0,3318.0,3281.3,3305.4,33.0,33.18,32.813,33.054,33.0540%,1502.091,Binance BTCDOM index raw value divided by 100 for percent-style display; not CMC/CoinGecko/TradingView market-cap BTC dominance.
1730851200000,2024-11-06 00:00:00,2024-11-06 09:00:00,3305.3,3320.5,3242.5,3259.2,33.053,33.205,32.425,32.592,32.5920%,3838.706,Binance BTCDOM index raw value divided by 100 for percent-style display; not CMC/CoinGecko/TradingView market-cap BTC dominance.
1730937600000,2024-11-07 00:00:00,2024-11-07 09:00:00,3258.5,3267.0,3120.4,3136.0,32.585,32.67,31.204,31.36,31.3600%,4485.417,Binance BTCDOM index raw value divided by 100 for percent-style display; not CMC/CoinGecko/TradingView market-cap BTC dominance.
1731024000000,2024-11-08 00:00:00,2024-11-08 09:00:00,3136.0,3149.1,3086.4,3100.6,31.36,31.491,30.864,31.006,31.0060%,2683.396,Binance BTCDOM index raw value divided by 100 for percent-style display; not CMC/CoinGecko/TradingView market-cap BTC dominance.
1731110400000,2024-11-09 00:00:00,2024-11-09 09:00:00,3100.6,3108.0,2967.8,2977.2,31.006,31.08,29.678,29.772,29.7720%,3250.929,Binance BTCDOM index raw value divided by 100 for percent-style display; not CMC/CoinGecko/TradingView market-cap BTC dominance.
1731196800000,2024-11-10 00:00:00,2024-11-10 09:00:00,2977.2,3064.1,2956.7,3015.9,29.772,30.641,29.567,30.159,30.1590%,6239.209,Binance BTCDOM index raw value divided by 100 for percent-style display; not CMC/CoinGecko/TradingView market-cap BTC dominance.
1731283200000,2024-11-11 00:00:00,2024-11-11 09:00:00,3016.0,3194.8,2994.5,3131.9,30.16,31.948,29.945,31.319,31.3190%,6190.306,Binance BTCDOM index raw value divided by 100 for percent-style display; not CMC/CoinGecko/TradingView market-cap BTC dominance.
1731369600000,2024-11-12 00:00:00,2024-11-12 09:00:00,3132.2,3223.9,3070.0,3195.7,31.322,32.239,30.7,31.957,31.9570%,6701.606,Binance BTCDOM index raw value divided by 100 for percent-style display; not CMC/CoinGecko/TradingView market-cap BTC dominance.
1731456000000,2024-11-13 00:00:00,2024-11-13 09:00:00,3195.2,3362.5,3184.1,3319.2,31.952,33.625,31.841,33.192,33.1920%,5723.156,Binance BTCDOM index raw value divided by 100 for percent-style display; not CMC/CoinGecko/TradingView market-cap BTC dominance.
1731542400000,2024-11-14 00:00:00,2024-11-14 09:00:00,3319.2,3349.1,3230.8,3291.3,33.192,33.491,32.308,32.913,32.9130%,3873.214,Binance BTCDOM index raw value divided by 100 for percent-style display; not CMC/CoinGecko/TradingView market-cap BTC dominance.
1731628800000,2024-11-15 00:00:00,2024-11-15 09:00:00,3291.3,3372.0,3280.2,3327.8,32.913,33.72,32.802,33.278,33.2780%,3451.144,Binance BTCDOM index raw value divided by 100 for percent-style display; not CMC/CoinGecko/TradingView market-cap BTC dominance.
1731715200000,2024-11-16 00:00:00,2024-11-16 09:00:00,3327.9,3344.4,3212.6,3243.4,33.279,33.444,32.126,32.434,32.4340%,3465.438,Binance BTCDOM index raw value divided by 100 for percent-style display; not CMC/CoinGecko/TradingView market-cap BTC dominance.
1731801600000,2024-11-17 00:00:00,2024-11-17 09:00:00,3244.4,3317.3,3189.6,3237.8,32.444,33.173,31.896,32.378,32.3780%,3004.386,Binance BTCDOM index raw value divided by 100 for percent-style display; not CMC/CoinGecko/TradingView market-cap BTC dominance.
1731888000000,2024-11-18 00:00:00,2024-11-18 09:00:00,3237.8,3252.9,3150.0,3159.2,32.378,32.529,31.5,31.592,31.5920%,2586.563,Binance BTCDOM index raw value divided by 100 for percent-style display; not CMC/CoinGecko/TradingView market-cap BTC dominance.
1731974400000,2024-11-19 00:00:00,2024-11-19 09:00:00,3159.3,3302.2,3150.7,3270.1,31.593,33.022,31.507,32.701,32.7010%,2314.648,Binance BTCDOM index raw value divided by 100 for percent-style display; not CMC/CoinGecko/TradingView market-cap BTC dominance.
1732060800000,2024-11-20 00:00:00,2024-11-20 09:00:00,3270.1,3413.1,3261.0,3384.1,32.701,34.131,32.61,33.841,33.8410%,4779.054,Binance BTCDOM index raw value divided by 100 for percent-style display; not CMC/CoinGecko/TradingView market-cap BTC dominance.
1732147200000,2024-11-21 00:00:00,2024-11-21 09:00:00,3383.9,3468.0,3265.2,3283.9,33.839,34.68,32.652,32.839,32.8390%,7877.794,Binance BTCDOM index raw value divided by 100 for percent-style display; not CMC/CoinGecko/TradingView market-cap BTC dominance.
1732233600000,2024-11-22 00:00:00,2024-11-22 09:00:00,3283.7,3302.5,3201.6,3207.6,32.837,33.025,32.016,32.076,32.0760%,4636.155,Binance BTCDOM index raw value divided by 100 for percent-style display; not CMC/CoinGecko/TradingView market-cap BTC dominance.
1732320000000,2024-11-23 00:00:00,2024-11-23 09:00:00,3207.5,3208.5,3014.2,3085.4,32.075,32.085,30.142,30.854,30.8540%,7625.566,Binance BTCDOM index raw value divided by 100 for percent-style display; not CMC/CoinGecko/TradingView market-cap BTC dominance.
1732406400000,2024-11-24 00:00:00,2024-11-24 09:00:00,3085.0,3200.4,3050.0,3114.7,30.85,32.004,30.5,31.147,31.1470%,6132.149,Binance BTCDOM index raw value divided by 100 for percent-style display; not CMC/CoinGecko/TradingView market-cap BTC dominance.
1732492800000,2024-11-25 00:00:00,2024-11-25 09:00:00,3114.5,3166.5,3006.1,3024.1,31.145,31.665,30.061,30.241,30.2410%,6077.541,Binance BTCDOM index raw value divided by 100 for percent-style display; not CMC/CoinGecko/TradingView market-cap BTC dominance.
1732579200000,2024-11-26 00:00:00,2024-11-26 09:00:00,3024.0,3149.8,3014.4,3056.0,30.24,31.498,30.144,30.56,30.5600%,5038.922,Binance BTCDOM index raw value divided by 100 for percent-style display; not CMC/CoinGecko/TradingView market-cap BTC dominance.
1732665600000,2024-11-27 00:00:00,2024-11-27 09:00:00,3056.1,3086.7,2957.7,2967.1,30.561,30.867,29.577,29.671,29.6710%,3417.222,Binance BTCDOM index raw value divided by 100 for percent-style display; not CMC/CoinGecko/TradingView market-cap BTC dominance.
1732752000000,2024-11-28 00:00:00,2024-11-28 09:00:00,2967.4,3027.0,2956.0,2980.0,29.674,30.27,29.56,29.8,29.8000%,2481.266,Binance BTCDOM index raw value divided by 100 for percent-style display; not CMC/CoinGecko/TradingView market-cap BTC dominance.
1732838400000,2024-11-29 00:00:00,2024-11-29 09:00:00,2980.0,3005.3,2950.8,2958.8,29.8,30.053,29.508,29.588,29.5880%,2033.676,Binance BTCDOM index raw value divided by 100 for percent-style display; not CMC/CoinGecko/TradingView market-cap BTC dominance.
1732924800000,2024-11-30 00:00:00,2024-11-30 09:00:00,2958.9,2973.2,2855.8,2873.6,29.589,29.732,28.558,28.736,28.7360%,4334.489,Binance BTCDOM index raw value divided by 100 for percent-style display; not CMC/CoinGecko/TradingView market-cap BTC dominance.
1733011200000,2024-12-01 00:00:00,2024-12-01 09:00:00,2873.4,2910.0,2842.6,2847.8,28.734,29.1,28.426,28.478,28.4780%,4303.367,Binance BTCDOM index raw value divided by 100 for percent-style display; not CMC/CoinGecko/TradingView market-cap BTC dominance.
1733097600000,2024-12-02 00:00:00,2024-12-02 09:00:00,2847.9,2907.8,2800.9,2803.9,28.479,29.078,28.009,28.039,28.0390%,5242.195,Binance BTCDOM index raw value divided by 100 for percent-style display; not CMC/CoinGecko/TradingView market-cap BTC dominance.
1733184000000,2024-12-03 00:00:00,2024-12-03 09:00:00,2803.8,2874.6,2742.1,2754.5,28.038,28.746,27.421,27.545,27.5450%,7536.427,Binance BTCDOM index raw value divided by 100 for percent-style display; not CMC/CoinGecko/TradingView market-cap BTC dominance.
1733270400000,2024-12-04 00:00:00,2024-12-04 09:00:00,2754.5,2797.1,2651.6,2761.3,27.545,27.971,26.516,27.613,27.6130%,8273.463,Binance BTCDOM index raw value divided by 100 for percent-style display; not CMC/CoinGecko/TradingView market-cap BTC dominance.
1733356800000,2024-12-05 00:00:00,2024-12-05 09:00:00,2761.4,2916.0,2685.0,2754.1,27.614,29.16,26.85,27.541,27.5410%,9079.029,Binance BTCDOM index raw value divided by 100 for percent-style display; not CMC/CoinGecko/TradingView market-cap BTC dominance.
1733443200000,2024-12-06 00:00:00,2024-12-06 09:00:00,2754.2,2778.9,2695.0,2713.1,27.542,27.789,26.95,27.131,27.1310%,4348.72,Binance BTCDOM index raw value divided by 100 for percent-style display; not CMC/CoinGecko/TradingView market-cap BTC dominance.
1733529600000,2024-12-07 00:00:00,2024-12-07 09:00:00,2712.9,2728.8,2670.0,2677.9,27.129,27.288,26.7,26.779,26.7790%,3119.699,Binance BTCDOM index raw value divided by 100 for percent-style display; not CMC/CoinGecko/TradingView market-cap BTC dominance.
1733616000000,2024-12-08 00:00:00,2024-12-08 09:00:00,2677.9,2720.8,2670.0,2707.7,26.779,27.208,26.7,27.077,27.0770%,3971.525,Binance BTCDOM index raw value divided by 100 for percent-style display; not CMC/CoinGecko/TradingView market-cap BTC dominance.
1733702400000,2024-12-09 00:00:00,2024-12-09 09:00:00,2707.7,3024.0,2701.5,2909.2,27.077,30.24,27.015,29.092,29.0920%,11593.302,Binance BTCDOM index raw value divided by 100 for percent-style display; not CMC/CoinGecko/TradingView market-cap BTC dominance.
1733788800000,2024-12-10 00:00:00,2024-12-10 09:00:00,2909.3,3050.0,2872.6,2916.4,29.093,30.5,28.726,29.164,29.1640%,11225.864,Binance BTCDOM index raw value divided by 100 for percent-style display; not CMC/CoinGecko/TradingView market-cap BTC dominance.
1733875200000,2024-12-11 00:00:00,2024-12-11 09:00:00,2915.5,2969.9,2870.0,2889.3,29.155,29.699,28.7,28.893,28.8930%,4241.505,Binance BTCDOM index raw value divided by 100 for percent-style display; not CMC/CoinGecko/TradingView market-cap BTC dominance.
1733961600000,2024-12-12 00:00:00,2024-12-12 09:00:00,2889.3,2894.6,2787.4,2837.1,28.893,28.946,27.874,28.371,28.3710%,5674.729,Binance BTCDOM index raw value divided by 100 for percent-style display; not CMC/CoinGecko/TradingView market-cap BTC dominance.
1734048000000,2024-12-13 00:00:00,2024-12-13 09:00:00,2837.0,2872.1,2796.6,2849.8,28.37,28.721,27.966,28.498,28.4980%,3638.988,Binance BTCDOM index raw value divided by 100 for percent-style display; not CMC/CoinGecko/TradingView market-cap BTC dominance.
1734134400000,2024-12-14 00:00:00,2024-12-14 09:00:00,2849.7,2923.7,2832.1,2901.2,28.497,29.237,28.321,29.012,29.0120%,3056.441,Binance BTCDOM index raw value divided by 100 for percent-style display; not CMC/CoinGecko/TradingView market-cap BTC dominance.
1734220800000,2024-12-15 00:00:00,2024-12-15 09:00:00,2901.3,2961.9,2895.3,2922.4,29.013,29.619,28.953,29.224,29.2240%,2989.193,Binance BTCDOM index raw value divided by 100 for percent-style display; not CMC/CoinGecko/TradingView market-cap BTC dominance.
1734307200000,2024-12-16 00:00:00,2024-12-16 09:00:00,2922.5,3021.1,2912.1,2978.2,29.225,30.211,29.121,29.782,29.7820%,4973.112,Binance BTCDOM index raw value divided by 100 for percent-style display; not CMC/CoinGecko/TradingView market-cap BTC dominance.
1734393600000,2024-12-17 00:00:00,2024-12-17 09:00:00,2978.4,3028.9,2942.4,3013.2,29.784,30.289,29.424,30.132,30.1320%,3924.754,Binance BTCDOM index raw value divided by 100 for percent-style display; not CMC/CoinGecko/TradingView market-cap BTC dominance.
1734480000000,2024-12-18 00:00:00,2024-12-18 09:00:00,3013.5,3114.0,2982.4,3072.4,30.135,31.14,29.824,30.724,30.7240%,6410.568,Binance BTCDOM index raw value divided by 100 for percent-style display; not CMC/CoinGecko/TradingView market-cap BTC dominance.
1734566400000,2024-12-19 00:00:00,2024-12-19 09:00:00,3072.6,3217.0,3055.4,3177.6,30.726,32.17,30.554,31.776,31.7760%,7435.093,Binance BTCDOM index raw value divided by 100 for percent-style display; not CMC/CoinGecko/TradingView market-cap BTC dominance.
1734652800000,2024-12-20 00:00:00,2024-12-20 09:00:00,3177.2,3386.1,3105.0,3132.0,31.772,33.861,31.05,31.32,31.3200%,10360.076,Binance BTCDOM index raw value divided by 100 for percent-style display; not CMC/CoinGecko/TradingView market-cap BTC dominance.
1734739200000,2024-12-21 00:00:00,2024-12-21 09:00:00,3132.1,3251.3,3067.0,3232.7,31.321,32.513,30.67,32.327,32.3270%,5070.537,Binance BTCDOM index raw value divided by 100 for percent-style display; not CMC/CoinGecko/TradingView market-cap BTC dominance.
1734825600000,2024-12-22 00:00:00,2024-12-22 09:00:00,3232.3,3251.4,3162.9,3210.7,32.323,32.514,31.629,32.107,32.1070%,3614.721,Binance BTCDOM index raw value divided by 100 for percent-style display; not CMC/CoinGecko/TradingView market-cap BTC dominance.
1734912000000,2024-12-23 00:00:00,2024-12-23 09:00:00,3211.0,3236.9,3007.1,3061.2,32.11,32.369,30.071,30.612,30.6120%,4907.994,Binance BTCDOM index raw value divided by 100 for percent-style display; not CMC/CoinGecko/TradingView market-cap BTC dominance.
1734998400000,2024-12-24 00:00:00,2024-12-24 09:00:00,3060.6,3125.3,3040.8,3104.6,30.606,31.253,30.408,31.046,31.0460%,3648.809,Binance BTCDOM index raw value divided by 100 for percent-style display; not CMC/CoinGecko/TradingView market-cap BTC dominance.
1735084800000,2024-12-25 00:00:00,2024-12-25 09:00:00,3105.0,3149.9,3084.1,3139.7,31.05,31.499,30.841,31.397,31.3970%,1774.007,Binance BTCDOM index raw value divided by 100 for percent-style display; not CMC/CoinGecko/TradingView market-cap BTC dominance.
1735171200000,2024-12-26 00:00:00,2024-12-26 09:00:00,3139.8,3199.8,3132.5,3180.1,31.398,31.998,31.325,31.801,31.8010%,2973.829,Binance BTCDOM index raw value divided by 100 for percent-style display; not CMC/CoinGecko/TradingView market-cap BTC dominance.
1735257600000,2024-12-27 00:00:00,2024-12-27 09:00:00,3179.5,3189.6,3110.1,3143.9,31.795,31.896,31.101,31.439,31.4390%,2941.035,Binance BTCDOM index raw value divided by 100 for percent-style display; not CMC/CoinGecko/TradingView market-cap BTC dominance.
1735344000000,2024-12-28 00:00:00,2024-12-28 09:00:00,3143.9,3153.1,3075.6,3092.3,31.439,31.531,30.756,30.923,30.9230%,1470.695,Binance BTCDOM index raw value divided by 100 for percent-style display; not CMC/CoinGecko/TradingView market-cap BTC dominance.
1735430400000,2024-12-29 00:00:00,2024-12-29 09:00:00,3092.0,3126.1,3082.5,3118.5,30.92,31.261,30.825,31.185,31.1850%,1437.842,Binance BTCDOM index raw value divided by 100 for percent-style display; not CMC/CoinGecko/TradingView market-cap BTC dominance.
1735516800000,2024-12-30 00:00:00,2024-12-30 09:00:00,3118.6,3139.5,3057.2,3092.1,31.186,31.395,30.572,30.921,30.9210%,2837.308,Binance BTCDOM index raw value divided by 100 for percent-style display; not CMC/CoinGecko/TradingView market-cap BTC dominance.
1735603200000,2024-12-31 00:00:00,2024-12-31 09:00:00,3092.0,3133.7,3088.2,3130.7,30.92,31.337,30.882,31.307,31.3070%,2110.921,Binance BTCDOM index raw value divided by 100 for percent-style display; not CMC/CoinGecko/TradingView market-cap BTC dominance.
1735689600000,2025-01-01 00:00:00,2025-01-01 09:00:00,3130.7,3135.5,3065.0,3065.5,31.307,31.355,30.65,30.655,30.6550%,1502.152,Binance BTCDOM index raw value divided by 100 for percent-style display; not CMC/CoinGecko/TradingView market-cap BTC dominance.
1735776000000,2025-01-02 00:00:00,2025-01-02 09:00:00,3065.3,3072.5,3020.6,3049.2,30.653,30.725,30.206,30.492,30.4920%,1853.834,Binance BTCDOM index raw value divided by 100 for percent-style display; not CMC/CoinGecko/TradingView market-cap BTC dominance.
1735862400000,2025-01-03 00:00:00,2025-01-03 09:00:00,3049.3,3053.4,2905.0,2950.1,30.493,30.534,29.05,29.501,29.5010%,2224.293,Binance BTCDOM index raw value divided by 100 for percent-style display; not CMC/CoinGecko/TradingView market-cap BTC dominance.
1735948800000,2025-01-04 00:00:00,2025-01-04 09:00:00,2950.0,2970.0,2901.0,2937.7,29.5,29.7,29.01,29.377,29.3770%,2318.196,Binance BTCDOM index raw value divided by 100 for percent-style display; not CMC/CoinGecko/TradingView market-cap BTC dominance.
1736035200000,2025-01-05 00:00:00,2025-01-05 09:00:00,2937.5,2975.0,2930.0,2960.5,29.375,29.75,29.3,29.605,29.6050%,1454.547,Binance BTCDOM index raw value divided by 100 for percent-style display; not CMC/CoinGecko/TradingView market-cap BTC dominance.
1736121600000,2025-01-06 00:00:00,2025-01-06 09:00:00,2960.6,3037.6,2946.9,3031.9,29.606,30.376,29.469,30.319,30.3190%,2790.4,Binance BTCDOM index raw value divided by 100 for percent-style display; not CMC/CoinGecko/TradingView market-cap BTC dominance.
1736208000000,2025-01-07 00:00:00,2025-01-07 09:00:00,3032.1,3116.3,3010.5,3114.3,30.321,31.163,30.105,31.143,31.1430%,5080.94,Binance BTCDOM index raw value divided by 100 for percent-style display; not CMC/CoinGecko/TradingView market-cap BTC dominance.
1736294400000,2025-01-08 00:00:00,2025-01-08 09:00:00,3114.8,3145.3,3068.9,3083.7,31.148,31.453,30.689,30.837,30.8370%,6955.396,Binance BTCDOM index raw value divided by 100 for percent-style display; not CMC/CoinGecko/TradingView market-cap BTC dominance.
1736380800000,2025-01-09 00:00:00,2025-01-09 09:00:00,3083.3,3129.3,3052.1,3118.0,30.833,31.293,30.521,31.18,31.1800%,3059.157,Binance BTCDOM index raw value divided by 100 for percent-style display; not CMC/CoinGecko/TradingView market-cap BTC dominance.
1736467200000,2025-01-10 00:00:00,2025-01-10 09:00:00,3116.9,3130.9,3093.0,3119.7,31.169,31.309,30.93,31.197,31.1970%,2454.669,Binance BTCDOM index raw value divided by 100 for percent-style display; not CMC/CoinGecko/TradingView market-cap BTC dominance.
1736553600000,2025-01-11 00:00:00,2025-01-11 09:00:00,3119.4,3136.4,3036.4,3061.1,31.194,31.364,30.364,30.611,30.6110%,1982.282,Binance BTCDOM index raw value divided by 100 for percent-style display; not CMC/CoinGecko/TradingView market-cap BTC dominance.
1736640000000,2025-01-12 00:00:00,2025-01-12 09:00:00,3061.1,3100.0,3056.2,3090.4,30.611,31.0,30.562,30.904,30.9040%,1785.796,Binance BTCDOM index raw value divided by 100 for percent-style display; not CMC/CoinGecko/TradingView market-cap BTC dominance.
1736726400000,2025-01-13 00:00:00,2025-01-13 09:00:00,3090.9,3220.5,3071.0,3169.1,30.909,32.205,30.71,31.691,31.6910%,7236.042,Binance BTCDOM index raw value divided by 100 for percent-style display; not CMC/CoinGecko/TradingView market-cap BTC dominance.
1736812800000,2025-01-14 00:00:00,2025-01-14 09:00:00,3169.6,3184.5,3130.0,3139.0,31.696,31.845,31.3,31.39,31.3900%,2270.68,Binance BTCDOM index raw value divided by 100 for percent-style display; not CMC/CoinGecko/TradingView market-cap BTC dominance.
1736899200000,2025-01-15 00:00:00,2025-01-15 09:00:00,3139.1,3167.0,3005.0,3023.0,31.391,31.67,30.05,30.23,30.2300%,3922.688,Binance BTCDOM index raw value divided by 100 for percent-style display; not CMC/CoinGecko/TradingView market-cap BTC dominance.
1736985600000,2025-01-16 00:00:00,2025-01-16 09:00:00,3022.7,3079.2,2961.1,3038.4,30.227,30.792,29.611,30.384,30.3840%,4914.256,Binance BTCDOM index raw value divided by 100 for percent-style display; not CMC/CoinGecko/TradingView market-cap BTC dominance.
1737072000000,2025-01-17 00:00:00,2025-01-17 09:00:00,3038.3,3122.0,2997.4,3037.6,30.383,31.22,29.974,30.376,30.3760%,3703.263,Binance BTCDOM index raw value divided by 100 for percent-style display; not CMC/CoinGecko/TradingView market-cap BTC dominance.
1737158400000,2025-01-18 00:00:00,2025-01-18 09:00:00,3036.8,3160.3,3033.8,3106.3,30.368,31.603,30.338,31.063,31.0630%,4873.25,Binance BTCDOM index raw value divided by 100 for percent-style display; not CMC/CoinGecko/TradingView market-cap BTC dominance.
1737244800000,2025-01-19 00:00:00,2025-01-19 09:00:00,3106.2,3261.7,3068.4,3179.0,31.062,32.617,30.684,31.79,31.7900%,9589.431,Binance BTCDOM index raw value divided by 100 for percent-style display; not CMC/CoinGecko/TradingView market-cap BTC dominance.
1737331200000,2025-01-20 00:00:00,2025-01-20 09:00:00,3178.4,3241.0,3132.5,3160.2,31.784,32.41,31.325,31.602,31.6020%,8312.693,Binance BTCDOM index raw value divided by 100 for percent-style display; not CMC/CoinGecko/TradingView market-cap BTC dominance.
1737417600000,2025-01-21 00:00:00,2025-01-21 09:00:00,3159.9,3231.0,3155.1,3212.8,31.599,32.31,31.551,32.128,32.1280%,3482.533,Binance BTCDOM index raw value divided by 100 for percent-style display; not CMC/CoinGecko/TradingView market-cap BTC dominance.
1737504000000,2025-01-22 00:00:00,2025-01-22 09:00:00,3213.0,3215.9,3154.2,3183.0,32.13,32.159,31.542,31.83,31.8300%,2485.852,Binance BTCDOM index raw value divided by 100 for percent-style display; not CMC/CoinGecko/TradingView market-cap BTC dominance.
1737590400000,2025-01-23 00:00:00,2025-01-23 09:00:00,3183.0,3287.7,3162.3,3177.6,31.83,32.877,31.623,31.776,31.7760%,5490.096,Binance BTCDOM index raw value divided by 100 for percent-style display; not CMC/CoinGecko/TradingView market-cap BTC dominance.
1737676800000,2025-01-24 00:00:00,2025-01-24 09:00:00,3177.1,3232.5,3148.2,3230.7,31.771,32.325,31.482,32.307,32.3070%,3615.584,Binance BTCDOM index raw value divided by 100 for percent-style display; not CMC/CoinGecko/TradingView market-cap BTC dominance.
1737763200000,2025-01-25 00:00:00,2025-01-25 09:00:00,3230.7,3246.1,3195.9,3215.0,32.307,32.461,31.959,32.15,32.1500%,2426.259,Binance BTCDOM index raw value divided by 100 for percent-style display; not CMC/CoinGecko/TradingView market-cap BTC dominance.
1737849600000,2025-01-26 00:00:00,2025-01-26 09:00:00,3214.2,3258.3,3190.1,3249.5,32.142,32.583,31.901,32.495,32.4950%,2093.97,Binance BTCDOM index raw value divided by 100 for percent-style display; not CMC/CoinGecko/TradingView market-cap BTC dominance.
1737936000000,2025-01-27 00:00:00,2025-01-27 09:00:00,3250.0,3358.2,3238.0,3261.2,32.5,33.582,32.38,32.612,32.6120%,8086.345,Binance BTCDOM index raw value divided by 100 for percent-style display; not CMC/CoinGecko/TradingView market-cap BTC dominance.
1738022400000,2025-01-28 00:00:00,2025-01-28 09:00:00,3260.8,3338.6,3241.0,3329.8,32.608,33.386,32.41,33.298,33.2980%,3570.402,Binance BTCDOM index raw value divided by 100 for percent-style display; not CMC/CoinGecko/TradingView market-cap BTC dominance.
1738108800000,2025-01-29 00:00:00,2025-01-29 09:00:00,3330.1,3378.8,3289.7,3370.8,33.301,33.788,32.897,33.708,33.7080%,3367.552,Binance BTCDOM index raw value divided by 100 for percent-style display; not CMC/CoinGecko/TradingView market-cap BTC dominance.
1738195200000,2025-01-30 00:00:00,2025-01-30 09:00:00,3370.7,3378.7,3278.0,3287.0,33.707,33.787,32.78,32.87,32.8700%,2328.865,Binance BTCDOM index raw value divided by 100 for percent-style display; not CMC/CoinGecko/TradingView market-cap BTC dominance.
1738281600000,2025-01-31 00:00:00,2025-01-31 09:00:00,3286.9,3310.9,3205.3,3231.8,32.869,33.109,32.053,32.318,32.3180%,2600.181,Binance BTCDOM index raw value divided by 100 for percent-style display; not CMC/CoinGecko/TradingView market-cap BTC dominance.
1738368000000,2025-02-01 00:00:00,2025-02-01 09:00:00,3231.7,3375.7,3212.2,3364.2,32.317,33.757,32.122,33.642,33.6420%,3041.495,Binance BTCDOM index raw value divided by 100 for percent-style display; not CMC/CoinGecko/TradingView market-cap BTC dominance.
1738454400000,2025-02-02 00:00:00,2025-02-02 09:00:00,3364.2,3750.0,3327.3,3573.8,33.642,37.5,33.273,35.738,35.7380%,13209.701,Binance BTCDOM index raw value divided by 100 for percent-style display; not CMC/CoinGecko/TradingView market-cap BTC dominance.
1738540800000,2025-02-03 00:00:00,2025-02-03 09:00:00,3573.7,4689.9,3570.6,3622.6,35.737,46.899,35.706,36.226,36.2260%,27672.611,Binance BTCDOM index raw value divided by 100 for percent-style display; not CMC/CoinGecko/TradingView market-cap BTC dominance.
1738627200000,2025-02-04 00:00:00,2025-02-04 09:00:00,3622.5,3816.8,3608.7,3714.1,36.225,38.168,36.087,37.141,37.1410%,8797.625,Binance BTCDOM index raw value divided by 100 for percent-style display; not CMC/CoinGecko/TradingView market-cap BTC dominance.
1738713600000,2025-02-05 00:00:00,2025-02-05 09:00:00,3713.7,3783.3,3656.9,3722.3,37.137,37.833,36.569,37.223,37.2230%,4027.354,Binance BTCDOM index raw value divided by 100 for percent-style display; not CMC/CoinGecko/TradingView market-cap BTC dominance.
1738800000000,2025-02-06 00:00:00,2025-02-06 09:00:00,3722.7,3859.6,3679.5,3826.7,37.227,38.596,36.795,38.267,38.2670%,5070.54,Binance BTCDOM index raw value divided by 100 for percent-style display; not CMC/CoinGecko/TradingView market-cap BTC dominance.
1738886400000,2025-02-07 00:00:00,2025-02-07 09:00:00,3827.5,3891.7,3742.3,3834.7,38.275,38.917,37.423,38.347,38.3470%,4131.598,Binance BTCDOM index raw value divided by 100 for percent-style display; not CMC/CoinGecko/TradingView market-cap BTC dominance.
1738972800000,2025-02-08 00:00:00,2025-02-08 09:00:00,3834.7,3860.0,3762.4,3779.7,38.347,38.6,37.624,37.797,37.7970%,2621.522,Binance BTCDOM index raw value divided by 100 for percent-style display; not CMC/CoinGecko/TradingView market-cap BTC dominance.
1739059200000,2025-02-09 00:00:00,2025-02-09 09:00:00,3779.9,3865.0,3714.5,3787.0,37.799,38.65,37.145,37.87,37.8700%,2849.025,Binance BTCDOM index raw value divided by 100 for percent-style display; not CMC/CoinGecko/TradingView market-cap BTC dominance.
1739145600000,2025-02-10 00:00:00,2025-02-10 09:00:00,3787.3,3844.9,3739.0,3763.9,37.873,38.449,37.39,37.639,37.6390%,2505.505,Binance BTCDOM index raw value divided by 100 for percent-style display; not CMC/CoinGecko/TradingView market-cap BTC dominance.
1739232000000,2025-02-11 00:00:00,2025-02-11 09:00:00,3764.4,3772.5,3658.2,3726.2,37.644,37.725,36.582,37.262,37.2620%,2675.152,Binance BTCDOM index raw value divided by 100 for percent-style display; not CMC/CoinGecko/TradingView market-cap BTC dominance.
1739318400000,2025-02-12 00:00:00,2025-02-12 09:00:00,3726.1,3778.3,3615.5,3662.0,37.261,37.783,36.155,36.62,36.6200%,3298.457,Binance BTCDOM index raw value divided by 100 for percent-style display; not CMC/CoinGecko/TradingView market-cap BTC dominance.
1739404800000,2025-02-13 00:00:00,2025-02-13 09:00:00,3661.8,3713.1,3627.5,3669.5,36.618,37.131,36.275,36.695,36.6950%,1741.743,Binance BTCDOM index raw value divided by 100 for percent-style display; not CMC/CoinGecko/TradingView market-cap BTC dominance.
1739491200000,2025-02-14 00:00:00,2025-02-14 09:00:00,3669.6,3680.4,3573.0,3618.1,36.696,36.804,35.73,36.181,36.1810%,2076.272,Binance BTCDOM index raw value divided by 100 for percent-style display; not CMC/CoinGecko/TradingView market-cap BTC dominance.
1739577600000,2025-02-15 00:00:00,2025-02-15 09:00:00,3618.1,3672.9,3593.5,3650.6,36.181,36.729,35.935,36.506,36.5060%,1542.018,Binance BTCDOM index raw value divided by 100 for percent-style display; not CMC/CoinGecko/TradingView market-cap BTC dominance.
1739664000000,2025-02-16 00:00:00,2025-02-16 09:00:00,3651.0,3672.8,3621.9,3637.7,36.51,36.728,36.219,36.377,36.3770%,1539.215,Binance BTCDOM index raw value divided by 100 for percent-style display; not CMC/CoinGecko/TradingView market-cap BTC dominance.
1739750400000,2025-02-17 00:00:00,2025-02-17 09:00:00,3637.4,3683.0,3535.8,3627.8,36.374,36.83,35.358,36.278,36.2780%,2692.248,Binance BTCDOM index raw value divided by 100 for percent-style display; not CMC/CoinGecko/TradingView market-cap BTC dominance.
1739836800000,2025-02-18 00:00:00,2025-02-18 09:00:00,3627.8,3806.4,3626.0,3742.8,36.278,38.064,36.26,37.428,37.4280%,3970.627,Binance BTCDOM index raw value divided by 100 for percent-style display; not CMC/CoinGecko/TradingView market-cap BTC dominance.
1739923200000,2025-02-19 00:00:00,2025-02-19 09:00:00,3742.8,3764.3,3687.8,3699.0,37.428,37.643,36.878,36.99,36.9900%,2645.267,Binance BTCDOM index raw value divided by 100 for percent-style display; not CMC/CoinGecko/TradingView market-cap BTC dominance.
1740009600000,2025-02-20 00:00:00,2025-02-20 09:00:00,3699.1,3747.1,3677.5,3724.7,36.991,37.471,36.775,37.247,37.2470%,2037.932,Binance BTCDOM index raw value divided by 100 for percent-style display; not CMC/CoinGecko/TradingView market-cap BTC dominance.
1740096000000,2025-02-21 00:00:00,2025-02-21 09:00:00,3725.0,3802.4,3673.8,3771.7,37.25,38.024,36.738,37.717,37.7170%,3810.65,Binance BTCDOM index raw value divided by 100 for percent-style display; not CMC/CoinGecko/TradingView market-cap BTC dominance.
1740182400000,2025-02-22 00:00:00,2025-02-22 09:00:00,3771.2,3781.2,3671.6,3699.1,37.712,37.812,36.716,36.991,36.9910%,2387.788,Binance BTCDOM index raw value divided by 100 for percent-style display; not CMC/CoinGecko/TradingView market-cap BTC dominance.
1740268800000,2025-02-23 00:00:00,2025-02-23 09:00:00,3699.2,3719.2,3641.7,3671.0,36.992,37.192,36.417,36.71,36.7100%,1795.068,Binance BTCDOM index raw value divided by 100 for percent-style display; not CMC/CoinGecko/TradingView market-cap BTC dominance.
1740355200000,2025-02-24 00:00:00,2025-02-24 09:00:00,3670.9,3997.1,3656.5,3927.9,36.709,39.971,36.565,39.279,39.2790%,5029.683,Binance BTCDOM index raw value divided by 100 for percent-style display; not CMC/CoinGecko/TradingView market-cap BTC dominance.
1740441600000,2025-02-25 00:00:00,2025-02-25 09:00:00,3927.9,4081.2,3759.1,3787.0,39.279,40.812,37.591,37.87,37.8700%,7922.068,Binance BTCDOM index raw value divided by 100 for percent-style display; not CMC/CoinGecko/TradingView market-cap BTC dominance.
1740528000000,2025-02-26 00:00:00,2025-02-26 09:00:00,3786.6,3879.0,3750.9,3777.3,37.866,38.79,37.509,37.773,37.7730%,3454.746,Binance BTCDOM index raw value divided by 100 for percent-style display; not CMC/CoinGecko/TradingView market-cap BTC dominance.
1740614400000,2025-02-27 00:00:00,2025-02-27 09:00:00,3777.3,3846.4,3770.1,3813.3,37.773,38.464,37.701,38.133,38.1330%,1890.685,Binance BTCDOM index raw value divided by 100 for percent-style display; not CMC/CoinGecko/TradingView market-cap BTC dominance.
1740700800000,2025-02-28 00:00:00,2025-02-28 09:00:00,3813.4,3916.3,3809.0,3856.5,38.134,39.163,38.09,38.565,38.5650%,3914.232,Binance BTCDOM index raw value divided by 100 for percent-style display; not CMC/CoinGecko/TradingView market-cap BTC dominance.
1740787200000,2025-03-01 00:00:00,2025-03-01 09:00:00,3854.9,3963.8,3827.6,3921.8,38.549,39.638,38.276,39.218,39.2180%,1909.327,Binance BTCDOM index raw value divided by 100 for percent-style display; not CMC/CoinGecko/TradingView market-cap BTC dominance.
1740873600000,2025-03-02 00:00:00,2025-03-02 09:00:00,3921.6,3930.0,3603.6,3674.8,39.216,39.3,36.036,36.748,36.7480%,5272.826,Binance BTCDOM index raw value divided by 100 for percent-style display; not CMC/CoinGecko/TradingView market-cap BTC dominance.
1740960000000,2025-03-03 00:00:00,2025-03-03 09:00:00,3674.8,4001.9,3660.0,3961.6,36.748,40.019,36.6,39.616,39.6160%,5258.705,Binance BTCDOM index raw value divided by 100 for percent-style display; not CMC/CoinGecko/TradingView market-cap BTC dominance.
1741046400000,2025-03-04 00:00:00,2025-03-04 09:00:00,3961.6,4068.5,3860.5,3954.4,39.616,40.685,38.605,39.544,39.5440%,5947.584,Binance BTCDOM index raw value divided by 100 for percent-style display; not CMC/CoinGecko/TradingView market-cap BTC dominance.
1741132800000,2025-03-05 00:00:00,2025-03-05 09:00:00,3954.4,4027.0,3896.1,3988.3,39.544,40.27,38.961,39.883,39.8830%,2247.054,Binance BTCDOM index raw value divided by 100 for percent-style display; not CMC/CoinGecko/TradingView market-cap BTC dominance.
1741219200000,2025-03-06 00:00:00,2025-03-06 09:00:00,3988.3,3998.5,3904.2,3976.7,39.883,39.985,39.042,39.767,39.7670%,1885.078,Binance BTCDOM index raw value divided by 100 for percent-style display; not CMC/CoinGecko/TradingView market-cap BTC dominance.
1741305600000,2025-03-07 00:00:00,2025-03-07 09:00:00,3976.8,4017.4,3905.2,3987.2,39.768,40.174,39.052,39.872,39.8720%,3388.008,Binance BTCDOM index raw value divided by 100 for percent-style display; not CMC/CoinGecko/TradingView market-cap BTC dominance.
1741392000000,2025-03-08 00:00:00,2025-03-08 09:00:00,3987.0,4006.1,3919.2,3962.6,39.87,40.061,39.192,39.626,39.6260%,1796.15,Binance BTCDOM index raw value divided by 100 for percent-style display; not CMC/CoinGecko/TradingView market-cap BTC dominance.
1741478400000,2025-03-09 00:00:00,2025-03-09 09:00:00,3962.8,4176.6,3950.2,4049.2,39.628,41.766,39.502,40.492,40.4920%,3809.225,Binance BTCDOM index raw value divided by 100 for percent-style display; not CMC/CoinGecko/TradingView market-cap BTC dominance.
1741564800000,2025-03-10 00:00:00,2025-03-10 09:00:00,4049.1,4243.6,3970.3,4218.9,40.491,42.436,39.703,42.189,42.1890%,4139.291,Binance BTCDOM index raw value divided by 100 for percent-style display; not CMC/CoinGecko/TradingView market-cap BTC dominance.
1741651200000,2025-03-11 00:00:00,2025-03-11 09:00:00,4218.8,4344.0,4163.3,4246.1,42.188,43.44,41.633,42.461,42.4610%,4003.927,Binance BTCDOM index raw value divided by 100 for percent-style display; not CMC/CoinGecko/TradingView market-cap BTC dominance.
1741737600000,2025-03-12 00:00:00,2025-03-12 09:00:00,4245.3,4298.0,4172.1,4234.2,42.453,42.98,41.721,42.342,42.3420%,2438.294,Binance BTCDOM index raw value divided by 100 for percent-style display; not CMC/CoinGecko/TradingView market-cap BTC dominance.
1741824000000,2025-03-13 00:00:00,2025-03-13 09:00:00,4234.2,4276.7,4123.4,4166.6,42.342,42.767,41.234,41.666,41.6660%,2119.461,Binance BTCDOM index raw value divided by 100 for percent-style display; not CMC/CoinGecko/TradingView market-cap BTC dominance.
1741910400000,2025-03-14 00:00:00,2025-03-14 09:00:00,4166.4,4211.0,4134.3,4165.6,41.664,42.11,41.343,41.656,41.6560%,1374.88,Binance BTCDOM index raw value divided by 100 for percent-style display; not CMC/CoinGecko/TradingView market-cap BTC dominance.
1741996800000,2025-03-15 00:00:00,2025-03-15 09:00:00,4165.0,4169.7,4067.6,4095.2,41.65,41.697,40.676,40.952,40.9520%,1438.696,Binance BTCDOM index raw value divided by 100 for percent-style display; not CMC/CoinGecko/TradingView market-cap BTC dominance.
1742083200000,2025-03-16 00:00:00,2025-03-16 09:00:00,4095.2,4207.1,4081.3,4163.0,40.952,42.071,40.813,41.63,41.6300%,1595.519,Binance BTCDOM index raw value divided by 100 for percent-style display; not CMC/CoinGecko/TradingView market-cap BTC dominance.
1742169600000,2025-03-17 00:00:00,2025-03-17 09:00:00,4163.3,4165.2,4096.4,4129.3,41.633,41.652,40.964,41.293,41.2930%,1307.336,Binance BTCDOM index raw value divided by 100 for percent-style display; not CMC/CoinGecko/TradingView market-cap BTC dominance.
1742256000000,2025-03-18 00:00:00,2025-03-18 09:00:00,4129.5,4163.8,4091.9,4099.1,41.295,41.638,40.919,40.991,40.9910%,1432.567,Binance BTCDOM index raw value divided by 100 for percent-style display; not CMC/CoinGecko/TradingView market-cap BTC dominance.
1742342400000,2025-03-19 00:00:00,2025-03-19 09:00:00,4099.1,4134.6,3961.7,4051.7,40.991,41.346,39.617,40.517,40.5170%,3613.017,Binance BTCDOM index raw value divided by 100 for percent-style display; not CMC/CoinGecko/TradingView market-cap BTC dominance.
1742428800000,2025-03-20 00:00:00,2025-03-20 09:00:00,4051.7,4112.3,4036.8,4055.5,40.517,41.123,40.368,40.555,40.5550%,1664.482,Binance BTCDOM index raw value divided by 100 for percent-style display; not CMC/CoinGecko/TradingView market-cap BTC dominance.
1742515200000,2025-03-21 00:00:00,2025-03-21 09:00:00,4055.5,4127.0,4051.9,4090.8,40.555,41.27,40.519,40.908,40.9080%,1789.722,Binance BTCDOM index raw value divided by 100 for percent-style display; not CMC/CoinGecko/TradingView market-cap BTC dominance.
1742601600000,2025-03-22 00:00:00,2025-03-22 09:00:00,4090.7,4110.0,4043.5,4076.1,40.907,41.1,40.435,40.761,40.7610%,1478.577,Binance BTCDOM index raw value divided by 100 for percent-style display; not CMC/CoinGecko/TradingView market-cap BTC dominance.
1742688000000,2025-03-23 00:00:00,2025-03-23 09:00:00,4076.1,4130.0,4043.6,4119.2,40.761,41.3,40.436,41.192,41.1920%,1444.296,Binance BTCDOM index raw value divided by 100 for percent-style display; not CMC/CoinGecko/TradingView market-cap BTC dominance.
1742774400000,2025-03-24 00:00:00,2025-03-24 09:00:00,4119.1,4143.1,4035.5,4066.2,41.191,41.431,40.355,40.662,40.6620%,2027.166,Binance BTCDOM index raw value divided by 100 for percent-style display; not CMC/CoinGecko/TradingView market-cap BTC dominance.
1742860800000,2025-03-25 00:00:00,2025-03-25 09:00:00,4067.4,4084.2,4038.9,4055.6,40.674,40.842,40.389,40.556,40.5560%,845.574,Binance BTCDOM index raw value divided by 100 for percent-style display; not CMC/CoinGecko/TradingView market-cap BTC dominance.
1742947200000,2025-03-26 00:00:00,2025-03-26 09:00:00,4055.7,4160.0,4046.0,4137.1,40.557,41.6,40.46,41.371,41.3710%,1370.339,Binance BTCDOM index raw value divided by 100 for percent-style display; not CMC/CoinGecko/TradingView market-cap BTC dominance.
1743033600000,2025-03-27 00:00:00,2025-03-27 09:00:00,4135.9,4143.9,4098.6,4135.0,41.359,41.439,40.986,41.35,41.3500%,831.279,Binance BTCDOM index raw value divided by 100 for percent-style display; not CMC/CoinGecko/TradingView market-cap BTC dominance.
1743120000000,2025-03-28 00:00:00,2025-03-28 09:00:00,4135.0,4259.8,4129.8,4219.9,41.35,42.598,41.298,42.199,42.1990%,2555.035,Binance BTCDOM index raw value divided by 100 for percent-style display; not CMC/CoinGecko/TradingView market-cap BTC dominance.
1743206400000,2025-03-29 00:00:00,2025-03-29 09:00:00,4220.4,4314.6,4202.7,4286.2,42.204,43.146,42.027,42.862,42.8620%,2217.776,Binance BTCDOM index raw value divided by 100 for percent-style display; not CMC/CoinGecko/TradingView market-cap BTC dominance.
1743292800000,2025-03-30 00:00:00,2025-03-30 09:00:00,4285.7,4324.9,4248.7,4293.4,42.857,43.249,42.487,42.934,42.9340%,1567.053,Binance BTCDOM index raw value divided by 100 for percent-style display; not CMC/CoinGecko/TradingView market-cap BTC dominance.
1743379200000,2025-03-31 00:00:00,2025-03-31 09:00:00,4293.2,4366.4,4260.0,4308.1,42.932,43.664,42.6,43.081,43.0810%,2025.851,Binance BTCDOM index raw value divided by 100 for percent-style display; not CMC/CoinGecko/TradingView market-cap BTC dominance.
1743465600000,2025-04-01 00:00:00,2025-04-01 09:00:00,4308.1,4323.3,4240.0,4314.2,43.081,43.233,42.4,43.142,43.1420%,1975.422,Binance BTCDOM index raw value divided by 100 for percent-style display; not CMC/CoinGecko/TradingView market-cap BTC dominance.
1743552000000,2025-04-02 00:00:00,2025-04-02 09:00:00,4314.2,4457.6,4314.2,4419.4,43.142,44.576,43.142,44.194,44.1940%,5752.15,Binance BTCDOM index raw value divided by 100 for percent-style display; not CMC/CoinGecko/TradingView market-cap BTC dominance.
1743638400000,2025-04-03 00:00:00,2025-04-03 09:00:00,4419.4,4500.0,4365.8,4416.4,44.194,45.0,43.658,44.164,44.1640%,5408.308,Binance BTCDOM index raw value divided by 100 for percent-style display; not CMC/CoinGecko/TradingView market-cap BTC dominance.
1743724800000,2025-04-04 00:00:00,2025-04-04 09:00:00,4416.3,4466.3,4370.0,4396.6,44.163,44.663,43.7,43.966,43.9660%,5910.288,Binance BTCDOM index raw value divided by 100 for percent-style display; not CMC/CoinGecko/TradingView market-cap BTC dominance.
1743811200000,2025-04-05 00:00:00,2025-04-05 09:00:00,4396.6,4431.6,4375.0,4406.5,43.966,44.316,43.75,44.065,44.0650%,1870.776,Binance BTCDOM index raw value divided by 100 for percent-style display; not CMC/CoinGecko/TradingView market-cap BTC dominance.
1743897600000,2025-04-06 00:00:00,2025-04-06 09:00:00,4406.6,4677.4,4328.5,4641.7,44.066,46.774,43.285,46.417,46.4170%,5326.783,Binance BTCDOM index raw value divided by 100 for percent-style display; not CMC/CoinGecko/TradingView market-cap BTC dominance.
1743984000000,2025-04-07 00:00:00,2025-04-07 09:00:00,4641.8,5000.0,4603.5,4686.9,46.418,50.0,46.035,46.869,46.8690%,13740.032,Binance BTCDOM index raw value divided by 100 for percent-style display; not CMC/CoinGecko/TradingView market-cap BTC dominance.
1744070400000,2025-04-08 00:00:00,2025-04-08 09:00:00,4686.9,4754.7,4561.0,4710.3,46.869,47.547,45.61,47.103,47.1030%,7158.284,Binance BTCDOM index raw value divided by 100 for percent-style display; not CMC/CoinGecko/TradingView market-cap BTC dominance.
1744156800000,2025-04-09 00:00:00,2025-04-09 09:00:00,4710.3,4820.4,4540.4,4555.5,47.103,48.204,45.404,45.555,45.5550%,8470.813,Binance BTCDOM index raw value divided by 100 for percent-style display; not CMC/CoinGecko/TradingView market-cap BTC dominance.
1744243200000,2025-04-10 00:00:00,2025-04-10 09:00:00,4555.5,4719.0,4555.2,4645.6,45.555,47.19,45.552,46.456,46.4560%,3309.542,Binance BTCDOM index raw value divided by 100 for percent-style display; not CMC/CoinGecko/TradingView market-cap BTC dominance.
1744329600000,2025-04-11 00:00:00,2025-04-11 09:00:00,4645.5,4726.6,4600.0,4713.4,46.455,47.266,46.0,47.134,47.1340%,2095.527,Binance BTCDOM index raw value divided by 100 for percent-style display; not CMC/CoinGecko/TradingView market-cap BTC dominance.
1744416000000,2025-04-12 00:00:00,2025-04-12 09:00:00,4713.5,4742.8,4530.9,4580.5,47.135,47.428,45.309,45.805,45.8050%,5061.429,Binance BTCDOM index raw value divided by 100 for percent-style display; not CMC/CoinGecko/TradingView market-cap BTC dominance.
1744502400000,2025-04-13 00:00:00,2025-04-13 09:00:00,4580.5,5650.0,4550.0,5191.1,45.805,56.5,45.5,51.911,51.9110%,21523.673,Binance BTCDOM index raw value divided by 100 for percent-style display; not CMC/CoinGecko/TradingView market-cap BTC dominance.
1744588800000,2025-04-14 00:00:00,2025-04-14 09:00:00,5191.1,5285.8,5046.6,5178.0,51.911,52.858,50.466,51.78,51.7800%,8346.508,Binance BTCDOM index raw value divided by 100 for percent-style display; not CMC/CoinGecko/TradingView market-cap BTC dominance.
1744675200000,2025-04-15 00:00:00,2025-04-15 09:00:00,5178.0,5333.0,5172.6,5248.7,51.78,53.33,51.726,52.487,52.4870%,3249.994,Binance BTCDOM index raw value divided by 100 for percent-style display; not CMC/CoinGecko/TradingView market-cap BTC dominance.
1744761600000,2025-04-16 00:00:00,2025-04-16 09:00:00,5248.9,5337.7,5218.5,5256.2,52.489,53.377,52.185,52.562,52.5620%,2908.893,Binance BTCDOM index raw value divided by 100 for percent-style display; not CMC/CoinGecko/TradingView market-cap BTC dominance.
1744848000000,2025-04-17 00:00:00,2025-04-17 09:00:00,5256.5,5275.9,5205.0,5268.7,52.565,52.759,52.05,52.687,52.6870%,2606.996,Binance BTCDOM index raw value divided by 100 for percent-style display; not CMC/CoinGecko/TradingView market-cap BTC dominance.
1744934400000,2025-04-18 00:00:00,2025-04-18 09:00:00,5268.8,5295.7,5214.9,5240.6,52.688,52.957,52.149,52.406,52.4060%,1497.733,Binance BTCDOM index raw value divided by 100 for percent-style display; not CMC/CoinGecko/TradingView market-cap BTC dominance.
1745020800000,2025-04-19 00:00:00,2025-04-19 09:00:00,5240.7,5253.7,5200.0,5204.0,52.407,52.537,52.0,52.04,52.0400%,1026.439,Binance BTCDOM index raw value divided by 100 for percent-style display; not CMC/CoinGecko/TradingView market-cap BTC dominance.
1745107200000,2025-04-20 00:00:00,2025-04-20 09:00:00,5204.1,5258.9,5150.0,5245.0,52.041,52.589,51.5,52.45,52.4500%,2327.179,Binance BTCDOM index raw value divided by 100 for percent-style display; not CMC/CoinGecko/TradingView market-cap BTC dominance.
1745193600000,2025-04-21 00:00:00,2025-04-21 09:00:00,5245.1,5391.9,5216.6,5381.4,52.451,53.919,52.166,53.814,53.8140%,3378.836,Binance BTCDOM index raw value divided by 100 for percent-style display; not CMC/CoinGecko/TradingView market-cap BTC dominance.
1745280000000,2025-04-22 00:00:00,2025-04-22 09:00:00,5381.4,5436.0,5291.0,5322.3,53.814,54.36,52.91,53.223,53.2230%,2807.219,Binance BTCDOM index raw value divided by 100 for percent-style display; not CMC/CoinGecko/TradingView market-cap BTC dominance.
1745366400000,2025-04-23 00:00:00,2025-04-23 09:00:00,5322.0,5334.6,5209.8,5293.9,53.22,53.346,52.098,52.939,52.9390%,2505.435,Binance BTCDOM index raw value divided by 100 for percent-style display; not CMC/CoinGecko/TradingView market-cap BTC dominance.
1745452800000,2025-04-24 00:00:00,2025-04-24 09:00:00,5293.9,5379.1,5261.2,5297.8,52.939,53.791,52.612,52.978,52.9780%,2193.924,Binance BTCDOM index raw value divided by 100 for percent-style display; not CMC/CoinGecko/TradingView market-cap BTC dominance.
1745539200000,2025-04-25 00:00:00,2025-04-25 09:00:00,5297.7,5355.0,5233.3,5349.4,52.977,53.55,52.333,53.494,53.4940%,2729.046,Binance BTCDOM index raw value divided by 100 for percent-style display; not CMC/CoinGecko/TradingView market-cap BTC dominance.
1745625600000,2025-04-26 00:00:00,2025-04-26 09:00:00,5349.3,5349.3,5238.4,5286.3,53.493,53.493,52.384,52.863,52.8630%,954.553,Binance BTCDOM index raw value divided by 100 for percent-style display; not CMC/CoinGecko/TradingView market-cap BTC dominance.
1745712000000,2025-04-27 00:00:00,2025-04-27 09:00:00,5286.3,5338.1,5256.0,5275.5,52.863,53.381,52.56,52.755,52.7550%,924.706,Binance BTCDOM index raw value divided by 100 for percent-style display; not CMC/CoinGecko/TradingView market-cap BTC dominance.
1745798400000,2025-04-28 00:00:00,2025-04-28 09:00:00,5275.4,5348.4,5220.5,5310.0,52.754,53.484,52.205,53.1,53.1000%,1791.871,Binance BTCDOM index raw value divided by 100 for percent-style display; not CMC/CoinGecko/TradingView market-cap BTC dominance.
1745884800000,2025-04-29 00:00:00,2025-04-29 09:00:00,5310.0,5344.9,5255.4,5325.9,53.1,53.449,52.554,53.259,53.2590%,1178.031,Binance BTCDOM index raw value divided by 100 for percent-style display; not CMC/CoinGecko/TradingView market-cap BTC dominance.
1745971200000,2025-04-30 00:00:00,2025-04-30 09:00:00,5326.4,5470.0,5314.5,5366.3,53.264,54.7,53.145,53.663,53.6630%,1830.06,Binance BTCDOM index raw value divided by 100 for percent-style display; not CMC/CoinGecko/TradingView market-cap BTC dominance.
1746057600000,2025-05-01 00:00:00,2025-05-01 09:00:00,5366.3,5396.0,5318.6,5390.0,53.663,53.96,53.186,53.9,53.9000%,1734.325,Binance BTCDOM index raw value divided by 100 for percent-style display; not CMC/CoinGecko/TradingView market-cap BTC dominance.
1746144000000,2025-05-02 00:00:00,2025-05-02 09:00:00,5390.0,5449.0,5385.6,5431.5,53.9,54.49,53.856,54.315,54.3150%,1030.629,Binance BTCDOM index raw value divided by 100 for percent-style display; not CMC/CoinGecko/TradingView market-cap BTC dominance.
1746230400000,2025-05-03 00:00:00,2025-05-03 09:00:00,5431.5,5462.8,5405.0,5420.6,54.315,54.628,54.05,54.206,54.2060%,840.091,Binance BTCDOM index raw value divided by 100 for percent-style display; not CMC/CoinGecko/TradingView market-cap BTC dominance.
1746316800000,2025-05-04 00:00:00,2025-05-04 09:00:00,5420.5,5464.1,5407.5,5433.6,54.205,54.641,54.075,54.336,54.3360%,889.518,Binance BTCDOM index raw value divided by 100 for percent-style display; not CMC/CoinGecko/TradingView market-cap BTC dominance.
1746403200000,2025-05-05 00:00:00,2025-05-05 09:00:00,5433.5,5451.4,5365.3,5441.4,54.335,54.514,53.653,54.414,54.4140%,1286.374,Binance BTCDOM index raw value divided by 100 for percent-style display; not CMC/CoinGecko/TradingView market-cap BTC dominance.
1746489600000,2025-05-06 00:00:00,2025-05-06 09:00:00,5442.4,5537.3,5431.2,5522.4,54.424,55.373,54.312,55.224,55.2240%,1940.397,Binance BTCDOM index raw value divided by 100 for percent-style display; not CMC/CoinGecko/TradingView market-cap BTC dominance.
1746576000000,2025-05-07 00:00:00,2025-05-07 09:00:00,5522.3,5596.3,5493.9,5556.6,55.223,55.963,54.939,55.566,55.5660%,1402.418,Binance BTCDOM index raw value divided by 100 for percent-style display; not CMC/CoinGecko/TradingView market-cap BTC dominance.
1746662400000,2025-05-08 00:00:00,2025-05-08 09:00:00,5556.7,5578.6,5194.2,5208.5,55.567,55.786,51.942,52.085,52.0850%,4948.998,Binance BTCDOM index raw value divided by 100 for percent-style display; not CMC/CoinGecko/TradingView market-cap BTC dominance.
1746748800000,2025-05-09 00:00:00,2025-05-09 09:00:00,5209.4,5236.4,4922.7,5005.6,52.094,52.364,49.227,50.056,50.0560%,6209.672,Binance BTCDOM index raw value divided by 100 for percent-style display; not CMC/CoinGecko/TradingView market-cap BTC dominance.
1746835200000,2025-05-10 00:00:00,2025-05-10 09:00:00,5005.3,5029.5,4755.9,4771.6,50.053,50.295,47.559,47.716,47.7160%,3502.359,Binance BTCDOM index raw value divided by 100 for percent-style display; not CMC/CoinGecko/TradingView market-cap BTC dominance.
1746921600000,2025-05-11 00:00:00,2025-05-11 09:00:00,4772.6,4992.0,4755.0,4904.6,47.726,49.92,47.55,49.046,49.0460%,3593.985,Binance BTCDOM index raw value divided by 100 for percent-style display; not CMC/CoinGecko/TradingView market-cap BTC dominance.
1747008000000,2025-05-12 00:00:00,2025-05-12 09:00:00,4903.8,4918.9,4663.6,4758.2,49.038,49.189,46.636,47.582,47.5820%,3803.274,Binance BTCDOM index raw value divided by 100 for percent-style display; not CMC/CoinGecko/TradingView market-cap BTC dominance.
1747094400000,2025-05-13 00:00:00,2025-05-13 09:00:00,4758.5,4900.9,4600.0,4650.3,47.585,49.009,46.0,46.503,46.5030%,3762.134,Binance BTCDOM index raw value divided by 100 for percent-style display; not CMC/CoinGecko/TradingView market-cap BTC dominance.
1747180800000,2025-05-14 00:00:00,2025-05-14 09:00:00,4651.0,4769.2,4610.0,4740.2,46.51,47.692,46.1,47.402,47.4020%,3110.662,Binance BTCDOM index raw value divided by 100 for percent-style display; not CMC/CoinGecko/TradingView market-cap BTC dominance.
1747267200000,2025-05-15 00:00:00,2025-05-15 09:00:00,4740.0,4961.0,4714.1,4913.3,47.4,49.61,47.141,49.133,49.1330%,5530.046,Binance BTCDOM index raw value divided by 100 for percent-style display; not CMC/CoinGecko/TradingView market-cap BTC dominance.
1747353600000,2025-05-16 00:00:00,2025-05-16 09:00:00,4912.6,4947.0,4792.1,4924.8,49.126,49.47,47.921,49.248,49.2480%,2951.801,Binance BTCDOM index raw value divided by 100 for percent-style display; not CMC/CoinGecko/TradingView market-cap BTC dominance.
1747440000000,2025-05-17 00:00:00,2025-05-17 09:00:00,4925.0,5060.4,4916.8,5007.6,49.25,50.604,49.168,50.076,50.0760%,4299.159,Binance BTCDOM index raw value divided by 100 for percent-style display; not CMC/CoinGecko/TradingView market-cap BTC dominance.
1747526400000,2025-05-18 00:00:00,2025-05-18 09:00:00,5007.7,5166.0,4891.1,5047.9,50.077,51.66,48.911,50.479,50.4790%,3508.384,Binance BTCDOM index raw value divided by 100 for percent-style display; not CMC/CoinGecko/TradingView market-cap BTC dominance.
1747612800000,2025-05-19 00:00:00,2025-05-19 09:00:00,5047.8,5148.9,5027.1,5048.3,50.478,51.489,50.271,50.483,50.4830%,3792.61,Binance BTCDOM index raw value divided by 100 for percent-style display; not CMC/CoinGecko/TradingView market-cap BTC dominance.
1747699200000,2025-05-20 00:00:00,2025-05-20 09:00:00,5047.3,5185.0,5005.4,5103.8,50.473,51.85,50.054,51.038,51.0380%,2792.194,Binance BTCDOM index raw value divided by 100 for percent-style display; not CMC/CoinGecko/TradingView market-cap BTC dominance.
1747785600000,2025-05-21 00:00:00,2025-05-21 09:00:00,5103.8,5162.0,5039.5,5139.0,51.038,51.62,50.395,51.39,51.3900%,4429.826,Binance BTCDOM index raw value divided by 100 for percent-style display; not CMC/CoinGecko/TradingView market-cap BTC dominance.
1747872000000,2025-05-22 00:00:00,2025-05-22 09:00:00,5138.7,5149.0,4986.1,5059.6,51.387,51.49,49.861,50.596,50.5960%,3968.633,Binance BTCDOM index raw value divided by 100 for percent-style display; not CMC/CoinGecko/TradingView market-cap BTC dominance.
1747958400000,2025-05-23 00:00:00,2025-05-23 09:00:00,5059.1,5152.0,4934.9,5137.4,50.591,51.52,49.349,51.374,51.3740%,4115.925,Binance BTCDOM index raw value divided by 100 for percent-style display; not CMC/CoinGecko/TradingView market-cap BTC dominance.
1748044800000,2025-05-24 00:00:00,2025-05-24 09:00:00,5137.7,5160.0,5099.2,5126.2,51.377,51.6,50.992,51.262,51.2620%,1869.649,Binance BTCDOM index raw value divided by 100 for percent-style display; not CMC/CoinGecko/TradingView market-cap BTC dominance.
1748131200000,2025-05-25 00:00:00,2025-05-25 09:00:00,5126.1,5232.8,5121.7,5159.2,51.261,52.328,51.217,51.592,51.5920%,2450.051,Binance BTCDOM index raw value divided by 100 for percent-style display; not CMC/CoinGecko/TradingView market-cap BTC dominance.
1748217600000,2025-05-26 00:00:00,2025-05-26 09:00:00,5159.3,5217.2,5132.4,5181.1,51.593,52.172,51.324,51.811,51.8110%,1535.7,Binance BTCDOM index raw value divided by 100 for percent-style display; not CMC/CoinGecko/TradingView market-cap BTC dominance.
1748304000000,2025-05-27 00:00:00,2025-05-27 09:00:00,5181.2,5212.9,5042.8,5054.5,51.812,52.129,50.428,50.545,50.5450%,2790.157,Binance BTCDOM index raw value divided by 100 for percent-style display; not CMC/CoinGecko/TradingView market-cap BTC dominance.
1748390400000,2025-05-28 00:00:00,2025-05-28 09:00:00,5054.5,5112.7,5024.1,5027.7,50.545,51.127,50.241,50.277,50.2770%,2543.671,Binance BTCDOM index raw value divided by 100 for percent-style display; not CMC/CoinGecko/TradingView market-cap BTC dominance.
1748476800000,2025-05-29 00:00:00,2025-05-29 09:00:00,5028.3,5082.8,4923.1,5027.8,50.283,50.828,49.231,50.278,50.2780%,3347.833,Binance BTCDOM index raw value divided by 100 for percent-style display; not CMC/CoinGecko/TradingView market-cap BTC dominance.
1748563200000,2025-05-30 00:00:00,2025-05-30 09:00:00,5028.5,5220.5,5024.0,5200.0,50.285,52.205,50.24,52.0,52.0000%,4050.176,Binance BTCDOM index raw value divided by 100 for percent-style display; not CMC/CoinGecko/TradingView market-cap BTC dominance.
1748649600000,2025-05-31 00:00:00,2025-05-31 09:00:00,5200.2,5288.0,5178.4,5213.4,52.002,52.88,51.784,52.134,52.1340%,3110.675,Binance BTCDOM index raw value divided by 100 for percent-style display; not CMC/CoinGecko/TradingView market-cap BTC dominance.
1748736000000,2025-06-01 00:00:00,2025-06-01 09:00:00,5213.8,5295.6,5204.0,5237.4,52.138,52.956,52.04,52.374,52.3740%,1368.502,Binance BTCDOM index raw value divided by 100 for percent-style display; not CMC/CoinGecko/TradingView market-cap BTC dominance.
1748822400000,2025-06-02 00:00:00,2025-06-02 09:00:00,5236.7,5300.0,5167.3,5178.3,52.367,53.0,51.673,51.783,51.7830%,1788.221,Binance BTCDOM index raw value divided by 100 for percent-style display; not CMC/CoinGecko/TradingView market-cap BTC dominance.
1748908800000,2025-06-03 00:00:00,2025-06-03 09:00:00,5178.3,5188.8,5106.9,5166.2,51.783,51.888,51.069,51.662,51.6620%,1956.673,Binance BTCDOM index raw value divided by 100 for percent-style display; not CMC/CoinGecko/TradingView market-cap BTC dominance.
1748995200000,2025-06-04 00:00:00,2025-06-04 09:00:00,5166.1,5183.9,5081.2,5169.4,51.661,51.839,50.812,51.694,51.6940%,2580.394,Binance BTCDOM index raw value divided by 100 for percent-style display; not CMC/CoinGecko/TradingView market-cap BTC dominance.
1749081600000,2025-06-05 00:00:00,2025-06-05 09:00:00,5169.4,5346.9,5147.2,5328.7,51.694,53.469,51.472,53.287,53.2870%,4398.048,Binance BTCDOM index raw value divided by 100 for percent-style display; not CMC/CoinGecko/TradingView market-cap BTC dominance.
1749168000000,2025-06-06 00:00:00,2025-06-06 09:00:00,5328.2,5348.0,5265.6,5333.2,53.282,53.48,52.656,53.332,53.3320%,2300.609,Binance BTCDOM index raw value divided by 100 for percent-style display; not CMC/CoinGecko/TradingView market-cap BTC dominance.
1749254400000,2025-06-07 00:00:00,2025-06-07 09:00:00,5332.7,5345.3,5286.2,5300.5,53.327,53.453,52.862,53.005,53.0050%,1282.978,Binance BTCDOM index raw value divided by 100 for percent-style display; not CMC/CoinGecko/TradingView market-cap BTC dominance.
1749340800000,2025-06-08 00:00:00,2025-06-08 09:00:00,5299.9,5331.8,5255.6,5280.5,52.999,53.318,52.556,52.805,52.8050%,1074.756,Binance BTCDOM index raw value divided by 100 for percent-style display; not CMC/CoinGecko/TradingView market-cap BTC dominance.
1749427200000,2025-06-09 00:00:00,2025-06-09 09:00:00,5280.6,5351.6,5217.1,5245.4,52.806,53.516,52.171,52.454,52.4540%,2355.94,Binance BTCDOM index raw value divided by 100 for percent-style display; not CMC/CoinGecko/TradingView market-cap BTC dominance.
1749513600000,2025-06-10 00:00:00,2025-06-10 09:00:00,5245.4,5264.2,5077.0,5100.1,52.454,52.642,50.77,51.001,51.0010%,4518.368,Binance BTCDOM index raw value divided by 100 for percent-style display; not CMC/CoinGecko/TradingView market-cap BTC dominance.
1749600000000,2025-06-11 00:00:00,2025-06-11 09:00:00,5100.2,5141.2,5000.0,5124.6,51.002,51.412,50.0,51.246,51.2460%,2453.988,Binance BTCDOM index raw value divided by 100 for percent-style display; not CMC/CoinGecko/TradingView market-cap BTC dominance.
1749686400000,2025-06-12 00:00:00,2025-06-12 09:00:00,5125.0,5243.0,5097.3,5206.6,51.25,52.43,50.973,52.066,52.0660%,3176.166,Binance BTCDOM index raw value divided by 100 for percent-style display; not CMC/CoinGecko/TradingView market-cap BTC dominance.
1749772800000,2025-06-13 00:00:00,2025-06-13 09:00:00,5206.5,5410.6,5203.1,5324.8,52.065,54.106,52.031,53.248,53.2480%,5936.717,Binance BTCDOM index raw value divided by 100 for percent-style display; not CMC/CoinGecko/TradingView market-cap BTC dominance.
1749859200000,2025-06-14 00:00:00,2025-06-14 09:00:00,5324.8,5407.0,5315.2,5382.7,53.248,54.07,53.152,53.827,53.8270%,1759.899,Binance BTCDOM index raw value divided by 100 for percent-style display; not CMC/CoinGecko/TradingView market-cap BTC dominance.
1749945600000,2025-06-15 00:00:00,2025-06-15 09:00:00,5383.0,5389.2,5311.1,5329.3,53.83,53.892,53.111,53.293,53.2930%,1384.589,Binance BTCDOM index raw value divided by 100 for percent-style display; not CMC/CoinGecko/TradingView market-cap BTC dominance.
1750032000000,2025-06-16 00:00:00,2025-06-16 09:00:00,5329.4,5380.6,5220.7,5371.0,53.294,53.806,52.207,53.71,53.7100%,2771.749,Binance BTCDOM index raw value divided by 100 for percent-style display; not CMC/CoinGecko/TradingView market-cap BTC dominance.
1750118400000,2025-06-17 00:00:00,2025-06-17 09:00:00,5371.0,5396.5,5292.7,5359.1,53.71,53.965,52.927,53.591,53.5910%,3167.947,Binance BTCDOM index raw value divided by 100 for percent-style display; not CMC/CoinGecko/TradingView market-cap BTC dominance.
1750204800000,2025-06-18 00:00:00,2025-06-18 09:00:00,5359.1,5427.4,5339.0,5366.3,53.591,54.274,53.39,53.663,53.6630%,3398.937,Binance BTCDOM index raw value divided by 100 for percent-style display; not CMC/CoinGecko/TradingView market-cap BTC dominance.
1750291200000,2025-06-19 00:00:00,2025-06-19 09:00:00,5366.4,5393.4,5343.9,5355.8,53.664,53.934,53.439,53.558,53.5580%,1279.47,Binance BTCDOM index raw value divided by 100 for percent-style display; not CMC/CoinGecko/TradingView market-cap BTC dominance.
1750377600000,2025-06-20 00:00:00,2025-06-20 09:00:00,5355.9,5500.0,5345.9,5470.8,53.559,55.0,53.459,54.708,54.7080%,2357.961,Binance BTCDOM index raw value divided by 100 for percent-style display; not CMC/CoinGecko/TradingView market-cap BTC dominance.
1750464000000,2025-06-21 00:00:00,2025-06-21 09:00:00,5470.8,5640.0,5439.1,5623.3,54.708,56.4,54.391,56.233,56.2330%,3831.978,Binance BTCDOM index raw value divided by 100 for percent-style display; not CMC/CoinGecko/TradingView market-cap BTC dominance.
1750550400000,2025-06-22 00:00:00,2025-06-22 09:00:00,5623.4,5815.2,5612.5,5709.5,56.234,58.152,56.125,57.095,57.0950%,5827.835,Binance BTCDOM index raw value divided by 100 for percent-style display; not CMC/CoinGecko/TradingView market-cap BTC dominance.
1750636800000,2025-06-23 00:00:00,2025-06-23 09:00:00,5709.5,5722.9,5508.6,5533.9,57.095,57.229,55.086,55.339,55.3390%,3513.893,Binance BTCDOM index raw value divided by 100 for percent-style display; not CMC/CoinGecko/TradingView market-cap BTC dominance.
1750723200000,2025-06-24 00:00:00,2025-06-24 09:00:00,5533.9,5562.1,5458.3,5502.9,55.339,55.621,54.583,55.029,55.0290%,3414.022,Binance BTCDOM index raw value divided by 100 for percent-style display; not CMC/CoinGecko/TradingView market-cap BTC dominance.
1750809600000,2025-06-25 00:00:00,2025-06-25 09:00:00,5502.9,5649.5,5498.9,5632.8,55.029,56.495,54.989,56.328,56.3280%,2007.538,Binance BTCDOM index raw value divided by 100 for percent-style display; not CMC/CoinGecko/TradingView market-cap BTC dominance.
1750896000000,2025-06-26 00:00:00,2025-06-26 09:00:00,5632.8,5700.0,5527.2,5689.3,56.328,57.0,55.272,56.893,56.8930%,2469.278,Binance BTCDOM index raw value divided by 100 for percent-style display; not CMC/CoinGecko/TradingView market-cap BTC dominance.
1750982400000,2025-06-27 00:00:00,2025-06-27 09:00:00,5689.3,5713.3,5624.0,5636.1,56.893,57.133,56.24,56.361,56.3610%,1620.552,Binance BTCDOM index raw value divided by 100 for percent-style display; not CMC/CoinGecko/TradingView market-cap BTC dominance.
1751068800000,2025-06-28 00:00:00,2025-06-28 09:00:00,5636.2,5648.3,5550.0,5569.1,56.362,56.483,55.5,55.691,55.6910%,836.928,Binance BTCDOM index raw value divided by 100 for percent-style display; not CMC/CoinGecko/TradingView market-cap BTC dominance.
1751155200000,2025-06-29 00:00:00,2025-06-29 09:00:00,5569.0,5599.9,5473.0,5514.5,55.69,55.999,54.73,55.145,55.1450%,1071.668,Binance BTCDOM index raw value divided by 100 for percent-style display; not CMC/CoinGecko/TradingView market-cap BTC dominance.
1751241600000,2025-06-30 00:00:00,2025-06-30 09:00:00,5514.5,5573.7,5378.6,5457.7,55.145,55.737,53.786,54.577,54.5770%,2675.721,Binance BTCDOM index raw value divided by 100 for percent-style display; not CMC/CoinGecko/TradingView market-cap BTC dominance.
1751328000000,2025-07-01 00:00:00,2025-07-01 09:00:00,5457.7,5581.7,5446.3,5560.9,54.577,55.817,54.463,55.609,55.6090%,2385.228,Binance BTCDOM index raw value divided by 100 for percent-style display; not CMC/CoinGecko/TradingView market-cap BTC dominance.
1751414400000,2025-07-02 00:00:00,2025-07-02 09:00:00,5561.1,5595.2,5411.9,5461.9,55.611,55.952,54.119,54.619,54.6190%,2455.481,Binance BTCDOM index raw value divided by 100 for percent-style display; not CMC/CoinGecko/TradingView market-cap BTC dominance.
1751500800000,2025-07-03 00:00:00,2025-07-03 09:00:00,5461.9,5481.7,5390.0,5453.6,54.619,54.817,53.9,54.536,54.5360%,2235.833,Binance BTCDOM index raw value divided by 100 for percent-style display; not CMC/CoinGecko/TradingView market-cap BTC dominance.
1751587200000,2025-07-04 00:00:00,2025-07-04 09:00:00,5453.3,5568.6,5436.1,5526.4,54.533,55.686,54.361,55.264,55.2640%,2013.109,Binance BTCDOM index raw value divided by 100 for percent-style display; not CMC/CoinGecko/TradingView market-cap BTC dominance.
1751673600000,2025-07-05 00:00:00,2025-07-05 09:00:00,5526.5,5562.3,5506.6,5521.7,55.265,55.623,55.066,55.217,55.2170%,721.281,Binance BTCDOM index raw value divided by 100 for percent-style display; not CMC/CoinGecko/TradingView market-cap BTC dominance.
1751760000000,2025-07-06 00:00:00,2025-07-06 09:00:00,5521.7,5533.2,5411.3,5460.8,55.217,55.332,54.113,54.608,54.6080%,1561.542,Binance BTCDOM index raw value divided by 100 for percent-style display; not CMC/CoinGecko/TradingView market-cap BTC dominance.
1751846400000,2025-07-07 00:00:00,2025-07-07 09:00:00,5460.9,5479.7,5345.0,5461.5,54.609,54.797,53.45,54.615,54.6150%,2282.597,Binance BTCDOM index raw value divided by 100 for percent-style display; not CMC/CoinGecko/TradingView market-cap BTC dominance.
1751932800000,2025-07-08 00:00:00,2025-07-08 09:00:00,5461.3,5476.8,5372.2,5386.8,54.613,54.768,53.722,53.868,53.8680%,1471.216,Binance BTCDOM index raw value divided by 100 for percent-style display; not CMC/CoinGecko/TradingView market-cap BTC dominance.
1752019200000,2025-07-09 00:00:00,2025-07-09 09:00:00,5386.9,5401.3,5250.1,5270.0,53.869,54.013,52.501,52.7,52.7000%,2559.765,Binance BTCDOM index raw value divided by 100 for percent-style display; not CMC/CoinGecko/TradingView market-cap BTC dominance.
1752105600000,2025-07-10 00:00:00,2025-07-10 09:00:00,5270.0,5317.5,5184.2,5204.7,52.7,53.175,51.842,52.047,52.0470%,2458.274,Binance BTCDOM index raw value divided by 100 for percent-style display; not CMC/CoinGecko/TradingView market-cap BTC dominance.
1752192000000,2025-07-11 00:00:00,2025-07-11 09:00:00,5205.2,5246.6,5057.4,5180.7,52.052,52.466,50.574,51.807,51.8070%,3677.911,Binance BTCDOM index raw value divided by 100 for percent-style display; not CMC/CoinGecko/TradingView market-cap BTC dominance.
1752278400000,2025-07-12 00:00:00,2025-07-12 09:00:00,5180.8,5268.2,5115.0,5201.5,51.808,52.682,51.15,52.015,52.0150%,1966.301,Binance BTCDOM index raw value divided by 100 for percent-style display; not CMC/CoinGecko/TradingView market-cap BTC dominance.
1752364800000,2025-07-13 00:00:00,2025-07-13 09:00:00,5201.4,5212.0,5115.0,5183.0,52.014,52.12,51.15,51.83,51.8300%,1679.714,Binance BTCDOM index raw value divided by 100 for percent-style display; not CMC/CoinGecko/TradingView market-cap BTC dominance.
1752451200000,2025-07-14 00:00:00,2025-07-14 09:00:00,5183.0,5219.1,5098.4,5141.3,51.83,52.191,50.984,51.413,51.4130%,3144.103,Binance BTCDOM index raw value divided by 100 for percent-style display; not CMC/CoinGecko/TradingView market-cap BTC dominance.
1752537600000,2025-07-15 00:00:00,2025-07-15 09:00:00,5141.8,5186.0,4955.7,4962.9,51.418,51.86,49.557,49.629,49.6290%,3479.582,Binance BTCDOM index raw value divided by 100 for percent-style display; not CMC/CoinGecko/TradingView market-cap BTC dominance.
1752624000000,2025-07-16 00:00:00,2025-07-16 09:00:00,4963.6,4997.7,4737.3,4757.2,49.636,49.977,47.373,47.572,47.5720%,4166.403,Binance BTCDOM index raw value divided by 100 for percent-style display; not CMC/CoinGecko/TradingView market-cap BTC dominance.
1752710400000,2025-07-17 00:00:00,2025-07-17 09:00:00,4757.9,4805.4,4518.0,4556.7,47.579,48.054,45.18,45.567,45.5670%,6824.785,Binance BTCDOM index raw value divided by 100 for percent-style display; not CMC/CoinGecko/TradingView market-cap BTC dominance.
1752796800000,2025-07-18 00:00:00,2025-07-18 09:00:00,4556.3,4575.1,4355.0,4474.6,45.563,45.751,43.55,44.746,44.7460%,8541.452,Binance BTCDOM index raw value divided by 100 for percent-style display; not CMC/CoinGecko/TradingView market-cap BTC dominance.
1752883200000,2025-07-19 00:00:00,2025-07-19 09:00:00,4474.6,4516.3,4423.2,4431.4,44.746,45.163,44.232,44.314,44.3140%,2969.155,Binance BTCDOM index raw value divided by 100 for percent-style display; not CMC/CoinGecko/TradingView market-cap BTC dominance.
1752969600000,2025-07-20 00:00:00,2025-07-20 09:00:00,4431.5,4445.6,4256.9,4266.6,44.315,44.456,42.569,42.666,42.6660%,4584.766,Binance BTCDOM index raw value divided by 100 for percent-style display; not CMC/CoinGecko/TradingView market-cap BTC dominance.
1753056000000,2025-07-21 00:00:00,2025-07-21 09:00:00,4266.9,4313.5,4164.8,4204.2,42.669,43.135,41.648,42.042,42.0420%,5338.453,Binance BTCDOM index raw value divided by 100 for percent-style display; not CMC/CoinGecko/TradingView market-cap BTC dominance.
1753142400000,2025-07-22 00:00:00,2025-07-22 09:00:00,4204.1,4371.2,4173.7,4268.5,42.041,43.712,41.737,42.685,42.6850%,8244.207,Binance BTCDOM index raw value divided by 100 for percent-style display; not CMC/CoinGecko/TradingView market-cap BTC dominance.
1753228800000,2025-07-23 00:00:00,2025-07-23 09:00:00,4269.0,4572.8,4242.8,4480.9,42.69,45.728,42.428,44.809,44.8090%,8620.623,Binance BTCDOM index raw value divided by 100 for percent-style display; not CMC/CoinGecko/TradingView market-cap BTC dominance.
1753315200000,2025-07-24 00:00:00,2025-07-24 09:00:00,4479.9,4635.9,4404.0,4463.1,44.799,46.359,44.04,44.631,44.6310%,9666.063,Binance BTCDOM index raw value divided by 100 for percent-style display; not CMC/CoinGecko/TradingView market-cap BTC dominance.
1753401600000,2025-07-25 00:00:00,2025-07-25 09:00:00,4463.1,4519.2,4293.0,4388.6,44.631,45.192,42.93,43.886,43.8860%,5129.326,Binance BTCDOM index raw value divided by 100 for percent-style display; not CMC/CoinGecko/TradingView market-cap BTC dominance.
1753488000000,2025-07-26 00:00:00,2025-07-26 09:00:00,4388.0,4414.2,4334.3,4375.9,43.88,44.142,43.343,43.759,43.7590%,2249.483,Binance BTCDOM index raw value divided by 100 for percent-style display; not CMC/CoinGecko/TradingView market-cap BTC dominance.
1753574400000,2025-07-27 00:00:00,2025-07-27 09:00:00,4376.2,4391.1,4301.6,4304.0,43.762,43.911,43.016,43.04,43.0400%,2674.659,Binance BTCDOM index raw value divided by 100 for percent-style display; not CMC/CoinGecko/TradingView market-cap BTC dominance.
1753660800000,2025-07-28 00:00:00,2025-07-28 09:00:00,4304.5,4398.8,4221.0,4382.3,43.045,43.988,42.21,43.823,43.8230%,4857.806,Binance BTCDOM index raw value divided by 100 for percent-style display; not CMC/CoinGecko/TradingView market-cap BTC dominance.
1753747200000,2025-07-29 00:00:00,2025-07-29 09:00:00,4382.5,4445.8,4200.0,4390.0,43.825,44.458,42.0,43.9,43.9000%,5545.34,Binance BTCDOM index raw value divided by 100 for percent-style display; not CMC/CoinGecko/TradingView market-cap BTC dominance.
1753833600000,2025-07-30 00:00:00,2025-07-30 09:00:00,4389.4,4496.7,4359.1,4417.6,43.894,44.967,43.591,44.176,44.1760%,3700.78,Binance BTCDOM index raw value divided by 100 for percent-style display; not CMC/CoinGecko/TradingView market-cap BTC dominance.
1753920000000,2025-07-31 00:00:00,2025-07-31 09:00:00,4417.6,4475.0,4360.9,4463.8,44.176,44.75,43.609,44.638,44.6380%,2409.324,Binance BTCDOM index raw value divided by 100 for percent-style display; not CMC/CoinGecko/TradingView market-cap BTC dominance.
1754006400000,2025-08-01 00:00:00,2025-08-01 09:00:00,4463.9,4631.4,4451.5,4565.7,44.639,46.314,44.515,45.657,45.6570%,5772.054,Binance BTCDOM index raw value divided by 100 for percent-style display; not CMC/CoinGecko/TradingView market-cap BTC dominance.
1754092800000,2025-08-02 00:00:00,2025-08-02 09:00:00,4565.2,4719.7,4527.7,4696.0,45.652,47.197,45.277,46.96,46.9600%,4693.535,Binance BTCDOM index raw value divided by 100 for percent-style display; not CMC/CoinGecko/TradingView market-cap BTC dominance.
1754179200000,2025-08-03 00:00:00,2025-08-03 09:00:00,4695.9,4734.1,4583.5,4599.0,46.959,47.341,45.835,45.99,45.9900%,2341.907,Binance BTCDOM index raw value divided by 100 for percent-style display; not CMC/CoinGecko/TradingView market-cap BTC dominance.
1754265600000,2025-08-04 00:00:00,2025-08-04 09:00:00,4598.9,4606.9,4407.9,4411.6,45.989,46.069,44.079,44.116,44.1160%,3107.543,Binance BTCDOM index raw value divided by 100 for percent-style display; not CMC/CoinGecko/TradingView market-cap BTC dominance.
1754352000000,2025-08-05 00:00:00,2025-08-05 09:00:00,4411.5,4564.1,4407.0,4517.7,44.115,45.641,44.07,45.177,45.1770%,2793.627,Binance BTCDOM index raw value divided by 100 for percent-style display; not CMC/CoinGecko/TradingView market-cap BTC dominance.
1754438400000,2025-08-06 00:00:00,2025-08-06 09:00:00,4518.4,4554.9,4466.0,4471.4,45.184,45.549,44.66,44.714,44.7140%,2344.735,Binance BTCDOM index raw value divided by 100 for percent-style display; not CMC/CoinGecko/TradingView market-cap BTC dominance.
1754524800000,2025-08-07 00:00:00,2025-08-07 09:00:00,4471.5,4485.9,4289.0,4293.0,44.715,44.859,42.89,42.93,42.9300%,4680.191,Binance BTCDOM index raw value divided by 100 for percent-style display; not CMC/CoinGecko/TradingView market-cap BTC dominance.
1754611200000,2025-08-08 00:00:00,2025-08-08 09:00:00,4293.1,4312.3,4149.5,4208.0,42.931,43.123,41.495,42.08,42.0800%,5695.789,Binance BTCDOM index raw value divided by 100 for percent-style display; not CMC/CoinGecko/TradingView market-cap BTC dominance.
1754697600000,2025-08-09 00:00:00,2025-08-09 09:00:00,4208.1,4208.3,4046.9,4085.4,42.081,42.083,40.469,40.854,40.8540%,6146.873,Binance BTCDOM index raw value divided by 100 for percent-style display; not CMC/CoinGecko/TradingView market-cap BTC dominance.
1754784000000,2025-08-10 00:00:00,2025-08-10 09:00:00,4085.7,4233.0,4043.1,4189.2,40.857,42.33,40.431,41.892,41.8920%,4641.015,Binance BTCDOM index raw value divided by 100 for percent-style display; not CMC/CoinGecko/TradingView market-cap BTC dominance.
1754870400000,2025-08-11 00:00:00,2025-08-11 09:00:00,4189.1,4286.6,4146.8,4235.9,41.891,42.866,41.468,42.359,42.3590%,5824.904,Binance BTCDOM index raw value divided by 100 for percent-style display; not CMC/CoinGecko/TradingView market-cap BTC dominance.
1754956800000,2025-08-12 00:00:00,2025-08-12 09:00:00,4235.8,4237.7,3976.4,4006.9,42.358,42.377,39.764,40.069,40.0690%,4966.372,Binance BTCDOM index raw value divided by 100 for percent-style display; not CMC/CoinGecko/TradingView market-cap BTC dominance.
1755043200000,2025-08-13 00:00:00,2025-08-13 09:00:00,4007.3,4023.8,3900.0,4007.3,40.073,40.238,39.0,40.073,40.0730%,6793.784,Binance BTCDOM index raw value divided by 100 for percent-style display; not CMC/CoinGecko/TradingView market-cap BTC dominance.
1755129600000,2025-08-14 00:00:00,2025-08-14 09:00:00,4007.4,4068.7,3912.2,4018.7,40.074,40.687,39.122,40.187,40.1870%,8370.532,Binance BTCDOM index raw value divided by 100 for percent-style display; not CMC/CoinGecko/TradingView market-cap BTC dominance.
1755216000000,2025-08-15 00:00:00,2025-08-15 09:00:00,4018.7,4108.2,3955.4,4049.0,40.187,41.082,39.554,40.49,40.4900%,5342.855,Binance BTCDOM index raw value divided by 100 for percent-style display; not CMC/CoinGecko/TradingView market-cap BTC dominance.
1755302400000,2025-08-16 00:00:00,2025-08-16 09:00:00,4049.0,4087.7,4019.6,4038.3,40.49,40.877,40.196,40.383,40.3830%,2180.069,Binance BTCDOM index raw value divided by 100 for percent-style display; not CMC/CoinGecko/TradingView market-cap BTC dominance.
1755388800000,2025-08-17 00:00:00,2025-08-17 09:00:00,4038.3,4056.3,3947.2,3993.6,40.383,40.563,39.472,39.936,39.9360%,3093.272,Binance BTCDOM index raw value divided by 100 for percent-style display; not CMC/CoinGecko/TradingView market-cap BTC dominance.
1755475200000,2025-08-18 00:00:00,2025-08-18 09:00:00,3993.9,4150.0,3990.7,4072.1,39.939,41.5,39.907,40.721,40.7210%,4519.161,Binance BTCDOM index raw value divided by 100 for percent-style display; not CMC/CoinGecko/TradingView market-cap BTC dominance.
1755561600000,2025-08-19 00:00:00,2025-08-19 09:00:00,4072.1,4174.8,4052.4,4171.7,40.721,41.748,40.524,41.717,41.7170%,3171.288,Binance BTCDOM index raw value divided by 100 for percent-style display; not CMC/CoinGecko/TradingView market-cap BTC dominance.
1755648000000,2025-08-20 00:00:00,2025-08-20 09:00:00,4171.3,4173.0,3980.8,4007.1,41.713,41.73,39.808,40.071,40.0710%,3995.927,Binance BTCDOM index raw value divided by 100 for percent-style display; not CMC/CoinGecko/TradingView market-cap BTC dominance.
1755734400000,2025-08-21 00:00:00,2025-08-21 09:00:00,4007.1,4065.7,4002.1,4060.6,40.071,40.657,40.021,40.606,40.6060%,3365.654,Binance BTCDOM index raw value divided by 100 for percent-style display; not CMC/CoinGecko/TradingView market-cap BTC dominance.
1755820800000,2025-08-22 00:00:00,2025-08-22 09:00:00,4060.6,4081.8,3768.6,3796.8,40.606,40.818,37.686,37.968,37.9680%,8913.408,Binance BTCDOM index raw value divided by 100 for percent-style display; not CMC/CoinGecko/TradingView market-cap BTC dominance.
1755907200000,2025-08-23 00:00:00,2025-08-23 09:00:00,3796.9,3876.1,3766.2,3782.5,37.969,38.761,37.662,37.825,37.8250%,3419.943,Binance BTCDOM index raw value divided by 100 for percent-style display; not CMC/CoinGecko/TradingView market-cap BTC dominance.
1755993600000,2025-08-24 00:00:00,2025-08-24 09:00:00,3782.5,3830.0,3647.3,3734.0,37.825,38.3,36.473,37.34,37.3400%,6321.689,Binance BTCDOM index raw value divided by 100 for percent-style display; not CMC/CoinGecko/TradingView market-cap BTC dominance.
1756080000000,2025-08-25 00:00:00,2025-08-25 09:00:00,3734.0,3936.1,3713.9,3919.1,37.34,39.361,37.139,39.191,39.1910%,6218.942,Binance BTCDOM index raw value divided by 100 for percent-style display; not CMC/CoinGecko/TradingView market-cap BTC dominance.
1756166400000,2025-08-26 00:00:00,2025-08-26 09:00:00,3919.1,3924.7,3766.4,3807.6,39.191,39.247,37.664,38.076,38.0760%,3747.579,Binance BTCDOM index raw value divided by 100 for percent-style display; not CMC/CoinGecko/TradingView market-cap BTC dominance.
1756252800000,2025-08-27 00:00:00,2025-08-27 09:00:00,3807.4,3837.8,3755.4,3832.3,38.074,38.378,37.554,38.323,38.3230%,4111.346,Binance BTCDOM index raw value divided by 100 for percent-style display; not CMC/CoinGecko/TradingView market-cap BTC dominance.
1756339200000,2025-08-28 00:00:00,2025-08-28 09:00:00,3831.8,3877.2,3722.0,3834.7,38.318,38.772,37.22,38.347,38.3470%,2616.367,Binance BTCDOM index raw value divided by 100 for percent-style display; not CMC/CoinGecko/TradingView market-cap BTC dominance.
1756425600000,2025-08-29 00:00:00,2025-08-29 09:00:00,3836.2,3896.9,3816.7,3832.8,38.362,38.969,38.167,38.328,38.3280%,4226.319,Binance BTCDOM index raw value divided by 100 for percent-style display; not CMC/CoinGecko/TradingView market-cap BTC dominance.
1756512000000,2025-08-30 00:00:00,2025-08-30 09:00:00,3832.8,3880.5,3804.4,3845.0,38.328,38.805,38.044,38.45,38.4500%,2300.258,Binance BTCDOM index raw value divided by 100 for percent-style display; not CMC/CoinGecko/TradingView market-cap BTC dominance.
1756598400000,2025-08-31 00:00:00,2025-08-31 09:00:00,3845.0,3848.9,3770.8,3841.6,38.45,38.489,37.708,38.416,38.4160%,2452.826,Binance BTCDOM index raw value divided by 100 for percent-style display; not CMC/CoinGecko/TradingView market-cap BTC dominance.
1756684800000,2025-09-01 00:00:00,2025-09-01 09:00:00,3841.9,3966.1,3814.9,3935.7,38.419,39.661,38.149,39.357,39.3570%,4614.533,Binance BTCDOM index raw value divided by 100 for percent-style display; not CMC/CoinGecko/TradingView market-cap BTC dominance.
1756771200000,2025-09-02 00:00:00,2025-09-02 09:00:00,3935.7,3988.9,3886.1,3927.4,39.357,39.889,38.861,39.274,39.2740%,3417.409,Binance BTCDOM index raw value divided by 100 for percent-style display; not CMC/CoinGecko/TradingView market-cap BTC dominance.
1756857600000,2025-09-03 00:00:00,2025-09-03 09:00:00,3927.4,3960.5,3872.4,3888.1,39.274,39.605,38.724,38.881,38.8810%,2447.981,Binance BTCDOM index raw value divided by 100 for percent-style display; not CMC/CoinGecko/TradingView market-cap BTC dominance.
1756944000000,2025-09-04 00:00:00,2025-09-04 09:00:00,3888.0,3971.8,3881.1,3971.1,38.88,39.718,38.811,39.711,39.7110%,2091.985,Binance BTCDOM index raw value divided by 100 for percent-style display; not CMC/CoinGecko/TradingView market-cap BTC dominance.
1757030400000,2025-09-05 00:00:00,2025-09-05 09:00:00,3971.1,3992.1,3919.0,3946.0,39.711,39.921,39.19,39.46,39.4600%,3234.493,Binance BTCDOM index raw value divided by 100 for percent-style display; not CMC/CoinGecko/TradingView market-cap BTC dominance.
1757116800000,2025-09-06 00:00:00,2025-09-06 09:00:00,3946.0,3969.7,3934.9,3955.2,39.46,39.697,39.349,39.552,39.5520%,1380.661,Binance BTCDOM index raw value divided by 100 for percent-style display; not CMC/CoinGecko/TradingView market-cap BTC dominance.
1757203200000,2025-09-07 00:00:00,2025-09-07 09:00:00,3955.2,3963.8,3910.7,3920.8,39.552,39.638,39.107,39.208,39.2080%,1636.055,Binance BTCDOM index raw value divided by 100 for percent-style display; not CMC/CoinGecko/TradingView market-cap BTC dominance.
1757289600000,2025-09-08 00:00:00,2025-09-08 09:00:00,3920.2,3933.4,3881.0,3906.2,39.202,39.334,38.81,39.062,39.0620%,2699.276,Binance BTCDOM index raw value divided by 100 for percent-style display; not CMC/CoinGecko/TradingView market-cap BTC dominance.
1757376000000,2025-09-09 00:00:00,2025-09-09 09:00:00,3906.8,3914.5,3866.8,3883.7,39.068,39.145,38.668,38.837,38.8370%,3356.886,Binance BTCDOM index raw value divided by 100 for percent-style display; not CMC/CoinGecko/TradingView market-cap BTC dominance.
1757462400000,2025-09-10 00:00:00,2025-09-10 09:00:00,3883.7,3934.1,3855.8,3909.5,38.837,39.341,38.558,39.095,39.0950%,2862.536,Binance BTCDOM index raw value divided by 100 for percent-style display; not CMC/CoinGecko/TradingView market-cap BTC dominance.
1757548800000,2025-09-11 00:00:00,2025-09-11 09:00:00,3909.5,3916.0,3828.0,3878.5,39.095,39.16,38.28,38.785,38.7850%,3214.786,Binance BTCDOM index raw value divided by 100 for percent-style display; not CMC/CoinGecko/TradingView market-cap BTC dominance.
1757635200000,2025-09-12 00:00:00,2025-09-12 09:00:00,3878.5,3888.4,3728.3,3738.8,38.785,38.884,37.283,37.388,37.3880%,3895.717,Binance BTCDOM index raw value divided by 100 for percent-style display; not CMC/CoinGecko/TradingView market-cap BTC dominance.
1757721600000,2025-09-13 00:00:00,2025-09-13 09:00:00,3738.7,3764.9,3675.5,3733.7,37.387,37.649,36.755,37.337,37.3370%,2549.81,Binance BTCDOM index raw value divided by 100 for percent-style display; not CMC/CoinGecko/TradingView market-cap BTC dominance.
1757808000000,2025-09-14 00:00:00,2025-09-14 09:00:00,3733.7,3798.8,3707.7,3784.0,37.337,37.988,37.077,37.84,37.8400%,3005.215,Binance BTCDOM index raw value divided by 100 for percent-style display; not CMC/CoinGecko/TradingView market-cap BTC dominance.
1757894400000,2025-09-15 00:00:00,2025-09-15 09:00:00,3784.1,3874.4,3752.6,3850.7,37.841,38.744,37.526,38.507,38.5070%,3171.703,Binance BTCDOM index raw value divided by 100 for percent-style display; not CMC/CoinGecko/TradingView market-cap BTC dominance.
1757980800000,2025-09-16 00:00:00,2025-09-16 09:00:00,3850.8,3909.4,3826.0,3874.6,38.508,39.094,38.26,38.746,38.7460%,2396.37,Binance BTCDOM index raw value divided by 100 for percent-style display; not CMC/CoinGecko/TradingView market-cap BTC dominance.
1758067200000,2025-09-17 00:00:00,2025-09-17 09:00:00,3874.5,4000.0,3758.8,3771.2,38.745,40.0,37.588,37.712,37.7120%,3823.042,Binance BTCDOM index raw value divided by 100 for percent-style display; not CMC/CoinGecko/TradingView market-cap BTC dominance.
1758153600000,2025-09-18 00:00:00,2025-09-18 09:00:00,3771.5,3815.7,3750.0,3782.0,37.715,38.157,37.5,37.82,37.8200%,2812.201,Binance BTCDOM index raw value divided by 100 for percent-style display; not CMC/CoinGecko/TradingView market-cap BTC dominance.
1758240000000,2025-09-19 00:00:00,2025-09-19 09:00:00,3782.1,3861.6,3768.4,3839.7,37.821,38.616,37.684,38.397,38.3970%,2368.356,Binance BTCDOM index raw value divided by 100 for percent-style display; not CMC/CoinGecko/TradingView market-cap BTC dominance.
1758326400000,2025-09-20 00:00:00,2025-09-20 09:00:00,3839.7,3877.6,3806.3,3812.0,38.397,38.776,38.063,38.12,38.1200%,1555.189,Binance BTCDOM index raw value divided by 100 for percent-style display; not CMC/CoinGecko/TradingView market-cap BTC dominance.
1758412800000,2025-09-21 00:00:00,2025-09-21 09:00:00,3812.1,3831.2,3783.5,3827.4,38.121,38.312,37.835,38.274,38.2740%,1577.072,Binance BTCDOM index raw value divided by 100 for percent-style display; not CMC/CoinGecko/TradingView market-cap BTC dominance.
1758499200000,2025-09-22 00:00:00,2025-09-22 09:00:00,3826.9,4185.7,3824.7,3954.2,38.269,41.857,38.247,39.542,39.5420%,5930.629,Binance BTCDOM index raw value divided by 100 for percent-style display; not CMC/CoinGecko/TradingView market-cap BTC dominance.
1758585600000,2025-09-23 00:00:00,2025-09-23 09:00:00,3954.1,4006.6,3928.4,3967.7,39.541,40.066,39.284,39.677,39.6770%,1803.55,Binance BTCDOM index raw value divided by 100 for percent-style display; not CMC/CoinGecko/TradingView market-cap BTC dominance.
1758672000000,2025-09-24 00:00:00,2025-09-24 09:00:00,3967.2,4023.0,3948.0,3995.6,39.672,40.23,39.48,39.956,39.9560%,1797.184,Binance BTCDOM index raw value divided by 100 for percent-style display; not CMC/CoinGecko/TradingView market-cap BTC dominance.
1758758400000,2025-09-25 00:00:00,2025-09-25 09:00:00,3997.0,4250.0,3992.0,4124.6,39.97,42.5,39.92,41.246,41.2460%,5462.565,Binance BTCDOM index raw value divided by 100 for percent-style display; not CMC/CoinGecko/TradingView market-cap BTC dominance.
1758844800000,2025-09-26 00:00:00,2025-09-26 09:00:00,4124.3,4251.0,4005.1,4009.0,41.243,42.51,40.051,40.09,40.0900%,3097.96,Binance BTCDOM index raw value divided by 100 for percent-style display; not CMC/CoinGecko/TradingView market-cap BTC dominance.
1758931200000,2025-09-27 00:00:00,2025-09-27 09:00:00,4007.9,4043.9,3997.5,4016.5,40.079,40.439,39.975,40.165,40.1650%,1378.752,Binance BTCDOM index raw value divided by 100 for percent-style display; not CMC/CoinGecko/TradingView market-cap BTC dominance.
1759017600000,2025-09-28 00:00:00,2025-09-28 09:00:00,4015.6,4061.8,3997.3,3998.4,40.156,40.618,39.973,39.984,39.9840%,1731.97,Binance BTCDOM index raw value divided by 100 for percent-style display; not CMC/CoinGecko/TradingView market-cap BTC dominance.
1759104000000,2025-09-29 00:00:00,2025-09-29 09:00:00,3999.5,4067.1,3990.9,4017.8,39.995,40.671,39.909,40.178,40.1780%,2206.401,Binance BTCDOM index raw value divided by 100 for percent-style display; not CMC/CoinGecko/TradingView market-cap BTC dominance.
1759190400000,2025-09-30 00:00:00,2025-09-30 09:00:00,4016.8,4100.5,4012.1,4073.8,40.168,41.005,40.121,40.738,40.7380%,1870.623,Binance BTCDOM index raw value divided by 100 for percent-style display; not CMC/CoinGecko/TradingView market-cap BTC dominance.
1759276800000,2025-10-01 00:00:00,2025-10-01 09:00:00,4073.6,4107.4,4005.9,4050.4,40.736,41.074,40.059,40.504,40.5040%,2287.995,Binance BTCDOM index raw value divided by 100 for percent-style display; not CMC/CoinGecko/TradingView market-cap BTC dominance.
1759363200000,2025-10-02 00:00:00,2025-10-02 09:00:00,4050.4,4062.7,3960.0,3971.6,40.504,40.627,39.6,39.716,39.7160%,2932.439,Binance BTCDOM index raw value divided by 100 for percent-style display; not CMC/CoinGecko/TradingView market-cap BTC dominance.
1759449600000,2025-10-03 00:00:00,2025-10-03 09:00:00,3972.0,4035.5,3930.6,3988.3,39.72,40.355,39.306,39.883,39.8830%,2475.087,Binance BTCDOM index raw value divided by 100 for percent-style display; not CMC/CoinGecko/TradingView market-cap BTC dominance.
1759536000000,2025-10-04 00:00:00,2025-10-04 09:00:00,3988.1,4127.0,3982.3,4058.3,39.881,41.27,39.823,40.583,40.5830%,1614.501,Binance BTCDOM index raw value divided by 100 for percent-style display; not CMC/CoinGecko/TradingView market-cap BTC dominance.
1759622400000,2025-10-05 00:00:00,2025-10-05 09:00:00,4058.3,4080.5,4006.4,4077.1,40.583,40.805,40.064,40.771,40.7710%,1715.245,Binance BTCDOM index raw value divided by 100 for percent-style display; not CMC/CoinGecko/TradingView market-cap BTC dominance.
1759708800000,2025-10-06 00:00:00,2025-10-06 09:00:00,4077.2,4090.2,3973.0,3990.0,40.772,40.902,39.73,39.9,39.9000%,2411.571,Binance BTCDOM index raw value divided by 100 for percent-style display; not CMC/CoinGecko/TradingView market-cap BTC dominance.
1759795200000,2025-10-07 00:00:00,2025-10-07 09:00:00,3990.7,4056.0,3945.8,4049.6,39.907,40.56,39.458,40.496,40.4960%,2784.551,Binance BTCDOM index raw value divided by 100 for percent-style display; not CMC/CoinGecko/TradingView market-cap BTC dominance.
1759881600000,2025-10-08 00:00:00,2025-10-08 09:00:00,4049.5,4100.0,4028.5,4040.9,40.495,41.0,40.285,40.409,40.4090%,2139.842,Binance BTCDOM index raw value divided by 100 for percent-style display; not CMC/CoinGecko/TradingView market-cap BTC dominance.
1759968000000,2025-10-09 00:00:00,2025-10-09 09:00:00,4041.0,4170.4,4035.7,4123.9,40.41,41.704,40.357,41.239,41.2390%,2586.17,Binance BTCDOM index raw value divided by 100 for percent-style display; not CMC/CoinGecko/TradingView market-cap BTC dominance.
1760054400000,2025-10-10 00:00:00,2025-10-10 09:00:00,4123.5,5380.0,4085.4,4464.5,41.235,53.8,40.854,44.645,44.6450%,12179.967,Binance BTCDOM index raw value divided by 100 for percent-style display; not CMC/CoinGecko/TradingView market-cap BTC dominance.
1760140800000,2025-10-11 00:00:00,2025-10-11 09:00:00,4465.1,4519.9,4323.6,4439.6,44.651,45.199,43.236,44.396,44.3960%,5687.464,Binance BTCDOM index raw value divided by 100 for percent-style display; not CMC/CoinGecko/TradingView market-cap BTC dominance.
1760227200000,2025-10-12 00:00:00,2025-10-12 09:00:00,4439.7,4495.9,4130.3,4174.4,44.397,44.959,41.303,41.744,41.7440%,6176.066,Binance BTCDOM index raw value divided by 100 for percent-style display; not CMC/CoinGecko/TradingView market-cap BTC dominance.
1760313600000,2025-10-13 00:00:00,2025-10-13 09:00:00,4175.0,4212.6,4067.8,4083.4,41.75,42.126,40.678,40.834,40.8340%,4507.146,Binance BTCDOM index raw value divided by 100 for percent-style display; not CMC/CoinGecko/TradingView market-cap BTC dominance.
1760400000000,2025-10-14 00:00:00,2025-10-14 09:00:00,4082.8,4271.3,4058.5,4161.0,40.828,42.713,40.585,41.61,41.6100%,5708.3,Binance BTCDOM index raw value divided by 100 for percent-style display; not CMC/CoinGecko/TradingView market-cap BTC dominance.
1760486400000,2025-10-15 00:00:00,2025-10-15 09:00:00,4161.0,4272.4,4100.0,4229.5,41.61,42.724,41.0,42.295,42.2950%,2999.034,Binance BTCDOM index raw value divided by 100 for percent-style display; not CMC/CoinGecko/TradingView market-cap BTC dominance.
1760572800000,2025-10-16 00:00:00,2025-10-16 09:00:00,4230.3,4284.5,4173.2,4254.0,42.303,42.845,41.732,42.54,42.5400%,2911.232,Binance BTCDOM index raw value divided by 100 for percent-style display; not CMC/CoinGecko/TradingView market-cap BTC dominance.
1760659200000,2025-10-17 00:00:00,2025-10-17 09:00:00,4254.7,4383.8,4224.3,4294.7,42.547,43.838,42.243,42.947,42.9470%,4010.26,Binance BTCDOM index raw value divided by 100 for percent-style display; not CMC/CoinGecko/TradingView market-cap BTC dominance.
1760745600000,2025-10-18 00:00:00,2025-10-18 09:00:00,4294.8,4297.5,4196.5,4238.8,42.948,42.975,41.965,42.388,42.3880%,1579.092,Binance BTCDOM index raw value divided by 100 for percent-style display; not CMC/CoinGecko/TradingView market-cap BTC dominance.
1760832000000,2025-10-19 00:00:00,2025-10-19 09:00:00,4238.9,4264.5,4162.8,4215.1,42.389,42.645,41.628,42.151,42.1510%,1989.581,Binance BTCDOM index raw value divided by 100 for percent-style display; not CMC/CoinGecko/TradingView market-cap BTC dominance.
1760918400000,2025-10-20 00:00:00,2025-10-20 09:00:00,4215.9,4310.5,4197.3,4256.0,42.159,43.105,41.973,42.56,42.5600%,1901.07,Binance BTCDOM index raw value divided by 100 for percent-style display; not CMC/CoinGecko/TradingView market-cap BTC dominance.
1761004800000,2025-10-21 00:00:00,2025-10-21 09:00:00,4255.9,4320.8,4248.7,4290.7,42.559,43.208,42.487,42.907,42.9070%,2518.229,Binance BTCDOM index raw value divided by 100 for percent-style display; not CMC/CoinGecko/TradingView market-cap BTC dominance.
1761091200000,2025-10-22 00:00:00,2025-10-22 09:00:00,4290.7,4380.0,4276.9,4331.9,42.907,43.8,42.769,43.319,43.3190%,2526.034,Binance BTCDOM index raw value divided by 100 for percent-style display; not CMC/CoinGecko/TradingView market-cap BTC dominance.
1761177600000,2025-10-23 00:00:00,2025-10-23 09:00:00,4331.2,4350.8,4282.6,4327.1,43.312,43.508,42.826,43.271,43.2710%,2040.082,Binance BTCDOM index raw value divided by 100 for percent-style display; not CMC/CoinGecko/TradingView market-cap BTC dominance.
1761264000000,2025-10-24 00:00:00,2025-10-24 09:00:00,4327.2,4338.1,4253.7,4294.7,43.272,43.381,42.537,42.947,42.9470%,2055.816,Binance BTCDOM index raw value divided by 100 for percent-style display; not CMC/CoinGecko/TradingView market-cap BTC dominance.
1761350400000,2025-10-25 00:00:00,2025-10-25 09:00:00,4294.6,4316.9,4265.7,4283.2,42.946,43.169,42.657,42.832,42.8320%,895.552,Binance BTCDOM index raw value divided by 100 for percent-style display; not CMC/CoinGecko/TradingView market-cap BTC dominance.
1761436800000,2025-10-26 00:00:00,2025-10-26 09:00:00,4283.7,4294.9,4212.2,4230.8,42.837,42.949,42.122,42.308,42.3080%,1867.416,Binance BTCDOM index raw value divided by 100 for percent-style display; not CMC/CoinGecko/TradingView market-cap BTC dominance.
1761523200000,2025-10-27 00:00:00,2025-10-27 09:00:00,4230.8,4270.0,4179.0,4248.9,42.308,42.7,41.79,42.489,42.4890%,2092.931,Binance BTCDOM index raw value divided by 100 for percent-style display; not CMC/CoinGecko/TradingView market-cap BTC dominance.
1761609600000,2025-10-28 00:00:00,2025-10-28 09:00:00,4249.1,4354.8,4230.7,4322.2,42.491,43.548,42.307,43.222,43.2220%,1867.881,Binance BTCDOM index raw value divided by 100 for percent-style display; not CMC/CoinGecko/TradingView market-cap BTC dominance.
1761696000000,2025-10-29 00:00:00,2025-10-29 09:00:00,4322.5,4333.9,4180.0,4251.4,43.225,43.339,41.8,42.514,42.5140%,2960.298,Binance BTCDOM index raw value divided by 100 for percent-style display; not CMC/CoinGecko/TradingView market-cap BTC dominance.
1761782400000,2025-10-30 00:00:00,2025-10-30 09:00:00,4251.7,4430.0,4226.2,4338.6,42.517,44.3,42.262,43.386,43.3860%,3066.637,Binance BTCDOM index raw value divided by 100 for percent-style display; not CMC/CoinGecko/TradingView market-cap BTC dominance.
1761868800000,2025-10-31 00:00:00,2025-10-31 09:00:00,4338.3,4356.8,4282.6,4317.2,43.383,43.568,42.826,43.172,43.1720%,1717.893,Binance BTCDOM index raw value divided by 100 for percent-style display; not CMC/CoinGecko/TradingView market-cap BTC dominance.
1761955200000,2025-11-01 00:00:00,2025-11-01 09:00:00,4317.3,4338.6,4311.5,4316.4,43.173,43.386,43.115,43.164,43.1640%,955.711,Binance BTCDOM index raw value divided by 100 for percent-style display; not CMC/CoinGecko/TradingView market-cap BTC dominance.
1762041600000,2025-11-02 00:00:00,2025-11-02 09:00:00,4316.8,4373.4,4314.1,4320.1,43.168,43.734,43.141,43.201,43.2010%,1387.411,Binance BTCDOM index raw value divided by 100 for percent-style display; not CMC/CoinGecko/TradingView market-cap BTC dominance.
1762128000000,2025-11-03 00:00:00,2025-11-03 09:00:00,4320.6,4603.6,4316.9,4560.5,43.206,46.036,43.169,45.605,45.6050%,4760.956,Binance BTCDOM index raw value divided by 100 for percent-style display; not CMC/CoinGecko/TradingView market-cap BTC dominance.
1762214400000,2025-11-04 00:00:00,2025-11-04 09:00:00,4560.6,4829.9,4504.5,4650.2,45.606,48.299,45.045,46.502,46.5020%,7635.42,Binance BTCDOM index raw value divided by 100 for percent-style display; not CMC/CoinGecko/TradingView market-cap BTC dominance.
1762300800000,2025-11-05 00:00:00,2025-11-05 09:00:00,4649.6,4747.0,4536.7,4567.9,46.496,47.47,45.367,45.679,45.6790%,3651.264,Binance BTCDOM index raw value divided by 100 for percent-style display; not CMC/CoinGecko/TradingView market-cap BTC dominance.
1762387200000,2025-11-06 00:00:00,2025-11-06 09:00:00,4567.2,4669.4,4534.4,4602.3,45.672,46.694,45.344,46.023,46.0230%,2287.299,Binance BTCDOM index raw value divided by 100 for percent-style display; not CMC/CoinGecko/TradingView market-cap BTC dominance.
1762473600000,2025-11-07 00:00:00,2025-11-07 09:00:00,4602.6,4653.7,4443.3,4485.9,46.026,46.537,44.433,44.859,44.8590%,3362.341,Binance BTCDOM index raw value divided by 100 for percent-style display; not CMC/CoinGecko/TradingView market-cap BTC dominance.
1762560000000,2025-11-08 00:00:00,2025-11-08 09:00:00,4485.7,4522.4,4408.2,4488.5,44.857,45.224,44.082,44.885,44.8850%,2209.464,Binance BTCDOM index raw value divided by 100 for percent-style display; not CMC/CoinGecko/TradingView market-cap BTC dominance.
1762646400000,2025-11-09 00:00:00,2025-11-09 09:00:00,4488.5,4531.4,4424.6,4435.6,44.885,45.314,44.246,44.356,44.3560%,1601.446,Binance BTCDOM index raw value divided by 100 for percent-style display; not CMC/CoinGecko/TradingView market-cap BTC dominance.
1762732800000,2025-11-10 00:00:00,2025-11-10 09:00:00,4435.0,4456.7,4384.6,4438.0,44.35,44.567,43.846,44.38,44.3800%,2089.601,Binance BTCDOM index raw value divided by 100 for percent-style display; not CMC/CoinGecko/TradingView market-cap BTC dominance.
1762819200000,2025-11-11 00:00:00,2025-11-11 09:00:00,4438.8,4534.5,4391.8,4531.8,44.388,45.345,43.918,45.318,45.3180%,2288.752,Binance BTCDOM index raw value divided by 100 for percent-style display; not CMC/CoinGecko/TradingView market-cap BTC dominance.
1762905600000,2025-11-12 00:00:00,2025-11-12 09:00:00,4531.7,4537.8,4444.6,4482.0,45.317,45.378,44.446,44.82,44.8200%,2738.135,Binance BTCDOM index raw value divided by 100 for percent-style display; not CMC/CoinGecko/TradingView market-cap BTC dominance.
1762992000000,2025-11-13 00:00:00,2025-11-13 09:00:00,4481.7,4632.0,4396.4,4587.3,44.817,46.32,43.964,45.873,45.8730%,3342.88,Binance BTCDOM index raw value divided by 100 for percent-style display; not CMC/CoinGecko/TradingView market-cap BTC dominance.
1763078400000,2025-11-14 00:00:00,2025-11-14 09:00:00,4586.4,4619.1,4425.4,4499.8,45.864,46.191,44.254,44.998,44.9980%,3445.75,Binance BTCDOM index raw value divided by 100 for percent-style display; not CMC/CoinGecko/TradingView market-cap BTC dominance.
1763164800000,2025-11-15 00:00:00,2025-11-15 09:00:00,4500.1,4513.3,4447.9,4484.7,45.001,45.133,44.479,44.847,44.8470%,1005.725,Binance BTCDOM index raw value divided by 100 for percent-style display; not CMC/CoinGecko/TradingView market-cap BTC dominance.
1763251200000,2025-11-16 00:00:00,2025-11-16 09:00:00,4484.7,4587.5,4430.0,4508.9,44.847,45.875,44.3,45.089,45.0890%,2726.429,Binance BTCDOM index raw value divided by 100 for percent-style display; not CMC/CoinGecko/TradingView market-cap BTC dominance.
1763337600000,2025-11-17 00:00:00,2025-11-17 09:00:00,4509.8,4570.6,4438.1,4516.8,45.098,45.706,44.381,45.168,45.1680%,3414.679,Binance BTCDOM index raw value divided by 100 for percent-style display; not CMC/CoinGecko/TradingView market-cap BTC dominance.
1763424000000,2025-11-18 00:00:00,2025-11-18 09:00:00,4514.7,4536.0,4378.0,4407.8,45.147,45.36,43.78,44.078,44.0780%,3218.395,Binance BTCDOM index raw value divided by 100 for percent-style display; not CMC/CoinGecko/TradingView market-cap BTC dominance.
1763510400000,2025-11-19 00:00:00,2025-11-19 09:00:00,4407.9,4559.2,4388.7,4496.9,44.079,45.592,43.887,44.969,44.9690%,2730.487,Binance BTCDOM index raw value divided by 100 for percent-style display; not CMC/CoinGecko/TradingView market-cap BTC dominance.
1763596800000,2025-11-20 00:00:00,2025-11-20 09:00:00,4497.0,4527.1,4451.4,4481.4,44.97,45.271,44.514,44.814,44.8140%,2503.586,Binance BTCDOM index raw value divided by 100 for percent-style display; not CMC/CoinGecko/TradingView market-cap BTC dominance.
1763683200000,2025-11-21 00:00:00,2025-11-21 09:00:00,4481.4,4596.3,4451.1,4551.2,44.814,45.963,44.511,45.512,45.5120%,4052.586,Binance BTCDOM index raw value divided by 100 for percent-style display; not CMC/CoinGecko/TradingView market-cap BTC dominance.
1763769600000,2025-11-22 00:00:00,2025-11-22 09:00:00,4551.9,4590.0,4520.0,4536.6,45.519,45.9,45.2,45.366,45.3660%,1243.648,Binance BTCDOM index raw value divided by 100 for percent-style display; not CMC/CoinGecko/TradingView market-cap BTC dominance.
1763856000000,2025-11-23 00:00:00,2025-11-23 09:00:00,4536.7,4562.5,4494.7,4553.9,45.367,45.625,44.947,45.539,45.5390%,892.786,Binance BTCDOM index raw value divided by 100 for percent-style display; not CMC/CoinGecko/TradingView market-cap BTC dominance.
1763942400000,2025-11-24 00:00:00,2025-11-24 09:00:00,4555.1,4574.0,4381.0,4417.3,45.551,45.74,43.81,44.173,44.1730%,2454.917,Binance BTCDOM index raw value divided by 100 for percent-style display; not CMC/CoinGecko/TradingView market-cap BTC dominance.
1764028800000,2025-11-25 00:00:00,2025-11-25 09:00:00,4417.2,4458.5,4366.0,4375.5,44.172,44.585,43.66,43.755,43.7550%,1198.288,Binance BTCDOM index raw value divided by 100 for percent-style display; not CMC/CoinGecko/TradingView market-cap BTC dominance.
1764115200000,2025-11-26 00:00:00,2025-11-26 09:00:00,4375.6,4437.0,4371.3,4432.1,43.756,44.37,43.713,44.321,44.3210%,980.731,Binance BTCDOM index raw value divided by 100 for percent-style display; not CMC/CoinGecko/TradingView market-cap BTC dominance.
1764201600000,2025-11-27 00:00:00,2025-11-27 09:00:00,4432.2,4520.0,4417.0,4498.7,44.322,45.2,44.17,44.987,44.9870%,1305.079,Binance BTCDOM index raw value divided by 100 for percent-style display; not CMC/CoinGecko/TradingView market-cap BTC dominance.
1764288000000,2025-11-28 00:00:00,2025-11-28 09:00:00,4498.7,4525.0,4457.2,4500.4,44.987,45.25,44.572,45.004,45.0040%,1029.505,Binance BTCDOM index raw value divided by 100 for percent-style display; not CMC/CoinGecko/TradingView market-cap BTC dominance.
1764374400000,2025-11-29 00:00:00,2025-11-29 09:00:00,4500.3,4542.5,4488.9,4541.5,45.003,45.425,44.889,45.415,45.4150%,534.965,Binance BTCDOM index raw value divided by 100 for percent-style display; not CMC/CoinGecko/TradingView market-cap BTC dominance.
1764460800000,2025-11-30 00:00:00,2025-11-30 09:00:00,4541.5,4557.5,4493.8,4546.6,45.415,45.575,44.938,45.466,45.4660%,962.655,Binance BTCDOM index raw value divided by 100 for percent-style display; not CMC/CoinGecko/TradingView market-cap BTC dominance.
1764547200000,2025-12-01 00:00:00,2025-12-01 09:00:00,4546.2,4650.0,4526.2,4623.1,45.462,46.5,45.262,46.231,46.2310%,2397.52,Binance BTCDOM index raw value divided by 100 for percent-style display; not CMC/CoinGecko/TradingView market-cap BTC dominance.
1764633600000,2025-12-02 00:00:00,2025-12-02 09:00:00,4623.2,4665.9,4518.0,4568.7,46.232,46.659,45.18,45.687,45.6870%,2235.802,Binance BTCDOM index raw value divided by 100 for percent-style display; not CMC/CoinGecko/TradingView market-cap BTC dominance.
1764720000000,2025-12-03 00:00:00,2025-12-03 09:00:00,4568.8,4598.4,4461.5,4464.7,45.688,45.984,44.615,44.647,44.6470%,1941.114,Binance BTCDOM index raw value divided by 100 for percent-style display; not CMC/CoinGecko/TradingView market-cap BTC dominance.
1764806400000,2025-12-04 00:00:00,2025-12-04 09:00:00,4464.0,4527.2,4423.0,4508.1,44.64,45.272,44.23,45.081,45.0810%,1925.672,Binance BTCDOM index raw value divided by 100 for percent-style display; not CMC/CoinGecko/TradingView market-cap BTC dominance.
1764892800000,2025-12-05 00:00:00,2025-12-05 09:00:00,4508.1,4546.9,4461.7,4523.3,45.081,45.469,44.617,45.233,45.2330%,2429.762,Binance BTCDOM index raw value divided by 100 for percent-style display; not CMC/CoinGecko/TradingView market-cap BTC dominance.
1764979200000,2025-12-06 00:00:00,2025-12-06 09:00:00,4522.8,4541.9,4493.4,4499.2,45.228,45.419,44.934,44.992,44.9920%,962.45,Binance BTCDOM index raw value divided by 100 for percent-style display; not CMC/CoinGecko/TradingView market-cap BTC dominance.
1765065600000,2025-12-07 00:00:00,2025-12-07 09:00:00,4499.2,4574.6,4481.8,4543.4,44.992,45.746,44.818,45.434,45.4340%,1329.271,Binance BTCDOM index raw value divided by 100 for percent-style display; not CMC/CoinGecko/TradingView market-cap BTC dominance.
1765152000000,2025-12-08 00:00:00,2025-12-08 09:00:00,4543.4,4549.1,4439.3,4484.1,45.434,45.491,44.393,44.841,44.8410%,1127.963,Binance BTCDOM index raw value divided by 100 for percent-style display; not CMC/CoinGecko/TradingView market-cap BTC dominance.
1765238400000,2025-12-09 00:00:00,2025-12-09 09:00:00,4483.8,4500.0,4371.0,4412.0,44.838,45.0,43.71,44.12,44.1200%,1639.257,Binance BTCDOM index raw value divided by 100 for percent-style display; not CMC/CoinGecko/TradingView market-cap BTC dominance.
1765324800000,2025-12-10 00:00:00,2025-12-10 09:00:00,4412.1,4440.6,4368.8,4425.1,44.121,44.406,43.688,44.251,44.2510%,1303.268,Binance BTCDOM index raw value divided by 100 for percent-style display; not CMC/CoinGecko/TradingView market-cap BTC dominance.
1765411200000,2025-12-11 00:00:00,2025-12-11 09:00:00,4426.1,4532.6,4421.7,4518.5,44.261,45.326,44.217,45.185,45.1850%,1730.183,Binance BTCDOM index raw value divided by 100 for percent-style display; not CMC/CoinGecko/TradingView market-cap BTC dominance.
1765497600000,2025-12-12 00:00:00,2025-12-12 09:00:00,4518.4,4583.5,4487.2,4554.5,45.184,45.835,44.872,45.545,45.5450%,1710.11,Binance BTCDOM index raw value divided by 100 for percent-style display; not CMC/CoinGecko/TradingView market-cap BTC dominance.
1765584000000,2025-12-13 00:00:00,2025-12-13 09:00:00,4554.2,4557.4,4494.2,4514.5,45.542,45.574,44.942,45.145,45.1450%,762.226,Binance BTCDOM index raw value divided by 100 for percent-style display; not CMC/CoinGecko/TradingView market-cap BTC dominance.
1765670400000,2025-12-14 00:00:00,2025-12-14 09:00:00,4514.3,4527.5,4483.6,4505.0,45.143,45.275,44.836,45.05,45.0500%,748.81,Binance BTCDOM index raw value divided by 100 for percent-style display; not CMC/CoinGecko/TradingView market-cap BTC dominance.
1765756800000,2025-12-15 00:00:00,2025-12-15 09:00:00,4504.4,4580.8,4469.5,4543.4,45.044,45.808,44.695,45.434,45.4340%,1517.643,Binance BTCDOM index raw value divided by 100 for percent-style display; not CMC/CoinGecko/TradingView market-cap BTC dominance.
1765843200000,2025-12-16 00:00:00,2025-12-16 09:00:00,4543.4,4609.8,4532.5,4588.0,45.434,46.098,45.325,45.88,45.8800%,1647.534,Binance BTCDOM index raw value divided by 100 for percent-style display; not CMC/CoinGecko/TradingView market-cap BTC dominance.
1765929600000,2025-12-17 00:00:00,2025-12-17 09:00:00,4588.8,4712.5,4563.1,4692.5,45.888,47.125,45.631,46.925,46.9250%,2614.959,Binance BTCDOM index raw value divided by 100 for percent-style display; not CMC/CoinGecko/TradingView market-cap BTC dominance.
1766016000000,2025-12-18 00:00:00,2025-12-18 09:00:00,4693.2,4752.9,4657.1,4713.4,46.932,47.529,46.571,47.134,47.1340%,2437.975,Binance BTCDOM index raw value divided by 100 for percent-style display; not CMC/CoinGecko/TradingView market-cap BTC dominance.
1766102400000,2025-12-19 00:00:00,2025-12-19 09:00:00,4713.4,4741.6,4593.5,4618.0,47.134,47.416,45.935,46.18,46.1800%,1590.523,Binance BTCDOM index raw value divided by 100 for percent-style display; not CMC/CoinGecko/TradingView market-cap BTC dominance.
1766188800000,2025-12-20 00:00:00,2025-12-20 09:00:00,4618.4,4640.3,4604.2,4628.1,46.184,46.403,46.042,46.281,46.2810%,502.926,Binance BTCDOM index raw value divided by 100 for percent-style display; not CMC/CoinGecko/TradingView market-cap BTC dominance.
1766275200000,2025-12-21 00:00:00,2025-12-21 09:00:00,4628.5,4661.4,4620.2,4632.9,46.285,46.614,46.202,46.329,46.3290%,673.61,Binance BTCDOM index raw value divided by 100 for percent-style display; not CMC/CoinGecko/TradingView market-cap BTC dominance.
1766361600000,2025-12-22 00:00:00,2025-12-22 09:00:00,4633.0,4661.9,4606.5,4629.9,46.33,46.619,46.065,46.299,46.2990%,801.229,Binance BTCDOM index raw value divided by 100 for percent-style display; not CMC/CoinGecko/TradingView market-cap BTC dominance.
1766448000000,2025-12-23 00:00:00,2025-12-23 09:00:00,4630.5,4689.2,4618.1,4646.1,46.305,46.892,46.181,46.461,46.4610%,794.489,Binance BTCDOM index raw value divided by 100 for percent-style display; not CMC/CoinGecko/TradingView market-cap BTC dominance.
1766534400000,2025-12-24 00:00:00,2025-12-24 09:00:00,4645.8,4690.0,4641.1,4681.2,46.458,46.9,46.411,46.812,46.8120%,573.604,Binance BTCDOM index raw value divided by 100 for percent-style display; not CMC/CoinGecko/TradingView market-cap BTC dominance.
1766620800000,2025-12-25 00:00:00,2025-12-25 09:00:00,4681.1,4734.0,4672.1,4731.5,46.811,47.34,46.721,47.315,47.3150%,742.461,Binance BTCDOM index raw value divided by 100 for percent-style display; not CMC/CoinGecko/TradingView market-cap BTC dominance.
1766707200000,2025-12-26 00:00:00,2025-12-26 09:00:00,4731.5,4738.2,4695.3,4700.2,47.315,47.382,46.953,47.002,47.0020%,671.413,Binance BTCDOM index raw value divided by 100 for percent-style display; not CMC/CoinGecko/TradingView market-cap BTC dominance.
1766793600000,2025-12-27 00:00:00,2025-12-27 09:00:00,4700.2,4703.5,4646.7,4654.2,47.002,47.035,46.467,46.542,46.5420%,452.542,Binance BTCDOM index raw value divided by 100 for percent-style display; not CMC/CoinGecko/TradingView market-cap BTC dominance.
1766880000000,2025-12-28 00:00:00,2025-12-28 09:00:00,4654.4,4666.3,4631.0,4646.3,46.544,46.663,46.31,46.463,46.4630%,537.238,Binance BTCDOM index raw value divided by 100 for percent-style display; not CMC/CoinGecko/TradingView market-cap BTC dominance.
1766966400000,2025-12-29 00:00:00,2025-12-29 09:00:00,4646.7,4673.2,4615.0,4647.6,46.467,46.732,46.15,46.476,46.4760%,888.748,Binance BTCDOM index raw value divided by 100 for percent-style display; not CMC/CoinGecko/TradingView market-cap BTC dominance.
1767052800000,2025-12-30 00:00:00,2025-12-30 09:00:00,4647.5,4688.9,4617.0,4664.0,46.475,46.889,46.17,46.64,46.6400%,686.474,Binance BTCDOM index raw value divided by 100 for percent-style display; not CMC/CoinGecko/TradingView market-cap BTC dominance.
1767139200000,2025-12-31 00:00:00,2025-12-31 09:00:00,4664.0,4674.0,4639.0,4652.9,46.64,46.74,46.39,46.529,46.5290%,520.823,Binance BTCDOM index raw value divided by 100 for percent-style display; not CMC/CoinGecko/TradingView market-cap BTC dominance.
1767225600000,2026-01-01 00:00:00,2026-01-01 09:00:00,4653.4,4656.6,4631.1,4644.1,46.534,46.566,46.311,46.441,46.4410%,363.444,Binance BTCDOM index raw value divided by 100 for percent-style display; not CMC/CoinGecko/TradingView market-cap BTC dominance.
1767312000000,2026-01-02 00:00:00,2026-01-02 09:00:00,4644.1,4648.0,4507.0,4515.9,46.441,46.48,45.07,45.159,45.1590%,1365.666,Binance BTCDOM index raw value divided by 100 for percent-style display; not CMC/CoinGecko/TradingView market-cap BTC dominance.
1767398400000,2026-01-03 00:00:00,2026-01-03 09:00:00,4516.0,4543.8,4496.2,4530.1,45.16,45.438,44.962,45.301,45.3010%,504.139,Binance BTCDOM index raw value divided by 100 for percent-style display; not CMC/CoinGecko/TradingView market-cap BTC dominance.
1767484800000,2026-01-04 00:00:00,2026-01-04 09:00:00,4530.1,4543.7,4494.3,4514.4,45.301,45.437,44.943,45.144,45.1440%,650.685,Binance BTCDOM index raw value divided by 100 for percent-style display; not CMC/CoinGecko/TradingView market-cap BTC dominance.
1767571200000,2026-01-05 00:00:00,2026-01-05 09:00:00,4514.0,4575.5,4460.0,4467.7,45.14,45.755,44.6,44.677,44.6770%,1105.778,Binance BTCDOM index raw value divided by 100 for percent-style display; not CMC/CoinGecko/TradingView market-cap BTC dominance.
1767657600000,2026-01-06 00:00:00,2026-01-06 09:00:00,4467.7,4485.4,4395.6,4415.4,44.677,44.854,43.956,44.154,44.1540%,1191.478,Binance BTCDOM index raw value divided by 100 for percent-style display; not CMC/CoinGecko/TradingView market-cap BTC dominance.
1767744000000,2026-01-07 00:00:00,2026-01-07 09:00:00,4414.5,4477.9,4400.2,4464.7,44.145,44.779,44.002,44.647,44.6470%,997.678,Binance BTCDOM index raw value divided by 100 for percent-style display; not CMC/CoinGecko/TradingView market-cap BTC dominance.
1767830400000,2026-01-08 00:00:00,2026-01-08 09:00:00,4465.4,4527.7,4443.8,4517.7,44.654,45.277,44.438,45.177,45.1770%,832.441,Binance BTCDOM index raw value divided by 100 for percent-style display; not CMC/CoinGecko/TradingView market-cap BTC dominance.
1767916800000,2026-01-09 00:00:00,2026-01-09 09:00:00,4517.6,4542.2,4486.5,4522.2,45.176,45.422,44.865,45.222,45.2220%,773.558,Binance BTCDOM index raw value divided by 100 for percent-style display; not CMC/CoinGecko/TradingView market-cap BTC dominance.
1768003200000,2026-01-10 00:00:00,2026-01-10 09:00:00,4522.1,4533.1,4507.1,4518.2,45.221,45.331,45.071,45.182,45.1820%,379.85,Binance BTCDOM index raw value divided by 100 for percent-style display; not CMC/CoinGecko/TradingView market-cap BTC dominance.
1768089600000,2026-01-11 00:00:00,2026-01-11 09:00:00,4518.2,4527.4,4485.0,4515.7,45.182,45.274,44.85,45.157,45.1570%,391.47,Binance BTCDOM index raw value divided by 100 for percent-style display; not CMC/CoinGecko/TradingView market-cap BTC dominance.
1768176000000,2026-01-12 00:00:00,2026-01-12 09:00:00,4515.4,4570.0,4512.9,4566.7,45.154,45.7,45.129,45.667,45.6670%,745.445,Binance BTCDOM index raw value divided by 100 for percent-style display; not CMC/CoinGecko/TradingView market-cap BTC dominance.
1768262400000,2026-01-13 00:00:00,2026-01-13 09:00:00,4566.8,4572.9,4483.9,4500.0,45.668,45.729,44.839,45.0,45.0000%,948.802,Binance BTCDOM index raw value divided by 100 for percent-style display; not CMC/CoinGecko/TradingView market-cap BTC dominance.
1768348800000,2026-01-14 00:00:00,2026-01-14 09:00:00,4500.0,4583.1,4470.0,4563.0,45.0,45.831,44.7,45.63,45.6300%,956.743,Binance BTCDOM index raw value divided by 100 for percent-style display; not CMC/CoinGecko/TradingView market-cap BTC dominance.
1768435200000,2026-01-15 00:00:00,2026-01-15 09:00:00,4563.1,4641.6,4551.7,4589.7,45.631,46.416,45.517,45.897,45.8970%,1115.99,Binance BTCDOM index raw value divided by 100 for percent-style display; not CMC/CoinGecko/TradingView market-cap BTC dominance.
1768521600000,2026-01-16 00:00:00,2026-01-16 09:00:00,4590.2,4615.0,4580.9,4588.0,45.902,46.15,45.809,45.88,45.8800%,486.782,Binance BTCDOM index raw value divided by 100 for percent-style display; not CMC/CoinGecko/TradingView market-cap BTC dominance.
1768608000000,2026-01-17 00:00:00,2026-01-17 09:00:00,4587.9,4596.8,4545.0,4555.4,45.879,45.968,45.45,45.554,45.5540%,311.545,Binance BTCDOM index raw value divided by 100 for percent-style display; not CMC/CoinGecko/TradingView market-cap BTC dominance.
1768694400000,2026-01-18 00:00:00,2026-01-18 09:00:00,4556.0,4586.9,4535.6,4582.8,45.56,45.869,45.356,45.828,45.8280%,566.906,Binance BTCDOM index raw value divided by 100 for percent-style display; not CMC/CoinGecko/TradingView market-cap BTC dominance.
1768780800000,2026-01-19 00:00:00,2026-01-19 09:00:00,4582.9,4680.0,4582.8,4633.2,45.829,46.8,45.828,46.332,46.3320%,1511.013,Binance BTCDOM index raw value divided by 100 for percent-style display; not CMC/CoinGecko/TradingView market-cap BTC dominance.
1768867200000,2026-01-20 00:00:00,2026-01-20 09:00:00,4633.1,4743.5,4607.0,4712.3,46.331,47.435,46.07,47.123,47.1230%,1162.48,Binance BTCDOM index raw value divided by 100 for percent-style display; not CMC/CoinGecko/TradingView market-cap BTC dominance.
1768953600000,2026-01-21 00:00:00,2026-01-21 09:00:00,4712.2,4749.0,4645.0,4683.5,47.122,47.49,46.45,46.835,46.8350%,952.515,Binance BTCDOM index raw value divided by 100 for percent-style display; not CMC/CoinGecko/TradingView market-cap BTC dominance.
1769040000000,2026-01-22 00:00:00,2026-01-22 09:00:00,4683.5,4737.7,4663.7,4721.0,46.835,47.377,46.637,47.21,47.2100%,508.913,Binance BTCDOM index raw value divided by 100 for percent-style display; not CMC/CoinGecko/TradingView market-cap BTC dominance.
1769126400000,2026-01-23 00:00:00,2026-01-23 09:00:00,4721.0,4760.3,4705.7,4727.7,47.21,47.603,47.057,47.277,47.2770%,656.065,Binance BTCDOM index raw value divided by 100 for percent-style display; not CMC/CoinGecko/TradingView market-cap BTC dominance.
1769212800000,2026-01-24 00:00:00,2026-01-24 09:00:00,4727.7,4734.9,4711.0,4719.3,47.277,47.349,47.11,47.193,47.1930%,422.598,Binance BTCDOM index raw value divided by 100 for percent-style display; not CMC/CoinGecko/TradingView market-cap BTC dominance.
1769299200000,2026-01-25 00:00:00,2026-01-25 09:00:00,4719.3,4820.0,4698.7,4789.7,47.193,48.2,46.987,47.897,47.8970%,1102.23,Binance BTCDOM index raw value divided by 100 for percent-style display; not CMC/CoinGecko/TradingView market-cap BTC dominance.
1769385600000,2026-01-26 00:00:00,2026-01-26 09:00:00,4789.9,4795.7,4686.7,4716.1,47.899,47.957,46.867,47.161,47.1610%,945.047,Binance BTCDOM index raw value divided by 100 for percent-style display; not CMC/CoinGecko/TradingView market-cap BTC dominance.
1769472000000,2026-01-27 00:00:00,2026-01-27 09:00:00,4716.1,4731.0,4650.0,4658.9,47.161,47.31,46.5,46.589,46.5890%,842.379,Binance BTCDOM index raw value divided by 100 for percent-style display; not CMC/CoinGecko/TradingView market-cap BTC dominance.
1769558400000,2026-01-28 00:00:00,2026-01-28 09:00:00,4658.8,4715.3,4651.0,4680.5,46.588,47.153,46.51,46.805,46.8050%,361.68,Binance BTCDOM index raw value divided by 100 for percent-style display; not CMC/CoinGecko/TradingView market-cap BTC dominance.
1769644800000,2026-01-29 00:00:00,2026-01-29 09:00:00,4679.8,4767.6,4671.8,4696.9,46.798,47.676,46.718,46.969,46.9690%,833.349,Binance BTCDOM index raw value divided by 100 for percent-style display; not CMC/CoinGecko/TradingView market-cap BTC dominance.
1769731200000,2026-01-30 00:00:00,2026-01-30 09:00:00,4696.1,4838.0,4660.0,4817.1,46.961,48.38,46.6,48.171,48.1710%,1606.18,Binance BTCDOM index raw value divided by 100 for percent-style display; not CMC/CoinGecko/TradingView market-cap BTC dominance.
1769817600000,2026-01-31 00:00:00,2026-01-31 09:00:00,4817.1,5138.0,4802.2,4924.3,48.171,51.38,48.022,49.243,49.2430%,5361.121,Binance BTCDOM index raw value divided by 100 for percent-style display; not CMC/CoinGecko/TradingView market-cap BTC dominance.
1769904000000,2026-02-01 00:00:00,2026-02-01 09:00:00,4924.8,5095.0,4897.4,5070.1,49.248,50.95,48.974,50.701,50.7010%,1987.327,Binance BTCDOM index raw value divided by 100 for percent-style display; not CMC/CoinGecko/TradingView market-cap BTC dominance.
1769990400000,2026-02-02 00:00:00,2026-02-02 09:00:00,5070.1,5155.8,4987.3,5042.9,50.701,51.558,49.873,50.429,50.4290%,2531.265,Binance BTCDOM index raw value divided by 100 for percent-style display; not CMC/CoinGecko/TradingView market-cap BTC dominance.
1770076800000,2026-02-03 00:00:00,2026-02-03 09:00:00,5042.9,5112.1,4902.3,5044.3,50.429,51.121,49.023,50.443,50.4430%,2187.431,Binance BTCDOM index raw value divided by 100 for percent-style display; not CMC/CoinGecko/TradingView market-cap BTC dominance.
1770163200000,2026-02-04 00:00:00,2026-02-04 09:00:00,5044.3,5155.8,5000.1,5095.1,50.443,51.558,50.001,50.951,50.9510%,1780.522,Binance BTCDOM index raw value divided by 100 for percent-style display; not CMC/CoinGecko/TradingView market-cap BTC dominance.
1770249600000,2026-02-05 00:00:00,2026-02-05 09:00:00,5094.1,5219.3,5012.7,5150.4,50.941,52.193,50.127,51.504,51.5040%,3934.532,Binance BTCDOM index raw value divided by 100 for percent-style display; not CMC/CoinGecko/TradingView market-cap BTC dominance.
1770336000000,2026-02-06 00:00:00,2026-02-06 09:00:00,5149.7,5275.0,5063.1,5127.2,51.497,52.75,50.631,51.272,51.2720%,3752.941,Binance BTCDOM index raw value divided by 100 for percent-style display; not CMC/CoinGecko/TradingView market-cap BTC dominance.
1770422400000,2026-02-07 00:00:00,2026-02-07 09:00:00,5127.1,5149.8,5016.9,5045.7,51.271,51.498,50.169,50.457,50.4570%,1805.014,Binance BTCDOM index raw value divided by 100 for percent-style display; not CMC/CoinGecko/TradingView market-cap BTC dominance.
1770508800000,2026-02-08 00:00:00,2026-02-08 09:00:00,5045.6,5188.4,5032.0,5138.5,50.456,51.884,50.32,51.385,51.3850%,547.388,Binance BTCDOM index raw value divided by 100 for percent-style display; not CMC/CoinGecko/TradingView market-cap BTC dominance.
1770595200000,2026-02-09 00:00:00,2026-02-09 09:00:00,5138.6,5215.0,5085.5,5111.5,51.386,52.15,50.855,51.115,51.1150%,962.857,Binance BTCDOM index raw value divided by 100 for percent-style display; not CMC/CoinGecko/TradingView market-cap BTC dominance.
1770681600000,2026-02-10 00:00:00,2026-02-10 09:00:00,5111.5,5220.0,5097.7,5181.9,51.115,52.2,50.977,51.819,51.8190%,678.52,Binance BTCDOM index raw value divided by 100 for percent-style display; not CMC/CoinGecko/TradingView market-cap BTC dominance.
1770768000000,2026-02-11 00:00:00,2026-02-11 09:00:00,5182.0,5229.6,5148.6,5207.0,51.82,52.296,51.486,52.07,52.0700%,786.776,Binance BTCDOM index raw value divided by 100 for percent-style display; not CMC/CoinGecko/TradingView market-cap BTC dominance.
1770854400000,2026-02-12 00:00:00,2026-02-12 09:00:00,5207.9,5209.5,5112.1,5121.7,52.079,52.095,51.121,51.217,51.2170%,578.463,Binance BTCDOM index raw value divided by 100 for percent-style display; not CMC/CoinGecko/TradingView market-cap BTC dominance.
1770940800000,2026-02-13 00:00:00,2026-02-13 09:00:00,5121.8,5187.2,5092.0,5109.6,51.218,51.872,50.92,51.096,51.0960%,668.639,Binance BTCDOM index raw value divided by 100 for percent-style display; not CMC/CoinGecko/TradingView market-cap BTC dominance.
1771027200000,2026-02-14 00:00:00,2026-02-14 09:00:00,5109.6,5112.9,5000.7,5002.8,51.096,51.129,50.007,50.028,50.0280%,856.773,Binance BTCDOM index raw value divided by 100 for percent-style display; not CMC/CoinGecko/TradingView market-cap BTC dominance.
1771113600000,2026-02-15 00:00:00,2026-02-15 09:00:00,5003.3,5169.6,4974.0,5138.2,50.033,51.696,49.74,51.382,51.3820%,1791.093,Binance BTCDOM index raw value divided by 100 for percent-style display; not CMC/CoinGecko/TradingView market-cap BTC dominance.
1771200000000,2026-02-16 00:00:00,2026-02-16 09:00:00,5137.4,5152.5,5056.7,5074.5,51.374,51.525,50.567,50.745,50.7450%,597.548,Binance BTCDOM index raw value divided by 100 for percent-style display; not CMC/CoinGecko/TradingView market-cap BTC dominance.
1771286400000,2026-02-17 00:00:00,2026-02-17 09:00:00,5074.5,5095.6,5006.8,5017.8,50.745,50.956,50.068,50.178,50.1780%,376.836,Binance BTCDOM index raw value divided by 100 for percent-style display; not CMC/CoinGecko/TradingView market-cap BTC dominance.
1771372800000,2026-02-18 00:00:00,2026-02-18 09:00:00,5017.8,5076.1,5005.1,5060.4,50.178,50.761,50.051,50.604,50.6040%,391.923,Binance BTCDOM index raw value divided by 100 for percent-style display; not CMC/CoinGecko/TradingView market-cap BTC dominance.
1771459200000,2026-02-19 00:00:00,2026-02-19 09:00:00,5060.4,5135.0,5052.4,5103.6,50.604,51.35,50.524,51.036,51.0360%,532.656,Binance BTCDOM index raw value divided by 100 for percent-style display; not CMC/CoinGecko/TradingView market-cap BTC dominance.
1771545600000,2026-02-20 00:00:00,2026-02-20 09:00:00,5103.6,5148.4,5067.3,5097.2,51.036,51.484,50.673,50.972,50.9720%,617.487,Binance BTCDOM index raw value divided by 100 for percent-style display; not CMC/CoinGecko/TradingView market-cap BTC dominance.
1771632000000,2026-02-21 00:00:00,2026-02-21 09:00:00,5097.9,5104.9,5064.5,5092.0,50.979,51.049,50.645,50.92,50.9200%,325.343,Binance BTCDOM index raw value divided by 100 for percent-style display; not CMC/CoinGecko/TradingView market-cap BTC dominance.
1771718400000,2026-02-22 00:00:00,2026-02-22 09:00:00,5091.7,5163.6,5089.1,5142.6,50.917,51.636,50.891,51.426,51.4260%,376.817,Binance BTCDOM index raw value divided by 100 for percent-style display; not CMC/CoinGecko/TradingView market-cap BTC dominance.
1771804800000,2026-02-23 00:00:00,2026-02-23 09:00:00,5143.2,5183.1,5087.0,5147.4,51.432,51.831,50.87,51.474,51.4740%,944.661,Binance BTCDOM index raw value divided by 100 for percent-style display; not CMC/CoinGecko/TradingView market-cap BTC dominance.
1771891200000,2026-02-24 00:00:00,2026-02-24 09:00:00,5147.2,5151.5,5086.9,5123.1,51.472,51.515,50.869,51.231,51.2310%,727.669,Binance BTCDOM index raw value divided by 100 for percent-style display; not CMC/CoinGecko/TradingView market-cap BTC dominance.
1771977600000,2026-02-25 00:00:00,2026-02-25 09:00:00,5122.8,5133.8,4927.8,4983.0,51.228,51.338,49.278,49.83,49.8300%,1850.53,Binance BTCDOM index raw value divided by 100 for percent-style display; not CMC/CoinGecko/TradingView market-cap BTC dominance.
1772064000000,2026-02-26 00:00:00,2026-02-26 09:00:00,4983.0,5064.2,4969.0,5025.1,49.83,50.642,49.69,50.251,50.2510%,1032.637,Binance BTCDOM index raw value divided by 100 for percent-style display; not CMC/CoinGecko/TradingView market-cap BTC dominance.
1772150400000,2026-02-27 00:00:00,2026-02-27 09:00:00,5025.0,5120.0,4984.1,5096.8,50.25,51.2,49.841,50.968,50.9680%,951.309,Binance BTCDOM index raw value divided by 100 for percent-style display; not CMC/CoinGecko/TradingView market-cap BTC dominance.
1772236800000,2026-02-28 00:00:00,2026-02-28 09:00:00,5096.9,5155.1,5083.6,5106.6,50.969,51.551,50.836,51.066,51.0660%,1197.348,Binance BTCDOM index raw value divided by 100 for percent-style display; not CMC/CoinGecko/TradingView market-cap BTC dominance.
1772323200000,2026-03-01 00:00:00,2026-03-01 09:00:00,5106.2,5115.1,4997.1,5082.4,51.062,51.151,49.971,50.824,50.8240%,1121.566,Binance BTCDOM index raw value divided by 100 for percent-style display; not CMC/CoinGecko/TradingView market-cap BTC dominance.
1772409600000,2026-03-02 00:00:00,2026-03-02 09:00:00,5082.4,5164.1,5060.0,5142.7,50.824,51.641,50.6,51.427,51.4270%,1131.794,Binance BTCDOM index raw value divided by 100 for percent-style display; not CMC/CoinGecko/TradingView market-cap BTC dominance.
1772496000000,2026-03-03 00:00:00,2026-03-03 09:00:00,5142.8,5219.9,5132.5,5188.5,51.428,52.199,51.325,51.885,51.8850%,1071.265,Binance BTCDOM index raw value divided by 100 for percent-style display; not CMC/CoinGecko/TradingView market-cap BTC dominance.
1772582400000,2026-03-04 00:00:00,2026-03-04 09:00:00,5188.4,5262.2,5170.4,5217.0,51.884,52.622,51.704,52.17,52.1700%,1271.624,Binance BTCDOM index raw value divided by 100 for percent-style display; not CMC/CoinGecko/TradingView market-cap BTC dominance.
1772668800000,2026-03-05 00:00:00,2026-03-05 09:00:00,5216.1,5252.4,5187.7,5199.4,52.161,52.524,51.877,51.994,51.9940%,450.687,Binance BTCDOM index raw value divided by 100 for percent-style display; not CMC/CoinGecko/TradingView market-cap BTC dominance.
1772755200000,2026-03-06 00:00:00,2026-03-06 09:00:00,5199.3,5242.5,5180.0,5198.4,51.993,52.425,51.8,51.984,51.9840%,491.678,Binance BTCDOM index raw value divided by 100 for percent-style display; not CMC/CoinGecko/TradingView market-cap BTC dominance.
1772841600000,2026-03-07 00:00:00,2026-03-07 09:00:00,5197.5,5211.8,5170.6,5172.0,51.975,52.118,51.706,51.72,51.7200%,562.216,Binance BTCDOM index raw value divided by 100 for percent-style display; not CMC/CoinGecko/TradingView market-cap BTC dominance.
1772928000000,2026-03-08 00:00:00,2026-03-08 09:00:00,5172.4,5229.5,5139.6,5143.9,51.724,52.295,51.396,51.439,51.4390%,517.051,Binance BTCDOM index raw value divided by 100 for percent-style display; not CMC/CoinGecko/TradingView market-cap BTC dominance.
1773014400000,2026-03-09 00:00:00,2026-03-09 09:00:00,5143.9,5210.0,5125.2,5192.6,51.439,52.1,51.252,51.926,51.9260%,524.748,Binance BTCDOM index raw value divided by 100 for percent-style display; not CMC/CoinGecko/TradingView market-cap BTC dominance.
1773100800000,2026-03-10 00:00:00,2026-03-10 09:00:00,5192.7,5239.0,5187.2,5213.2,51.927,52.39,51.872,52.132,52.1320%,619.761,Binance BTCDOM index raw value divided by 100 for percent-style display; not CMC/CoinGecko/TradingView market-cap BTC dominance.
1773187200000,2026-03-11 00:00:00,2026-03-11 09:00:00,5213.2,5241.8,5174.5,5194.1,52.132,52.418,51.745,51.941,51.9410%,464.785,Binance BTCDOM index raw value divided by 100 for percent-style display; not CMC/CoinGecko/TradingView market-cap BTC dominance.
1773273600000,2026-03-12 00:00:00,2026-03-12 09:00:00,5194.2,5207.6,5158.3,5186.9,51.942,52.076,51.583,51.869,51.8690%,387.275,Binance BTCDOM index raw value divided by 100 for percent-style display; not CMC/CoinGecko/TradingView market-cap BTC dominance.
1773360000000,2026-03-13 00:00:00,2026-03-13 09:00:00,5186.9,5196.6,5130.0,5172.5,51.869,51.966,51.3,51.725,51.7250%,540.469,Binance BTCDOM index raw value divided by 100 for percent-style display; not CMC/CoinGecko/TradingView market-cap BTC dominance.
1773446400000,2026-03-14 00:00:00,2026-03-14 09:00:00,5172.6,5238.0,5157.4,5179.7,51.726,52.38,51.574,51.797,51.7970%,301.17,Binance BTCDOM index raw value divided by 100 for percent-style display; not CMC/CoinGecko/TradingView market-cap BTC dominance.
1773532800000,2026-03-15 00:00:00,2026-03-15 09:00:00,5179.8,5195.8,5098.4,5122.4,51.798,51.958,50.984,51.224,51.2240%,590.195,Binance BTCDOM index raw value divided by 100 for percent-style display; not CMC/CoinGecko/TradingView market-cap BTC dominance.
1773619200000,2026-03-16 00:00:00,2026-03-16 09:00:00,5123.3,5130.0,4957.7,4999.5,51.233,51.3,49.577,49.995,49.9950%,1267.355,Binance BTCDOM index raw value divided by 100 for percent-style display; not CMC/CoinGecko/TradingView market-cap BTC dominance.
1773705600000,2026-03-17 00:00:00,2026-03-17 09:00:00,4999.0,5039.9,4989.7,5004.3,49.99,50.399,49.897,50.043,50.0430%,670.938,Binance BTCDOM index raw value divided by 100 for percent-style display; not CMC/CoinGecko/TradingView market-cap BTC dominance.
1773792000000,2026-03-18 00:00:00,2026-03-18 09:00:00,5004.7,5094.4,4993.5,5027.0,50.047,50.944,49.935,50.27,50.2700%,806.191,Binance BTCDOM index raw value divided by 100 for percent-style display; not CMC/CoinGecko/TradingView market-cap BTC dominance.
1773878400000,2026-03-19 00:00:00,2026-03-19 09:00:00,5026.7,5074.9,4993.9,5042.6,50.267,50.749,49.939,50.426,50.4260%,427.457,Binance BTCDOM index raw value divided by 100 for percent-style display; not CMC/CoinGecko/TradingView market-cap BTC dominance.
1773964800000,2026-03-20 00:00:00,2026-03-20 09:00:00,5042.1,5085.0,5031.0,5053.8,50.421,50.85,50.31,50.538,50.5380%,678.039,Binance BTCDOM index raw value divided by 100 for percent-style display; not CMC/CoinGecko/TradingView market-cap BTC dominance.
1774051200000,2026-03-21 00:00:00,2026-03-21 09:00:00,5053.8,5082.4,5039.2,5073.2,50.538,50.824,50.392,50.732,50.7320%,228.302,Binance BTCDOM index raw value divided by 100 for percent-style display; not CMC/CoinGecko/TradingView market-cap BTC dominance.
1774137600000,2026-03-22 00:00:00,2026-03-22 09:00:00,5073.8,5095.4,5042.2,5061.9,50.738,50.954,50.422,50.619,50.6190%,402.031,Binance BTCDOM index raw value divided by 100 for percent-style display; not CMC/CoinGecko/TradingView market-cap BTC dominance.
1774224000000,2026-03-23 00:00:00,2026-03-23 09:00:00,5060.3,5133.5,5041.5,5081.1,50.603,51.335,50.415,50.811,50.8110%,1412.737,Binance BTCDOM index raw value divided by 100 for percent-style display; not CMC/CoinGecko/TradingView market-cap BTC dominance.
1774310400000,2026-03-24 00:00:00,2026-03-24 09:00:00,5081.1,5107.8,5042.5,5056.2,50.811,51.078,50.425,50.562,50.5620%,506.732,Binance BTCDOM index raw value divided by 100 for percent-style display; not CMC/CoinGecko/TradingView market-cap BTC dominance.
1774396800000,2026-03-25 00:00:00,2026-03-25 09:00:00,5056.3,5150.0,5043.0,5073.1,50.563,51.5,50.43,50.731,50.7310%,1345.475,Binance BTCDOM index raw value divided by 100 for percent-style display; not CMC/CoinGecko/TradingView market-cap BTC dominance.
1774483200000,2026-03-26 00:00:00,2026-03-26 09:00:00,5073.2,5148.6,5059.8,5114.0,50.732,51.486,50.598,51.14,51.1400%,671.359,Binance BTCDOM index raw value divided by 100 for percent-style display; not CMC/CoinGecko/TradingView market-cap BTC dominance.
1774569600000,2026-03-27 00:00:00,2026-03-27 09:00:00,5114.0,5198.0,5050.6,5086.5,51.14,51.98,50.506,50.865,50.8650%,981.623,Binance BTCDOM index raw value divided by 100 for percent-style display; not CMC/CoinGecko/TradingView market-cap BTC dominance.
1774656000000,2026-03-28 00:00:00,2026-03-28 09:00:00,5086.5,5093.6,5046.1,5084.2,50.865,50.936,50.461,50.842,50.8420%,353.467,Binance BTCDOM index raw value divided by 100 for percent-style display; not CMC/CoinGecko/TradingView market-cap BTC dominance.
1774742400000,2026-03-29 00:00:00,2026-03-29 09:00:00,5084.3,5118.5,5075.7,5084.3,50.843,51.185,50.757,50.843,50.8430%,373.023,Binance BTCDOM index raw value divided by 100 for percent-style display; not CMC/CoinGecko/TradingView market-cap BTC dominance.
1774828800000,2026-03-30 00:00:00,2026-03-30 09:00:00,5084.3,5084.6,5045.0,5084.5,50.843,50.846,50.45,50.845,50.8450%,443.098,Binance BTCDOM index raw value divided by 100 for percent-style display; not CMC/CoinGecko/TradingView market-cap BTC dominance.
1774915200000,2026-03-31 00:00:00,2026-03-31 09:00:00,5084.6,5098.0,5050.8,5080.1,50.846,50.98,50.508,50.801,50.8010%,529.096,Binance BTCDOM index raw value divided by 100 for percent-style display; not CMC/CoinGecko/TradingView market-cap BTC dominance.
1775001600000,2026-04-01 00:00:00,2026-04-01 09:00:00,5080.1,5080.1,5016.0,5042.9,50.801,50.801,50.16,50.429,50.4290%,775.052,Binance BTCDOM index raw value divided by 100 for percent-style display; not CMC/CoinGecko/TradingView market-cap BTC dominance.
1775088000000,2026-04-02 00:00:00,2026-04-02 09:00:00,5042.4,5158.5,5032.5,5119.4,50.424,51.585,50.325,51.194,51.1940%,886.45,Binance BTCDOM index raw value divided by 100 for percent-style display; not CMC/CoinGecko/TradingView market-cap BTC dominance.
1775174400000,2026-04-03 00:00:00,2026-04-03 09:00:00,5119.1,5126.6,5080.5,5111.6,51.191,51.266,50.805,51.116,51.1160%,440.045,Binance BTCDOM index raw value divided by 100 for percent-style display; not CMC/CoinGecko/TradingView market-cap BTC dominance.
1775260800000,2026-04-04 00:00:00,2026-04-04 09:00:00,5111.7,5138.1,5096.4,5111.5,51.117,51.381,50.964,51.115,51.1150%,215.405,Binance BTCDOM index raw value divided by 100 for percent-style display; not CMC/CoinGecko/TradingView market-cap BTC dominance.
1775347200000,2026-04-05 00:00:00,2026-04-05 09:00:00,5111.1,5176.5,5108.6,5166.6,51.111,51.765,51.086,51.666,51.6660%,343.126,Binance BTCDOM index raw value divided by 100 for percent-style display; not CMC/CoinGecko/TradingView market-cap BTC dominance.
1775433600000,2026-04-06 00:00:00,2026-04-06 09:00:00,5166.7,5190.0,5111.5,5185.5,51.667,51.9,51.115,51.855,51.8550%,645.597,Binance BTCDOM index raw value divided by 100 for percent-style display; not CMC/CoinGecko/TradingView market-cap BTC dominance.
1775520000000,2026-04-07 00:00:00,2026-04-07 09:00:00,5185.4,5229.4,5111.0,5142.1,51.854,52.294,51.11,51.421,51.4210%,1426.838,Binance BTCDOM index raw value divided by 100 for percent-style display; not CMC/CoinGecko/TradingView market-cap BTC dominance.
1775606400000,2026-04-08 00:00:00,2026-04-08 09:00:00,5142.0,5220.0,5067.3,5215.2,51.42,52.2,50.673,52.152,52.1520%,1253.072,Binance BTCDOM index raw value divided by 100 for percent-style display; not CMC/CoinGecko/TradingView market-cap BTC dominance.
1775692800000,2026-04-09 00:00:00,2026-04-09 09:00:00,5214.8,5250.5,5206.3,5244.7,52.148,52.505,52.063,52.447,52.4470%,931.968,Binance BTCDOM index raw value divided by 100 for percent-style display; not CMC/CoinGecko/TradingView market-cap BTC dominance.
1775779200000,2026-04-10 00:00:00,2026-04-10 09:00:00,5244.7,5271.6,5233.3,5251.8,52.447,52.716,52.333,52.518,52.5180%,805.019,Binance BTCDOM index raw value divided by 100 for percent-style display; not CMC/CoinGecko/TradingView market-cap BTC dominance.
1775865600000,2026-04-11 00:00:00,2026-04-11 09:00:00,5251.8,5276.8,5191.2,5223.8,52.518,52.768,51.912,52.238,52.2380%,958.877,Binance BTCDOM index raw value divided by 100 for percent-style display; not CMC/CoinGecko/TradingView market-cap BTC dominance.
1775952000000,2026-04-12 00:00:00,2026-04-12 09:00:00,5224.1,5263.5,5216.7,5230.2,52.241,52.635,52.167,52.302,52.3020%,645.987,Binance BTCDOM index raw value divided by 100 for percent-style display; not CMC/CoinGecko/TradingView market-cap BTC dominance.
1776038400000,2026-04-13 00:00:00,2026-04-13 09:00:00,5230.2,5293.7,5194.4,5202.6,52.302,52.937,51.944,52.026,52.0260%,1066.67,Binance BTCDOM index raw value divided by 100 for percent-style display; not CMC/CoinGecko/TradingView market-cap BTC dominance.
1776124800000,2026-04-14 00:00:00,2026-04-14 09:00:00,5200.8,5286.6,5195.5,5265.6,52.008,52.866,51.955,52.656,52.6560%,750.182,Binance BTCDOM index raw value divided by 100 for percent-style display; not CMC/CoinGecko/TradingView market-cap BTC dominance.
1776211200000,2026-04-15 00:00:00,2026-04-15 09:00:00,5265.0,5283.1,5190.0,5223.4,52.65,52.831,51.9,52.234,52.2340%,586.749,Binance BTCDOM index raw value divided by 100 for percent-style display; not CMC/CoinGecko/TradingView market-cap BTC dominance.
1776297600000,2026-04-16 00:00:00,2026-04-16 09:00:00,5224.0,5236.4,5160.5,5173.1,52.24,52.364,51.605,51.731,51.7310%,572.953,Binance BTCDOM index raw value divided by 100 for percent-style display; not CMC/CoinGecko/TradingView market-cap BTC dominance.
1776384000000,2026-04-17 00:00:00,2026-04-17 09:00:00,5173.0,5228.7,5167.1,5208.8,51.73,52.287,51.671,52.088,52.0880%,701.119,Binance BTCDOM index raw value divided by 100 for percent-style display; not CMC/CoinGecko/TradingView market-cap BTC dominance.
1776470400000,2026-04-18 00:00:00,2026-04-18 09:00:00,5208.3,5270.9,5206.0,5259.4,52.083,52.709,52.06,52.594,52.5940%,662.936,Binance BTCDOM index raw value divided by 100 for percent-style display; not CMC/CoinGecko/TradingView market-cap BTC dominance.
1776556800000,2026-04-19 00:00:00,2026-04-19 09:00:00,5259.1,5298.0,5255.6,5280.1,52.591,52.98,52.556,52.801,52.8010%,813.695,Binance BTCDOM index raw value divided by 100 for percent-style display; not CMC/CoinGecko/TradingView market-cap BTC dominance.
1776643200000,2026-04-20 00:00:00,2026-04-20 09:00:00,5279.3,5321.6,5260.4,5319.9,52.793,53.216,52.604,53.199,53.1990%,962.813,Binance BTCDOM index raw value divided by 100 for percent-style display; not CMC/CoinGecko/TradingView market-cap BTC dominance.
1776729600000,2026-04-21 00:00:00,2026-04-21 09:00:00,5319.9,5332.3,5278.2,5312.4,53.199,53.323,52.782,53.124,53.1240%,900.151,Binance BTCDOM index raw value divided by 100 for percent-style display; not CMC/CoinGecko/TradingView market-cap BTC dominance.
1776816000000,2026-04-22 00:00:00,2026-04-22 09:00:00,5312.7,5393.4,5289.3,5392.5,53.127,53.934,52.893,53.925,53.9250%,1656.226,Binance BTCDOM index raw value divided by 100 for percent-style display; not CMC/CoinGecko/TradingView market-cap BTC dominance.
1776902400000,2026-04-23 00:00:00,2026-04-23 09:00:00,5392.5,5448.9,5326.0,5421.5,53.925,54.489,53.26,54.215,54.2150%,1118.632,Binance BTCDOM index raw value divided by 100 for percent-style display; not CMC/CoinGecko/TradingView market-cap BTC dominance.
1776988800000,2026-04-24 00:00:00,2026-04-24 09:00:00,5421.4,5445.4,5372.4,5391.1,54.214,54.454,53.724,53.911,53.9110%,706.814,Binance BTCDOM index raw value divided by 100 for percent-style display; not CMC/CoinGecko/TradingView market-cap BTC dominance.
1777075200000,2026-04-25 00:00:00,2026-04-25 09:00:00,5391.1,5421.3,5380.5,5410.6,53.911,54.213,53.805,54.106,54.1060%,484.272,Binance BTCDOM index raw value divided by 100 for percent-style display; not CMC/CoinGecko/TradingView market-cap BTC dominance.
1777161600000,2026-04-26 00:00:00,2026-04-26 09:00:00,5410.6,5434.7,5377.9,5414.6,54.106,54.347,53.779,54.146,54.1460%,519.86,Binance BTCDOM index raw value divided by 100 for percent-style display; not CMC/CoinGecko/TradingView market-cap BTC dominance.
1777248000000,2026-04-27 00:00:00,2026-04-27 09:00:00,5415.0,5467.0,5395.0,5432.9,54.15,54.67,53.95,54.329,54.3290%,695.536,Binance BTCDOM index raw value divided by 100 for percent-style display; not CMC/CoinGecko/TradingView market-cap BTC dominance.
1777334400000,2026-04-28 00:00:00,2026-04-28 09:00:00,5433.3,5453.5,5382.7,5407.4,54.333,54.535,53.827,54.074,54.0740%,582.456,Binance BTCDOM index raw value divided by 100 for percent-style display; not CMC/CoinGecko/TradingView market-cap BTC dominance.
1777420800000,2026-04-29 00:00:00,2026-04-29 09:00:00,5406.9,5472.2,5397.5,5433.9,54.069,54.722,53.975,54.339,54.3390%,1163.002,Binance BTCDOM index raw value divided by 100 for percent-style display; not CMC/CoinGecko/TradingView market-cap BTC dominance.
1777507200000,2026-04-30 00:00:00,2026-04-30 09:00:00,5434.9,5473.4,5410.7,5464.6,54.349,54.734,54.107,54.646,54.6460%,800.212,Binance BTCDOM index raw value divided by 100 for percent-style display; not CMC/CoinGecko/TradingView market-cap BTC dominance.
1777593600000,2026-05-01 00:00:00,2026-05-01 09:00:00,5464.6,5532.5,5450.5,5529.6,54.646,55.325,54.505,55.296,55.2960%,1444.099,Binance BTCDOM index raw value divided by 100 for percent-style display; not CMC/CoinGecko/TradingView market-cap BTC dominance.
1777680000000,2026-05-02 00:00:00,2026-05-02 09:00:00,5529.5,5540.3,5499.3,5518.8,55.295,55.403,54.993,55.188,55.1880%,769.187,Binance BTCDOM index raw value divided by 100 for percent-style display; not CMC/CoinGecko/TradingView market-cap BTC dominance.
1777766400000,2026-05-03 00:00:00,2026-05-03 09:00:00,5518.8,5536.6,5487.9,5509.9,55.188,55.366,54.879,55.099,55.0990%,625.097,Binance BTCDOM index raw value divided by 100 for percent-style display; not CMC/CoinGecko/TradingView market-cap BTC dominance.
1777852800000,2026-05-04 00:00:00,2026-05-04 09:00:00,5509.8,5568.6,5482.3,5556.9,55.098,55.686,54.823,55.569,55.5690%,1066.288,Binance BTCDOM index raw value divided by 100 for percent-style display; not CMC/CoinGecko/TradingView market-cap BTC dominance.
1777939200000,2026-05-05 00:00:00,2026-05-05 09:00:00,5557.4,5594.4,5500.9,5539.7,55.574,55.944,55.009,55.397,55.3970%,1235.069,Binance BTCDOM index raw value divided by 100 for percent-style display; not CMC/CoinGecko/TradingView market-cap BTC dominance.
1778025600000,2026-05-06 00:00:00,2026-05-06 09:00:00,5539.6,5559.2,5489.2,5541.9,55.396,55.592,54.892,55.419,55.4190%,596.374,Binance BTCDOM index raw value divided by 100 for percent-style display; not CMC/CoinGecko/TradingView market-cap BTC dominance.
1778112000000,2026-05-07 00:00:00,2026-05-07 09:00:00,5542.1,5577.0,5516.9,5554.0,55.421,55.77,55.169,55.54,55.5400%,545.686,Binance BTCDOM index raw value divided by 100 for percent-style display; not CMC/CoinGecko/TradingView market-cap BTC dominance.
1778198400000,2026-05-08 00:00:00,2026-05-08 09:00:00,5554.0,5562.4,5452.8,5474.4,55.54,55.624,54.528,54.744,54.7440%,573.912,Binance BTCDOM index raw value divided by 100 for percent-style display; not CMC/CoinGecko/TradingView market-cap BTC dominance.
1778284800000,2026-05-09 00:00:00,2026-05-09 09:00:00,5474.4,5500.0,5438.1,5482.4,54.744,55.0,54.381,54.824,54.8240%,580.614,Binance BTCDOM index raw value divided by 100 for percent-style display; not CMC/CoinGecko/TradingView market-cap BTC dominance.
1778371200000,2026-05-10 00:00:00,2026-05-10 09:00:00,5482.5,5503.6,5390.0,5453.0,54.825,55.036,53.9,54.53,54.5300%,475.351,Binance BTCDOM index raw value divided by 100 for percent-style display; not CMC/CoinGecko/TradingView market-cap BTC dominance.
1778457600000,2026-05-11 00:00:00,2026-05-11 09:00:00,5452.6,5478.0,5433.2,5450.4,54.526,54.78,54.332,54.504,54.5040%,330.282,Binance BTCDOM index raw value divided by 100 for percent-style display; not CMC/CoinGecko/TradingView market-cap BTC dominance.
1778544000000,2026-05-12 00:00:00,2026-05-12 09:00:00,5450.4,5541.2,5438.0,5497.4,54.504,55.412,54.38,54.974,54.9740%,631.145,Binance BTCDOM index raw value divided by 100 for percent-style display; not CMC/CoinGecko/TradingView market-cap BTC dominance.
1778630400000,2026-05-13 00:00:00,2026-05-13 09:00:00,5497.4,5525.2,5433.7,5459.6,54.974,55.252,54.337,54.596,54.5960%,699.15,Binance BTCDOM index raw value divided by 100 for percent-style display; not CMC/CoinGecko/TradingView market-cap BTC dominance.
1778716800000,2026-05-14 00:00:00,2026-05-14 09:00:00,5460.3,5495.7,5438.2,5486.4,54.603,54.957,54.382,54.864,54.8640%,358.888,Binance BTCDOM index raw value divided by 100 for percent-style display; not CMC/CoinGecko/TradingView market-cap BTC dominance.
1778803200000,2026-05-15 00:00:00,2026-05-15 09:00:00,5486.2,5535.1,5476.6,5489.1,54.862,55.351,54.766,54.891,54.8910%,529.246,Binance BTCDOM index raw value divided by 100 for percent-style display; not CMC/CoinGecko/TradingView market-cap BTC dominance.
1778889600000,2026-05-16 00:00:00,2026-05-16 09:00:00,5489.9,5572.6,5483.4,5538.2,54.899,55.726,54.834,55.382,55.3820%,670.426,Binance BTCDOM index raw value divided by 100 for percent-style display; not CMC/CoinGecko/TradingView market-cap BTC dominance.
1778976000000,2026-05-17 00:00:00,2026-05-17 09:00:00,5538.7,5595.0,5517.0,5571.0,55.387,55.95,55.17,55.71,55.7100%,648.627,Binance BTCDOM index raw value divided by 100 for percent-style display; not CMC/CoinGecko/TradingView market-cap BTC dominance.
1779062400000,2026-05-18 00:00:00,2026-05-18 09:00:00,5570.6,5619.3,5545.7,5559.1,55.706,56.193,55.457,55.591,55.5910%,1242.755,Binance BTCDOM index raw value divided by 100 for percent-style display; not CMC/CoinGecko/TradingView market-cap BTC dominance.
1779148800000,2026-05-19 00:00:00,2026-05-19 09:00:00,5559.1,5620.0,5547.0,5609.7,55.591,56.2,55.47,56.097,56.0970%,807.119,Binance BTCDOM index raw value divided by 100 for percent-style display; not CMC/CoinGecko/TradingView market-cap BTC dominance.
1779235200000,2026-05-20 00:00:00,2026-05-20 09:00:00,5609.0,5622.6,5565.4,5595.0,56.09,56.226,55.654,55.95,55.9500%,567.133,Binance BTCDOM index raw value divided by 100 for percent-style display; not CMC/CoinGecko/TradingView market-cap BTC dominance.
1779321600000,2026-05-21 00:00:00,2026-05-21 09:00:00,5595.1,5596.5,5533.7,5550.9,55.951,55.965,55.337,55.509,55.5090%,363.654,Binance BTCDOM index raw value divided by 100 for percent-style display; not CMC/CoinGecko/TradingView market-cap BTC dominance.
1779408000000,2026-05-22 00:00:00,2026-05-22 09:00:00,5550.3,5584.0,5521.5,5567.7,55.503,55.84,55.215,55.677,55.6770%,411.215,Binance BTCDOM index raw value divided by 100 for percent-style display; not CMC/CoinGecko/TradingView market-cap BTC dominance.
1779494400000,2026-05-23 00:00:00,2026-05-23 09:00:00,5568.0,5622.6,5509.0,5544.4,55.68,56.226,55.09,55.444,55.4440%,859.517,Binance BTCDOM index raw value divided by 100 for percent-style display; not CMC/CoinGecko/TradingView market-cap BTC dominance.
1779580800000,2026-05-24 00:00:00,2026-05-24 09:00:00,5544.3,5610.2,5535.5,5603.4,55.443,56.102,55.355,56.034,56.0340%,354.456,Binance BTCDOM index raw value divided by 100 for percent-style display; not CMC/CoinGecko/TradingView market-cap BTC dominance.
1779667200000,2026-05-25 00:00:00,2026-05-25 09:00:00,5604.5,5629.6,5560.3,5589.6,56.045,56.296,55.603,55.896,55.8960%,462.885,Binance BTCDOM index raw value divided by 100 for percent-style display; not CMC/CoinGecko/TradingView market-cap BTC dominance.
1779753600000,2026-05-26 00:00:00,2026-05-26 09:00:00,5588.5,5608.5,5547.6,5577.2,55.885,56.085,55.476,55.772,55.7720%,307.199,Binance BTCDOM index raw value divided by 100 for percent-style display; not CMC/CoinGecko/TradingView market-cap BTC dominance.
1779840000000,2026-05-27 00:00:00,2026-05-27 09:00:00,5577.2,5596.1,5558.4,5561.0,55.772,55.961,55.584,55.61,55.6100%,133.294,Binance BTCDOM index raw value divided by 100 for percent-style display; not CMC/CoinGecko/TradingView market-cap BTC dominance.
