timestamp,open,high,low,close,volume,close_time,quote_asset_volume,number_of_trades,taker_buy_base_asset_volume,taker_buy_quote_asset_volume,ignore,datetime
1640995200000,1052.2,1062.7,1047.2,1053.0,4093.925,1641081599999,4317458.9217,36306,2015.241,2124819.3158,0,2022-01-01
1641081600000,1053.1,1053.8,1028.3,1030.8,4609.043,1641167999999,4793803.7884,35129,1823.819,1897576.0425,0,2022-01-02
1641168000000,1030.8,1037.6,1025.0,1033.0,5027.469,1641254399999,5186354.7360,26079,2607.572,2688697.3266,0,2022-01-03
1641254400000,1032.8,1038.0,1017.2,1020.5,5703.470,1641340799999,5853521.9765,24547,2642.688,2717350.2355,0,2022-01-04
1641340800000,1020.6,1051.0,1017.0,1032.3,9665.176,1641427199999,9939269.0734,40142,5537.494,5692842.3520,0,2022-01-05
1641427200000,1032.3,1066.4,1032.0,1043.4,22372.478,1641513599999,23475395.5575,84900,10576.421,11105013.4703,0,2022-01-06
1641513600000,1043.5,1082.3,1042.0,1067.1,15112.667,1641599999999,16151407.5644,61467,7502.033,8018433.0353,0,2022-01-07
1641600000000,1067.2,1108.2,1059.3,1101.3,16013.581,1641686399999,17428610.3050,57421,8206.143,8939975.3742,0,2022-01-08
1641686400000,1101.4,1103.5,1080.2,1087.1,8664.165,1641772799999,9465976.9803,37517,3717.213,4061868.1702,0,2022-01-09
1641772800000,1086.8,1125.8,1079.2,1115.4,14901.822,1641859199999,16491768.6869,46470,7460.546,8260543.2923,0,2022-01-10
1641859200000,1115.4,1119.5,1077.2,1081.5,10122.277,1641945599999,11096841.9253,35589,4525.837,4962470.9772,0,2022-01-11
1641945600000,1081.5,1084.2,1054.2,1059.9,8551.383,1642031999999,9132215.9074,30799,3661.879,3911137.0100,0,2022-01-12
1642032000000,1059.8,1068.3,1055.5,1066.5,6696.624,1642118399999,7115302.2310,33054,3102.361,3297414.0848,0,2022-01-13
1642118400000,1066.3,1068.5,1045.7,1052.7,6060.234,1642204799999,6407045.1452,31554,2862.439,3027750.7219,0,2022-01-14
1642204800000,1052.7,1054.9,1044.0,1047.7,3164.130,1642291199999,3321801.7546,18861,1214.771,1275640.0926,0,2022-01-15
1642291200000,1047.7,1051.4,1036.2,1038.7,3902.870,1642377599999,4069272.8333,23570,1484.290,1547890.3264,0,2022-01-16
1642377600000,1038.7,1060.4,1037.5,1052.5,7090.728,1642463999999,7458079.9008,40445,3647.731,3837221.8786,0,2022-01-17
1642464000000,1052.5,1077.6,1046.8,1075.5,9247.309,1642550399999,9847334.4880,43009,4534.834,4831251.2948,0,2022-01-18
1642550400000,1075.6,1090.5,1070.6,1090.4,8686.973,1642636799999,9413269.6924,32874,4616.740,5002285.3527,0,2022-01-19
1642636800000,1090.4,1107.4,1076.0,1105.1,7586.892,1642723199999,8243310.2688,27600,4135.899,4497174.9401,0,2022-01-20
1642723200000,1105.4,1156.9,1094.0,1141.4,27998.294,1642809599999,31278557.2853,73265,13653.256,15270405.0331,0,2022-01-21
1642809600000,1141.6,1234.6,1128.4,1185.3,54003.654,1642895999999,63852065.7505,127324,26716.007,31605284.7826,0,2022-01-22
1642896000000,1185.3,1189.9,1146.5,1165.9,15896.300,1642982399999,18610831.2067,59293,7489.810,8775318.9129,0,2022-01-23
1642982400000,1165.8,1253.0,1165.6,1231.0,34039.308,1643068799999,41602609.3838,98587,17913.383,21886238.9655,0,2022-01-24
1643068800000,1231.0,1246.6,1215.9,1228.0,11875.984,1643155199999,14650906.5572,43679,5473.092,6753841.4541,0,2022-01-25
1643155200000,1228.0,1241.4,1180.2,1225.4,14290.466,1643241599999,17360117.2379,49058,6521.735,7922119.0666,0,2022-01-26
1643241600000,1224.8,1251.6,1210.2,1246.5,10063.946,1643327999999,12394251.2338,41419,5171.745,6375665.2895,0,2022-01-27
1643328000000,1246.4,1255.9,1226.0,1228.5,9535.053,1643414399999,11837305.0057,41589,4734.636,5881730.4177,0,2022-01-28
1643414400000,1228.7,1229.8,1209.0,1218.6,6843.443,1643500799999,8338747.3051,28266,3221.881,3927727.0575,0,2022-01-29
1643500800000,1218.1,1235.5,1207.3,1225.0,4527.788,1643587199999,5523575.8404,24810,2244.115,2739402.8042,0,2022-01-30
1643587200000,1224.6,1240.3,1205.3,1211.0,7169.130,1643673599999,8767036.6757,31795,3397.417,4157920.4532,0,2022-01-31
1643673600000,1211.1,1211.3,1180.0,1181.7,6830.506,1643759999999,8128827.9637,30378,2723.907,3241693.3721,0,2022-02-01
1643760000000,1181.8,1189.4,1170.6,1178.3,7278.370,1643846399999,8592193.3600,31572,3269.532,3861946.2650,0,2022-02-02
1643846400000,1177.9,1197.7,1168.5,1179.8,10147.346,1643932799999,12047873.0310,38887,5091.454,6047877.1686,0,2022-02-03
1643932800000,1179.5,1201.3,1151.6,1196.7,11483.100,1644019199999,13451650.3752,39492,5501.256,6452675.1749,0,2022-02-04
1644019200000,1196.6,1201.3,1167.7,1179.7,6755.071,1644105599999,7982595.6950,28147,3122.718,3692087.8411,0,2022-02-05
1644105600000,1179.8,1194.6,1173.7,1185.2,3473.356,1644191999999,4117416.1979,22965,1600.795,1898772.4716,0,2022-02-06
1644192000000,1185.3,1189.9,1170.1,1176.5,7688.288,1644278399999,9056052.5432,26107,3440.175,4054384.6437,0,2022-02-07
1644278400000,1176.6,1209.1,1171.0,1200.7,7595.740,1644364799999,9057211.7532,35104,3912.721,4668169.6010,0,2022-02-08
1644364800000,1200.4,1205.0,1171.0,1173.9,8036.185,1644451199999,9482695.7456,33870,3088.782,3646585.4478,0,2022-02-09
1644451200000,1173.9,1215.5,1171.1,1207.4,9238.584,1644537599999,11026482.2070,40363,4993.957,5961169.6996,0,2022-02-10
1644537600000,1207.5,1254.5,1197.6,1246.6,9566.503,1644623999999,11733372.3829,38336,5275.264,6480107.4093,0,2022-02-11
1644624000000,1246.7,1260.0,1230.0,1239.8,17695.700,1644710399999,22061831.3778,58788,8720.885,10875035.5336,0,2022-02-12
1644710400000,1239.8,1265.0,1234.8,1253.1,10374.626,1644796799999,12969121.7519,39940,5195.972,6497603.8872,0,2022-02-13
1644796800000,1253.2,1268.7,1243.1,1249.6,14815.932,1644883199999,18634242.6545,52363,7489.190,9421665.1638,0,2022-02-14
1644883200000,1249.8,1253.5,1212.8,1212.8,9720.284,1644969599999,11971603.0396,38275,4399.023,5419866.6337,0,2022-02-15
1644969600000,1212.8,1234.3,1209.3,1217.7,6815.402,1645055999999,8318310.7245,31060,3236.704,3951707.6408,0,2022-02-16
1645056000000,1217.8,1234.6,1211.7,1215.5,9364.465,1645142399999,11438468.2022,38057,4576.133,5592734.1431,0,2022-02-17
1645142400000,1214.8,1239.3,1198.4,1231.3,10597.926,1645228799999,12910460.7012,36848,5241.350,6386564.3690,0,2022-02-18
1645228800000,1231.4,1252.2,1218.6,1232.8,12361.791,1645315199999,15287425.6110,38936,6219.458,7696046.0484,0,2022-02-19
1645315200000,1232.7,1262.8,1225.0,1242.3,15031.541,1645401599999,18691394.9153,45418,7558.012,9402401.7173,0,2022-02-20
1645401600000,1242.3,1252.3,1215.1,1251.0,13733.238,1645487999999,16903895.2423,40582,6776.214,8345772.1603,0,2022-02-21
1645488000000,1250.7,1266.5,1241.1,1254.6,17433.780,1645574399999,21917753.7225,53781,8913.901,11209608.6362,0,2022-02-22
1645574400000,1254.5,1257.8,1226.0,1250.5,11423.095,1645660799999,14147308.6815,36074,5731.864,7099605.2575,0,2022-02-23
1645660800000,1250.5,1304.0,1241.3,1283.4,34681.137,1645747199999,44324101.4716,88425,18041.201,23067942.6959,0,2022-02-24
1645747200000,1283.5,1295.0,1230.7,1240.6,11061.271,1645833599999,14033332.0288,37424,4661.868,5923979.5751,0,2022-02-25
1645833600000,1240.6,1240.6,1223.4,1237.1,8342.700,1645919999999,10281385.6634,32407,3927.868,4842332.6112,0,2022-02-26
1645920000000,1237.0,1260.6,1227.2,1251.1,10019.088,1646006399999,12470841.3036,38578,4967.955,6187961.2962,0,2022-02-27
1646006400000,1251.2,1309.4,1248.2,1290.3,13433.298,1646092799999,17086864.4295,45452,7405.149,9435032.8093,0,2022-02-28
1646092800000,1290.2,1323.7,1282.0,1309.8,11358.235,1646179199999,14762056.2662,43684,5969.426,7762001.9850,0,2022-03-01
1646179200000,1309.9,1319.6,1283.5,1304.5,8101.787,1646265599999,10528479.2224,35347,4146.250,5388518.5825,0,2022-03-02
1646265600000,1304.5,1318.2,1298.2,1306.3,6538.957,1646351999999,8553852.5524,27280,3123.976,4086838.2133,0,2022-03-03
1646352000000,1306.3,1323.5,1292.6,1297.8,10440.405,1646438399999,13718119.7962,41449,5315.428,6985742.3320,0,2022-03-04
1646438400000,1298.4,1302.8,1274.5,1277.3,5612.008,1646524799999,7215311.2386,30274,2599.257,3341901.5046,0,2022-03-05
1646524800000,1277.1,1300.0,1273.0,1299.4,8520.622,1646611199999,10951080.6130,28887,4049.113,5205782.8099,0,2022-03-06
1646611200000,1299.5,1316.9,1286.5,1311.5,11372.955,1646697599999,14808710.3490,37163,5342.378,6958456.6269,0,2022-03-07
1646697600000,1311.5,1315.0,1299.2,1303.8,4475.254,1646783999999,5846199.0660,25617,2232.671,2916903.4332,0,2022-03-08
1646784000000,1303.9,1356.0,1297.2,1338.3,9520.952,1646870399999,12677264.6855,35351,5171.764,6878410.8413,0,2022-03-09
1646870400000,1338.3,1342.7,1310.8,1321.9,6805.659,1646956799999,8997695.4744,31236,3066.964,4056322.7711,0,2022-03-10
1646956800000,1321.7,1326.3,1303.0,1309.5,5515.001,1647043199999,7238510.0977,26786,2670.238,3504783.6839,0,2022-03-11
1647043200000,1309.5,1312.9,1301.0,1307.5,1897.788,1647129599999,2481068.5947,12351,897.924,1174055.2775,0,2022-03-12
1647129600000,1307.5,1314.4,1300.3,1303.2,3523.078,1647215999999,4609937.3262,15643,1980.958,2593048.1441,0,2022-03-13
1647216000000,1303.3,1337.7,1298.8,1330.0,4407.690,1647302399999,5808705.8967,20562,2293.247,3023450.6203,0,2022-03-14
1647302400000,1330.3,1330.8,1305.8,1310.6,3940.851,1647388799999,5203448.7552,19158,1820.577,2403005.0568,0,2022-03-15
1647388800000,1310.5,1337.3,1302.3,1303.2,8355.592,1647475199999,11008742.7363,32045,4215.984,5560112.1806,0,2022-03-16
1647475200000,1303.0,1308.0,1277.9,1287.0,4332.646,1647561599999,5603640.1800,18471,1769.832,2291042.7283,0,2022-03-17
1647561600000,1286.9,1294.3,1262.8,1271.9,4773.538,1647647999999,6097099.7827,19197,2129.417,2719673.2839,0,2022-03-18
1647648000000,1272.1,1272.8,1251.0,1265.7,6819.816,1647734399999,8595260.8033,24035,2953.705,3724906.1786,0,2022-03-19
1647734400000,1265.4,1280.7,1262.6,1273.3,4156.046,1647820799999,5286933.9336,22297,2120.637,2698147.7107,0,2022-03-20
1647820800000,1273.2,1276.2,1239.0,1249.0,5024.741,1647907199999,6305087.4617,20359,1942.665,2439496.7301,0,2022-03-21
1647907200000,1249.1,1259.6,1242.8,1252.9,3005.590,1647993599999,3762334.1003,15148,1423.958,1783422.6190,0,2022-03-22
1647993600000,1253.0,1257.6,1226.8,1237.2,3506.048,1648079999999,4351503.1101,15686,1405.103,1745116.7961,0,2022-03-23
1648080000000,1237.1,1240.0,1226.3,1235.0,3045.397,1648166399999,3756696.4462,14595,1206.663,1489301.3944,0,2022-03-24
1648166400000,1235.1,1269.3,1226.6,1259.4,5642.884,1648252799999,7034814.4849,20856,3155.752,3937233.2527,0,2022-03-25
1648252800000,1259.4,1261.5,1242.7,1243.9,1836.585,1648339199999,2297827.7357,10360,780.968,977257.3976,0,2022-03-26
1648339200000,1243.9,1261.9,1237.5,1248.7,3595.784,1648425599999,4486505.2568,15005,1852.960,2312796.3415,0,2022-03-27
1648425600000,1248.8,1258.0,1233.2,1252.3,4421.543,1648511999999,5490177.3016,19707,2013.081,2501150.7027,0,2022-03-28
1648512000000,1252.3,1252.3,1223.5,1237.3,4446.459,1648598399999,5492397.2857,19711,2021.738,2498856.2525,0,2022-03-29
1648598400000,1237.3,1246.5,1218.7,1223.4,3894.117,1648684799999,4789832.0999,17936,1572.268,1935467.8592,0,2022-03-30
1648684800000,1222.8,1231.0,1210.3,1220.0,5032.444,1648771199999,6141893.4547,22242,2387.565,2916293.1950,0,2022-03-31
1648771200000,1219.9,1221.3,1187.2,1188.2,4608.548,1648857599999,5542988.0398,21024,1592.522,1917426.6748,0,2022-04-01
1648857600000,1188.5,1190.9,1179.4,1186.4,4454.920,1648943999999,5280771.9956,19968,1734.316,2056855.0886,0,2022-04-02
1648944000000,1186.2,1191.6,1170.0,1170.1,5450.204,1649030399999,6428843.5710,18313,3659.040,4315881.2134,0,2022-04-03
1649030400000,1170.0,1185.4,1166.9,1180.1,5695.944,1649116799999,6698993.2279,19200,2820.308,3317252.6799,0,2022-04-04
1649116800000,1180.1,1185.0,1171.0,1183.1,3150.238,1649203199999,3713375.2032,13987,1391.228,1640547.6273,0,2022-04-05
1649203200000,1183.0,1219.2,1181.7,1217.6,12518.650,1649289599999,15086231.0612,44633,6672.542,8039144.3937,0,2022-04-06
1649289600000,1217.6,1218.5,1192.6,1193.9,5874.486,1649375999999,7078725.4828,26489,2447.584,2950680.6820,0,2022-04-07
1649376000000,1194.0,1198.0,1184.0,1192.6,4676.732,1649462399999,5568902.4061,20239,2240.373,2669007.4056,0,2022-04-08
1649462400000,1192.7,1194.7,1179.7,1184.2,3374.945,1649548799999,4010333.0216,14532,1482.835,1762091.4485,0,2022-04-09
1649548800000,1184.1,1188.5,1176.8,1187.6,2432.226,1649635199999,2876435.9362,12155,1134.531,1342246.5755,0,2022-04-10
1649635200000,1187.6,1227.5,1185.3,1204.8,16212.746,1649721599999,19653012.2790,51052,8780.618,10646292.1835,0,2022-04-11
1649721600000,1204.9,1206.4,1184.8,1192.2,5801.158,1649807999999,6937942.3908,22551,2437.312,2916006.6573,0,2022-04-12
1649808000000,1192.2,1201.9,1181.0,1192.7,5029.662,1649894399999,5990677.4160,21344,2325.382,2771738.4017,0,2022-04-13
1649894400000,1192.7,1200.6,1187.2,1189.5,3346.062,1649980799999,3996085.7638,11599,1447.104,1728500.9389,0,2022-04-14
1649980800000,1189.4,1193.3,1179.1,1189.4,3662.442,1650067199999,4344565.6471,14163,1724.387,2046251.4129,0,2022-04-15
1650067200000,1189.4,1191.0,1177.8,1181.0,2011.405,1650153599999,2385615.0973,7846,848.543,1006834.3259,0,2022-04-16
1650153600000,1181.0,1191.9,1175.0,1191.9,3809.974,1650239999999,4506904.3700,11556,1795.044,2124775.0200,0,2022-04-17
1650240000000,1192.0,1212.7,1190.7,1196.0,9129.519,1650326399999,10973077.7933,22077,4829.581,5808229.0448,0,2022-04-18
1650326400000,1196.0,1201.9,1192.4,1196.1,3401.192,1650412799999,4071592.2437,12407,1697.325,2032503.1167,0,2022-04-19
1650412800000,1196.1,1208.9,1192.5,1206.4,3274.057,1650499199999,3927748.8985,11907,1595.526,1915078.7539,0,2022-04-20
1650499200000,1206.5,1218.9,1204.0,1217.0,4139.225,1650585599999,5020751.2728,14055,2065.425,2505759.4590,0,2022-04-21
1650585600000,1217.1,1217.2,1189.4,1199.8,3487.380,1650671999999,4193255.5676,12480,1409.280,1693741.3269,0,2022-04-22
1650672000000,1199.8,1207.7,1196.6,1204.4,1808.957,1650758399999,2173190.0481,8639,915.801,1100745.5347,0,2022-04-23
1650758400000,1204.5,1214.3,1202.6,1213.5,2873.452,1650844799999,3473306.6773,10416,1492.828,1804977.5838,0,2022-04-24
1650844800000,1213.7,1239.2,1208.1,1213.6,10135.250,1650931199999,12433803.7407,30563,5189.399,6369704.5286,0,2022-04-25
1650931200000,1213.5,1234.5,1210.3,1228.2,6069.709,1651017599999,7417176.3277,19759,2917.607,3566949.1546,0,2022-04-26
1651017600000,1228.3,1238.2,1215.5,1232.8,6137.510,1651103999999,7532829.7925,19932,3182.915,3906775.4673,0,2022-04-27
1651104000000,1232.7,1246.8,1224.7,1234.6,5046.634,1651190399999,6241157.0510,14959,2619.333,3240201.2836,0,2022-04-28
1651190400000,1234.7,1255.5,1230.4,1251.9,8973.656,1651276799999,11154743.9044,22243,4527.745,5631967.3409,0,2022-04-29
1651276800000,1251.9,1292.8,1242.3,1281.8,7321.440,1651363199999,9214356.7492,22974,4011.988,5055147.6512,0,2022-04-30
1651363200000,1281.7,1284.3,1255.1,1258.4,6227.257,1651449599999,7899602.0104,19017,2754.723,3494524.3668,0,2022-05-01
1651449600000,1258.4,1282.2,1254.6,1258.4,5098.443,1651535999999,6472688.8170,16486,2370.828,3010215.9615,0,2022-05-02
1651536000000,1258.4,1265.3,1254.1,1258.2,3093.142,1651622399999,3893430.6632,10172,1458.086,1836140.4656,0,2022-05-03
1651622400000,1258.0,1269.7,1235.6,1235.7,6595.160,1651708799999,8278892.1512,18048,2987.850,3750831.6671,0,2022-05-04
1651708800000,1235.7,1246.5,1222.4,1229.1,6707.815,1651795199999,8287408.8512,17933,2781.060,3438434.3721,0,2022-05-05
1651795200000,1229.1,1236.8,1222.3,1227.1,5471.036,1651881599999,6722940.4312,15947,2710.297,3331755.9488,0,2022-05-06
1651881600000,1227.2,1242.6,1219.0,1240.9,5206.129,1651967999999,6414682.7298,12849,2606.275,3212993.2261,0,2022-05-07
1651968000000,1240.8,1248.2,1229.5,1235.2,4898.208,1652054399999,6068180.3959,16049,2191.011,2715932.1911,0,2022-05-08
1652054400000,1235.2,1277.0,1230.7,1268.0,15429.491,1652140799999,19485363.1161,42811,8229.849,10394035.5832,0,2022-05-09
1652140800000,1268.0,1279.5,1219.8,1240.4,13897.103,1652227199999,17294903.1430,37047,6218.767,7750683.4750,0,2022-05-10
1652227200000,1240.1,1392.3,1228.4,1362.0,33814.327,1652313599999,44524192.7646,100681,17748.438,23368258.2034,0,2022-05-11
1652313600000,1362.3,1514.5,1345.0,1445.1,38384.146,1652399999999,55072134.6172,124542,19542.558,28043742.7133,0,2022-05-12
1652400000000,1445.7,1449.4,1358.0,1384.6,10682.937,1652486399999,14821722.5907,37479,4911.840,6817342.2103,0,2022-05-13
1652486400000,1385.1,1416.3,1358.3,1385.2,6434.781,1652572799999,8954183.5874,23555,2963.533,4123509.0459,0,2022-05-14
1652572800000,1385.8,1408.0,1365.3,1372.5,3973.962,1652659199999,5496668.5676,14104,1763.051,2438712.2445,0,2022-05-15
1652659200000,1372.5,1399.8,1370.3,1393.7,4631.575,1652745599999,6415865.5014,19951,2222.548,3079073.1729,0,2022-05-16
1652745600000,1393.2,1393.5,1361.5,1368.3,3880.469,1652831999999,5342636.8167,17515,1768.763,2435869.6918,0,2022-05-17
1652832000000,1368.3,1420.2,1364.1,1416.4,5846.479,1652918399999,8148929.2959,25683,2875.031,4011621.2819,0,2022-05-18
1652918400000,1416.1,1434.2,1404.7,1417.6,11528.407,1653004799999,16340938.1121,39308,5686.932,8062286.2444,0,2022-05-19
1653004800000,1416.8,1421.9,1396.0,1408.6,8919.254,1653091199999,12565078.9209,30027,4371.447,6159971.4516,0,2022-05-20
1653091200000,1409.0,1416.9,1393.0,1399.1,3518.907,1653177599999,4937691.7357,16509,1680.459,2357988.0995,0,2022-05-21
1653177600000,1399.0,1403.0,1389.2,1393.8,2156.212,1653263999999,3009332.1323,9995,989.691,1381715.9022,0,2022-05-22
1653264000000,1394.2,1399.9,1366.1,1387.0,3746.648,1653350399999,5171770.7738,16228,1690.945,2334905.3794,0,2022-05-23
1653350400000,1386.9,1412.0,1377.8,1397.3,3809.417,1653436799999,5322549.1016,16014,1881.537,2629667.8237,0,2022-05-24
1653436800000,1397.1,1419.2,1391.0,1415.5,3125.685,1653523199999,4404185.8162,14117,1547.867,2181477.8954,0,2022-05-25
1653523200000,1415.2,1512.0,1411.9,1509.8,23704.171,1653609599999,35014468.2842,76837,12978.417,19178798.2418,0,2022-05-26
1653609600000,1509.7,1549.9,1489.8,1525.8,24473.229,1653695999999,37203936.8114,79836,12558.679,19100190.9188,0,2022-05-27
1653696000000,1525.7,1539.1,1492.0,1499.2,6453.357,1653782399999,9747639.3511,24294,2946.103,4455389.4371,0,2022-05-28
1653782400000,1499.4,1519.6,1496.0,1502.2,3654.844,1653868799999,5505331.9768,17597,1778.095,2678480.3191,0,2022-05-29
1653868800000,1502.2,1505.9,1477.6,1480.5,6319.617,1653955199999,9409354.5507,24944,2822.606,4204430.1515,0,2022-05-30
1653955200000,1480.4,1516.0,1467.9,1505.2,4816.479,1654041599999,7196117.4013,22060,2331.573,3485234.1226,0,2022-05-31
1654041600000,1504.8,1533.7,1490.0,1518.7,8255.178,1654127999999,12484291.9412,29659,4057.077,6138933.2954,0,2022-06-01
1654128000000,1518.6,1541.4,1508.7,1523.3,9284.313,1654214399999,14158316.7527,32458,4488.551,6848447.0243,0,2022-06-02
1654214400000,1523.9,1559.9,1523.4,1543.4,9436.618,1654300799999,14582673.8864,33409,4373.248,6757468.8181,0,2022-06-03
1654300800000,1543.2,1560.0,1525.0,1529.5,7097.263,1654387199999,10987437.9483,22546,3583.633,5550041.3761,0,2022-06-04
1654387200000,1529.5,1544.5,1523.2,1533.5,4381.803,1654473599999,6714295.9496,13873,2194.297,3361694.9366,0,2022-06-05
1654473600000,1533.5,1580.3,1518.0,1560.9,11156.470,1654559999999,17246791.5873,33766,5447.628,8433364.9752,0,2022-06-06
1654560000000,1560.9,1600.0,1543.0,1585.0,10805.209,1654646399999,16895818.5971,38843,5533.879,8656405.9957,0,2022-06-07
1654646400000,1585.0,1587.9,1545.4,1554.8,4617.919,1654732799999,7202525.2543,16343,2098.738,3276046.7427,0,2022-06-08
1654732800000,1555.1,1562.0,1536.1,1545.5,3294.022,1654819199999,5096577.4429,12902,1505.869,2332600.0912,0,2022-06-09
1654819200000,1545.5,1596.3,1533.2,1592.4,8362.759,1654905599999,13085883.7151,31706,4330.899,6789951.7195,0,2022-06-10
1654905600000,1592.5,1708.0,1585.2,1683.0,19281.834,1654991999999,31968548.8736,72897,9641.048,15978624.8003,0,2022-06-11
1654992000000,1682.7,1739.9,1657.0,1688.0,20378.344,1655078399999,34631803.6803,72803,10488.765,17828816.7062,0,2022-06-12
1655078400000,1687.9,1828.5,1638.1,1640.9,28303.372,1655164799999,48906832.8031,107505,13779.475,23845051.4204,0,2022-06-13
1655164800000,1641.7,1708.4,1591.2,1606.3,15123.966,1655251199999,24733500.0052,62384,7012.592,11465258.4502,0,2022-06-14
1655251200000,1606.1,1694.6,1550.0,1561.6,16068.568,1655337599999,26249356.9053,78128,8379.412,13713836.7101,0,2022-06-15
1655337600000,1561.2,1638.5,1552.7,1614.0,8518.050,1655423999999,13673106.2667,41438,3899.768,6265918.2182,0,2022-06-16
1655424000000,1614.2,1627.8,1582.0,1586.6,5720.309,1655510399999,9177653.0153,26099,3087.607,4955876.0477,0,2022-06-17
1655510400000,1586.5,1640.8,1582.7,1583.1,12163.298,1655596799999,19512107.3036,43346,6441.541,10332195.0954,0,2022-06-18
1655596800000,1582.9,1599.4,1513.2,1541.5,8224.812,1655683199999,12881599.5605,32333,3645.443,5718925.6614,0,2022-06-19
1655683200000,1540.8,1568.6,1510.0,1533.6,6470.472,1655769599999,9980588.8360,29878,2875.689,4438422.8454,0,2022-06-20
1655769600000,1533.6,1555.6,1518.4,1534.5,5314.773,1655855999999,8166894.6320,21502,2301.222,3537032.4254,0,2022-06-21
1655856000000,1533.9,1565.3,1531.5,1564.7,4133.258,1655942399999,6416281.1653,18642,1897.861,2945637.0049,0,2022-06-22
1655942400000,1564.7,1565.0,1516.9,1528.6,5392.501,1656028799999,8284377.2367,19722,2552.232,3924883.3643,0,2022-06-23
1656028800000,1528.9,1529.0,1435.7,1443.3,8161.611,1656115199999,12043557.3963,33113,3323.349,4905144.2735,0,2022-06-24
1656115200000,1445.1,1480.7,1436.0,1449.7,5972.505,1656201599999,8726170.7059,22675,2772.214,4054089.2403,0,2022-06-25
1656201600000,1449.5,1465.9,1425.0,1465.4,6396.902,1656287999999,9248833.1632,20676,3214.662,4646845.4415,0,2022-06-26
1656288000000,1465.3,1466.3,1444.1,1457.5,4894.399,1656374399999,7129242.8231,16796,2114.021,3079821.5725,0,2022-06-27
1656374400000,1457.6,1494.8,1436.7,1491.4,6229.996,1656460799999,9125172.6030,19440,2935.343,4304141.0572,0,2022-06-28
1656460800000,1490.9,1531.2,1478.5,1521.7,8216.783,1656547199999,12369659.4532,24783,4056.954,6106901.2281,0,2022-06-29
1656547200000,1521.6,1558.5,1506.2,1536.1,13417.744,1656633599999,20622651.8297,40559,6444.150,9908172.6115,0,2022-06-30
1656633600000,1536.3,1555.4,1501.0,1514.0,6217.434,1656719999999,9488242.9716,20276,2786.320,4255577.8713,0,2022-07-01
1656720000000,1513.9,1531.0,1494.3,1496.2,3453.706,1656806399999,5226056.5549,13255,1561.051,2362644.0558,0,2022-07-02
1656806400000,1496.3,1518.3,1486.0,1493.5,4600.800,1656892799999,6904367.8898,15511,1944.096,2918230.1122,0,2022-07-03
1656892800000,1493.7,1513.1,1462.8,1475.1,5402.777,1656979199999,8055040.2957,20590,2330.709,3477690.2889,0,2022-07-04
1656979200000,1475.1,1503.9,1465.5,1496.1,5401.028,1657065599999,8010897.2390,21379,2784.751,4129676.2260,0,2022-07-05
1657065600000,1496.4,1501.6,1457.2,1469.0,3369.975,1657151999999,4989354.6863,17328,1551.922,2299717.7559,0,2022-07-06
1657152000000,1469.0,1497.6,1449.1,1487.0,5833.241,1657238399999,8564845.4974,20057,2622.687,3854898.4514,0,2022-07-07
1657238400000,1487.2,1518.6,1476.1,1507.1,5534.501,1657324799999,8313432.2182,19206,2734.368,4107402.2391,0,2022-07-08
1657324800000,1507.1,1507.3,1487.8,1494.3,2445.976,1657411199999,3660580.1912,11580,1216.349,1820123.2573,0,2022-07-09
1657411200000,1494.4,1521.7,1489.4,1504.2,3715.938,1657497599999,5612221.3026,15392,1588.468,2399768.0455,0,2022-07-10
1657497600000,1504.1,1536.7,1500.0,1528.4,5020.396,1657583999999,7611263.6479,25878,2558.602,3881349.6802,0,2022-07-11
1657584000000,1528.5,1548.7,1518.9,1543.6,8264.195,1657670399999,12694286.8276,33950,4049.221,6222289.6512,0,2022-07-12
1657670400000,1543.4,1555.0,1514.1,1519.2,8730.627,1657756799999,13409156.9327,28538,3965.912,6093573.3395,0,2022-07-13
1657756800000,1518.5,1530.8,1461.6,1465.8,5599.775,1657843199999,8382951.5873,25703,2265.744,3392739.1906,0,2022-07-14
1657843200000,1465.8,1472.0,1430.1,1453.6,5891.604,1657929599999,8588952.5398,27070,2560.169,3734562.3525,0,2022-07-15
1657929600000,1453.9,1470.0,1358.9,1375.7,10002.030,1658015999999,14126417.8019,36282,4342.304,6141201.7014,0,2022-07-16
1658016000000,1375.4,1394.4,1357.2,1366.6,6732.245,1658102399999,9286143.2240,28425,3019.542,4167294.7367,0,2022-07-17
1658102400000,1366.7,1367.4,1293.9,1300.4,16471.063,1658188799999,21985444.6218,44045,7704.691,10294807.6963,0,2022-07-18
1658188800000,1300.1,1361.5,1287.2,1358.1,15155.376,1658275199999,20017683.6390,48818,7220.614,9554796.9406,0,2022-07-19
1658275200000,1358.5,1393.3,1337.3,1384.0,10097.957,1658361599999,13791279.3921,42975,5033.802,6882753.4911,0,2022-07-20
1658361600000,1384.1,1405.3,1329.1,1341.5,11691.818,1658447999999,16040471.7634,47867,5126.013,7041525.5646,0,2022-07-21
1658448000000,1341.5,1362.1,1313.0,1350.4,10423.372,1658534399999,13945829.0329,40395,4825.624,6460265.4574,0,2022-07-22
1658534400000,1350.4,1355.5,1321.1,1325.4,7398.866,1658620799999,9880573.0389,28784,3493.004,4667519.2765,0,2022-07-23
1658620800000,1325.5,1326.5,1288.1,1306.2,8333.110,1658707199999,10906098.5195,33623,3707.691,4852787.3410,0,2022-07-24
1658707200000,1306.3,1360.3,1300.2,1351.1,14500.814,1658793599999,19291935.4469,48207,7439.268,9902337.8553,0,2022-07-25
1658793600000,1350.9,1386.9,1337.4,1338.9,17816.819,1658879999999,24296027.9780,61139,9058.621,12355105.2906,0,2022-07-26
1658880000000,1339.0,1350.0,1293.9,1297.6,12152.747,1658966399999,16101127.5823,41141,5042.793,6684801.1114,0,2022-07-27
1658966400000,1297.8,1316.7,1266.0,1287.2,12942.964,1659052799999,16777143.9150,41109,5563.942,7214921.9940,0,2022-07-28
1659052800000,1287.2,1305.5,1266.1,1277.1,11323.456,1659139199999,14578272.9339,39470,5067.349,6527949.6726,0,2022-07-29
1659139200000,1277.2,1303.5,1272.2,1275.2,8646.756,1659225599999,11123435.4706,33328,3728.763,4797458.1968,0,2022-07-30
1659225600000,1275.0,1279.8,1251.0,1271.1,7661.769,1659311999999,9712544.2500,29572,3641.412,4616601.9916,0,2022-07-31
1659312000000,1271.3,1299.2,1257.4,1295.6,7901.555,1659398399999,10082710.9053,31496,3885.241,4961404.8969,0,2022-08-01
1659398400000,1295.7,1321.6,1270.6,1290.9,12714.368,1659484799999,16538121.2367,46414,5997.424,7808913.3212,0,2022-08-02
1659484800000,1290.6,1307.8,1279.7,1280.2,5258.661,1659571199999,6780913.9435,31614,2455.058,3166617.4572,0,2022-08-03
1659571200000,1280.3,1288.8,1266.7,1267.9,6252.228,1659657599999,7992998.5350,31890,2897.891,3705086.7996,0,2022-08-04
1659657600000,1267.9,1270.8,1225.5,1230.9,12535.669,1659743999999,15668588.6045,46265,5001.363,6252809.8462,0,2022-08-05
1659744000000,1230.9,1241.5,1226.9,1235.9,4617.836,1659830399999,5695157.8440,23726,2191.900,2703987.7268,0,2022-08-06
1659830400000,1236.0,1249.5,1225.9,1235.7,6422.810,1659916799999,7954016.2780,21547,3219.934,3987378.9650,0,2022-08-07
1659916800000,1235.7,1247.2,1220.0,1228.4,8649.990,1660003199999,10678389.5425,29210,3727.152,4602595.3986,0,2022-08-08
1660003200000,1228.4,1252.8,1225.2,1240.0,9145.417,1660089599999,11349965.9402,31141,4160.164,5164746.7402,0,2022-08-09
1660089600000,1240.1,1249.7,1192.0,1203.2,15399.275,1660175999999,18800591.4612,48560,6616.605,8078663.5123,0,2022-08-10
1660176000000,1203.1,1216.7,1193.9,1196.3,10981.465,1660262399999,13256222.8510,40124,4525.656,5465130.2371,0,2022-08-11
1660262400000,1196.3,1203.5,1175.1,1179.5,8059.279,1660348799999,9591286.5674,29724,3346.039,3984576.2576,0,2022-08-12
1660348800000,1179.6,1188.7,1162.5,1171.5,7954.225,1660435199999,9329373.5924,26731,3521.128,4130535.2388,0,2022-08-13
1660435200000,1171.6,1193.5,1163.3,1185.4,9948.587,1660521599999,11702690.9507,30770,4408.208,5185492.9556,0,2022-08-14
1660521600000,1185.5,1206.0,1176.5,1197.4,11509.292,1660607999999,13745995.9861,35038,5371.621,6415132.2980,0,2022-08-15
1660608000000,1197.7,1209.3,1185.2,1192.8,8588.371,1660694399999,10277710.4868,31632,3929.149,4700642.5937,0,2022-08-16
1660694400000,1192.8,1209.1,1176.0,1198.8,10811.421,1660780799999,12909345.5685,39656,5282.615,6312541.6629,0,2022-08-17
1660780800000,1198.8,1211.0,1186.5,1207.2,8325.942,1660867199999,9968710.9551,27692,3945.750,4725792.8273,0,2022-08-18
1660867200000,1207.2,1227.4,1196.5,1222.0,21941.770,1660953599999,26581343.9821,56357,11086.707,13436628.9024,0,2022-08-19
1660953600000,1222.3,1266.7,1213.0,1251.4,14091.767,1661039999999,17446545.6285,38338,7210.996,8933011.5791,0,2022-08-20
1661040000000,1251.4,1255.0,1227.3,1235.7,9459.830,1661126399999,11738516.1584,30831,4266.748,5294701.1974,0,2022-08-21
1661126400000,1235.8,1270.6,1229.3,1230.7,12174.544,1661212799999,15265261.8319,37499,5745.641,7207081.8161,0,2022-08-22
1661212800000,1231.0,1248.1,1213.3,1216.4,8786.149,1661299199999,10820865.4789,32527,4031.999,4968253.3566,0,2022-08-23
1661299200000,1216.4,1233.9,1210.3,1217.8,6592.065,1661385599999,8061917.8415,24070,2880.657,3523762.7566,0,2022-08-24
1661385600000,1217.9,1218.6,1199.0,1204.9,7559.016,1661471999999,9122201.4426,26763,3316.880,4001905.6732,0,2022-08-25
1661472000000,1205.1,1258.7,1205.0,1249.9,17188.580,1661558399999,21153853.5049,46338,8670.923,10678329.7093,0,2022-08-26
1661558400000,1250.1,1263.9,1242.7,1245.1,13575.155,1661644799999,16998575.2649,40729,6858.950,8590892.6010,0,2022-08-27
1661644800000,1245.1,1263.4,1237.3,1260.1,7322.981,1661731199999,9125619.6666,24218,3495.529,4358007.8415,0,2022-08-28
1661731200000,1260.2,1269.5,1218.1,1221.0,10840.102,1661817599999,13546997.6837,36168,4671.574,5844968.8383,0,2022-08-29
1661817600000,1221.1,1234.6,1205.5,1213.9,11758.423,1661903999999,14303682.8749,33214,5463.423,6647855.7974,0,2022-08-30
1661904000000,1213.8,1221.0,1192.0,1215.9,9003.967,1661990399999,10866054.7495,26328,4377.743,5285817.8951,0,2022-08-31
1661990400000,1216.1,1226.7,1197.5,1201.1,7259.568,1662076799999,8804532.1843,23666,3379.554,4100753.3743,0,2022-09-01
1662076800000,1201.1,1206.9,1180.6,1197.1,9819.176,1662163199999,11726936.2415,24937,4721.969,5640720.3637,0,2022-09-02
1662163200000,1197.0,1206.9,1188.0,1192.7,5536.902,1662249599999,6626508.1433,17563,2487.046,2977523.5992,0,2022-09-03
1662249600000,1192.8,1194.9,1181.1,1186.3,4050.902,1662335999999,4811703.2709,14704,1763.411,2094727.6309,0,2022-09-04
1662336000000,1186.6,1188.7,1156.3,1157.2,8113.952,1662422399999,9538686.4098,22389,3230.477,3801716.2243,0,2022-09-05
1662422400000,1157.4,1158.0,1125.9,1153.7,18957.920,1662508799999,21671172.1447,38654,8760.799,10019176.8533,0,2022-09-06
1662508800000,1153.6,1177.9,1120.2,1129.8,15608.560,1662595199999,18046935.3956,33831,7196.499,8329733.6323,0,2022-09-07
1662595200000,1129.9,1138.9,1118.2,1124.2,9373.015,1662681599999,10581412.0806,25459,4212.650,4758501.0492,0,2022-09-08
1662681600000,1124.2,1192.5,1121.2,1183.0,13446.477,1662767999999,15654567.7362,32550,6861.098,7985303.4381,0,2022-09-09
1662768000000,1183.8,1188.9,1167.0,1173.6,5744.423,1662854399999,6773400.4910,16333,2425.453,2860734.1537,0,2022-09-10
1662854400000,1173.8,1197.3,1167.5,1190.2,4780.061,1662940799999,5638842.2187,15989,2345.153,2768585.1695,0,2022-09-11
1662940800000,1190.1,1240.3,1187.7,1237.5,11825.765,1663027199999,14382732.0052,27300,6187.193,7526791.4872,0,2022-09-12
1663027200000,1237.6,1252.0,1188.6,1211.2,15664.776,1663113599999,19212383.3820,39586,7222.905,8870253.8692,0,2022-09-13
1663113600000,1211.3,1216.4,1175.0,1175.3,7965.477,1663199999999,9526437.2692,23958,3218.166,3852776.1818,0,2022-09-14
1663200000000,1175.4,1240.8,1170.0,1235.1,20478.431,1663286399999,24734541.7788,48712,9908.783,11975910.9383,0,2022-09-15
1663286400000,1235.1,1256.8,1230.7,1254.2,11957.855,1663372799999,14880585.9442,34122,6108.832,7602401.7886,0,2022-09-16
1663372800000,1253.7,1266.0,1238.1,1240.2,8449.492,1663459199999,10575395.1415,22718,4276.614,5353554.2631,0,2022-09-17
1663459200000,1240.5,1319.4,1239.6,1306.4,11101.172,1663545599999,14188694.4042,34166,5847.356,7474921.5449,0,2022-09-18
1663545600000,1306.5,1310.6,1271.0,1279.9,13639.720,1663631999999,17535115.5073,38624,6414.585,8250153.8535,0,2022-09-19
1663632000000,1280.2,1288.4,1250.5,1271.6,8025.936,1663718399999,10201266.4787,26585,3527.758,4482167.4906,0,2022-09-20
1663718400000,1271.7,1311.2,1264.1,1302.8,12588.921,1663804799999,16174765.7989,40113,6305.830,8111011.4851,0,2022-09-21
1663804800000,1302.6,1312.0,1271.4,1283.6,7497.198,1663891199999,9710664.6441,24993,3426.804,4441109.1956,0,2022-09-22
1663891200000,1283.5,1284.3,1244.2,1262.0,8614.343,1663977599999,10892594.5203,30032,3851.275,4870724.3231,0,2022-09-23
1663977600000,1262.4,1264.4,1239.4,1254.5,4346.639,1664063999999,5423906.9113,16090,2004.582,2501822.1334,0,2022-09-24
1664064000000,1254.8,1276.4,1248.6,1262.6,4876.824,1664150399999,6138361.4386,20030,2006.641,2526517.6778,0,2022-09-25
1664150400000,1262.7,1280.0,1255.0,1264.5,4982.476,1664236799999,6327664.3498,20303,2391.964,3037084.0183,0,2022-09-26
1664236800000,1265.1,1294.8,1262.3,1269.5,7500.243,1664323199999,9591365.8712,27959,3432.068,4390980.7323,0,2022-09-27
1664323200000,1269.5,1304.0,1268.3,1281.1,8919.473,1664409599999,11487141.5402,31523,4696.458,6048735.2401,0,2022-09-28
1664409600000,1281.2,1293.7,1273.0,1279.6,5769.950,1664495999999,7406939.6926,23540,2244.617,2881259.9429,0,2022-09-29
1664496000000,1279.5,1293.2,1269.8,1275.6,6433.438,1664582399999,8226066.6728,23430,2814.495,3601968.8700,0,2022-09-30
1664582400000,1275.6,1286.0,1270.4,1284.3,2394.232,1664668799999,3058925.2869,12326,1165.822,1489861.9727,0,2022-10-01
1664668800000,1284.3,1296.9,1279.9,1294.5,4249.001,1664755199999,5471752.4737,17124,1996.100,2571015.9315,0,2022-10-02
1664755200000,1294.6,1300.7,1284.1,1295.8,3855.039,1664841599999,4985499.7925,17657,1861.947,2408447.6629,0,2022-10-03
1664841600000,1295.6,1305.5,1289.8,1301.5,3927.530,1664927999999,5096066.2222,15792,2051.554,2662375.5097,0,2022-10-04
1664928000000,1301.5,1307.2,1290.1,1296.4,4478.074,1665014399999,5825940.0323,16898,2165.432,2818001.8378,0,2022-10-05
1665014400000,1296.5,1299.8,1282.0,1292.0,3909.586,1665100799999,5043015.1427,16036,2038.305,2629684.9172,0,2022-10-06
1665100800000,1292.1,1297.9,1272.5,1274.8,4017.383,1665187199999,5168876.9768,18052,1683.461,2167213.6134,0,2022-10-07
1665187200000,1274.9,1283.8,1273.0,1282.8,1757.070,1665273599999,2243552.4332,10407,836.714,1068536.6152,0,2022-10-08
1665273600000,1282.8,1286.4,1272.9,1273.7,1881.646,1665359999999,2409919.8310,12725,864.856,1107694.5847,0,2022-10-09
1665360000000,1273.8,1294.0,1266.1,1293.3,3098.812,1665446399999,3964091.0993,16899,1647.417,2107572.4746,0,2022-10-10
1665446400000,1293.4,1307.0,1292.2,1303.1,9163.419,1665532799999,11912888.1941,31649,4596.814,5976639.1038,0,2022-10-11
1665532800000,1302.9,1306.3,1291.4,1303.1,3681.670,1665619199999,4780435.8462,15707,1854.879,2409323.4509,0,2022-10-12
1665619200000,1303.2,1354.9,1300.2,1328.4,22129.908,1665705599999,29409850.3940,62555,11700.786,15551199.9433,0,2022-10-13
1665705600000,1328.6,1330.9,1308.2,1312.5,5687.228,1665791999999,7481043.6299,23837,2572.930,3384809.9873,0,2022-10-14
1665792000000,1312.6,1325.2,1308.5,1322.0,3132.186,1665878399999,4121483.6353,15140,1431.266,1883593.7959,0,2022-10-15
1665878400000,1322.0,1322.3,1308.1,1310.2,2463.368,1665964799999,3241595.7785,12682,1067.975,1405964.5402,0,2022-10-16
1665964800000,1310.5,1318.0,1306.1,1306.8,1935.072,1666051199999,2538031.6372,11654,877.349,1150996.0046,0,2022-10-17
1666051200000,1306.8,1325.3,1302.9,1312.6,3670.813,1666137599999,4824972.3946,17419,1707.601,2245230.1077,0,2022-10-18
1666137600000,1312.7,1328.9,1310.0,1325.9,3527.432,1666223999999,4649332.7226,16491,1538.727,2029953.5049,0,2022-10-19
1666224000000,1325.8,1337.3,1314.2,1330.9,5609.102,1666310399999,7429871.8395,26371,2527.469,3349719.4420,0,2022-10-20
1666310400000,1331.1,1343.0,1323.4,1324.3,8098.802,1666396799999,10811257.0313,29586,4053.688,5412823.2001,0,2022-10-21
1666396800000,1324.3,1331.3,1313.2,1314.7,3039.173,1666483199999,4013997.1492,14806,1561.945,2063094.4261,0,2022-10-22
1666483200000,1314.7,1325.4,1296.2,1298.9,3919.217,1666569599999,5145543.3335,15244,1810.358,2376404.2876,0,2022-10-23
1666569600000,1299.1,1312.5,1294.8,1305.5,3983.450,1666655999999,5193821.5636,16347,1845.409,2406391.7075,0,2022-10-24
1666656000000,1305.5,1308.1,1250.0,1270.3,7210.578,1666742399999,9199758.1167,28923,2993.705,3820289.0906,0,2022-10-25
1666742400000,1270.0,1272.9,1248.7,1253.6,7361.179,1666828799999,9280771.8846,25015,3408.510,4298864.9212,0,2022-10-26
1666828800000,1254.3,1260.5,1241.0,1255.9,5564.240,1666915199999,6956669.6246,23185,2608.050,3261978.1117,0,2022-10-27
1666915200000,1255.7,1263.0,1231.9,1237.1,5328.903,1667001599999,6655299.1428,23923,2292.829,2864379.3366,0,2022-10-28
1667001600000,1237.0,1241.1,1185.2,1202.8,10478.398,1667087999999,12675253.8542,36804,4733.478,5729354.8373,0,2022-10-29
1667088000000,1202.8,1218.6,1191.0,1207.0,5024.213,1667174399999,6060743.8520,22497,2219.490,2678904.5271,0,2022-10-30
1667174400000,1207.0,1218.6,1182.9,1200.0,7216.102,1667260799999,8656522.8365,27490,3377.306,4052341.4123,0,2022-10-31
1667260800000,1200.0,1204.4,1186.9,1198.2,3391.175,1667347199999,4053510.1709,16479,1598.745,1911016.2550,0,2022-11-01
1667347200000,1198.8,1230.5,1190.0,1216.5,9452.196,1667433599999,11448152.8545,37922,4525.203,5484948.9326,0,2022-11-02
1667433600000,1216.5,1218.9,1189.1,1206.1,6622.324,1667519999999,7939200.3346,27597,2844.570,3411540.7762,0,2022-11-03
1667520000000,1206.3,1209.6,1161.1,1171.3,9209.231,1667606399999,10861705.9532,31675,3726.503,4396341.0805,0,2022-11-04
1667606400000,1171.3,1191.2,1168.0,1186.7,6159.865,1667692799999,7268701.2200,21246,2938.552,3468600.8919,0,2022-11-05
1667692800000,1186.8,1218.9,1181.3,1218.4,6865.477,1667779199999,8202282.2074,24028,3573.507,4270762.3776,0,2022-11-06
1667779200000,1218.4,1221.7,1185.5,1201.4,10605.323,1667865599999,12790164.3410,37237,5115.981,6172861.8207,0,2022-11-07
1667865600000,1201.2,1275.2,1168.1,1246.8,32817.054,1667951999999,40290378.8483,115306,16462.428,20233564.1152,0,2022-11-08
1667952000000,1246.9,1350.0,1243.4,1309.1,42398.228,1668038399999,55270728.3208,168189,21987.924,28671184.4750,0,2022-11-09
1668038400000,1310.3,1329.8,1217.4,1234.7,20389.868,1668124799999,25808891.1280,76908,9818.553,12438231.1909,0,2022-11-10
1668124800000,1234.8,1257.5,1218.9,1224.0,8633.811,1668211199999,10707983.5080,36250,3869.002,4799804.9681,0,2022-11-11
1668211200000,1223.9,1263.0,1222.7,1245.5,7588.000,1668297599999,9443752.5330,28591,3586.133,4464030.0704,0,2022-11-12
1668297600000,1245.4,1264.8,1235.0,1249.0,5477.551,1668383999999,6853691.8069,25385,2597.758,3251189.3886,0,2022-11-13
1668384000000,1249.2,1271.3,1240.2,1242.8,6146.981,1668470399999,7713170.5459,25276,2976.427,3735833.8072,0,2022-11-14
1668470400000,1242.8,1260.0,1236.6,1252.4,4859.217,1668556799999,6052908.3121,16299,2392.633,2981289.1480,0,2022-11-15
1668556800000,1252.4,1277.7,1242.7,1267.4,5149.185,1668643199999,6497462.5046,20023,2556.690,3226293.1138,0,2022-11-16
1668643200000,1267.4,1286.7,1263.2,1283.8,4452.134,1668729599999,5682188.3370,19782,2130.771,2720326.7835,0,2022-11-17
1668729600000,1283.5,1290.0,1265.7,1272.3,3096.454,1668815999999,3952014.3520,13847,1456.679,1860536.1435,0,2022-11-18
1668816000000,1272.9,1281.4,1266.6,1270.0,2113.619,1668902399999,2694730.6157,10944,978.145,1246863.3950,0,2022-11-19
1668902400000,1270.2,1316.0,1262.0,1311.8,7400.958,1668988799999,9541089.5425,31435,3748.202,4832454.2004,0,2022-11-20
1668988800000,1312.4,1338.6,1301.7,1307.4,9785.186,1669075199999,12906101.6308,49369,5161.139,6810471.7507,0,2022-11-21
1669075200000,1307.5,1328.1,1293.6,1296.1,5065.364,1669161599999,6637680.8915,26084,2590.200,3394659.9298,0,2022-11-22
1669161600000,1296.1,1308.0,1260.0,1264.2,5881.611,1669247999999,7540872.5869,30157,2539.072,3257324.2968,0,2022-11-23
1669248000000,1264.2,1270.2,1243.8,1246.4,4123.226,1669334399999,5178757.4702,20445,1907.762,2397100.9538,0,2022-11-24
1669334400000,1246.5,1261.3,1238.8,1241.8,2718.779,1669420799999,3397643.2882,16468,1218.025,1522743.9975,0,2022-11-25
1669420800000,1241.6,1242.8,1213.6,1227.0,4619.813,1669507199999,5662206.3521,22111,1928.521,2364211.4325,0,2022-11-26
1669507200000,1226.7,1234.0,1214.7,1230.6,3755.128,1669593599999,4582612.9347,16903,1795.573,2192086.9048,0,2022-11-27
1669593600000,1230.5,1257.5,1227.0,1246.2,6900.017,1669679999999,8607270.1081,33274,3525.165,4397449.8033,0,2022-11-28
1669680000000,1246.6,1252.9,1221.3,1227.6,3965.326,1669766399999,4880164.6999,21721,1792.435,2206313.1573,0,2022-11-29
1669766400000,1227.7,1229.1,1206.9,1221.5,4995.073,1669852799999,6095676.8380,23387,2444.017,2983729.3100,0,2022-11-30
1669852800000,1221.6,1241.4,1220.7,1230.2,3367.783,1669939199999,4147566.8190,16289,1568.781,1932170.1694,0,2022-12-01
1669939200000,1230.3,1241.1,1223.6,1224.1,2855.317,1670025599999,3515734.8496,15751,1432.957,1765109.4315,0,2022-12-02
1670025600000,1224.1,1250.0,1220.3,1248.9,3111.062,1670111999999,3849267.7403,16195,1610.545,1993563.6052,0,2022-12-03
1670112000000,1249.0,1249.7,1233.3,1237.0,2802.585,1670198399999,3478815.4163,13985,1394.594,1731168.3835,0,2022-12-04
1670198400000,1237.2,1248.1,1224.9,1239.7,4273.529,1670284799999,5280604.1389,16771,2019.927,2495473.2609,0,2022-12-05
1670284800000,1240.0,1253.0,1235.8,1241.4,4027.905,1670371199999,5018725.0524,14408,1959.062,2441232.8545,0,2022-12-06
1670371200000,1241.5,1266.5,1240.1,1261.0,6237.580,1670457599999,7858210.8764,22350,3198.799,4029761.3079,0,2022-12-07
1670457600000,1260.9,1265.7,1246.7,1249.3,3114.747,1670543999999,3912359.2631,14753,1417.611,1781116.3325,0,2022-12-08
1670544000000,1249.5,1261.8,1244.1,1260.1,2611.289,1670630399999,3268190.5482,11966,1382.971,1731293.7950,0,2022-12-09
1670630400000,1260.1,1266.0,1251.2,1256.4,3293.318,1670716799999,4141463.2126,14310,1557.686,1959401.7581,0,2022-12-10
1670716800000,1256.4,1270.3,1250.9,1267.7,2325.706,1670803199999,2928706.4163,11830,1217.364,1533530.3230,0,2022-12-11
1670803200000,1267.7,1283.2,1259.1,1274.8,5728.193,1670889599999,7301321.5915,26680,2927.689,3732949.8883,0,2022-12-12
1670889600000,1274.7,1302.8,1272.8,1288.9,8931.939,1670975999999,11515119.9917,35718,4929.526,6354095.5751,0,2022-12-13
1670976000000,1288.9,1316.0,1284.0,1310.2,4902.960,1671062399999,6369403.2090,23909,2523.829,3279168.2931,0,2022-12-14
1671062400000,1310.1,1320.0,1302.9,1313.7,4772.050,1671148799999,6272524.5573,23623,2441.764,3210215.6694,0,2022-12-15
1671148800000,1313.5,1390.0,1306.9,1378.9,19368.607,1671235199999,26112630.4565,82020,10972.312,14794283.2164,0,2022-12-16
1671235200000,1379.0,1397.9,1358.4,1361.0,16010.562,1671321599999,22008862.1549,74995,8495.966,11681489.8980,0,2022-12-17
1671321600000,1361.0,1371.0,1345.9,1359.9,6041.310,1671407999999,8217011.5432,30241,3044.331,4140537.1569,0,2022-12-18
1671408000000,1359.8,1384.4,1351.5,1371.1,6018.858,1671494399999,8241248.1970,32701,2826.292,3871604.3058,0,2022-12-19
1671494400000,1371.0,1373.4,1348.8,1354.7,5361.328,1671580799999,7282649.3325,26909,2593.455,3523418.9516,0,2022-12-20
1671580800000,1354.7,1367.9,1353.6,1358.7,2907.421,1671667199999,3956806.1159,16585,1374.699,1871088.8241,0,2022-12-21
1671667200000,1358.7,1374.8,1340.0,1353.1,5709.303,1671753599999,7765163.7138,26107,2667.485,3629017.6741,0,2022-12-22
1671753600000,1353.1,1357.1,1342.7,1348.3,2228.424,1671839999999,3010339.4737,14755,1123.476,1517714.2582,0,2022-12-23
1671840000000,1348.3,1359.8,1347.7,1354.7,1257.319,1671926399999,1704738.9044,9065,571.639,775145.2426,0,2022-12-24
1671926400000,1354.7,1370.8,1352.5,1358.7,2212.052,1672012799999,3012977.8049,12970,1102.581,1501871.6420,0,2022-12-25
1672012800000,1358.7,1363.0,1349.0,1350.6,2077.367,1672099199999,2816981.0151,10880,969.382,1314912.0325,0,2022-12-26
1672099200000,1350.4,1357.4,1345.0,1347.0,3576.710,1672185599999,4833372.7308,15473,1676.502,2266082.3761,0,2022-12-27
1672185600000,1347.0,1372.0,1344.8,1364.4,5940.317,1672271999999,8111634.1365,26336,2975.977,4063758.1834,0,2022-12-28
1672272000000,1364.4,1379.0,1362.1,1368.3,3019.755,1672358399999,4132760.2496,16358,1575.430,2156420.2430,0,2022-12-29
1672358400000,1368.4,1375.9,1363.9,1366.5,2371.281,1672444799999,3249650.4580,12905,1108.968,1519873.4301,0,2022-12-30
1672444800000,1366.5,1369.4,1355.6,1362.6,2378.917,1672531199999,3240231.7606,11142,1104.534,1504361.5846,0,2022-12-31
1672531200000,1362.5,1368.5,1360.3,1365.0,1295.689,1672617599999,1768054.6917,7972,668.385,911966.9336,0,2023-01-01
1672617600000,1365.0,1377.4,1344.4,1349.8,4206.090,1672703999999,5711307.2626,18065,1928.416,2620283.1961,0,2023-01-02
1672704000000,1349.7,1357.1,1347.4,1348.7,2129.867,1672790399999,2878595.7117,10567,1041.442,1407913.5772,0,2023-01-03
1672790400000,1348.6,1349.1,1312.3,1316.7,5544.366,1672876799999,7345901.9674,24670,2469.366,3270262.7156,0,2023-01-04
1672876800000,1317.0,1330.9,1315.2,1326.8,3069.578,1672963199999,4062293.6191,14474,1297.968,1718371.2436,0,2023-01-05
1672963200000,1326.8,1333.7,1312.0,1315.9,2945.720,1673049599999,3899580.8336,16566,1363.381,1805028.3931,0,2023-01-06
1673049600000,1315.9,1321.1,1313.4,1318.7,1391.024,1673135999999,1833227.8533,9382,687.261,905786.4912,0,2023-01-07
1673136000000,1318.5,1325.5,1293.2,1295.8,3084.596,1673222399999,4042151.3924,15920,1502.000,1968102.2547,0,2023-01-08
1673222400000,1295.8,1299.1,1256.2,1274.6,10471.168,1673308799999,13333965.2657,41922,4601.332,5859804.7225,0,2023-01-09
1673308800000,1274.5,1283.1,1265.4,1279.2,4320.183,1673395199999,5507274.0064,19169,2001.247,2551412.9477,0,2023-01-10
1673395200000,1279.2,1286.5,1260.8,1271.5,5374.798,1673481599999,6864050.3532,21744,2428.628,3101889.5072,0,2023-01-11
1673481600000,1271.5,1316.5,1266.6,1310.7,7690.790,1673567999999,9930376.4095,35410,3883.229,5018225.9466,0,2023-01-12
1673568000000,1310.6,1348.2,1305.7,1348.0,5925.648,1673654399999,7865399.9649,30034,3000.103,3983844.0231,0,2023-01-13
1673654400000,1348.1,1366.5,1312.9,1338.5,12130.473,1673740799999,16224775.5231,52678,5829.020,7801135.4519,0,2023-01-14
1673740800000,1338.6,1353.7,1335.0,1339.3,4545.444,1673827199999,6110955.1703,20265,2164.138,2910818.2903,0,2023-01-15
1673827200000,1339.3,1359.6,1334.1,1351.6,5730.192,1673913599999,7718599.3513,22575,2778.515,3744379.4119,0,2023-01-16
1673913600000,1351.7,1358.0,1345.3,1355.5,4460.149,1673999999999,6027107.6617,20973,2287.505,3091695.6064,0,2023-01-17
1674000000000,1355.0,1382.5,1345.4,1380.8,6757.448,1674086399999,9217161.2675,37554,3472.027,4738209.3603,0,2023-01-18
1674086400000,1380.8,1381.8,1366.9,1370.4,4347.093,1674172799999,5973802.6819,27963,2105.195,2893353.0207,0,2023-01-19
1674172800000,1370.5,1388.6,1358.7,1382.2,4610.340,1674259199999,6323675.7146,25521,2309.269,3168549.5903,0,2023-01-20
1674259200000,1382.3,1420.0,1375.0,1415.1,5453.080,1674345599999,7630916.7768,28533,2877.139,4027352.6895,0,2023-01-21
1674345600000,1415.2,1420.0,1384.3,1403.1,3729.912,1674431999999,5244131.0932,21165,1863.648,2622018.6832,0,2023-01-22
1674432000000,1403.0,1417.1,1388.4,1408.0,3208.431,1674518399999,4500286.9424,18414,1565.184,2195957.0302,0,2023-01-23
1674518400000,1407.6,1468.8,1395.0,1448.4,4793.055,1674604799999,6831484.4094,28174,2587.855,3692823.1756,0,2023-01-24
1674604800000,1448.4,1463.9,1426.9,1427.0,7928.581,1674691199999,11482872.9448,36847,3930.946,5695506.5319,0,2023-01-25
1674691200000,1427.1,1439.9,1420.4,1426.4,3301.306,1674777599999,4714972.9839,23842,1588.196,2268356.8253,0,2023-01-26
1674777600000,1426.4,1451.9,1422.7,1422.8,3454.990,1674863999999,4962735.6056,19300,1622.527,2331544.4040,0,2023-01-27
1674864000000,1422.8,1449.2,1414.0,1439.6,2577.297,1674950399999,3687752.9504,16564,1251.208,1790201.2712,0,2023-01-28
1674950400000,1440.0,1442.9,1420.4,1425.5,2793.209,1675036799999,3995892.5257,16856,1345.201,1924772.4210,0,2023-01-29
1675036800000,1425.5,1458.7,1421.9,1440.0,4063.419,1675123199999,5868717.2989,28972,1878.377,2712848.8833,0,2023-01-30
1675123200000,1440.1,1440.2,1423.9,1434.2,2645.942,1675209599999,3790335.0526,21574,1329.530,1904531.6680,0,2023-01-31
1675209600000,1434.1,1453.6,1421.0,1426.5,5613.278,1675295999999,8069199.2515,33488,2617.716,3761716.4161,0,2023-02-01
1675296000000,1426.7,1427.3,1390.3,1412.0,5704.528,1675382399999,8032439.2559,33034,2736.927,3855749.8843,0,2023-02-02
1675382400000,1411.9,1417.9,1382.1,1386.9,3996.466,1675468799999,5590450.0875,22576,1912.533,2676386.1596,0,2023-02-03
1675468800000,1386.9,1391.5,1369.5,1379.4,3673.310,1675555199999,5066035.4238,17956,1714.445,2365624.8172,0,2023-02-04
1675555200000,1379.4,1397.7,1375.6,1388.0,2937.155,1675641599999,4071454.3088,18827,1385.344,1920917.5859,0,2023-02-05
1675641600000,1388.1,1397.9,1379.6,1395.3,2340.738,1675727999999,3244237.6185,16032,1122.797,1556531.0561,0,2023-02-06
1675728000000,1394.9,1396.7,1372.5,1373.8,3737.027,1675814399999,5168850.1598,19716,1805.419,2497443.3253,0,2023-02-07
1675814400000,1373.7,1380.3,1361.0,1374.6,5088.725,1675900799999,6974205.4495,24249,2232.792,3060981.2024,0,2023-02-08
1675900800000,1374.7,1412.8,1366.7,1399.4,6673.995,1675987199999,9257027.5323,36673,3391.283,4705883.3912,0,2023-02-09
1675987200000,1399.4,1408.1,1391.8,1405.9,5906.788,1676073599999,8264579.0795,34213,2797.418,3914863.1041,0,2023-02-10
1676073600000,1406.2,1408.3,1392.5,1396.7,2239.714,1676159999999,3139582.8056,14945,1070.809,1501306.0669,0,2023-02-11
1676160000000,1396.7,1413.0,1389.4,1407.1,2676.215,1676246399999,3749951.7926,17027,1334.977,1871311.4010,0,2023-02-12
1676246400000,1407.0,1449.4,1403.9,1428.7,8503.860,1676332799999,12165410.6655,49928,4576.681,6548957.3476,0,2023-02-13
1676332800000,1428.6,1435.7,1408.7,1413.8,5278.116,1676419199999,7506616.8803,32670,2475.739,3521693.1984,0,2023-02-14
1676419200000,1413.8,1450.8,1408.6,1444.5,5140.126,1676505599999,7336476.7889,35555,2538.972,3624760.8257,0,2023-02-15
1676505600000,1444.7,1467.2,1442.3,1442.5,5350.003,1676591999999,7784303.0939,41089,2743.147,3992468.7550,0,2023-02-16
1676592000000,1442.6,1453.8,1423.8,1445.2,4590.673,1676678399999,6592840.3997,36537,2158.649,3101627.6430,0,2023-02-17
1676678400000,1445.3,1455.8,1438.2,1448.5,1724.839,1676764799999,2495048.6110,14998,867.488,1254814.2695,0,2023-02-18
1676764800000,1448.6,1453.3,1430.5,1434.2,2801.178,1676851199999,4044419.5417,21357,1247.350,1801156.9443,0,2023-02-19
1676851200000,1434.1,1451.9,1425.2,1445.6,2636.406,1676937599999,3794793.8746,25579,1334.828,1921312.0000,0,2023-02-20
1676937600000,1445.7,1467.8,1441.2,1460.6,3690.463,1677023999999,5379305.2524,26332,1918.604,2796956.0670,0,2023-02-21
1677024000000,1460.7,1463.8,1450.5,1453.7,3759.798,1677110399999,5476503.3959,25386,1835.542,2674067.1604,0,2023-02-22
1677110400000,1453.6,1458.2,1434.4,1443.6,2797.191,1677196799999,4039752.8139,24614,1420.242,2051563.6836,0,2023-02-23
1677196800000,1444.0,1455.2,1433.6,1444.0,3018.948,1677283199999,4364088.0341,24492,1539.617,2225467.7947,0,2023-02-24
1677283200000,1444.0,1467.0,1435.0,1453.3,3572.955,1677369599999,5188795.4178,31379,1826.008,2651923.5409,0,2023-02-25
1677369600000,1453.3,1455.0,1439.4,1442.3,2037.542,1677455999999,2946578.0413,18547,1025.768,1483103.3721,0,2023-02-26
1677456000000,1442.4,1452.9,1436.6,1450.8,2797.538,1677542399999,4042581.1570,19860,1393.584,2014762.4084,0,2023-02-27
1677542400000,1450.8,1459.2,1442.4,1454.9,2327.065,1677628799999,3376335.6359,18472,1170.374,1698198.4772,0,2023-02-28
1677628800000,1454.7,1458.2,1438.9,1440.7,2470.678,1677715199999,3580538.9181,19790,1103.094,1599002.5372,0,2023-03-01
1677715200000,1440.7,1460.4,1437.0,1451.6,2671.990,1677801599999,3880523.0779,23276,1329.917,1931625.0101,0,2023-03-02
1677801600000,1451.5,1465.0,1441.0,1443.2,4319.256,1677887999999,6271433.0065,30742,2163.210,3141372.4311,0,2023-03-03
1677888000000,1443.1,1461.6,1438.6,1452.9,2480.155,1677974399999,3597587.5520,18926,1274.173,1848475.1151,0,2023-03-04
1677974400000,1452.9,1460.8,1444.0,1459.7,2345.971,1678060799999,3405390.4153,16141,1105.999,1606328.7535,0,2023-03-05
1678060800000,1459.6,1469.2,1456.2,1460.3,2978.387,1678147199999,4354272.5142,22576,1572.494,2299270.9467,0,2023-03-06
1678147200000,1460.2,1466.1,1447.5,1448.5,3027.321,1678233599999,4412136.9385,24496,1400.043,2041137.0542,0,2023-03-07
1678233600000,1448.6,1461.4,1443.6,1450.4,2859.444,1678319999999,4143905.4861,22601,1383.968,2005939.3449,0,2023-03-08
1678320000000,1450.5,1452.3,1422.7,1440.0,5192.743,1678406399999,7474384.3227,30960,2472.308,3559520.1826,0,2023-03-09
1678406400000,1440.2,1463.0,1423.6,1429.6,9319.359,1678492799999,13432748.9639,55977,4667.869,6732173.7456,0,2023-03-10
1678492800000,1429.6,1447.6,1420.4,1433.6,5033.229,1678579199999,7223913.6439,29495,2228.114,3197962.1231,0,2023-03-11
1678579200000,1433.5,1443.8,1417.5,1440.0,5277.583,1678665599999,7561032.1206,30853,2512.423,3600223.4411,0,2023-03-12
1678665600000,1440.2,1512.9,1435.8,1500.5,8347.924,1678751999999,12300744.7861,53019,4526.436,6675501.4362,0,2023-03-13
1678752000000,1500.5,1570.0,1498.8,1517.3,11017.973,1678838399999,16853095.1048,53206,6133.416,9385279.9562,0,2023-03-14
1678838400000,1517.3,1567.7,1508.4,1547.3,11387.022,1678924799999,17601319.3827,60019,6113.890,9457241.0211,0,2023-03-15
1678924800000,1547.4,1573.8,1542.3,1555.4,6757.807,1679011199999,10518955.7272,39666,3694.714,5752426.2896,0,2023-03-16
1679011200000,1555.3,1635.7,1555.2,1602.5,10725.254,1679097599999,17129162.1192,53928,5561.329,8878951.9944,0,2023-03-17
1679097600000,1602.6,1613.1,1575.4,1610.1,7261.955,1679183999999,11575631.8983,44588,3746.402,5974143.2799,0,2023-03-18
1679184000000,1610.1,1648.6,1595.8,1647.9,5736.153,1679270399999,9282955.9242,33441,3109.740,5035775.3117,0,2023-03-19
1679270400000,1647.9,1686.5,1623.4,1681.5,9500.627,1679356799999,15740371.0537,67883,4750.501,7878269.2509,0,2023-03-20
1679356800000,1681.6,1683.8,1616.2,1625.3,10743.198,1679443199999,17717172.9079,89216,5414.671,8934186.4164,0,2023-03-21
1679443200000,1625.3,1678.9,1623.3,1644.8,12961.670,1679529599999,21347557.3795,97215,6512.251,10729197.0520,0,2023-03-22
1679529600000,1644.8,1655.6,1624.3,1638.6,5023.877,1679615999999,8231150.9605,33091,2627.711,4305750.0834,0,2023-03-23
1679616000000,1638.5,1677.9,1635.3,1647.2,6909.142,1679702399999,11447096.8601,70795,3533.112,5854693.9678,0,2023-03-24
1679702400000,1646.9,1656.7,1637.9,1652.0,4592.273,1679788799999,7565981.2706,40023,2190.719,3607341.4559,0,2023-03-25
1679788800000,1652.0,1657.4,1630.7,1653.2,4032.893,1679875199999,6641750.7691,26210,1720.206,2833132.4805,0,2023-03-26
1679875200000,1653.3,1668.0,1636.2,1656.2,5467.476,1679961599999,9046866.3506,48188,2775.348,4592782.2933,0,2023-03-27
1679961600000,1656.1,1659.0,1608.0,1613.2,5631.754,1680047999999,9182672.0576,55639,2654.908,4329255.9465,0,2023-03-28
1680048000000,1612.9,1654.5,1604.1,1651.1,4750.222,1680134399999,7745410.1943,40920,2375.972,3876794.3186,0,2023-03-29
1680134400000,1651.1,1676.7,1633.0,1637.9,5087.671,1680220799999,8438439.2549,36506,2533.466,4204277.1670,0,2023-03-30
1680220800000,1637.9,1645.5,1618.8,1636.1,3362.480,1680307199999,5485920.9875,26424,1908.459,3113930.2331,0,2023-03-31
1680307200000,1636.0,1648.3,1633.5,1640.7,2097.285,1680393599999,3441787.0955,19798,1010.496,1658324.0113,0,2023-04-01
1680393600000,1640.4,1647.7,1633.3,1644.7,1868.180,1680479999999,3064160.1849,16857,889.634,1459215.2197,0,2023-04-02
1680480000000,1644.8,1649.2,1609.2,1613.9,4616.306,1680566399999,7522354.9178,35337,2334.162,3801397.9619,0,2023-04-03
1680566400000,1613.9,1625.6,1592.3,1598.1,3249.179,1680652799999,5214870.2815,25953,1581.861,2538364.1897,0,2023-04-04
1680652800000,1598.1,1601.1,1572.5,1577.2,3586.427,1680739199999,5691160.0180,26280,1651.510,2622136.5358,0,2023-04-05
1680739200000,1577.3,1603.6,1576.6,1599.8,2346.863,1680825599999,3735717.9418,21933,1174.330,1869325.2042,0,2023-04-06
1680825600000,1599.7,1611.0,1595.1,1597.5,1890.694,1680911999999,3032107.4138,16526,931.015,1493244.2910,0,2023-04-07
1680912000000,1597.9,1617.6,1597.6,1612.6,1336.915,1680998399999,2145787.9589,11649,694.346,1114568.1718,0,2023-04-08
1680998400000,1612.6,1626.5,1610.4,1624.1,2038.739,1681084799999,3298763.5923,16796,1039.497,1682272.7053,0,2023-04-09
1681084800000,1624.0,1667.7,1621.1,1658.6,4712.359,1681171199999,7736504.3675,27609,2605.056,4278436.3982,0,2023-04-10
1681171200000,1659.2,1697.2,1657.1,1693.9,6457.903,1681257599999,10811811.0377,37412,3627.172,6075559.3089,0,2023-04-11
1681257600000,1693.9,1713.3,1662.7,1668.4,9081.162,1681343999999,15386911.6325,49523,4702.117,7971009.3312,0,2023-04-12
1681344000000,1668.3,1689.0,1627.5,1631.9,8144.539,1681430399999,13433260.0656,46336,3983.883,6573068.5979,0,2023-04-13
1681430400000,1632.0,1633.4,1577.6,1586.9,10918.780,1681516799999,17409055.4362,58361,5291.145,8434159.5780,0,2023-04-14
1681516800000,1587.1,1597.5,1569.5,1577.0,4323.012,1681603199999,6835289.1822,25865,2018.961,3193568.5932,0,2023-04-15
1681603200000,1576.9,1584.6,1546.1,1551.4,3939.530,1681689599999,6172020.5727,25872,1803.371,2826378.3786,0,2023-04-16
1681689600000,1551.4,1557.8,1534.6,1539.4,4423.673,1681775999999,6834343.8434,25733,2029.641,3136626.2307,0,2023-04-17
1681776000000,1540.1,1572.9,1529.6,1563.7,5150.487,1681862399999,7983899.5917,27280,2127.131,3301451.8770,0,2023-04-18
1681862400000,1563.8,1614.3,1560.6,1603.7,9588.518,1681948799999,15271834.7026,54346,5024.490,8003651.3394,0,2023-04-19
1681948800000,1604.1,1606.2,1578.3,1586.5,5686.676,1682035199999,9061969.4671,34985,2877.872,4586642.5695,0,2023-04-20
1682035200000,1586.4,1613.0,1578.0,1594.9,6449.604,1682121599999,10285574.5167,35990,3215.510,5129802.9460,0,2023-04-21
1682121600000,1594.9,1598.1,1581.0,1596.0,3797.347,1682207999999,6036933.1089,25566,1763.122,2803018.3368,0,2023-04-22
1682208000000,1596.0,1607.4,1583.7,1595.3,4260.688,1682294399999,6797152.6566,27254,2134.533,3404976.9609,0,2023-04-23
1682294400000,1595.3,1606.4,1587.2,1602.8,4023.429,1682380799999,6426491.7879,25611,2034.635,3249920.9803,0,2023-04-24
1682380800000,1602.9,1625.3,1599.1,1622.4,5604.834,1682467199999,9041867.7861,33655,3029.505,4888164.2443,0,2023-04-25
1682467200000,1622.5,1660.0,1620.8,1642.6,8785.665,1682553599999,14406626.2443,48839,4569.020,7495313.0099,0,2023-04-26
1682553600000,1642.4,1677.0,1635.9,1671.4,5317.706,1682639999999,8822637.9163,40351,2778.257,4609928.3129,0,2023-04-27
1682640000000,1671.3,1679.2,1663.9,1673.1,3164.077,1682726399999,5288878.8576,27354,1601.900,2677954.2835,0,2023-04-28
1682726400000,1673.3,1675.3,1656.2,1658.4,2340.835,1682812799999,3896131.0871,19010,1115.823,1857215.5388,0,2023-04-29
1682812800000,1658.4,1678.0,1658.4,1677.5,2454.109,1682899199999,4091276.4609,20170,1258.784,2099276.3238,0,2023-04-30
1682899200000,1677.3,1678.1,1638.7,1645.2,3606.984,1682985599999,5972929.6377,26522,1752.969,2903135.1489,0,2023-05-01
1682985600000,1645.1,1664.8,1642.4,1659.0,2305.277,1683071999999,3811417.7115,18534,1235.027,2041852.9138,0,2023-05-02
1683072000000,1659.1,1667.8,1635.2,1653.9,3585.178,1683158399999,5935105.8184,25719,1840.803,3047915.0941,0,2023-05-03
1683158400000,1653.9,1670.0,1652.0,1666.0,2635.823,1683244799999,4383885.1843,19089,1296.576,2156878.2526,0,2023-05-04
1683244800000,1666.0,1683.4,1630.9,1633.5,4897.767,1683331199999,8104422.6941,34161,2474.173,4094349.8628,0,2023-05-05
1683331200000,1633.3,1673.3,1630.8,1665.8,5585.828,1683417599999,9273636.7311,38016,2923.686,4853542.1258,0,2023-05-06
1683417600000,1666.0,1668.6,1650.3,1656.6,2661.659,1683503999999,4416666.3367,21168,1333.119,2212403.9059,0,2023-05-07
1683504000000,1656.8,1676.6,1642.4,1654.5,4641.981,1683590399999,7695305.6165,33797,2363.042,3917501.1309,0,2023-05-08
1683590400000,1654.6,1656.4,1642.6,1650.1,1977.492,1683676799999,3263971.8339,17405,1073.201,1771319.6922,0,2023-05-09
1683676800000,1650.2,1664.1,1636.2,1645.0,3774.387,1683763199999,6233643.9216,27143,1880.122,3105160.7046,0,2023-05-10
1683763200000,1645.0,1666.9,1644.7,1649.1,3129.685,1683849599999,5180660.5580,27608,1545.987,2559352.7346,0,2023-05-11
1683849600000,1649.0,1654.6,1617.2,1620.1,3380.600,1683935999999,5516374.6359,24176,1660.086,2709639.0912,0,2023-05-12
1683936000000,1620.7,1639.7,1620.0,1630.2,1638.434,1684022399999,2670392.3474,14126,821.576,1339076.3848,0,2023-05-13
1684022400000,1630.5,1637.1,1624.2,1632.0,1337.113,1684108799999,2179720.0834,12365,672.026,1095556.3815,0,2023-05-14
1684108800000,1632.0,1644.5,1626.7,1637.4,2003.957,1684195199999,3280726.5229,17889,1041.799,1705638.1701,0,2023-05-15
1684195200000,1637.5,1644.9,1618.8,1620.2,1875.647,1684281599999,3061865.8352,20054,926.440,1512434.5765,0,2023-05-16
1684281600000,1620.2,1635.2,1613.9,1634.7,2284.015,1684367999999,3705199.0687,22774,1180.503,1915297.8946,0,2023-05-17
1684368000000,1634.7,1637.6,1610.9,1616.8,2455.397,1684454399999,3991170.5793,22574,1074.659,1746593.6102,0,2023-05-18
1684454400000,1616.8,1620.6,1608.2,1614.1,1404.763,1684540799999,2267560.1700,15299,711.098,1147722.7096,0,2023-05-19
1684540800000,1614.0,1621.6,1609.9,1620.5,1005.900,1684627199999,1625547.8010,11948,477.949,772397.1293,0,2023-05-20
1684627200000,1620.4,1629.1,1613.1,1618.8,1437.335,1684713599999,2331199.0146,13811,650.000,1054095.3739,0,2023-05-21
1684713600000,1618.8,1622.2,1608.6,1610.9,1278.713,1684799999999,2064757.1972,13801,625.948,1010738.8284,0,2023-05-22
1684800000000,1611.0,1617.3,1603.1,1607.2,2536.785,1684886399999,4084203.7946,23019,1226.357,1974628.7984,0,2023-05-23
1684886400000,1607.0,1614.7,1598.8,1599.6,2036.639,1684972799999,3274066.5688,17852,994.103,1598281.4369,0,2023-05-24
1684972800000,1599.6,1609.1,1598.5,1606.3,1558.356,1685059199999,2501173.9502,14232,778.764,1249950.8657,0,2023-05-25
1685059200000,1606.3,1612.1,1594.0,1602.4,1777.243,1685145599999,2847950.5874,16874,802.299,1285590.7874,0,2023-05-26
1685145600000,1602.6,1608.5,1598.2,1602.6,849.581,1685231999999,1360850.5190,10083,418.153,669874.6341,0,2023-05-27
1685232000000,1603.0,1639.2,1600.0,1618.2,2766.512,1685318399999,4477870.2787,21650,1344.613,2176594.6478,0,2023-05-28
1685318400000,1618.0,1629.1,1604.9,1611.9,1579.149,1685404799999,2550396.2314,15352,774.203,1250353.0693,0,2023-05-29
1685404800000,1611.8,1612.6,1595.2,1597.8,1126.766,1685491199999,1807627.2283,11816,537.670,862551.9248,0,2023-05-30
1685491200000,1597.7,1604.0,1589.0,1594.4,1502.019,1685577599999,2395311.7907,14751,722.083,1151804.3915,0,2023-05-31
1685577600000,1594.4,1595.7,1577.9,1582.7,1286.619,1685663999999,2041599.6557,13980,581.706,923026.5337,0,2023-06-01
1685664000000,1582.7,1585.1,1567.9,1570.4,1339.859,1685750399999,2110627.0529,13477,611.710,963780.5092,0,2023-06-02
1685750400000,1570.4,1578.4,1565.1,1568.6,1133.918,1685836799999,1781340.4717,10751,547.638,860429.7691,0,2023-06-03
1685836800000,1568.7,1573.9,1562.2,1570.5,947.764,1685923199999,1486506.9560,10316,477.178,748517.5313,0,2023-06-04
1685923200000,1570.4,1599.6,1566.2,1577.8,3117.735,1686009599999,4923456.5109,28470,1469.612,2321859.6802,0,2023-06-05
1686009600000,1577.9,1616.6,1562.3,1614.9,2866.103,1686095999999,4547880.6862,22855,1565.275,2486873.5898,0,2023-06-06
1686096000000,1614.8,1630.9,1601.8,1627.2,2208.500,1686182399999,3572131.4226,20834,1122.999,1816729.9946,0,2023-06-07
1686182400000,1627.1,1630.6,1616.3,1625.5,1901.455,1686268799999,3089301.1213,16092,973.164,1581494.9580,0,2023-06-08
1686268800000,1625.5,1640.2,1623.3,1636.8,1478.663,1686355199999,2414221.9848,13163,754.565,1232195.4385,0,2023-06-09
1686355200000,1636.9,1751.4,1636.3,1705.3,20674.547,1686441599999,35396366.6083,127272,10876.428,18623252.2451,0,2023-06-10
1686441600000,1705.3,1715.8,1700.0,1708.8,4420.422,1686527999999,7550306.7355,34432,2214.945,3783627.2075,0,2023-06-11
1686528000000,1708.9,1732.8,1706.8,1715.1,3790.103,1686614399999,6520441.9173,24524,1921.321,3306213.1197,0,2023-06-12
1686614400000,1715.1,1724.9,1694.5,1707.4,3935.842,1686700799999,6736309.3882,28260,1941.901,3323782.1313,0,2023-06-13
1686700800000,1707.3,1747.4,1700.6,1732.9,3706.273,1686787199999,6377676.1645,27426,2016.719,3473105.3766,0,2023-06-14
1686787200000,1732.8,1759.2,1723.2,1754.2,4041.155,1686873599999,7032251.2786,32338,2209.027,3844945.9772,0,2023-06-15
1686873600000,1754.2,1783.0,1742.6,1769.8,3671.923,1686959999999,6465926.2481,27035,1847.179,3253801.5076,0,2023-06-16
1686960000000,1769.9,1777.2,1748.0,1764.2,2576.195,1687046399999,4533160.5732,22622,1224.955,2155801.1631,0,2023-06-17
1687046400000,1764.2,1769.4,1751.2,1760.0,1860.251,1687132799999,3274919.1456,16678,939.620,1654432.3627,0,2023-06-18
1687132800000,1759.9,1782.4,1758.2,1779.2,2655.070,1687219199999,4704286.8114,20104,1434.918,2542757.2793,0,2023-06-19
1687219200000,1779.3,1835.0,1778.7,1828.5,6790.523,1687305599999,12275245.6902,40924,3683.977,6660953.5563,0,2023-06-20
1687305600000,1828.3,1894.9,1824.7,1854.2,10382.551,1687391999999,19275748.6085,50025,5212.179,9674987.7365,0,2023-06-21
1687392000000,1854.6,1874.1,1830.0,1869.0,4970.583,1687478399999,9193575.9829,31849,2575.962,4765290.5581,0,2023-06-22
1687478400000,1869.0,1912.2,1855.6,1884.0,5192.449,1687564799999,9768779.8668,30090,2920.532,5494785.8391,0,2023-06-23
1687564800000,1883.8,1906.1,1876.1,1897.4,3602.058,1687651199999,6807484.7973,22437,1948.172,3682908.8416,0,2023-06-24
1687651200000,1897.4,1902.5,1859.9,1871.0,3326.843,1687737599999,6250584.4871,24401,1606.001,3017698.1373,0,2023-06-25
1687737600000,1870.9,1903.1,1869.8,1898.7,3650.445,1687823999999,6878687.0525,24964,1891.207,3564407.0688,0,2023-06-26
1687824000000,1898.7,1905.0,1880.0,1894.2,2524.131,1687910399999,4780049.4561,19216,1289.131,2441418.7530,0,2023-06-27
1687910400000,1894.1,1946.0,1894.0,1926.8,4709.729,1687996799999,9014926.7889,33909,2574.073,4928233.8536,0,2023-06-28
1687996800000,1926.8,1929.8,1912.7,1918.5,3464.877,1688083199999,6656600.0694,25091,1671.154,3210641.4299,0,2023-06-29
1688083200000,1918.6,1923.3,1829.6,1834.5,8008.899,1688169599999,15008026.6300,57575,3995.304,7485669.9284,0,2023-06-30
1688169600000,1834.6,1849.1,1825.5,1838.7,3098.672,1688255999999,5702745.0999,24569,1663.895,3062090.6783,0,2023-07-01
1688256000000,1838.4,1847.6,1817.1,1824.6,2078.664,1688342399999,3816728.4890,17648,975.626,1791972.0764,0,2023-07-02
1688342400000,1824.7,1847.0,1802.2,1843.8,2858.284,1688428799999,5210393.0052,25004,1401.747,2556224.5261,0,2023-07-03
1688428800000,1843.9,1858.1,1833.2,1841.5,2097.860,1688515199999,3865716.4509,19782,1011.256,1863478.4627,0,2023-07-04
1688515200000,1841.3,1865.7,1836.4,1855.2,2546.935,1688601599999,4713415.0214,22673,1256.428,2325523.0845,0,2023-07-05
1688601600000,1855.2,1876.6,1844.8,1875.5,2806.208,1688687999999,5223009.3487,25563,1395.475,2598461.6742,0,2023-07-06
1688688000000,1875.5,1883.9,1869.2,1874.6,2026.838,1688774399999,3800874.3459,19765,1073.904,2014066.7893,0,2023-07-07
1688774400000,1874.6,1880.0,1866.2,1870.3,1096.991,1688860799999,2053732.9372,12680,521.187,975888.2523,0,2023-07-08
1688860800000,1870.3,1879.4,1865.4,1872.8,1611.628,1688947199999,3015859.5598,13312,815.643,1526342.8132,0,2023-07-09
1688947200000,1872.8,1884.8,1850.4,1861.8,2370.022,1689033599999,4433004.4476,22183,1184.846,2216414.4327,0,2023-07-10
1689033600000,1861.8,1880.0,1860.3,1870.9,1257.996,1689119999999,2350829.1483,14315,604.794,1130225.9095,0,2023-07-11
1689120000000,1871.0,1877.6,1859.0,1866.6,1300.439,1689206399999,2428269.2101,13496,639.984,1195075.5567,0,2023-07-12
1689206400000,1866.9,1868.3,1731.2,1745.4,7821.720,1689292799999,13959188.3987,49990,3809.875,6803559.7869,0,2023-07-13
1689292800000,1745.1,1772.7,1723.6,1748.9,6475.619,1689379199999,11303926.6455,52398,3183.166,5559257.3344,0,2023-07-14
1689379200000,1748.7,1758.1,1733.2,1748.3,2185.677,1689465599999,3819232.6293,22942,1001.770,1750781.1777,0,2023-07-15
1689465600000,1748.3,1763.9,1743.1,1762.7,1566.039,1689551999999,2743064.2608,17109,766.562,1342722.5628,0,2023-07-16
1689552000000,1762.3,1780.0,1751.6,1763.8,3214.319,1689638399999,5680394.2926,30964,1612.705,2850157.5807,0,2023-07-17
1689638400000,1763.9,1772.9,1754.9,1759.9,1659.199,1689724799999,2927383.6787,17932,772.897,1363741.6392,0,2023-07-18
1689724800000,1759.9,1762.8,1744.6,1757.6,1570.282,1689811199999,2753241.4284,16048,714.272,1252459.4546,0,2023-07-19
1689811200000,1757.5,1761.2,1742.2,1748.6,1695.078,1689897599999,2967605.2344,16860,803.213,1406330.0297,0,2023-07-20
1689897600000,1748.7,1760.6,1743.3,1757.6,1050.880,1689983999999,1841215.7925,12936,501.199,878128.7824,0,2023-07-21
1689984000000,1757.1,1791.8,1747.6,1785.5,1696.828,1690070399999,3001244.9831,14864,869.349,1538757.0678,0,2023-07-22
1690070400000,1785.5,1794.6,1771.8,1781.8,2120.655,1690156799999,3777957.2758,19341,1071.161,1908497.0338,0,2023-07-23
1690156800000,1781.8,1786.5,1766.0,1773.7,1922.509,1690243199999,3420024.4360,18710,952.572,1694530.7675,0,2023-07-24
1690243200000,1773.9,1784.9,1766.5,1771.1,2831.445,1690329599999,5024071.0073,22555,1388.091,2463099.2023,0,2023-07-25
1690329600000,1771.4,1783.3,1759.4,1759.7,1249.964,1690415999999,2212871.4908,15488,596.209,1055451.9981,0,2023-07-26
1690416000000,1759.8,1765.4,1750.2,1757.9,1084.368,1690502399999,1905351.6173,14177,546.748,960724.2219,0,2023-07-27
1690502400000,1757.9,1761.3,1750.0,1756.1,1061.800,1690588799999,1863419.2084,13633,519.572,911898.7491,0,2023-07-28
1690588800000,1756.0,1758.2,1744.2,1747.1,747.058,1690675199999,1309017.8938,11887,329.359,577183.9966,0,2023-07-29
1690675200000,1747.1,1767.2,1740.6,1760.9,1451.149,1690761599999,2546113.2040,14629,720.013,1263376.7246,0,2023-07-30
1690761600000,1761.0,1775.4,1758.2,1769.9,1361.303,1690847999999,2403414.2221,13948,635.436,1122044.4255,0,2023-07-31
1690848000000,1769.8,1787.1,1761.6,1779.3,2289.919,1690934399999,4061748.9892,19032,1076.210,1909731.0302,0,2023-08-01
1690934400000,1779.3,1797.0,1777.7,1793.5,1774.533,1691020799999,3175386.2731,21050,976.078,1746697.9630,0,2023-08-02
1691020800000,1793.5,1815.3,1790.2,1809.4,1774.473,1691107199999,3197934.3429,18678,886.890,1598837.0871,0,2023-08-03
1691107200000,1809.4,1815.6,1797.9,1815.6,1137.440,1691193599999,2056113.2750,14096,548.873,992348.2681,0,2023-08-04
1691193600000,1815.5,1825.1,1805.3,1806.6,1083.935,1691279999999,1966308.3124,14572,525.359,953171.7425,0,2023-08-05
1691280000000,1806.5,1816.5,1797.0,1812.8,1045.147,1691366399999,1887832.9558,15346,497.738,899082.3246,0,2023-08-06
1691366400000,1812.9,1829.6,1803.1,1824.2,1899.672,1691452799999,3452926.7934,21918,1001.590,1821198.5341,0,2023-08-07
1691452800000,1824.4,1836.5,1817.2,1828.2,1222.967,1691539199999,2233628.6026,18550,636.852,1163354.9432,0,2023-08-08
1691539200000,1828.2,1833.1,1803.8,1815.1,1029.122,1691625599999,1873883.7437,16488,511.310,931060.3187,0,2023-08-09
1691625600000,1815.0,1823.0,1811.7,1816.9,772.325,1691711999999,1403723.4245,14791,385.652,700963.3906,0,2023-08-10
1691712000000,1816.9,1821.5,1813.1,1819.8,659.714,1691798399999,1199241.1228,11780,327.628,595631.6277,0,2023-08-11
1691798400000,1819.8,1820.9,1813.2,1819.0,502.819,1691884799999,913884.6708,10743,223.070,405454.3385,0,2023-08-12
1691884800000,1819.1,1825.3,1807.3,1821.3,984.296,1691971199999,1788282.4366,14096,471.382,856446.2176,0,2023-08-13
1691971200000,1821.7,1828.0,1813.0,1821.7,1241.371,1692057599999,2259162.5153,15486,607.203,1105352.9724,0,2023-08-14
1692057600000,1821.6,1862.4,1817.4,1841.2,2520.167,1692143999999,4631832.1801,25707,1270.310,2336471.0244,0,2023-08-15
1692144000000,1841.2,1879.5,1840.6,1851.4,3453.337,1692230399999,6413041.9928,39069,1809.129,3360162.0364,0,2023-08-16
1692230400000,1851.5,1935.0,1830.3,1858.2,5417.122,1692316799999,10139346.3532,44632,2726.272,5106389.7555,0,2023-08-17
1692316800000,1858.0,1866.2,1818.0,1828.5,3363.107,1692403199999,6187782.8298,31146,1701.861,3131684.4932,0,2023-08-18
1692403200000,1828.5,1831.2,1800.1,1816.1,1656.417,1692489599999,3010044.9245,15432,885.728,1609975.1334,0,2023-08-19
1692489600000,1816.1,1821.8,1797.0,1804.6,1044.739,1692575999999,1891159.7684,14358,535.054,968648.9504,0,2023-08-20
1692576000000,1804.6,1839.4,1800.3,1826.6,2143.465,1692662399999,3906325.8120,24240,962.296,1753295.9615,0,2023-08-21
1692662400000,1826.5,1865.7,1824.9,1851.9,2299.207,1692748799999,4241146.5720,35036,1187.883,2192078.0154,0,2023-08-22
1692748800000,1851.9,1855.3,1822.2,1828.6,1583.860,1692835199999,2909788.8256,22619,750.352,1378611.3685,0,2023-08-23
1692835200000,1828.6,1841.9,1826.6,1832.6,789.661,1692921599999,1449740.5849,14268,366.666,673217.8176,0,2023-08-24
1692921600000,1832.6,1845.1,1827.4,1829.2,1109.716,1693007999999,2037971.9423,18781,533.385,979609.0791,0,2023-08-25
1693008000000,1829.2,1837.2,1828.7,1834.8,480.674,1693094399999,881374.1654,9279,229.937,421648.2604,0,2023-08-26
1693094400000,1834.7,1836.4,1824.1,1827.4,689.437,1693180799999,1261633.6470,12056,334.383,611950.5402,0,2023-08-27
1693180800000,1827.5,1848.5,1826.7,1831.9,4425.668,1693267199999,8118245.1057,52708,2165.365,3972613.8714,0,2023-08-28
1693267200000,1831.9,1876.7,1824.6,1861.4,3038.957,1693353599999,5618187.3402,32003,1567.328,2898885.9693,0,2023-08-29
1693353600000,1861.4,1869.8,1855.1,1868.1,1287.806,1693439999999,2399086.4005,15875,675.609,1258735.1828,0,2023-08-30
1693440000000,1868.2,1871.1,1835.9,1837.5,1500.235,1693526399999,2785742.2557,21572,721.456,1340308.0809,0,2023-08-31
1693526400000,1837.6,1859.6,1836.0,1851.1,885.682,1693612799999,1635379.6400,17235,422.382,779964.9578,0,2023-09-01
1693612800000,1851.2,1854.6,1843.6,1846.6,807.649,1693699199999,1493333.0724,17538,378.379,699734.4532,0,2023-09-02
1693699200000,1846.7,1858.4,1846.5,1852.7,642.608,1693785599999,1190160.0111,10940,295.341,546977.4981,0,2023-09-03
1693785600000,1852.6,1854.8,1842.0,1844.6,564.200,1693871999999,1042664.8545,12964,276.751,511459.3313,0,2023-09-04
1693872000000,1844.6,1848.2,1830.6,1837.5,574.337,1693958399999,1055587.4088,12792,263.914,484989.4393,0,2023-09-05
1693958400000,1837.3,1842.9,1825.5,1836.6,507.017,1694044799999,930592.2154,11699,233.596,428925.9960,0,2023-09-06
1694044800000,1836.5,1863.5,1832.2,1855.0,523.102,1694131199999,965424.5873,11261,257.416,475139.3582,0,2023-09-07
1694131200000,1855.0,1861.8,1844.7,1845.8,470.171,1694217599999,871366.5678,10828,234.362,434471.0664,0,2023-09-08
1694217600000,1845.8,1848.0,1842.9,1847.7,219.846,1694303999999,405670.2513,7142,106.267,196111.3493,0,2023-09-09
1694304000000,1847.6,1876.7,1847.2,1870.6,1947.235,1694390399999,3631495.4770,21358,1017.787,1898441.0409,0,2023-09-10
1694390400000,1870.7,1910.0,1865.3,1890.5,3310.246,1694476799999,6258223.0709,29080,1768.906,3345221.4486,0,2023-09-11
1694476800000,1890.5,1916.2,1887.6,1899.0,2580.540,1694563199999,4915170.3337,22117,1367.073,2604291.9242,0,2023-09-12
1694563200000,1899.0,1927.0,1898.1,1909.7,1409.631,1694649599999,2693823.4658,15927,771.896,1476035.5612,0,2023-09-13
1694649600000,1909.7,1921.1,1893.1,1908.7,1214.806,1694735999999,2317217.1802,14019,595.040,1135086.1954,0,2023-09-14
1694736000000,1908.3,1910.6,1890.0,1892.3,904.817,1694822399999,1719876.2374,12413,496.607,943919.6298,0,2023-09-15
1694822400000,1892.3,1898.9,1884.8,1896.3,767.273,1694908799999,1451747.2928,11236,381.899,722632.4692,0,2023-09-16
1694908800000,1896.4,1912.6,1895.7,1908.0,1025.987,1694995199999,1953630.1886,13413,529.319,1007963.1380,0,2023-09-17
1694995200000,1908.2,1921.0,1901.3,1903.6,1178.891,1695081599999,2253155.9388,14387,575.733,1100515.7570,0,2023-09-18
1695081600000,1903.7,1927.4,1898,1920.7,1211.199,1695167999999,2321900.4818,14086,641.504,1229707.9173,0,2023-09-19
1695168000000,1920.7,1934.6,1915.6,1933.9,1367.903,1695254399999,2636057.0978,15764,720.934,1389727.0606,0,2023-09-20
1695254400000,1934.1,1944.8,1924.1,1937.8,1453.297,1695340799999,2813577.3269,16279,781.725,1513642.7308,0,2023-09-21
1695340800000,1938.2,1941.8,1927.5,1929.5,847.084,1695427199999,1637306.1157,11426,449.161,868175.4253,0,2023-09-22
1695427200000,1929.5,1934.6,1925.7,1930.6,739.427,1695513599999,1427019.1940,10414,344.997,665843.5376,0,2023-09-23
1695513600000,1930.6,1935.9,1923,1924,702.359,1695599999999,1355363.5094,8827,319.413,616529.7288,0,2023-09-24
1695600000000,1924,1925.8,1908.2,1913.7,1031.885,1695686399999,1977709.7273,10745,527.507,1011301.5113,0,2023-09-25
1695686400000,1913.8,1914.5,1905.1,1906,621.122,1695772799999,1186455.7137,9738,286.582,547466.2688,0,2023-09-26
1695772800000,1905.9,1913.7,1898.5,1913,1123.283,1695859199999,2143099.0936,13217,463.558,884227.8525,0,2023-09-27
1695859200000,1912.9,1916.8,1890.1,1905.9,1015.921,1695945599999,1933890.9279,13028,472.883,900629.5062,0,2023-09-28
1695945600000,1906,1909.5,1869.9,1879.6,1144.445,1696031999999,2157513.0650,14464,538.819,1016066.1982,0,2023-09-29
1696032000000,1879.4,1885.4,1870,1880,474.227,1696118399999,890938.9986,9507,221.956,416987.1240,0,2023-09-30
1696118400000,1880,1890,1871.4,1888.3,822.233,1696204799999,1545736.8724,12625,406.230,763805.8454,0,2023-10-01
1696204800000,1888.3,1950.4,1886.9,1920.5,2767.767,1696291199999,5328203.5531,28504,1547.428,2979872.1971,0,2023-10-02
1696291200000,1919.2,1933.3,1904.5,1911.6,1216.654,1696377599999,2337374.1395,17403,569.770,1094703.2002,0,2023-10-03
1696377600000,1911.5,1949.1,1911.3,1948.6,1247.012,1696463999999,2413356.6817,18975,705.774,1365943.9443,0,2023-10-04
1696464000000,1948.5,1968.7,1942.2,1958.1,1732.287,1696550399999,3387076.7062,20743,924.717,1808341.5788,0,2023-10-05
1696550400000,1957.7,1967.6,1944.8,1960.2,1155.361,1696636799999,2260537.3961,15008,631.473,1235991.9194,0,2023-10-06
1696636800000,1959.6,1974.8,1954,1973.8,923.980,1696723199999,1817290.7975,12089,507.249,997849.6013,0,2023-10-07
1696723200000,1973.9,1983.5,1966.1,1975.8,1349.626,1696809599999,2664207.7201,14218,648.947,1280912.0031,0,2023-10-08
1696809600000,1975.8,2037.6,1971.4,2017.6,3257.629,1696895999999,6535221.0220,26794,1735.650,3483081.1528,0,2023-10-09
1696896000000,2017.5,2027.7,2009,2014.9,1917.345,1696982399999,3867469.2023,22235,985.354,1987535.7417,0,2023-10-10
1696982400000,2015,2021.3,1977.4,1985.3,1575.039,1697068799999,3143309.9699,16625,784.307,1565364.4405,0,2023-10-11
1697068800000,1985.4,2030,1984.5,2006.9,1251.625,1697155199999,2505521.0357,12160,661.464,1324109.7731,0,2023-10-12
1697155200000,2007,2013.3,1989.1,1997.4,832.057,1697241599999,1666515.2295,10585,396.884,794782.8637,0,2023-10-13
1697241600000,1997.4,2003.1,1988.4,1991.1,552.833,1697327999999,1104091.3223,8796,254.083,507352.5209,0,2023-10-14
1697328000000,1991.1,2009.6,1989.4,2007.6,1016.765,1697414399999,2029818.9061,11677,529.192,1056709.6911,0,2023-10-15
1697414400000,2007.7,2130.9,2003.2,2053.9,5174.153,1697500799999,10598385.0545,46032,2819.040,5776397.2008,0,2023-10-16
1697500800000,2053.8,2096.1,2039.7,2084.8,1826.149,1697587199999,3784007.2836,26082,897.485,1860771.5945,0,2023-10-17
1697587200000,2084.8,2107.5,2065.7,2087.1,1522.962,1697673599999,3173104.4811,25663,785.306,1636574.4763,0,2023-10-18
1697673600000,2087.1,2120.4,2085.9,2093.3,2190.801,1697759999999,4609147.0560,27637,1157.017,2434541.7158,0,2023-10-19
1697760000000,2093.3,2126.7,2086,2121.3,2490.773,1697846399999,5257860.2964,28313,1271.252,2684512.4861,0,2023-10-20
1697846400000,2121.2,2122.6,2092.1,2093.3,1092.616,1697932799999,2300308.6039,15241,543.776,1145116.3574,0,2023-10-21
1697932800000,2093.3,2104.8,2060.7,2064.8,1787.721,1698019199999,3734452.6153,19506,876.255,1830853.9265,0,2023-10-22
1698019200000,2064.7,2378.9,2057.6,2149.6,5406.344,1698105599999,11634444.8826,53913,2722.027,5869857.8067,0,2023-10-23
1698105600000,2149.7,2232.3,2140.1,2196.3,5020.687,1698191999999,10981809.4831,47776,2488.275,5442381.3484,0,2023-10-24
1698192000000,2196.6,2243.9,2187.8,2227.1,1807.584,1698278399999,4008929.2343,22888,890.851,1975978.1969,0,2023-10-25
1698278400000,2227.1,2239.9,2163.8,2192.4,2829.882,1698364799999,6221168.2980,30251,1394.663,3066888.8969,0,2023-10-26
1698364800000,2192.3,2213.4,2190,2204.8,932.174,1698451199999,2052115.3925,15640,457.069,1006293.2059,0,2023-10-27
1698451200000,2204.3,2218.6,2194.7,2213,602.450,1698537599999,1328883.6698,11855,312.154,688586.3666,0,2023-10-28
1698537600000,2213,2224.5,2202.1,2211,723.703,1698623999999,1600201.9014,12113,332.176,734636.3666,0,2023-10-29
1698624000000,2211.1,2215.2,2175.6,2179.3,2176.032,1698710399999,4770258.3802,18474,1059.686,2322511.5814,0,2023-10-30
1698710400000,2179.4,2196.9,2160.6,2177,899.599,1698796799999,1958090.8158,15363,434.018,944744.3479,0,2023-10-31
1698796800000,2176.9,2196.7,2131.2,2180,1493.852,1698883199999,3243059.9036,19686,724.860,1573845.6195,0,2023-11-01
1698883200000,2179.8,2190.6,2160,2187.8,1092.112,1698969599999,2378341.6549,16532,547.327,1192228.6135,0,2023-11-02
1698969600000,2188.2,2198.4,2146,2152,1453.319,1699055999999,3168129.9685,16270,725.308,1581651.5834,0,2023-11-03
1699056000000,2152.1,2158.8,2133,2140.1,1105.211,1699142399999,2369462.8700,14240,537.617,1153012.9338,0,2023-11-04
1699142400000,2140.4,2144,2085.2,2088.7,1647.188,1699228799999,3473043.0452,17520,683.382,1441198.6161,0,2023-11-05
1699228800000,2088.6,2096.5,2043,2045.5,1711.353,1699315199999,3544686.3722,14884,750.700,1555722.3187,0,2023-11-06
1699315200000,2045.8,2105.1,2045.4,2097.6,1818.987,1699401599999,3772180.8161,20507,884.405,1834140.2032,0,2023-11-07
1699401600000,2096.6,2110.7,2069.8,2092.5,1157.913,1699487999999,2417852.0304,16622,490.861,1025144.7732,0,2023-11-08
1699488000000,2092.9,2168.6,2011.4,2015.2,4534.001,1699574399999,9491194.5479,49944,2241.348,4695759.0843,0,2023-11-09
1699574400000,2014.6,2063.1,1994,2041.9,2159.958,1699660799999,4375204.6347,29789,1050.125,2128682.1325,0,2023-11-10
1699660800000,2041.5,2074.2,2002.9,2040,1506.888,1699747199999,3064704.8572,25005,733.453,1492993.2838,0,2023-11-11
1699747200000,2040.1,2069.6,2024.6,2039.4,1425.635,1699833599999,2910391.1100,22658,701.325,1432329.9135,0,2023-11-12
1699833600000,2040.2,2050.7,1992,2031.5,2337.236,1699919999999,4730327.0078,34448,1132.134,2292225.2170,0,2023-11-13
1699920000000,2031.5,2065,2009.5,2033.8,1641.583,1700006399999,3339772.4011,27234,801.406,1630274.0986,0,2023-11-14
1700006400000,2033.8,2080,2010.2,2072.2,1494.185,1700092799999,3057912.2762,23439,721.530,1476926.1902,0,2023-11-15
1700092800000,2072.2,2093.1,2025.4,2081.7,1615.062,1700179199999,3322353.2926,30058,796.138,1639315.9687,0,2023-11-16
1700179200000,2081.7,2151,2066,2104.9,3362.773,1700265599999,7095138.2344,45180,1825.807,3854994.0951,0,2023-11-17
1700265600000,2104.9,2149.5,2100.9,2106.4,3415.562,1700351999999,7250987.3872,42042,1473.644,3130710.5783,0,2023-11-18
1700352000000,2106.1,2125.6,2052.6,2099.4,2550.481,1700438399999,5335608.7026,28742,1273.436,2665266.8235,0,2023-11-19
1700438400000,2099.3,2120.6,2008.1,2115,2100.967,1700524799999,4397341.7266,26180,1009.824,2116745.8334,0,2023-11-20
1700524800000,2115,2189.5,2092.4,2147.1,3678.504,1700611199999,7872834.3238,46964,1875.710,4015870.4057,0,2023-11-21
1700611200000,2147.1,2147.1,2083.7,2107.8,1462.312,1700697599999,3089473.2509,24161,690.108,1458276.8379,0,2023-11-22
1700697600000,2106.9,2113.7,2080,2098.5,884.105,1700783999999,1856553.7513,16306,395.558,831064.7890,0,2023-11-23
1700784000000,2098.3,2117.9,2075.7,2105,1008.915,1700870399999,2112225.5038,19400,530.105,1109405.2774,0,2023-11-24
1700870400000,2105.1,2110.4,2093.1,2094.3,395.868,1700956799999,831355.9242,11411,191.279,401664.3905,0,2023-11-25
1700956800000,2094.2,2119.1,2080.8,2100.2,697.846,1701043199999,1463633.4119,16218,334.166,701059.0166,0,2023-11-26
1701043200000,2100.2,2146.4,2094.3,2129.1,1186.200,1701129599999,2519970.5928,25491,639.735,1359389.0363,0,2023-11-27
1701129600000,2129.8,2149,2122,2134.3,1044.301,1701215999999,2229135.7262,27453,523.281,1117149.0932,0,2023-11-28
1701216000000,2134.2,2152,2131.5,2149,755.117,1701302399999,1617048.6358,22689,391.463,838266.7952,0,2023-11-29
1701302400000,2149,2151.3,2125.2,2126.8,510.178,1701388799999,1092027.1507,16119,236.531,506341.6962,0,2023-11-30
1701388800000,2126.7,2153.1,2107.6,2147.2,811.835,1701475199999,1730126.2079,19574,392.348,836383.6846,0,2023-12-01
1701475200000,2147.2,2148.3,2103.3,2123.2,990.751,1701561599999,2108769.1468,19902,494.337,1052105.1372,0,2023-12-02
1701561600000,2123.4,2154.9,2114,2140.6,697.118,1701647999999,1487457.2462,20800,361.517,771489.0714,0,2023-12-03
1701648000000,2140.6,2233,2137.1,2205.4,1948.730,1701734399999,4269215.0622,33551,1072.986,2350744.4859,0,2023-12-04
1701734400000,2205.6,2312.3,2192,2283,1857.748,1701820799999,4196519.6373,33594,1012.859,2289401.1667,0,2023-12-05
1701820800000,2283,2302,2250.4,2296.1,1303.974,1701907199999,2970644.0684,26151,696.543,1587068.3771,0,2023-12-06
1701907200000,2296.2,2297.5,2170.8,2177.4,2127.913,1701993599999,4748382.5379,30971,984.270,2196453.8569,0,2023-12-07
1701993600000,2177.3,2185.5,2151.2,2166.1,2019.189,1702079999999,4373549.8625,28681,956.483,2072051.7946,0,2023-12-08
1702080000000,2166,2167.7,2105.3,2157.1,2559.818,1702166399999,5479353.3563,31286,1353.669,2898138.4495,0,2023-12-09
1702166400000,2157.5,2175.8,2123.3,2139.5,1032.327,1702252799999,2220178.4792,20096,482.096,1037237.0285,0,2023-12-10
1702252800000,2139.5,2321.9,2107.5,2130.4,3884.169,1702339199999,8444673.5606,44533,1813.450,3951180.1263,0,2023-12-11
1702339200000,2129.8,2160,2123.6,2146.4,810.626,1702425599999,1738865.0726,16677,415.130,890325.6007,0,2023-12-12
1702425600000,2146.6,2184.7,2139.5,2164.7,1291.240,1702511999999,2796172.9338,23308,621.227,1345471.1913,0,2023-12-13
1702512000000,2164.7,2174.5,2125.7,2130.8,1350.531,1702598399999,2903264.0720,21603,627.937,1350913.5694,0,2023-12-14
1702598400000,2130.7,2177.6,2120,2166,1096.113,1702684799999,2354093.7000,25981,518.590,1114368.9182,0,2023-12-15
1702684800000,2166,2171.4,2145.2,2161.5,843.906,1702771199999,1820235.4637,20940,419.101,904139.6145,0,2023-12-16
1702771200000,2161.7,2172,2148.4,2160.2,602.131,1702857599999,1301122.4467,19535,296.492,640669.9129,0,2023-12-17
1702857600000,2160.6,2214.8,2151.8,2197.9,1897.166,1702943999999,4164364.5862,34151,965.227,2118817.6865,0,2023-12-18
1702944000000,2197.9,2226.9,2187.8,2212.2,1097.289,1703030399999,2420170.9175,18748,563.317,1242919.4825,0,2023-12-19
1703030400000,2212.1,2259.3,2194.2,2237.7,1119.450,1703116799999,2491228.4878,18716,575.515,1281943.1971,0,2023-12-20
1703116800000,2237.7,2253.9,2169.1,2174.8,1034.516,1703203199999,2279768.5016,20510,482.071,1062790.4759,0,2023-12-21
1703203200000,2174.8,2177.9,2110.5,2126.2,1529.939,1703289599999,3276285.3431,25078,625.206,1339311.5767,0,2023-12-22
1703289600000,2126.8,2162.1,2104.4,2110.8,1136.143,1703375999999,2433240.3782,17875,553.522,1186136.1412,0,2023-12-23
1703376000000,2111.2,2124.3,2095.7,2104.2,1438.256,1703462399999,3032063.3093,22547,673.347,1419855.4288,0,2023-12-24
1703462400000,2104.2,2112.2,2084.9,2096.2,1074.186,1703548799999,2252840.3344,20470,540.007,1132650.1567,0,2023-12-25
1703548800000,2096.2,2109.0,2056.7,2066.0,2131.147,1703635199999,4431573.3593,31283,1052.389,2189156.0780,0,2023-12-26
1703635200000,2065.6,2085.7,2004.4,2012.3,2093.704,1703721599999,4270334.2913,30516,923.597,1885761.5132,0,2023-12-27
1703721600000,2011.9,2013.5,1970.1,2002.1,3076.225,1703807999999,6119034.1022,38909,1288.629,2563988.5708,0,2023-12-28
1703808000000,2002.2,2019.6,1983.5,2009.0,1715.585,1703894399999,3436106.9429,28815,881.821,1766391.2681,0,2023-12-29
1703894400000,2008.9,2028.2,1997.6,2019.4,731.375,1703980799999,1470520.8181,15249,368.390,740997.4030,0,2023-12-30
1703980800000,2018.9,2052.9,2011.5,2034.3,994.267,1704067199999,2017523.7840,19159,488.013,990725.8563,0,2023-12-31
1704067200000,2034.3,2060.2,2021.9,2057.3,1274.528,1704153599999,2598252.9104,24228,610.459,1244932.5494,0,2024-01-01
1704153600000,2057.5,2120.0,2056.4,2108.5,1759.289,1704239999999,3677407.6092,26157,881.488,1842834.4247,0,2024-01-02
1704240000000,2108.9,2228.0,2067.4,2141.7,4667.932,1704326399999,9961596.8126,54373,2200.934,4701175.9633,0,2024-01-03
1704326400000,2142.0,2166.2,2116.6,2152.6,1975.901,1704412799999,4233902.2727,27774,977.167,2094897.9605,0,2024-01-04
1704412800000,2152.3,2201.0,2125.4,2185.3,2253.713,1704499199999,4905308.5634,30621,1101.700,2399300.0085,0,2024-01-05
1704499200000,2184.8,2241.4,2184.3,2225.9,2326.116,1704585599999,5149566.6770,33506,1199.302,2656032.4530,0,2024-01-06
1704585600000,2225.9,2279.2,2210.5,2265.7,2252.511,1704671999999,5046740.6985,30161,1116.940,2504745.5937,0,2024-01-07
1704672000000,2265.8,2307.3,2246.2,2298.1,6124.530,1704758399999,13944956.3264,62797,3015.815,6868093.9400,0,2024-01-08
1704758400000,2298.8,2380.0,2244.2,2272.9,7747.966,1704844799999,17967613.0699,71377,3979.157,9231691.2472,0,2024-01-09
1704844800000,2272.9,2275.9,2124.0,2132.4,5731.861,1704931199999,12641189.0738,64238,2854.548,6292443.1147,0,2024-01-10
1704931200000,2132.4,2168.7,2008.3,2097.8,8376.432,1705017599999,17617525.1559,82686,4174.796,8782034.5267,0,2024-01-11
1705017600000,2097.8,2109.3,1968.0,2022.3,5135.610,1705103999999,10451719.0843,59206,2367.914,4817654.7387,0,2024-01-12
1705104000000,2022.0,2042.3,1980.5,1983.5,2229.007,1705190399999,4479891.6571,29000,1036.254,2083828.1900,0,2024-01-13
1705190400000,1983.2,2019.8,1983.1,1996.9,2040.359,1705276799999,4074777.5058,27799,978.721,1954826.7500,0,2024-01-14
1705276800000,1997.0,2010.0,1976.9,1999.9,1483.479,1705363199999,2962325.8098,21166,681.029,1360384.2272,0,2024-01-15
1705363200000,1999.9,2008.9,1984.8,1991.0,1210.817,1705449599999,2421499.6342,19526,563.926,1127759.4054,0,2024-01-16
1705449600000,1991.1,2003.7,1973.9,1999.7,1412.575,1705535999999,2808800.2726,16554,754.500,1500624.6094,0,2024-01-17
1705536000000,1999.7,2011.8,1983.4,1990.4,1577.568,1705622399999,3153077.3851,19245,700.394,1400616.9317,0,2024-01-18
1705622400000,1990.5,2014.2,1974.0,1993.2,1810.326,1705708799999,3610725.2819,19717,797.791,1591264.4775,0,2024-01-19
1705708800000,1993.7,2010.6,1988.0,1997.0,742.922,1705795199999,1486435.7331,11325,364.347,729097.9276,0,2024-01-20
1705795200000,1996.9,2010.8,1990.3,2009.8,438.687,1705881599999,876634.9994,9261,223.682,447054.9731,0,2024-01-21
1705881600000,2009.8,2039.0,2000.9,2021.6,2423.477,1705967999999,4906480.7695,28451,1103.449,2234371.8891,0,2024-01-22
1705968000000,2021.8,2103.3,2015.5,2086.5,3754.029,1706054399999,7774871.5574,41978,1967.166,4075140.9536,0,2024-01-23
1706054400000,2086.5,2110.8,2086.2,2091.7,1618.120,1706140799999,3389820.7574,21322,791.917,1659026.0528,0,2024-01-24
1706140800000,2092.7,2119.0,2086.0,2100.8,1462.650,1706227199999,3075410.2232,17256,748.481,1574042.0264,0,2024-01-25
1706227200000,2100.8,2154.3,2092.3,2134.5,1239.242,1706313599999,2630839.1444,14887,650.852,1382191.8133,0,2024-01-26
1706313600000,2134.5,2144.5,2120.5,2140.1,649.950,1706399999999,1385312.7482,10770,333.082,709992.4113,0,2024-01-27
1706400000000,2140.4,2149.7,2126.4,2142.2,763.679,1706486399999,1633212.9894,12110,381.388,815661.3711,0,2024-01-28
1706486400000,2142.3,2159.9,2133.1,2143.0,851.978,1706572799999,1826421.1244,14248,414.237,888263.5432,0,2024-01-29
1706572800000,2143.1,2161.5,2108.7,2126.5,1263.506,1706659199999,2695377.4716,17350,651.189,1388727.4948,0,2024-01-30
1706659200000,2126.2,2172.2,2124.4,2167.3,1520.671,1706745599999,3270739.4286,22349,649.474,1398546.8021,0,2024-01-31
1706745600000,2167.1,2175.2,2149.2,2167.1,1423.809,1706831999999,3078698.1094,19093,685.933,1483493.3197,0,2024-02-01
1706832000000,2167.2,2169.7,2143.6,2155.9,589.765,1706918399999,1270481.0424,12094,274.244,590812.1923,0,2024-02-02
1706918400000,2156.0,2160.7,2144.5,2158.7,283.647,1707004799999,610578.6621,8106,141.508,304612.9955,0,2024-02-03
1707004800000,2158.7,2165.7,2145.5,2151.7,511.420,1707091199999,1102779.7397,10257,247.253,533159.1824,0,2024-02-04
1707091200000,2151.8,2161.0,2136.2,2150.2,514.365,1707177599999,1107276.3777,10057,275.835,593970.3155,0,2024-02-05
1707177600000,2150.2,2157.9,2123.3,2134.0,832.829,1707263999999,1783585.0092,13474,435.386,932854.9132,0,2024-02-06
1707264000000,2134.0,2143.5,2111.1,2142.3,653.666,1707350399999,1393515.8699,14786,308.428,657647.9991,0,2024-02-07
1707350400000,2142.2,2186.0,2141.4,2180.2,1162.647,1707436799999,2513744.2253,19227,625.972,1353763.6908,0,2024-02-08
1707436800000,2180.0,2243.1,2175.3,2211.7,1947.883,1707523199999,4304323.0431,29489,1117.751,2468882.1051,0,2024-02-09
1707523200000,2211.7,2238.0,2198.7,2226.6,835.463,1707609599999,1849906.8223,16573,401.288,888884.9305,0,2024-02-10
1707609600000,2226.5,2250.8,2216.2,2250.1,627.903,1707695999999,1402195.4093,14675,347.142,775747.9243,0,2024-02-11
1707696000000,2250.3,2292.8,2222.9,2227.4,2643.650,1707782399999,5974078.9866,39752,1320.088,2984589.8935,0,2024-02-12
1707782400000,2227.1,2239.9,2202.1,2238.0,2232.438,1707868799999,4958929.3710,29339,1355.539,3012555.5593,0,2024-02-13
1707868800000,2238.1,2258.7,2218.5,2231.9,1542.856,1707955199999,3451517.6006,21924,833.362,1865193.3007,0,2024-02-14
1707955200000,2232.0,2243.8,2177.3,2195.7,1571.453,1708041599999,3469040.6150,20065,841.055,1857903.1679,0,2024-02-15
1708041600000,2195.5,2236.2,2180.6,2219.5,1156.384,1708127999999,2554686.7351,18755,647.256,1430173.2824,0,2024-02-16
1708128000000,2219.5,2230.0,2208.5,2211.8,675.674,1708214399999,1499123.0174,14352,341.683,758364.8867,0,2024-02-17
1708214400000,2211.9,2217.2,2173.2,2178.8,861.902,1708300799999,1891877.0198,15663,378.381,831015.0066,0,2024-02-18
1708300800000,2179.2,2184.9,2116.8,2128.2,1764.567,1708387199999,3804373.1098,25896,829.965,1790059.0628,0,2024-02-19
1708387200000,2128.2,2171.9,2118.8,2130.3,1888.127,1708473599999,4052724.7214,33599,977.051,2098131.6789,0,2024-02-20
1708473600000,2130.0,2166.8,2127.5,2141.8,1354.015,1708559999999,2909878.0664,28807,725.948,1560806.3347,0,2024-02-21
1708560000000,2141.7,2159.6,2110.2,2120.8,1591.869,1708646399999,3383270.7922,26042,748.530,1590669.6760,0,2024-02-22
1708646400000,2121.1,2145.7,2113.2,2127.1,1256.015,1708732799999,2676563.3797,25336,615.968,1312764.7878,0,2024-02-23
1708732800000,2127.1,2138.0,2102.7,2110.5,942.911,1708819199999,1994957.3911,18040,458.180,969597.6224,0,2024-02-24
1708819200000,2110.8,2115.7,2057.5,2064.8,1209.842,1708905599999,2525104.8313,22973,576.142,1203062.3596,0,2024-02-25
1708905600000,2064.5,2132.0,2052.5,2117.9,1832.169,1708991999999,3827413.5700,31346,952.261,1990432.7815,0,2024-02-26
1708992000000,2118.1,2196.1,2115.7,2183.2,2183.121,1709078399999,4727494.3864,35827,1161.582,2515718.9324,0,2024-02-27
1709078400000,2183.1,2350.0,2173.8,2292.9,4856.917,1709164799999,10950735.3249,72538,2672.729,6032145.9994,0,2024-02-28
1709164800000,2292.9,2299.0,2207.9,2259.4,2900.147,1709251199999,6492860.7949,55032,1577.165,3532432.3385,0,2024-02-29
1709251200000,2259.4,2262.2,2215.1,2229.0,1432.360,1709337599999,3198125.8296,38585,727.465,1624291.7848,0,2024-03-01
1709337600000,2229.0,2232.1,2182.2,2182.4,1508.384,1709423999999,3316590.4711,37846,712.109,1566120.1462,0,2024-03-02
1709424000000,2182.1,2234.6,2173.4,2198.0,2222.947,1709510399999,4888816.3553,43247,1046.808,2303482.3329,0,2024-03-03
1709510400000,2197.7,2306.6,2190.9,2297.0,3336.638,1709596799999,7531116.9502,65436,1818.546,4106892.1051,0,2024-03-04
1709596800000,2297.0,2307.1,2173.9,2232.5,6835.770,1709683199999,15272371.9876,108812,3515.316,7853898.0851,0,2024-03-05
1709683200000,2232.8,2248.5,2160.7,2164.2,3115.801,1709769599999,6848221.5119,70474,1474.235,3240291.4118,0,2024-03-06
1709769600000,2164.2,2195.7,2130.0,2133.9,2052.632,1709855999999,4448270.6001,46452,987.894,2141642.0590,0,2024-03-07
1709856000000,2133.9,2179.6,2106.9,2165.3,3259.327,1709942399999,6993283.1054,53264,1620.348,3478807.0096,0,2024-03-08
1709942400000,2165.8,2168.0,2138.6,2156.4,1275.662,1710028799999,2747369.1630,26085,569.945,1227497.9808,0,2024-03-09
1710028800000,2156.4,2205.1,2149.7,2181.7,1770.613,1710115199999,3859756.4568,30289,866.068,1888374.8706,0,2024-03-10
1710115200000,2181.8,2221.6,2170.4,2172.5,2536.445,1710201599999,5568472.8671,45645,1280.099,2811742.1211,0,2024-03-11
1710201600000,2172.5,2217.4,2163.2,2196.1,2468.144,1710287999999,5420798.8238,39513,1245.802,2736745.1923,0,2024-03-12
1710288000000,2196.1,2223.1,2188.0,2193.6,1324.724,1710374399999,2921007.6343,24934,642.828,1418333.8568,0,2024-03-13
1710374400000,2193.0,2220.5,2180.2,2181.5,1992.317,1710460799999,4378841.5772,33557,1006.627,2214114.9894,0,2024-03-14
1710460800000,2181.1,2209.3,2159.7,2180.6,3391.062,1710547199999,7409227.6845,54293,1729.573,3780365.8662,0,2024-03-15
1710547200000,2180.6,2219.2,2156.7,2187.5,2688.816,1710633599999,5888654.7041,42566,1312.791,2876962.5727,0,2024-03-16
1710633600000,2187.5,2242.0,2184.3,2212.5,3026.736,1710719999999,6695785.1639,47019,1493.627,3305877.7992,0,2024-03-17
1710720000000,2212.5,2270.0,2207.1,2250.2,2270.858,1710806399999,5085896.1496,38620,1189.598,2664274.4677,0,2024-03-18
1710806400000,2251.0,2314.2,2250.7,2300.2,5324.935,1710892799999,12152517.6766,86225,2911.330,6647645.3740,0,2024-03-19
1710892800000,2300.2,2328.5,2241.1,2273.1,4486.479,1710979199999,10254294.2887,74317,2247.164,5138933.9441,0,2024-03-20
1710979200000,2272.5,2281.0,2206.7,2213.9,2954.342,1711065599999,6621620.0984,51679,1449.835,3249994.3161,0,2024-03-21
1711065600000,2213.9,2246.6,2208.0,2229.3,2517.738,1711151999999,5605346.0113,40638,1303.100,2901567.8513,0,2024-03-22
1711152000000,2229.3,2248.8,2220.7,2235.0,1499.007,1711238399999,3349148.2772,29749,639.375,1429310.4959,0,2024-03-23
1711238400000,2235.0,2260.9,2228.0,2256.9,1199.343,1711324799999,2691618.8496,25081,575.978,1292688.6657,0,2024-03-24
1711324800000,2256.9,2276.0,2230.2,2268.3,1509.431,1711411199999,3400641.3955,28030,856.194,1929811.5525,0,2024-03-25
1711411200000,2268.3,2285.0,2248.5,2271.5,1613.773,1711497599999,3661754.7319,29967,820.830,1863496.4674,0,2024-03-26
1711497600000,2271.5,2301.0,2269.2,2296.7,1446.510,1711583999999,3308684.4280,26579,812.618,1859039.2658,0,2024-03-27
1711584000000,2297.0,2311.6,2285.0,2295.8,1434.130,1711670399999,3297083.7419,22969,744.782,1712562.1259,0,2024-03-28
1711670400000,2295.7,2305.2,2257.5,2264.7,1241.307,1711756799999,2826128.7155,23065,599.244,1364389.3387,0,2024-03-29
1711756800000,2263.9,2282.4,2255.2,2273.7,1094.761,1711843199999,2484586.4190,21372,532.929,1209651.6942,0,2024-03-30
1711843200000,2273.8,2275.9,2234.5,2246.2,1285.689,1711929599999,2891554.6923,24252,659.493,1483379.3109,0,2024-03-31
1711929600000,2245.9,2302.4,2239.3,2292.5,2158.398,1712015999999,4912275.5207,34658,1196.971,2724327.2070,0,2024-04-01
1712016000000,2292.4,2305.4,2274.5,2287.5,3104.289,1712102399999,7107631.8283,46570,1538.471,3522839.0757,0,2024-04-02
1712102400000,2287.6,2318.7,2273.0,2298.8,2259.787,1712188799999,5178674.0797,35377,1229.994,2820471.1250,0,2024-04-03
1712188800000,2299.0,2359.1,2274.4,2355.5,2300.716,1712275199999,5318403.2756,37489,1258.734,2912090.7763,0,2024-04-04
1712275200000,2355.6,2380.0,2337.6,2363.5,3668.375,1712361599999,8658051.0582,56126,1753.527,4138764.5017,0,2024-04-05
1712361600000,2363.5,2367.7,2336.2,2362.8,1116.412,1712447999999,2624874.2722,27477,586.042,1378085.8954,0,2024-04-06
1712448000000,2362.9,2375.0,2332.1,2332.4,1343.517,1712534399999,3166027.2971,27273,679.496,1602036.3777,0,2024-04-07
1712534400000,2332.2,2366.8,2304.8,2309.6,1853.129,1712620799999,4327866.1193,42151,898.629,2099680.1396,0,2024-04-08
1712620800000,2309.6,2338.6,2299.3,2326.8,1856.537,1712707199999,4301339.1160,40462,970.452,2249524.9081,0,2024-04-09
1712707200000,2326.8,2357.5,2320.1,2350.0,2069.138,1712793599999,4834415.7499,40120,1085.243,2536704.8662,0,2024-04-10
1712793600000,2350.1,2369.5,2335.5,2357.9,2050.446,1712879999999,4829690.6035,38708,1152.828,2715433.6955,0,2024-04-11
1712880000000,2357.9,2847.3,2349.3,2467.4,10481.346,1712966399999,25739144.1546,131974,5338.721,13109192.9397,0,2024-04-12
1712966400000,2467.0,2970.0,2458.5,2571.9,17477.159,1713052799999,44957141.6642,227090,8504.694,21908997.4716,0,2024-04-13
1713052800000,2571.9,2611.4,2479.3,2499.0,9639.074,1713139199999,24520030.5870,142869,4683.798,11919137.2407,0,2024-04-14
1713139200000,2499.0,2535.1,2445.4,2483.1,5545.139,1713225599999,13770918.2513,85779,2743.012,6815568.7043,0,2024-04-15
1713225600000,2482.7,2529.6,2477.7,2518.7,4408.478,1713311999999,11030956.3987,66776,2153.583,5389476.4293,0,2024-04-16
1713312000000,2518.4,2536.3,2460.8,2491.0,2920.855,1713398399999,7305701.7450,54983,1425.434,3565235.3693,0,2024-04-17
1713398400000,2491.1,2525.8,2471.2,2502.4,2235.149,1713484799999,5588176.9895,44271,1064.060,2660539.9425,0,2024-04-18
1713484800000,2502.8,2545.7,2496.5,2512.2,2668.477,1713571199999,6715594.7552,48338,1384.242,3482587.2848,0,2024-04-19
1713571200000,2512.2,2521.1,2436.2,2454.1,1793.665,1713657599999,4456846.0233,32962,847.224,2105456.8898,0,2024-04-20
1713657600000,2454.0,2473.4,2440.2,2468.3,1657.722,1713743999999,4075677.3986,32202,816.410,2007566.7749,0,2024-04-21
1713744000000,2468.2,2476.3,2441.1,2470.7,1422.331,1713830399999,3497840.0278,28645,717.144,1763332.6660,0,2024-04-22
1713830400000,2470.7,2485.4,2446.5,2458.4,898.124,1713916799999,2213266.3594,18221,451.032,1111148.5732,0,2024-04-23
1713916800000,2458.4,2469.0,2420.4,2445.2,1095.459,1714003199999,2673367.2766,21284,505.750,1234523.5994,0,2024-04-24
1714003200000,2445.8,2460.1,2415.0,2444.9,1704.298,1714089599999,4162079.9746,26337,852.447,2082374.0291,0,2024-04-25
1714089600000,2445.5,2463.1,2436.0,2454.7,866.297,1714175999999,2123280.4803,20922,393.860,965381.0442,0,2024-04-26
1714176000000,2454.7,2467.5,2372.0,2385.2,1551.206,1714262399999,3741024.1647,26092,751.927,1812748.0301,0,2024-04-27
1714262400000,2385.2,2390.7,2350.3,2378.2,1261.959,1714348799999,2989760.9480,26795,553.882,1312297.4008,0,2024-04-28
1714348800000,2378.5,2435.0,2373.1,2432.9,2048.413,1714435199999,4939492.8880,35952,1005.737,2425549.6781,0,2024-04-29
1714435200000,2432.9,2500.0,2430.8,2454.3,4144.426,1714521599999,10221488.5837,59837,2116.674,5222656.0909,0,2024-04-30
1714521600000,2454.2,2460.0,2342.5,2361.4,2762.697,1714607999999,6659282.2325,42820,1350.857,3256295.6306,0,2024-05-01
1714608000000,2361.8,2383.1,2337.3,2376.2,1195.808,1714694399999,2829643.6454,23314,547.080,1294872.3670,0,2024-05-02
1714694400000,2375.6,2435.0,2366.8,2430.3,1024.291,1714780799999,2461063.5676,22233,536.219,1288008.8789,0,2024-05-03
1714780800000,2429.7,2463.8,2418.7,2460.3,749.486,1714867199999,1828859.9635,18280,388.731,948977.8868,0,2024-05-04
1714867200000,2460.2,2469.8,2428.6,2447.8,768.612,1714953599999,1882920.9067,16612,388.157,951293.3361,0,2024-05-05
1714953600000,2447.8,2450.0,2423.2,2442.7,752.696,1715039999999,1834916.8918,16819,403.029,982617.9128,0,2024-05-06
1715040000000,2442.2,2470.0,2438.1,2463.1,861.044,1715126399999,2113689.5659,19129,436.508,1071698.7878,0,2024-05-07
1715126400000,2463.1,2479.9,2437.9,2440.3,1095.977,1715212799999,2701707.8156,25443,483.227,1190786.5931,0,2024-05-08
1715212800000,2440.2,2456.4,2425.0,2454.3,832.775,1715299199999,2032826.2285,19655,396.162,967166.5588,0,2024-05-09
1715299200000,2454.4,2470.0,2443.1,2460.5,887.793,1715385599999,2180773.9610,19661,409.406,1005724.3899,0,2024-05-10
1715385600000,2460.3,2466.9,2449.5,2457.2,404.809,1715471999999,995716.9132,12700,191.576,471307.7460,0,2024-05-11
1715472000000,2458.0,2483.0,2452.9,2482.8,443.462,1715558399999,1094422.5476,10488,226.323,558673.4021,0,2024-05-12
1715558400000,2483.0,2522.8,2475.8,2519.8,1393.414,1715644799999,3492404.6732,24163,696.448,1745445.5113,0,2024-05-13
1715644800000,2519.9,2540.3,2492.4,2533.1,1307.737,1715731199999,3293409.1563,23786,650.692,1639007.0568,0,2024-05-14
1715731200000,2533.1,2599.0,2526.5,2577.9,1977.288,1715817599999,5064160.6547,33155,1019.947,2613543.8180,0,2024-05-15
1715817600000,2577.9,2629.4,2564.3,2593.6,1700.839,1715903999999,4420187.4668,25606,838.562,2179143.8260,0,2024-05-16
1715904000000,2593.8,2609.3,2533.9,2554.9,1519.262,1715990399999,3893726.8718,22433,744.187,1907553.5680,0,2024-05-17
1715990400000,2554.9,2556.9,2528.4,2535.9,610.556,1716076799999,1550455.9545,12205,253.678,644260.5735,0,2024-05-18
1716076800000,2536.1,2578.4,2527.9,2552.1,1389.352,1716163199999,3555239.2813,20598,690.630,1765882.0248,0,2024-05-19
1716163200000,2552.6,2583.6,2373.0,2424.0,3799.295,1716249599999,9380648.5219,50785,1755.021,4338173.8356,0,2024-05-20
1716249600000,2424.0,2436.3,2322.4,2340.7,4138.294,1716335999999,9826048.2735,60966,1946.252,4623162.7154,0,2024-05-21
1716336000000,2340.1,2388.9,2329.6,2343.9,2638.396,1716422399999,6211835.7728,36356,1367.112,3220835.6802,0,2024-05-22
1716422400000,2343.6,2380.0,2273.2,2304.4,7068.656,1716508799999,16359919.1287,65437,3334.945,7718988.8168,0,2024-05-23
1716508800000,2304.9,2378.5,2284.3,2349.3,2580.487,1716595199999,6017690.9988,33522,1303.972,3043019.3864,0,2024-05-24
1716595200000,2349.8,2369.9,2333.1,2356.4,758.586,1716681599999,1786279.1747,16224,408.817,962942.9390,0,2024-05-25
1716681600000,2356.9,2360.4,2311.0,2319.6,867.413,1716767999999,2022269.8310,15709,427.938,997770.9396,0,2024-05-26
1716768000000,2319.7,2322.2,2280.9,2307.7,1116.189,1716854399999,2569773.4789,21514,554.317,1277604.7201,0,2024-05-27
1716854400000,2307.9,2314.0,2274.1,2303.8,1257.313,1716940799999,2884733.5238,22132,569.678,1308013.3227,0,2024-05-28
1716940800000,2303.8,2314.4,2290.0,2311.8,1063.057,1717027199999,2447393.2702,17496,502.131,1156216.1222,0,2024-05-29
1717027200000,2311.4,2359.2,2309.6,2351.6,1116.186,1717113599999,2608196.2598,18239,623.918,1458083.4675,0,2024-05-30
1717113600000,2351.9,2361.0,2309.9,2322.3,1662.849,1717199999999,3873518.5571,20584,806.473,1879433.4966,0,2024-05-31
1717200000000,2322.3,2325.6,2298.2,2306.0,559.209,1717286399999,1292693.5321,9709,254.452,588234.8525,0,2024-06-01
1717286400000,2306.1,2341.2,2296.2,2326.6,621.093,1717372799999,1443106.1120,14871,339.356,788777.0869,0,2024-06-02
1717372800000,2326.4,2367.3,2325.7,2353.0,776.974,1717459199999,1824360.3587,17772,411.862,967196.5586,0,2024-06-03
1717459200000,2352.5,2373.7,2347.0,2351.0,1096.238,1717545599999,2584929.9146,19745,559.055,1318501.8331,0,2024-06-04
1717545600000,2351.3,2375.0,2335.0,2339.2,924.681,1717631999999,2177981.4371,15465,437.842,1031732.8083,0,2024-06-05
1717632000000,2339.2,2365.4,2336.6,2355.2,666.437,1717718399999,1565807.6537,12582,328.028,770766.6182,0,2024-06-06
1717718400000,2355.2,2469.9,2354.5,2400.7,2444.550,1717804799999,5878638.9423,35463,1260.626,3031116.1587,0,2024-06-07
1717804800000,2400.6,2422.0,2390.0,2414.4,1803.960,1717891199999,4346218.1104,34956,865.611,2085458.8156,0,2024-06-08
1717891200000,2414.4,2566.2,2405.0,2409.8,1501.981,1717977599999,3663416.5885,27264,743.882,1814200.8319,0,2024-06-09
1717977600000,2409.9,2458.2,2407.7,2451.9,916.704,1718063999999,2233020.7194,19900,493.935,1203139.4912,0,2024-06-10
1718064000000,2451.3,2515.2,2437.9,2487.4,2535.764,1718150399999,6255751.9382,38047,1197.606,2957554.6718,0,2024-06-11
1718150400000,2487.5,2507.6,2450.0,2457.5,2040.426,1718236799999,5043854.7342,34594,1060.689,2622252.0517,0,2024-06-12
1718236800000,2457.5,2497.6,2454.0,2483.0,1463.443,1718323199999,3627304.8102,30760,782.728,1939366.3034,0,2024-06-13
1718323200000,2483.1,2510.0,2455.6,2463.8,1289.487,1718409599999,3195732.2871,29333,633.487,1571393.6807,0,2024-06-14
1718409600000,2463.8,2470.8,2418.1,2423.5,613.039,1718495999999,1497717.0294,14692,292.922,715790.1564,0,2024-06-15
1718496000000,2422.5,2439.6,2393.3,2403.7,607.220,1718582399999,1469558.2711,12942,266.701,646202.1580,0,2024-06-16
1718582400000,2403.5,2473.4,2398.8,2471.0,1023.575,1718668799999,2498370.4970,24258,549.331,1340922.6400,0,2024-06-17
1718668800000,2471.0,2615.0,2465.0,2478.0,4777.610,1718755199999,11989101.8496,93625,2568.986,6450575.3945,0,2024-06-18
1718755200000,2477.8,2480.8,2419.0,2431.0,1485.387,1718841599999,3628482.9315,28745,566.171,1383472.8385,0,2024-06-19
1718841600000,2431.4,2463.8,2426.0,2456.7,979.465,1718927999999,2397094.1140,22336,492.933,1206551.1759,0,2024-06-20
1718928000000,2457.0,2467.2,2418.6,2430.8,748.580,1719014399999,1826865.8332,19858,363.829,888235.7640,0,2024-06-21
1719014400000,2431.0,2462.1,2431.0,2443.6,491.018,1719100799999,1200584.3131,11910,241.100,589603.7395,0,2024-06-22
1719100800000,2443.6,2478.0,2432.8,2459.5,556.916,1719187199999,1366031.6453,14402,291.124,714204.6168,0,2024-06-23
1719187200000,2459.2,2499.0,2362.8,2376.2,2535.662,1719273599999,6168932.1656,45337,1183.722,2885423.5778,0,2024-06-24
1719273600000,2376.1,2395.3,2365.7,2390.4,830.043,1719359999999,1976930.0729,18495,405.263,965531.4773,0,2024-06-25
1719360000000,2390.2,2404.5,2355.1,2376.3,808.706,1719446399999,1930510.3406,17067,396.835,947783.1699,0,2024-06-26
1719446400000,2376.1,2383.6,2333.4,2339.6,665.193,1719532799999,1568869.2782,13629,307.048,724453.6942,0,2024-06-27
1719532800000,2339.7,2354.7,2328.9,2350.1,831.088,1719619199999,1946362.8678,13103,424.901,995296.7220,0,2024-06-28
1719619200000,2350.2,2373.0,2347.0,2369.5,632.633,1719705599999,1491722.5087,10814,352.485,830913.2761,0,2024-06-29
1719705600000,2369.5,2390.8,2365.1,2388.8,537.499,1719791999999,1277536.4740,11635,277.227,658967.5636,0,2024-06-30
1719792000000,2389.3,2400.0,2368.7,2393.9,519.971,1719878399999,1239403.7444,10675,263.826,629039.7392,0,2024-07-01
1719878400000,2393.7,2424.3,2352.4,2358.3,541.814,1719964799999,1288955.0631,9955,247.813,589877.8980,0,2024-07-02
1719964800000,2358.4,2396.8,2345.5,2385.6,839.570,1720051199999,1991495.7525,16287,418.962,993976.8562,0,2024-07-03
1720051200000,2385.1,2460.0,2373.8,2448.8,2596.139,1720137599999,6265931.4189,46301,1348.197,3256307.6077,0,2024-07-04
1720137600000,2448.3,2552.0,2442.0,2470.8,7802.829,1720223999999,19388174.4857,142384,3947.932,9816289.0608,0,2024-07-05
1720224000000,2470.9,2477.5,2426.7,2439.0,1091.217,1720310399999,2670386.3458,28855,481.138,1177642.7433,0,2024-07-06
1720310400000,2439.1,2507.9,2438.8,2475.5,1388.244,1720396799999,3425474.1995,32305,757.562,1870232.5754,0,2024-07-07
1720396800000,2475.3,2505.4,2416.1,2428.9,2359.194,1720483199999,5774544.1098,46672,1115.322,2731844.7327,0,2024-07-08
1720483200000,2428.5,2451.7,2414.3,2451.5,755.945,1720569599999,1835356.7070,18463,363.206,882240.9779,0,2024-07-09
1720569600000,2451.5,2470.2,2393.7,2411.9,851.051,1720655999999,2067132.8650,18703,391.012,950284.6596,0,2024-07-10
1720656000000,2411.6,2425.7,2378.8,2405.1,776.149,1720742399999,1866148.5848,18749,357.209,859328.3140,0,2024-07-11
1720742400000,2404.8,2414.3,2385.9,2387.5,506.642,1720828799999,1216298.3288,13229,234.802,563934.3001,0,2024-07-12
1720828800000,2387.5,2402.2,2371.8,2396.1,438.223,1720915199999,1046091.0246,12923,224.998,537348.1758,0,2024-07-13
1720915200000,2396.0,2423.9,2393.9,2409.0,359.083,1721001599999,865596.2082,13025,190.749,459934.5579,0,2024-07-14
1721001600000,2409.2,2433.0,2389.7,2401.7,882.623,1721087999999,2128041.4823,23914,393.473,948809.2744,0,2024-07-15
1721088000000,2401.7,2433.4,2391.3,2429.6,1147.368,1721174399999,2765129.7300,34397,608.286,1466260.0120,0,2024-07-16
1721174400000,2429.3,2441.8,2406.5,2427.6,693.941,1721260799999,1681533.2108,23331,337.973,819159.1977,0,2024-07-17
1721260800000,2427.4,2435.5,2408.0,2416.9,491.351,1721347199999,1190322.1353,14176,235.331,570289.1490,0,2024-07-18
1721347200000,2416.5,2459.8,2411.5,2443.7,739.033,1721433599999,1798539.3238,16441,384.022,935192.7628,0,2024-07-19
1721433600000,2444.0,2456.6,2437.0,2441.6,474.373,1721519999999,1159862.8755,10800,279.147,682609.0657,0,2024-07-20
1721520000000,2441.7,2502.0,2439.0,2446.1,736.747,1721606399999,1809366.9465,15379,443.597,1090018.3038,0,2024-07-21
1721606400000,2446.0,2492.5,2441.6,2488.6,641.131,1721692799999,1579262.3699,16741,326.532,805006.9106,0,2024-07-22
1721692800000,2488.7,2495.4,2424.6,2435.8,1261.645,1721779199999,3095787.3279,23756,529.147,1299742.0696,0,2024-07-23
1721779200000,2435.6,2492.7,2430.4,2474.5,668.815,1721865599999,1645288.1303,14682,340.487,838565.9332,0,2024-07-24
1721865600000,2474.7,2609.8,2473.3,2581.4,4509.819,1721951999999,11518082.8444,82285,2407.125,6148668.5163,0,2024-07-25
1721952000000,2581.5,2603.2,2554.6,2577.6,1772.664,1722038399999,4573241.5316,32736,937.188,2418335.0900,0,2024-07-26
1722038400000,2577.6,2621.8,2572.6,2590.2,1555.145,1722124799999,4036464.4446,30068,841.823,2186069.0355,0,2024-07-27
1722124800000,2590.1,2600.0,2572.7,2594.2,515.875,1722211199999,1335026.7059,13893,259.110,670724.0035,0,2024-07-28
1722211200000,2593.4,2605.0,2520.7,2528.7,1500.325,1722297599999,3846176.4019,30859,752.712,1930724.7423,0,2024-07-29
1722297600000,2528.7,2533.2,2497.4,2519.4,854.824,1722383999999,2150077.8870,21091,446.866,1124606.8285,0,2024-07-30
1722384000000,2519.4,2525.5,2481.0,2509.8,912.767,1722470399999,2286919.7345,21075,448.341,1123930.4377,0,2024-07-31
1722470400000,2509.7,2579.7,2502.6,2567.7,1920.007,1722556799999,4897323.4643,42891,1002.514,2557327.9645,0,2024-08-01
1722556800000,2567.7,2646.4,2552.7,2589.8,2382.404,1722643199999,6193179.8823,46890,1260.772,3278735.9658,0,2024-08-02
1722643200000,2590.0,2650.6,2580.7,2636.9,2507.960,1722729599999,6570420.4341,55681,1302.607,3414803.7053,0,2024-08-03
1722729600000,2636.9,2722.0,2620.4,2697.0,3999.392,1722815999999,10669855.8172,87726,2144.893,5725596.4915,0,2024-08-04
1722816000000,2697.0,3005.8,2687.8,2741.6,14318.219,1722902399999,40196092.7325,309464,7350.050,20661962.8031,0,2024-08-05
1722902400000,2742.6,2759.5,2690.3,2751.5,2990.984,1722988799999,8142153.4479,88508,1410.379,3840880.1807,0,2024-08-06
1722988800000,2751.6,2814.8,2714.1,2775.2,2707.137,1723075199999,7507062.9095,85958,1352.159,3753023.4738,0,2024-08-07
1723075200000,2775.5,2810.0,2752.2,2776.4,2596.422,1723161599999,7217708.5201,79333,1248.265,3471303.4001,0,2024-08-08
1723161600000,2776.6,2835.3,2761.7,2825.7,1807.124,1723247999999,5057805.1770,59439,910.968,2551566.9502,0,2024-08-09
1723248000000,2825.2,2834.2,2793.0,2815.0,755.616,1723334399999,2122471.2278,30447,405.093,1138014.5587,0,2024-08-10
1723334400000,2814.9,2825.0,2760.1,2817.1,1429.923,1723420799999,3995172.3066,48397,773.183,2160733.7817,0,2024-08-11
1723420800000,2817.1,2830.3,2695.2,2715.3,2078.045,1723507199999,5738813.7661,66680,923.141,2551876.1105,0,2024-08-12
1723507200000,2715.2,2796.6,2713.7,2773.3,1281.894,1723593599999,3530484.0632,41060,675.385,1859165.0872,0,2024-08-13
1723593600000,2773.3,2795.0,2725.0,2725.5,1101.580,1723679999999,3044429.9221,38709,546.293,1509855.3208,0,2024-08-14
1723680000000,2725.5,2783.4,2710.7,2741.7,1189.624,1723766399999,3262410.7349,39327,617.836,1694810.5301,0,2024-08-15
1723766400000,2741.0,2807.3,2727.1,2792.4,997.509,1723852799999,2762074.8308,29979,525.716,1456391.5920,0,2024-08-16
1723852800000,2792.7,2806.0,2774.3,2780.6,519.193,1723939199999,1449591.8184,16644,252.740,705937.8145,0,2024-08-17
1723939200000,2781.3,2801.4,2742.8,2745.1,617.150,1724025599999,1711050.3133,21189,287.769,797971.5953,0,2024-08-18
1724025600000,2745.3,2755.7,2728.5,2735.4,595.813,1724111999999,1633034.3195,19396,314.537,862279.1720,0,2024-08-19
1724112000000,2735.3,2776.1,2730.1,2741.7,729.669,1724198399999,2010979.3314,22175,361.527,996333.1482,0,2024-08-20
1724198400000,2741.7,2794.2,2740.3,2787.9,761.062,1724284799999,2106081.6076,21452,453.786,1256035.0199,0,2024-08-21
1724284800000,2787.9,2794.4,2743.2,2746.5,517.682,1724371199999,1432853.6756,14753,197.979,548084.9480,0,2024-08-22
1724371200000,2746.5,2809.3,2730.0,2782.1,1137.756,1724457599999,3144311.1579,26481,639.228,1767082.8118,0,2024-08-23
1724457600000,2781.4,2804.5,2746.1,2775.1,1045.867,1724543999999,2903133.6526,29394,534.539,1484724.3102,0,2024-08-24
1724544000000,2775.2,2828.6,2772.9,2808.4,1482.839,1724630399999,4150658.3466,29649,686.515,1922204.0619,0,2024-08-25
1724630400000,2808.4,2848.4,2798.3,2830.0,1305.232,1724716799999,3685256.0268,33992,699.947,1976788.0911,0,2024-08-26
1724716800000,2829.9,2903.5,2813.2,2860.0,2179.336,1724803199999,6203655.9817,55475,1139.897,3246083.1876,0,2024-08-27
1724803200000,2859.9,2876.4,2800.3,2803.7,1782.998,1724889599999,5055582.3657,52505,907.935,2575888.6158,0,2024-08-28
1724889600000,2804.0,2847.3,2796.9,2831.8,829.249,1724975999999,2340369.0826,31174,418.596,1181465.7092,0,2024-08-29
1724976000000,2831.8,2867.7,2819.7,2822.2,1174.619,1725062399999,3339131.1348,42007,631.722,1796237.2070,0,2024-08-30
1725062400000,2822.2,2844.6,2819.0,2834.4,407.019,1725148799999,1152051.1274,18944,201.008,569037.4229,0,2024-08-31
1725148800000,2834.4,2883.1,2830.0,2861.3,1140.973,1725235199999,3253377.2086,39585,586.593,1672792.2090,0,2024-09-01
1725235200000,2861.5,2879.0,2817.9,2839.2,1316.960,1725321599999,3753167.7043,50149,652.260,1859336.7291,0,2024-09-02
1725321600000,2839.6,2872.7,2836.5,2867.4,633.485,1725407999999,1807117.9515,25055,324.947,927064.7284,0,2024-09-03
1725408000000,2867.6,2910.0,2828.6,2865.8,2942.421,1725494399999,8400370.2699,80487,1489.632,4253059.1784,0,2024-09-04
1725494400000,2865.8,2867.7,2838.3,2850.1,553.803,1725580799999,1581240.8137,20402,248.424,709474.6303,0,2024-09-05
1725580800000,2851.6,2887.4,2821.7,2868.8,948.955,1725667199999,2710633.5165,27781,490.411,1401784.6789,0,2024-09-06
1725667200000,2868.8,2873.1,2828.6,2833.1,514.357,1725753599999,1464174.3215,16706,246.286,701391.1329,0,2024-09-07
1725753600000,2833.0,2836.5,2801.3,2828.2,700.406,1725839999999,1975172.1874,15233,300.015,846445.7192,0,2024-09-08
1725840000000,2827.9,2881.0,2818.4,2857.9,822.354,1725926399999,2344026.5556,18131,444.987,1269050.1950,0,2024-09-09
1725926400000,2858.9,2880.0,2850.0,2867.3,420.606,1726012799999,1205755.8399,10721,206.875,593263.8420,0,2024-09-10
1726012800000,2867.3,2897.2,2858.6,2879.3,865.890,1726099199999,2491564.5540,15513,485.145,1396977.0346,0,2024-09-11
1726099200000,2879.4,2897.7,2861.8,2876.8,741.822,1726185599999,2138737.2567,15088,344.176,992472.5565,0,2024-09-12
1726185600000,2876.7,2933.3,2870.9,2913.9,787.786,1726271999999,2281818.2452,16404,450.409,1305239.4879,0,2024-09-13
1726272000000,2913.4,2924.4,2897.5,2909.4,444.537,1726358399999,1293282.8593,14475,237.912,692201.4298,0,2024-09-14
1726358400000,2909.1,2966.3,2900.0,2962.3,822.672,1726444799999,2416200.4942,19784,476.167,1398272.8388,0,2024-09-15
1726444800000,2962.7,2987.5,2934.6,2950.5,1385.188,1726531199999,4097187.8122,41088,685.273,2027309.5080,0,2024-09-16
1726531200000,2950.1,3030.0,2944.0,3012.2,1638.080,1726617599999,4901749.7765,39577,911.292,2726969.6512,0,2024-09-17
1726617600000,3012.7,3049.1,3010.3,3031.8,1369.902,1726703999999,4152737.0487,33519,693.969,2104284.3670,0,2024-09-18
1726704000000,3031.7,3041.6,2988.5,2995.4,1343.109,1726790399999,4048195.5051,37721,672.379,2027339.6244,0,2024-09-19
1726790400000,2995.2,3016.6,2926.8,2940.6,1422.766,1726876799999,4206728.2703,42167,664.624,1964989.1258,0,2024-09-20
1726876800000,2940.5,2952.5,2881.3,2883.7,798.506,1726963199999,2332064.4457,24597,371.593,1086128.3514,0,2024-09-21
1726963200000,2884.0,2945.0,2875.2,2935.2,1007.842,1727049599999,2928788.5878,29357,498.026,1447698.9573,0,2024-09-22
1727049600000,2935.2,2938.7,2846.0,2866.4,1125.343,1727135999999,3244580.6393,36470,498.530,1437835.2291,0,2024-09-23
1727136000000,2866.9,2891.6,2861.4,2872.8,599.739,1727222399999,1722520.2207,23456,304.255,874049.7804,0,2024-09-24
1727222400000,2872.4,2907.0,2870.1,2896.4,452.278,1727308799999,1305361.3700,18925,208.926,603254.1369,0,2024-09-25
1727308800000,2896.5,2911.0,2868.4,2909.5,558.465,1727395199999,1616419.0545,24760,268.404,777264.3654,0,2024-09-26
1727395200000,2909.5,2914.1,2872.5,2882.3,542.907,1727481599999,1570835.2174,25375,257.413,745209.0533,0,2024-09-27
1727481600000,2882.1,2915.0,2874.0,2894.4,414.383,1727567999999,1198505.6320,17724,181.549,525345.8065,0,2024-09-28
1727568000000,2895.2,2921.0,2882.6,2893.1,609.704,1727654399999,1769444.0100,20869,318.997,926116.8966,0,2024-09-29
1727654400000,2893.1,2908.6,2852.2,2886.9,851.657,1727740799999,2451712.4277,30929,394.211,1134892.1111,0,2024-09-30
1727740800000,2886.9,2974.0,2851.0,2924.2,2132.531,1727827199999,6220090.4036,58850,1073.830,3133221.9258,0,2024-10-01
1727827200000,2924.5,3020.0,2912.8,3010.2,2331.703,1727913599999,6902507.6749,60936,1182.857,3504639.1648,0,2024-10-02
1727913600000,3010.3,3060.7,3000.0,3034.4,2540.604,1727999999999,7709370.7070,65671,1334.097,4049305.0967,0,2024-10-03
1728000000000,3034.4,3039.3,2998.0,3017.2,911.032,1728086399999,2751877.9026,32627,464.931,1404635.0959,0,2024-10-04
1728086400000,3016.9,3031.3,3005.9,3017.8,469.470,1728172799999,1417056.5062,20316,207.440,626210.5408,0,2024-10-05
1728172800000,3017.6,3023.3,3002.1,3013.0,485.708,1728259199999,1462400.9611,20104,245.825,740301.3508,0,2024-10-06
1728259200000,3013.1,3035.9,2985.0,3014.9,1202.955,1728345599999,3620352.9952,30938,630.471,1897668.2297,0,2024-10-07
1728345600000,3014.4,3031.5,2988.3,2992.6,869.351,1728431999999,2620209.6759,25189,372.204,1121894.5950,0,2024-10-08
1728432000000,2992.5,3001.8,2965.6,2988.8,1062.416,1728518399999,3174824.9227,26714,507.936,1518296.5577,0,2024-10-09
1728518400000,2988.8,3002.3,2959.0,2969.4,1090.603,1728604799999,3252396.3838,30305,521.380,1555734.3537,0,2024-10-10
1728604800000,2969.3,3008.1,2949.9,2994.3,677.859,1728691199999,2020698.1950,30077,358.956,1070530.4568,0,2024-10-11
1728691200000,2994.4,3003.1,2981.4,2991.6,332.656,1728777599999,995747.6863,15790,191.081,572088.4891,0,2024-10-12
1728777600000,2991.0,3003.7,2978.1,2989.5,418.227,1728863999999,1250856.5878,17368,207.895,621978.0352,0,2024-10-13
1728864000000,2989.5,3018.7,2974.8,2985.9,939.472,1728950399999,2814709.7624,29285,524.160,1570924.1859,0,2024-10-14
1728950400000,2985.8,3074.0,2967.8,3051.8,1735.598,1729036799999,5262771.4239,47752,938.468,2846966.1065,0,2024-10-15
1729036800000,3051.9,3088.3,3046.5,3069.6,966.175,1729123199999,2962210.8910,31993,500.522,1535021.7837,0,2024-10-16
1729123200000,3069.6,3093.6,3035.3,3081.9,943.381,1729209599999,2894105.9472,29789,516.310,1584140.0807,0,2024-10-17
1729209600000,3081.9,3087.0,3058.5,3077.2,661.489,1729295999999,2034471.2847,24171,369.085,1135415.6623,0,2024-10-18
1729296000000,3077.1,3078.5,3054.9,3060.0,345.211,1729382399999,1058553.4918,13352,139.081,426439.7433,0,2024-10-19
1729382400000,3060.0,3073.9,3001.0,3003.4,900.557,1729468799999,2735694.5679,27478,429.325,1304503.0935,0,2024-10-20
1729468800000,3003.3,3008.0,2974.1,2993.9,1078.900,1729555199999,3231144.9756,30639,425.465,1274580.1466,0,2024-10-21
1729555200000,2993.8,3029.4,2984.6,3028.5,558.405,1729641599999,1681160.4793,22481,300.363,904414.1768,0,2024-10-22
1729641600000,3028.4,3083.3,3022.9,3061.0,1275.921,1729727999999,3900957.1899,41614,657.914,2011645.8208,0,2024-10-23
1729728000000,3061.0,3102.2,3057.0,3095.3,1131.457,1729814399999,3485544.4533,31794,651.353,2007143.4958,0,2024-10-24
1729814400000,3095.2,3270.0,3090.6,3182.2,2982.128,1729900799999,9363319.0061,58438,1688.836,5305422.7385,0,2024-10-25
1729900800000,3182.3,3200.0,3127.8,3139.4,1909.680,1729987199999,6039285.4703,41991,821.935,2600949.2578,0,2024-10-26
1729987200000,3139.4,3147.7,3129.6,3136.3,653.325,1730073599999,2049364.3628,17716,440.066,1379930.9946,0,2024-10-27
1730073600000,3136.7,3203.5,3132.4,3163.5,1559.408,1730159999999,4939815.0815,36458,834.978,2646471.3238,0,2024-10-28
1730160000000,3163.5,3223.0,3133.1,3201.3,1771.960,1730246399999,5629339.0276,40741,942.867,2997499.6006,0,2024-10-29
1730246400000,3201.7,3212.1,3148.9,3200.1,1395.148,1730332799999,4440014.1788,36416,678.193,2158982.7645,0,2024-10-30
1730332800000,3200.3,3270.0,3188.6,3254.4,2651.527,1730419199999,8591017.6814,58172,1449.727,4698433.6609,0,2024-10-31
1730419200000,3254.5,3256.0,3215.5,3236.0,1879.769,1730505599999,6085475.6891,43778,942.946,3053702.4887,0,2024-11-01
1730505600000,3236.2,3278.5,3226.7,3248.7,1433.707,1730591999999,4669268.0056,31143,802.105,2612646.9929,0,2024-11-02
1730592000000,3248.6,3302.7,3243.0,3286.4,2790.673,1730678399999,9142910.6397,63587,1443.292,4729714.4801,0,2024-11-03
1730678400000,3286.3,3316.9,3260.5,3299.9,1742.966,1730764799999,5725721.0454,48158,929.110,3053568.8615,0,2024-11-04
1730764800000,3300.0,3318.0,3281.3,3305.4,1502.091,1730851199999,4956101.7409,42203,742.534,2450631.0630,0,2024-11-05
1730851200000,3305.3,3320.5,3242.5,3259.2,3838.706,1730937599999,12615019.8142,83666,1828.161,6009515.1334,0,2024-11-06
1730937600000,3258.5,3267.0,3120.4,3136.0,4485.417,1731023999999,14209394.6024,90438,2136.099,6765774.1481,0,2024-11-07
1731024000000,3136.0,3149.1,3086.4,3100.6,2683.396,1731110399999,8371147.5923,57528,1278.120,3988046.8981,0,2024-11-08
1731110400000,3100.6,3108.0,2967.8,2977.2,3250.929,1731196799999,9878909.8641,66412,1463.473,4447914.7475,0,2024-11-09
1731196800000,2977.2,3064.1,2956.7,3015.9,6239.209,1731283199999,18682953.8121,120141,3081.799,9233078.6317,0,2024-11-10
1731283200000,3016.0,3194.8,2994.5,3131.9,6190.306,1731369599999,19134256.6799,125814,3232.953,9998048.0672,0,2024-11-11
1731369600000,3132.2,3223.9,3070.0,3195.7,6701.606,1731455999999,21169463.0494,132933,3480.584,11001547.4759,0,2024-11-12
1731456000000,3195.2,3362.5,3184.1,3319.2,5723.156,1731542399999,18762223.8512,129860,3136.468,10283284.4179,0,2024-11-13
1731542400000,3319.2,3349.1,3230.8,3291.3,3873.214,1731628799999,12752435.0568,101280,1944.099,6401660.5153,0,2024-11-14
1731628800000,3291.3,3372.0,3280.2,3327.8,3451.144,1731715199999,11457251.9904,96578,1754.070,5824612.5507,0,2024-11-15
1731715200000,3327.9,3344.4,3212.6,3243.4,3465.438,1731801599999,11337212.0142,89361,1620.169,5302638.3319,0,2024-11-16
1731801600000,3244.4,3317.3,3189.6,3237.8,3004.386,1731887999999,9756758.8848,91986,1499.948,4874956.7991,0,2024-11-17
1731888000000,3237.8,3252.9,3150.0,3159.2,2586.563,1731974399999,8315740.5365,80973,1170.207,3765880.2478,0,2024-11-18
1731974400000,3159.3,3302.2,3150.7,3270.1,2314.648,1732060799999,7511866.0896,70978,1296.663,4209340.9413,0,2024-11-19
1732060800000,3270.1,3413.1,3261.0,3384.1,4779.054,1732147199999,15966533.8852,118529,2511.971,8394196.5391,0,2024-11-20
1732147200000,3383.9,3468.0,3265.2,3283.9,7877.794,1732233599999,26490790.0597,173626,3977.376,13380960.5801,0,2024-11-21
1732233600000,3283.7,3302.5,3201.6,3207.6,4636.155,1732319999999,15063634.2337,124990,2288.502,7440822.6487,0,2024-11-22
1732320000000,3207.5,3208.5,3014.2,3085.4,7625.566,1732406399999,23553224.7188,183504,3467.713,10712743.7340,0,2024-11-23
1732406400000,3085.0,3200.4,3050.0,3114.7,6132.149,1732492799999,19120141.6847,163328,2856.313,8910724.7043,0,2024-11-24
1732492800000,3114.5,3166.5,3006.1,3024.1,6077.541,1732579199999,18643387.8110,149547,2824.514,8671549.1203,0,2024-11-25
1732579200000,3024.0,3149.8,3014.4,3056.0,5038.922,1732665599999,15530835.6378,134676,2377.749,7332229.2325,0,2024-11-26
1732665600000,3056.1,3086.7,2957.7,2967.1,3417.222,1732751999999,10315081.9054,99559,1572.687,4750169.1961,0,2024-11-27
1732752000000,2967.4,3027.0,2956.0,2980.0,2481.266,1732838399999,7413235.5626,81147,1230.321,3677685.3183,0,2024-11-28
1732838400000,2980.0,3005.3,2950.8,2958.8,2033.676,1732924799999,6062933.4382,63854,926.642,2763297.0281,0,2024-11-29
1732924800000,2958.9,2973.2,2855.8,2873.6,4334.489,1733011199999,12551317.5990,107709,2111.036,6110557.2797,0,2024-11-30
1733011200000,2873.4,2910.0,2842.6,2847.8,4303.367,1733097599999,12416029.3302,99735,2105.150,6075718.9802,0,2024-12-01
1733097600000,2847.9,2907.8,2800.9,2803.9,5242.195,1733183999999,14959426.6064,140712,2566.384,7327869.7239,0,2024-12-02
1733184000000,2803.8,2874.6,2742.1,2754.5,7536.427,1733270399999,21170432.8154,170696,3558.256,9999189.6144,0,2024-12-03
1733270400000,2754.5,2797.1,2651.6,2761.3,8273.463,1733356799999,22416572.5238,178182,3882.955,10524107.7750,0,2024-12-04
1733356800000,2761.4,2916.0,2685.0,2754.1,9079.029,1733443199999,25578014.1560,181962,4507.972,12710641.3366,0,2024-12-05
1733443200000,2754.2,2778.9,2695.0,2713.1,4348.720,1733529599999,11879864.4183,112510,2032.372,5555665.3287,0,2024-12-06
1733529600000,2712.9,2728.8,2670.0,2677.9,3119.699,1733615999999,8406867.5969,69449,1500.896,4045312.6334,0,2024-12-07
1733616000000,2677.9,2720.8,2670.0,2707.7,3971.525,1733702399999,10709475.8324,79245,1887.072,5089576.5205,0,2024-12-08
1733702400000,2707.7,3024.0,2701.5,2909.2,11593.302,1733788799999,32786711.4358,204680,5897.583,16710600.2081,0,2024-12-09
1733788800000,2909.3,3050.0,2872.6,2916.4,11225.864,1733875199999,33162770.8067,213090,5715.121,16900395.0035,0,2024-12-10
1733875200000,2915.5,2969.9,2870.0,2889.3,4241.505,1733961599999,12335262.2464,98611,2076.657,6041292.6702,0,2024-12-11
1733961600000,2889.3,2894.6,2787.4,2837.1,5674.729,1734047999999,16045677.3572,117821,2785.767,7881592.1895,0,2024-12-12
1734048000000,2837.0,2872.1,2796.6,2849.8,3638.988,1734134399999,10330214.2633,82523,1748.962,4966570.4897,0,2024-12-13
1734134400000,2849.7,2923.7,2832.1,2901.2,3056.441,1734220799999,8819694.3164,76755,1524.621,4400606.6038,0,2024-12-14
1734220800000,2901.3,2961.9,2895.3,2922.4,2989.193,1734307199999,8743721.6997,75639,1499.146,4385627.3113,0,2024-12-15
1734307200000,2922.5,3021.1,2912.1,2978.2,4973.112,1734393599999,14754699.6244,106922,2515.520,7461004.1560,0,2024-12-16
1734393600000,2978.4,3028.9,2942.4,3013.2,3924.754,1734479999999,11732599.7323,92276,2012.786,6018941.5749,0,2024-12-17
1734480000000,3013.5,3114.0,2982.4,3072.4,6410.568,1734566399999,19410390.1984,128648,3243.503,9827168.5236,0,2024-12-18
1734566400000,3072.6,3217.0,3055.4,3177.6,7435.093,1734652799999,23223939.6748,181964,3850.469,12029621.3682,0,2024-12-19
1734652800000,3177.2,3386.1,3105.0,3132.0,10360.076,1734739199999,33465219.7424,252146,5064.382,16373426.6364,0,2024-12-20
1734739200000,3132.1,3251.3,3067.0,3232.7,5070.537,1734825599999,16045178.9880,157564,2597.758,8229871.0201,0,2024-12-21
1734825600000,3232.3,3251.4,3162.9,3210.7,3614.721,1734911999999,11591133.1988,127015,1827.451,5861659.7503,0,2024-12-22
1734912000000,3211.0,3236.9,3007.1,3061.2,4907.994,1734998399999,15347951.4310,141108,2279.801,7126960.0218,0,2024-12-23
1734998400000,3060.6,3125.3,3040.8,3104.6,3648.809,1735084799999,11232188.7897,112608,1847.480,5689179.6000,0,2024-12-24
1735084800000,3105.0,3149.9,3084.1,3139.7,1774.007,1735171199999,5528276.9717,68734,929.624,2897977.1963,0,2024-12-25
1735171200000,3139.8,3199.8,3132.5,3180.1,2973.829,1735257599999,9400685.2205,110434,1518.573,4800633.1430,0,2024-12-26
1735257600000,3179.5,3189.6,3110.1,3143.9,2941.035,1735343999999,9253030.0017,116991,1472.607,4633227.2808,0,2024-12-27
1735344000000,3143.9,3153.1,3075.6,3092.3,1470.695,1735430399999,4578260.8007,69300,744.562,2317515.9082,0,2024-12-28
1735430400000,3092.0,3126.1,3082.5,3118.5,1437.842,1735516799999,4455432.5621,59548,697.582,2161675.6288,0,2024-12-29
1735516800000,3118.6,3139.5,3057.2,3092.1,2837.308,1735603199999,8794342.9595,95771,1402.538,4346856.8782,0,2024-12-30
1735603200000,3092.0,3133.7,3088.2,3130.7,2110.921,1735689599999,6573340.8541,74271,1047.872,3263428.7838,0,2024-12-31
1735689600000,3130.7,3135.5,3065.0,3065.5,1502.152,1735775999999,4659701.0168,57126,709.918,2202226.5031,0,2025-01-01
1735776000000,3065.3,3072.5,3020.6,3049.2,1853.834,1735862399999,5639360.5156,69833,856.054,2604362.5466,0,2025-01-02
1735862400000,3049.3,3053.4,2905.0,2950.1,2224.293,1735948799999,6639283.3505,77064,994.340,2968271.1859,0,2025-01-03
1735948800000,2950.0,2970.0,2901.0,2937.7,2318.196,1736035199999,6822094.6681,83216,1184.880,3486425.7826,0,2025-01-04
1736035200000,2937.5,2975.0,2930.0,2960.5,1454.547,1736121599999,4305530.7898,62400,712.603,2109793.4076,0,2025-01-05
1736121600000,2960.6,3037.6,2946.9,3031.9,2790.400,1736207999999,8356079.5019,78858,1433.116,4293528.5836,0,2025-01-06
1736208000000,3032.1,3116.3,3010.5,3114.3,5080.940,1736294399999,15552923.6685,127164,2672.346,8180735.7783,0,2025-01-07
1736294400000,3114.8,3145.3,3068.9,3083.7,6955.396,1736380799999,21595646.9707,187945,3545.398,11012804.6597,0,2025-01-08
1736380800000,3083.3,3129.3,3052.1,3118.0,3059.157,1736467199999,9451233.4944,102986,1598.159,4937523.8114,0,2025-01-09
1736467200000,3116.9,3130.9,3093.0,3119.7,2454.669,1736553599999,7648828.1434,79727,1248.657,3890974.7363,0,2025-01-10
1736553600000,3119.4,3136.4,3036.4,3061.1,1982.282,1736639999999,6123880.8313,48492,964.834,2982931.6282,0,2025-01-11
1736640000000,3061.1,3100.0,3056.2,3090.4,1785.796,1736726399999,5504311.2724,42689,865.759,2668729.2805,0,2025-01-12
1736726400000,3090.9,3220.5,3071.0,3169.1,7236.042,1736812799999,22866237.2346,144580,3703.195,11702490.8893,0,2025-01-13
1736812800000,3169.6,3184.5,3130.0,3139.0,2270.680,1736899199999,7176294.8991,59918,1117.018,3531779.1923,0,2025-01-14
1736899200000,3139.1,3167.0,3005.0,3023.0,3922.688,1736985599999,12148709.3705,82094,1952.041,6044501.0761,0,2025-01-15
1736985600000,3022.7,3079.2,2961.1,3038.4,4914.256,1737071999999,14849203.5992,90620,2480.953,7497726.9908,0,2025-01-16
1737072000000,3038.3,3122.0,2997.4,3037.6,3703.263,1737158399999,11294544.0118,70421,1776.056,5421512.2468,0,2025-01-17
1737158400000,3036.8,3160.3,3033.8,3106.3,4873.250,1737244799999,15204767.5865,104714,2510.457,7832929.4479,0,2025-01-18
1737244800000,3106.2,3261.7,3068.4,3179.0,9589.431,1737331199999,30376014.7099,202139,5050.707,16002428.4199,0,2025-01-19
1737331200000,3178.4,3241.0,3132.5,3160.2,8312.693,1737417599999,26472496.4371,202201,4235.476,13488505.9082,0,2025-01-20
1737417600000,3159.9,3231.0,3155.1,3212.8,3482.533,1737503999999,11134348.2229,100187,1815.368,5804889.8985,0,2025-01-21
1737504000000,3213.0,3215.9,3154.2,3183.0,2485.852,1737590399999,7917682.6791,72714,1272.105,4052779.8796,0,2025-01-22
1737590400000,3183.0,3287.7,3162.3,3177.6,5490.096,1737676799999,17672884.9747,142208,2884.191,9285363.9488,0,2025-01-23
1737676800000,3177.1,3232.5,3148.2,3230.7,3615.584,1737763199999,11523196.8895,105634,1760.302,5613309.2581,0,2025-01-24
1737763200000,3230.7,3246.1,3195.9,3215.0,2426.259,1737849599999,7819294.3930,73201,1315.717,4241224.4462,0,2025-01-25
1737849600000,3214.2,3258.3,3190.1,3249.5,2093.970,1737935999999,6746890.6760,59557,1035.181,3336372.8444,0,2025-01-26
1737936000000,3250.0,3358.2,3238.0,3261.2,8086.345,1738022399999,26684425.5648,189820,4213.729,13910781.3461,0,2025-01-27
1738022400000,3260.8,3338.6,3241.0,3329.8,3570.402,1738108799999,11728227.4386,99660,1731.678,5691252.4836,0,2025-01-28
1738108800000,3330.1,3378.8,3289.7,3370.8,3367.552,1738195199999,11229489.6320,103527,1754.718,5853251.1748,0,2025-01-29
1738195200000,3370.7,3378.7,3278.0,3287.0,2328.865,1738281599999,7725553.4498,73899,1161.680,3852807.9262,0,2025-01-30
1738281600000,3286.9,3310.9,3205.3,3231.8,2600.181,1738367999999,8445097.5346,83334,1279.753,4158231.0828,0,2025-01-31
1738368000000,3231.7,3375.7,3212.2,3364.2,3041.495,1738454399999,10037226.0902,93004,1666.395,5500599.4752,0,2025-02-01
1738454400000,3364.2,3750.0,3327.3,3573.8,13209.701,1738540799999,45899807.8018,317366,7013.757,24385571.0902,0,2025-02-02
1738540800000,3573.7,4689.9,3570.6,3622.6,27672.611,1738627199999,106967126.1142,717671,14405.480,55728876.7628,0,2025-02-03
1738627200000,3622.5,3816.8,3608.7,3714.1,8797.625,1738713599999,32617993.5234,260914,4327.482,16052954.5849,0,2025-02-04
1738713600000,3713.7,3783.3,3656.9,3722.3,4027.354,1738799999999,14982294.2943,142312,2010.332,7477857.8653,0,2025-02-05
1738800000000,3722.7,3859.6,3679.5,3826.7,5070.540,1738886399999,19157783.8124,166083,2497.335,9437128.4777,0,2025-02-06
1738886400000,3827.5,3891.7,3742.3,3834.7,4131.598,1738972799999,15735816.1890,149485,2040.699,7774241.8091,0,2025-02-07
1738972800000,3834.7,3860.0,3762.4,3779.7,2621.522,1739059199999,10007996.5691,93301,1305.616,4984612.6921,0,2025-02-08
1739059200000,3779.9,3865.0,3714.5,3787.0,2849.025,1739145599999,10749732.9199,111416,1413.184,5331299.3397,0,2025-02-09
1739145600000,3787.3,3844.9,3739.0,3763.9,2505.505,1739231999999,9490500.2763,103171,1240.140,4698597.9641,0,2025-02-10
1739232000000,3764.4,3772.5,3658.2,3726.2,2675.152,1739318399999,9929199.3519,97389,1256.631,4665103.1768,0,2025-02-11
1739318400000,3726.1,3778.3,3615.5,3662.0,3298.457,1739404799999,12278913.4863,97251,1687.663,6283655.1955,0,2025-02-12
1739404800000,3661.8,3713.1,3627.5,3669.5,1741.743,1739491199999,6387311.9745,73808,833.119,3055987.8772,0,2025-02-13
1739491200000,3669.6,3680.4,3573.0,3618.1,2076.272,1739577599999,7501770.1131,79817,998.880,3611921.8330,0,2025-02-14
1739577600000,3618.1,3672.9,3593.5,3650.6,1542.018,1739663999999,5603155.8932,56619,718.572,2612176.1042,0,2025-02-15
1739664000000,3651.0,3672.8,3621.9,3637.7,1539.215,1739750399999,5609328.8520,54272,712.303,2596603.0011,0,2025-02-16
1739750400000,3637.4,3683.0,3535.8,3627.8,2692.248,1739836799999,9747284.0044,84566,1278.667,4632538.6426,0,2025-02-17
1739836800000,3627.8,3806.4,3626.0,3742.8,3970.627,1739923199999,14833422.4231,116688,2047.832,7649495.8745,0,2025-02-18
1739923200000,3742.8,3764.3,3687.8,3699.0,2645.267,1740009599999,9833690.3338,74130,1296.924,4821664.1582,0,2025-02-19
1740009600000,3699.1,3747.1,3677.5,3724.7,2037.932,1740095999999,7562467.1233,48921,967.515,3588232.7553,0,2025-02-20
1740096000000,3725.0,3802.4,3673.8,3771.7,3810.650,1740182399999,14238890.9813,91946,1909.004,7131788.3873,0,2025-02-21
1740182400000,3771.2,3781.2,3671.6,3699.1,2387.788,1740268799999,8870159.4479,54575,1232.177,4577031.5627,0,2025-02-22
1740268800000,3699.2,3719.2,3641.7,3671.0,1795.068,1740355199999,6595477.9009,55416,852.915,3133645.2295,0,2025-02-23
1740355200000,3670.9,3997.1,3656.5,3927.9,5029.683,1740441599999,19330113.0013,155415,2628.906,10110395.7523,0,2025-02-24
1740441600000,3927.9,4081.2,3759.1,3787.0,7922.068,1740527999999,31236101.5068,226468,3879.010,15299472.8747,0,2025-02-25
1740528000000,3786.6,3879.0,3750.9,3777.3,3454.746,1740614399999,13187629.3812,107802,1764.570,6737472.1117,0,2025-02-26
1740614400000,3777.3,3846.4,3770.1,3813.3,1890.685,1740700799999,7203283.2019,69580,1004.690,3828149.7501,0,2025-02-27
1740700800000,3813.4,3916.3,3809.0,3856.5,3914.232,1740787199999,15141610.1718,121424,1946.379,7529640.6794,0,2025-02-28
1740787200000,3854.9,3963.8,3827.6,3921.8,1909.327,1740873599999,7462108.7942,67141,921.163,3599858.7635,0,2025-03-01
1740873600000,3921.6,3930.0,3603.6,3674.8,5272.826,1740959999999,19765653.4577,142501,2415.151,9057553.3127,0,2025-03-02
1740960000000,3674.8,4001.9,3660.0,3961.6,5258.705,1741046399999,20380092.9473,149636,2733.476,10608467.7652,0,2025-03-03
1741046400000,3961.6,4068.5,3860.5,3954.4,5947.584,1741132799999,23587559.0319,163093,3046.617,12084541.0376,0,2025-03-04
1741132800000,3954.4,4027.0,3896.1,3988.3,2247.054,1741219199999,8931934.6831,78182,1166.192,4637265.9945,0,2025-03-05
1741219200000,3988.3,3998.5,3904.2,3976.7,1885.078,1741305599999,7446027.0178,74058,905.503,3576889.8591,0,2025-03-06
1741305600000,3976.8,4017.4,3905.2,3987.2,3388.008,1741391999999,13439715.0993,103137,1661.833,6593997.6963,0,2025-03-07
1741392000000,3987.0,4006.1,3919.2,3962.6,1796.150,1741478399999,7119889.8837,61220,894.394,3546251.3102,0,2025-03-08
1741478400000,3962.8,4176.6,3950.2,4049.2,3809.225,1741564799999,15466508.3903,106294,1944.136,7898456.9396,0,2025-03-09
1741564800000,4049.1,4243.6,3970.3,4218.9,4139.291,1741651199999,16950709.8832,117862,2239.515,9181012.8450,0,2025-03-10
1741651200000,4218.8,4344.0,4163.3,4246.1,4003.927,1741737599999,16936595.3948,128126,2041.081,8638114.8337,0,2025-03-11
1741737600000,4245.3,4298.0,4172.1,4234.2,2438.294,1741823999999,10320823.3910,85155,1205.100,5101410.8125,0,2025-03-12
1741824000000,4234.2,4276.7,4123.4,4166.6,2119.461,1741910399999,8873352.5369,77425,972.337,4074390.8678,0,2025-03-13
1741910400000,4166.4,4211.0,4134.3,4165.6,1374.880,1741996799999,5735638.5749,52123,759.246,3168796.1844,0,2025-03-14
1741996800000,4165.0,4169.7,4067.6,4095.2,1438.696,1742083199999,5916909.2287,52245,670.212,2754827.3617,0,2025-03-15
1742083200000,4095.2,4207.1,4081.3,4163.0,1595.519,1742169599999,6637253.3073,64778,822.895,3424467.6567,0,2025-03-16
1742169600000,4163.3,4165.2,4096.4,4129.3,1307.336,1742255999999,5397109.3913,56466,655.391,2706375.0109,0,2025-03-17
1742256000000,4129.5,4163.8,4091.9,4099.1,1432.567,1742342399999,5919024.8903,52679,655.524,2709041.1920,0,2025-03-18
1742342400000,4099.1,4134.6,3961.7,4051.7,3613.017,1742428799999,14582923.9089,105850,1730.979,6994108.7222,0,2025-03-19
1742428800000,4051.7,4112.3,4036.8,4055.5,1664.482,1742515199999,6775802.6849,62587,782.711,3188105.5462,0,2025-03-20
1742515200000,4055.5,4127.0,4051.9,4090.8,1789.722,1742601599999,7309498.0329,75074,939.367,3837375.7443,0,2025-03-21
1742601600000,4090.7,4110.0,4043.5,4076.1,1478.577,1742687999999,6019876.0839,67180,727.665,2963418.0207,0,2025-03-22
1742688000000,4076.1,4130.0,4043.6,4119.2,1444.296,1742774399999,5894150.5148,61345,719.787,2937754.4806,0,2025-03-23
1742774400000,4119.1,4143.1,4035.5,4066.2,2027.166,1742860799999,8287265.1938,73453,967.048,3953831.6628,0,2025-03-24
1742860800000,4067.4,4084.2,4038.9,4055.6,845.574,1742947199999,3432898.1566,45874,380.020,1543428.3021,0,2025-03-25
1742947200000,4055.7,4160.0,4046.0,4137.1,1370.339,1743033599999,5607020.8464,53095,767.105,3139201.2793,0,2025-03-26
1743033600000,4135.9,4143.9,4098.6,4135.0,831.279,1743119999999,3425576.8574,38974,449.614,1853193.6210,0,2025-03-27
1743120000000,4135.0,4259.8,4129.8,4219.9,2555.035,1743206399999,10767193.8063,72973,1163.906,4905550.8788,0,2025-03-28
1743206400000,4220.4,4314.6,4202.7,4286.2,2217.776,1743292799999,9460611.8662,76955,1243.303,5304467.9215,0,2025-03-29
1743292800000,4285.7,4324.9,4248.7,4293.4,1567.053,1743379199999,6718504.9625,58924,691.728,2967104.7959,0,2025-03-30
1743379200000,4293.2,4366.4,4260.0,4308.1,2025.851,1743465599999,8743281.3709,84168,941.531,4064973.7968,0,2025-03-31
1743465600000,4308.1,4323.3,4240.0,4314.2,1975.422,1743551999999,8463489.7600,86092,909.534,3895771.7121,0,2025-04-01
1743552000000,4314.2,4457.6,4314.2,4419.4,5752.150,1743638399999,25201493.6327,135280,2937.416,12871647.4022,0,2025-04-02
1743638400000,4419.4,4500.0,4365.8,4416.4,5408.308,1743724799999,24003833.9738,132588,2632.911,11684286.5909,0,2025-04-03
1743724800000,4416.3,4466.3,4370.0,4396.6,5910.288,1743811199999,26150743.5624,133419,2812.408,12443020.4303,0,2025-04-04
1743811200000,4396.6,4431.6,4375.0,4406.5,1870.776,1743897599999,8235071.4513,50996,1080.360,4754976.7964,0,2025-04-05
1743897600000,4406.6,4677.4,4328.5,4641.7,5326.783,1743983999999,24177134.5857,167358,2845.354,12918449.3617,0,2025-04-06
1743984000000,4641.8,5000.0,4603.5,4686.9,13740.032,1744070399999,65149633.0151,381942,7170.454,34026568.4898,0,2025-04-07
1744070400000,4686.9,4754.7,4561.0,4710.3,7158.284,1744156799999,33481398.4231,227016,3419.045,15994555.4285,0,2025-04-08
1744156800000,4710.3,4820.4,4540.4,4555.5,8470.813,1744243199999,39562647.4425,280048,4269.307,19950536.7694,0,2025-04-09
1744243200000,4555.5,4719.0,4555.2,4645.6,3309.542,1744329599999,15400451.8680,143994,1656.818,7711304.6442,0,2025-04-10
1744329600000,4645.5,4726.6,4600.0,4713.4,2095.527,1744415999999,9783780.6051,92913,951.695,4448685.6433,0,2025-04-11
1744416000000,4713.5,4742.8,4530.9,4580.5,5061.429,1744502399999,23330898.6175,167088,2421.785,11160258.1074,0,2025-04-12
1744502400000,4580.5,5650.0,4550.0,5191.1,21523.673,1744588799999,106896254.7354,517129,11172.222,55537691.1850,0,2025-04-13
1744588800000,5191.1,5285.8,5046.6,5178.0,8346.508,1744675199999,42960460.2174,284809,4131.477,21268637.3697,0,2025-04-14
1744675200000,5178.0,5333.0,5172.6,5248.7,3249.994,1744761599999,16953496.0269,137406,1435.149,7486673.4120,0,2025-04-15
1744761600000,5248.9,5337.7,5218.5,5256.2,2908.893,1744847999999,15338928.5891,125345,1306.584,6894450.7212,0,2025-04-16
1744848000000,5256.5,5275.9,5205.0,5268.7,2606.996,1744934399999,13668037.0153,110589,1340.896,7032345.0818,0,2025-04-17
1744934400000,5268.8,5295.7,5214.9,5240.6,1497.733,1745020799999,7875212.4554,65205,865.876,4553700.0644,0,2025-04-18
1745020800000,5240.7,5253.7,5200.0,5204.0,1026.439,1745107199999,5359084.0511,48141,431.007,2251537.6970,0,2025-04-19
1745107200000,5204.1,5258.9,5150.0,5245.0,2327.179,1745193599999,12139811.6506,94351,1129.899,5896829.9756,0,2025-04-20
1745193600000,5245.1,5391.9,5216.6,5381.4,3378.836,1745279999999,17861218.4747,118757,1835.790,9706005.9102,0,2025-04-21
1745280000000,5381.4,5436.0,5291.0,5322.3,2807.219,1745366399999,15048420.6655,103177,1360.703,7294241.5763,0,2025-04-22
1745366400000,5322.0,5334.6,5209.8,5293.9,2505.435,1745452799999,13197151.1324,107259,1189.519,6264245.3845,0,2025-04-23
1745452800000,5293.9,5379.1,5261.2,5297.8,2193.924,1745539199999,11659534.6198,100235,1098.402,5837591.5697,0,2025-04-24
1745539200000,5297.7,5355.0,5233.3,5349.4,2729.046,1745625599999,14422041.2355,108436,1354.269,7158283.8129,0,2025-04-25
1745625600000,5349.3,5349.3,5238.4,5286.3,954.553,1745711999999,5054454.1925,58937,472.623,2503145.5602,0,2025-04-26
1745712000000,5286.3,5338.1,5256.0,5275.5,924.706,1745798399999,4899784.2343,57287,445.688,2361956.1530,0,2025-04-27
1745798400000,5275.4,5348.4,5220.5,5310.0,1791.871,1745884799999,9469435.5845,80668,893.415,4725010.5865,0,2025-04-28
1745884800000,5310.0,5344.9,5255.4,5325.9,1178.031,1745971199999,6246340.4639,60429,609.615,3234417.5188,0,2025-04-29
1745971200000,5326.4,5470.0,5314.5,5366.3,1830.060,1746057599999,9860259.6600,81927,980.293,5282309.9150,0,2025-04-30
1746057600000,5366.3,5396.0,5318.6,5390.0,1734.325,1746143999999,9279642.8021,72163,851.737,4558170.2083,0,2025-05-01
1746144000000,5390.0,5449.0,5385.6,5431.5,1030.629,1746230399999,5585326.2494,54693,509.846,2762860.8810,0,2025-05-02
1746230400000,5431.5,5462.8,5405.0,5420.6,840.091,1746316799999,4562318.9225,44739,408.265,2218247.0926,0,2025-05-03
1746316800000,5420.5,5464.1,5407.5,5433.6,889.518,1746403199999,4834302.1451,49938,444.085,2413380.7734,0,2025-05-04
1746403200000,5433.5,5451.4,5365.3,5441.4,1286.374,1746489599999,6962116.4588,62240,625.918,3388317.5605,0,2025-05-05
1746489600000,5442.4,5537.3,5431.2,5522.4,1940.397,1746575999999,10654205.2768,78441,1022.304,5609901.0768,0,2025-05-06
1746576000000,5522.3,5596.3,5493.9,5556.6,1402.418,1746662399999,7776723.4865,69431,675.847,3747240.1967,0,2025-05-07
1746662400000,5556.7,5578.6,5194.2,5208.5,4948.998,1746748799999,26525782.5213,167101,2265.268,12133397.5493,0,2025-05-08
1746748800000,5209.4,5236.4,4922.7,5005.6,6209.672,1746835199999,31550222.3826,222790,2857.541,14517184.0712,0,2025-05-09
1746835200000,5005.3,5029.5,4755.9,4771.6,3502.359,1746921599999,17234211.1815,139566,1625.246,8000186.3773,0,2025-05-10
1746921600000,4772.6,4992.0,4755.0,4904.6,3593.985,1747007999999,17538562.1942,115560,1694.633,8284036.4773,0,2025-05-11
1747008000000,4903.8,4918.9,4663.6,4758.2,3803.274,1747094399999,18188882.9794,138285,1719.844,8222116.1563,0,2025-05-12
1747094400000,4758.5,4900.9,4600.0,4650.3,3762.134,1747180799999,17945040.5765,123362,1700.300,8115868.2585,0,2025-05-13
1747180800000,4651.0,4769.2,4610.0,4740.2,3110.662,1747267199999,14618122.6947,116738,1563.111,7345803.3963,0,2025-05-14
1747267200000,4740.0,4961.0,4714.1,4913.3,5530.046,1747353599999,26767019.6016,169449,2738.989,13257809.0391,0,2025-05-15
1747353600000,4912.6,4947.0,4792.1,4924.8,2951.801,1747439999999,14380628.9922,103003,1532.691,7469275.0189,0,2025-05-16
1747440000000,4925.0,5060.4,4916.8,5007.6,4299.159,1747526399999,21457272.1668,161450,2117.536,10572075.7553,0,2025-05-17
1747526400000,5007.7,5166.0,4891.1,5047.9,3508.384,1747612799999,17595094.9967,135777,1778.196,8928844.0475,0,2025-05-18
1747612800000,5047.8,5148.9,5027.1,5048.3,3792.610,1747699199999,19321719.9625,155340,1863.126,9494615.0235,0,2025-05-19
1747699200000,5047.3,5185.0,5005.4,5103.8,2792.194,1747785599999,14211943.2989,112204,1444.802,7358395.3188,0,2025-05-20
1747785600000,5103.8,5162.0,5039.5,5139.0,4429.826,1747871999999,22619857.2870,147548,2417.000,12347117.5607,0,2025-05-21
1747872000000,5138.7,5149.0,4986.1,5059.6,3968.633,1747958399999,20139835.8819,126031,1769.396,8981127.6039,0,2025-05-22
1747958400000,5059.1,5152.0,4934.9,5137.4,4115.925,1748044799999,20850807.1354,149879,2121.700,10760434.3257,0,2025-05-23
1748044800000,5137.7,5160.0,5099.2,5126.2,1869.649,1748131199999,9588021.4126,71901,981.963,5036677.0232,0,2025-05-24
1748131200000,5126.1,5232.8,5121.7,5159.2,2450.051,1748217599999,12698164.1125,86453,1255.175,6504282.7881,0,2025-05-25
1748217600000,5159.3,5217.2,5132.4,5181.1,1535.700,1748303999999,7945553.6159,65196,775.783,4014870.0581,0,2025-05-26
1748304000000,5181.2,5212.9,5042.8,5054.5,2790.157,1748390399999,14236799.0990,97231,1332.376,6800259.5923,0,2025-05-27
1748390400000,5054.5,5112.7,5024.1,5027.7,2543.671,1748476799999,12896592.8923,83082,1290.934,6546327.6730,0,2025-05-28
1748476800000,5028.3,5082.8,4923.1,5027.8,3347.833,1748563199999,16745000.2960,105823,1596.521,7985930.0459,0,2025-05-29
1748563200000,5028.5,5220.5,5024.0,5200.0,4050.176,1748649599999,20790383.6917,149192,2110.761,10835138.4958,0,2025-05-30
1748649600000,5200.2,5288.0,5178.4,5213.4,3110.675,1748735999999,16277375.6419,114942,1630.423,8535166.5489,0,2025-05-31
1748736000000,5213.8,5295.6,5204.0,5237.4,1368.502,1748822399999,7186843.2103,69770,744.909,3913521.6649,0,2025-06-01
1748822400000,5236.7,5300.0,5167.3,5178.3,1788.221,1748908799999,9375530.3436,74007,919.502,4825813.2992,0,2025-06-02
1748908800000,5178.3,5188.8,5106.9,5166.2,1956.673,1748995199999,10067972.9795,73435,942.707,4851919.0326,0,2025-06-03
1748995200000,5166.1,5183.9,5081.2,5169.4,2580.394,1749081599999,13229504.7275,87145,1189.310,6098795.5448,0,2025-06-04
1749081600000,5169.4,5346.9,5147.2,5328.7,4398.048,1749167999999,23005630.3156,130743,2450.081,12830203.3026,0,2025-06-05
1749168000000,5328.2,5348.0,5265.6,5333.2,2300.609,1749254399999,12228034.4562,74666,1219.561,6485414.9789,0,2025-06-06
1749254400000,5332.7,5345.3,5286.2,5300.5,1282.978,1749340799999,6818822.1838,48431,563.659,2995323.8706,0,2025-06-07
1749340800000,5299.9,5331.8,5255.6,5280.5,1074.756,1749427199999,5689921.3546,46704,516.667,2735643.8512,0,2025-06-08
1749427200000,5280.6,5351.6,5217.1,5245.4,2355.940,1749513599999,12489114.3757,79194,1251.653,6637917.1977,0,2025-06-09
1749513600000,5245.4,5264.2,5077.0,5100.1,4518.368,1749599999999,23392430.4660,134557,2175.364,11270779.7715,0,2025-06-10
1749600000000,5100.2,5141.2,5000.0,5124.6,2453.988,1749686399999,12474739.3177,97950,1106.889,5629842.5447,0,2025-06-11
1749686400000,5125.0,5243.0,5097.3,5206.6,3176.166,1749772799999,16402807.4542,118353,1583.210,8179024.4866,0,2025-06-12
1749772800000,5206.5,5410.6,5203.1,5324.8,5936.717,1749859199999,31713345.6648,189146,3383.260,18075255.6073,0,2025-06-13
1749859200000,5324.8,5407.0,5315.2,5382.7,1759.899,1749945599999,9425764.3030,77281,909.233,4873879.2622,0,2025-06-14
1749945600000,5383.0,5389.2,5311.1,5329.3,1384.589,1750031999999,7413490.6102,60157,658.164,3524827.3650,0,2025-06-15
1750032000000,5329.4,5380.6,5220.7,5371.0,2771.749,1750118399999,14658048.2719,100732,1417.322,7496991.2375,0,2025-06-16
1750118400000,5371.0,5396.5,5292.7,5359.1,3167.947,1750204799999,16938259.9225,117177,1653.645,8843955.4445,0,2025-06-17
1750204800000,5359.1,5427.4,5339.0,5366.3,3398.937,1750291199999,18302484.3344,104830,1815.985,9781024.6244,0,2025-06-18
1750291200000,5366.4,5393.4,5343.9,5355.8,1279.470,1750377599999,6874625.0030,57792,635.514,3415092.7686,0,2025-06-19
1750377600000,5355.9,5500.0,5345.9,5470.8,2357.961,1750463999999,12807495.3580,86582,1300.697,7067906.6939,0,2025-06-20
1750464000000,5470.8,5640.0,5439.1,5623.3,3831.978,1750550399999,21177296.7425,136326,2214.539,12245253.0349,0,2025-06-21
1750550400000,5623.4,5815.2,5612.5,5709.5,5827.835,1750636799999,33297063.7128,223376,2937.106,16782334.6807,0,2025-06-22
1750636800000,5709.5,5722.9,5508.6,5533.9,3513.893,1750723199999,19851922.5563,131995,1588.499,8978261.8116,0,2025-06-23
1750723200000,5533.9,5562.1,5458.3,5502.9,3414.022,1750809599999,18826419.8557,109372,1633.042,9008017.6625,0,2025-06-24
1750809600000,5502.9,5649.5,5498.9,5632.8,2007.538,1750895999999,11220267.6426,72467,1048.290,5859928.7495,0,2025-06-25
1750896000000,5632.8,5700.0,5527.2,5689.3,2469.278,1750982399999,13902594.6497,87160,1066.670,6002110.5254,0,2025-06-26
1750982400000,5689.3,5713.3,5624.0,5636.1,1620.552,1751068799999,9181528.3483,81043,750.184,4251532.9344,0,2025-06-27
1751068800000,5636.2,5648.3,5550.0,5569.1,836.928,1751155199999,4683132.2317,49012,337.750,1890550.7548,0,2025-06-28
1751155200000,5569.0,5599.9,5473.0,5514.5,1071.668,1751241599999,5944347.7126,54231,495.447,2749773.9870,0,2025-06-29
1751241600000,5514.5,5573.7,5378.6,5457.7,2675.721,1751327999999,14658209.8961,117675,1273.167,6978725.8262,0,2025-06-30
1751328000000,5457.7,5581.7,5446.3,5560.9,2385.228,1751414399999,13192582.0316,111178,1184.927,6553555.2760,0,2025-07-01
1751414400000,5561.1,5595.2,5411.9,5461.9,2455.481,1751500799999,13538335.1881,113907,1143.908,6307267.3185,0,2025-07-02
1751500800000,5461.9,5481.7,5390.0,5453.6,2235.833,1751587199999,12147354.4518,98704,1070.755,5818366.2828,0,2025-07-03
1751587200000,5453.3,5568.6,5436.1,5526.4,2013.109,1751673599999,11080328.8589,94675,981.574,5402517.9871,0,2025-07-04
1751673600000,5526.5,5562.3,5506.6,5521.7,721.281,1751759999999,3988560.2072,48204,350.062,1935989.6307,0,2025-07-05
1751760000000,5521.7,5533.2,5411.3,5460.8,1561.542,1751846399999,8541377.3523,72373,772.391,4224194.8664,0,2025-07-06
1751846400000,5460.9,5479.7,5345.0,5461.5,2282.597,1751932799999,12388626.0954,87927,1067.842,5798432.8086,0,2025-07-07
1751932800000,5461.3,5476.8,5372.2,5386.8,1471.216,1752019199999,7983879.6399,59855,665.059,3610809.8565,0,2025-07-08
1752019200000,5386.9,5401.3,5250.1,5270.0,2559.765,1752105599999,13624532.2807,92835,1088.481,5795094.7609,0,2025-07-09
1752105600000,5270.0,5317.5,5184.2,5204.7,2458.274,1752191999999,12877335.9917,102453,1108.761,5812486.2382,0,2025-07-10
1752192000000,5205.2,5246.6,5057.4,5180.7,3677.911,1752278399999,18994799.2818,157211,1874.954,9686806.3311,0,2025-07-11
1752278400000,5180.8,5268.2,5115.0,5201.5,1966.301,1752364799999,10208907.3356,106445,1023.092,5313482.9343,0,2025-07-12
1752364800000,5201.4,5212.0,5115.0,5183.0,1679.714,1752451199999,8680095.5596,85788,866.876,4481319.1630,0,2025-07-13
1752451200000,5183.0,5219.1,5098.4,5141.3,3144.103,1752537599999,16191156.7251,128867,1555.559,8011558.9416,0,2025-07-14
1752537600000,5141.8,5186.0,4955.7,4962.9,3479.582,1752623999999,17642440.1015,125057,1649.366,8372114.6944,0,2025-07-15
1752624000000,4963.6,4997.7,4737.3,4757.2,4166.403,1752710399999,20304595.7785,127779,1935.092,9430767.9326,0,2025-07-16
1752710400000,4757.9,4805.4,4518.0,4556.7,6824.785,1752796799999,31799294.6296,179435,3273.709,15250699.4527,0,2025-07-17
1752796800000,4556.3,4575.1,4355.0,4474.6,8541.452,1752883199999,37946430.4187,243051,4116.779,18292296.7779,0,2025-07-18
1752883200000,4474.6,4516.3,4423.2,4431.4,2969.155,1752969599999,13267147.1124,104967,1448.264,6473686.6465,0,2025-07-19
1752969600000,4431.5,4445.6,4256.9,4266.6,4584.766,1753055999999,19835616.4593,133585,2069.218,8948847.8431,0,2025-07-20
1753056000000,4266.9,4313.5,4164.8,4204.2,5338.453,1753142399999,22575128.5325,132948,2439.795,10322465.1008,0,2025-07-21
1753142400000,4204.1,4371.2,4173.7,4268.5,8244.207,1753228799999,35380781.7778,194004,4170.285,17895284.2722,0,2025-07-22
1753228800000,4269.0,4572.8,4242.8,4480.9,8620.623,1753315199999,37941053.1179,202712,4357.981,19187043.5449,0,2025-07-23
1753315200000,4479.9,4635.9,4404.0,4463.1,9666.063,1753401599999,43499465.3475,236319,4718.673,21237420.0333,0,2025-07-24
1753401600000,4463.1,4519.2,4293.0,4388.6,5129.326,1753487999999,22784640.7298,160146,2467.471,10968412.7793,0,2025-07-25
1753488000000,4388.0,4414.2,4334.3,4375.9,2249.483,1753574399999,9845529.3895,86293,1094.680,4791525.2573,0,2025-07-26
1753574400000,4376.2,4391.1,4301.6,4304.0,2674.659,1753660799999,11605493.4769,97472,1280.957,5559592.9540,0,2025-07-27
1753660800000,4304.5,4398.8,4221.0,4382.3,4857.806,1753747199999,20929479.2857,144219,2487.011,10723586.8239,0,2025-07-28
1753747200000,4382.5,4445.8,4200.0,4390.0,5545.340,1753833599999,24324437.1523,145654,2692.409,11817843.9782,0,2025-07-29
1753833600000,4389.4,4496.7,4359.1,4417.6,3700.780,1753919999999,16394095.3844,122782,1803.813,7992385.7689,0,2025-07-30
1753920000000,4417.6,4475.0,4360.9,4463.8,2409.324,1754006399999,10653401.1202,87191,1094.627,4842732.4250,0,2025-07-31
1754006400000,4463.9,4631.4,4451.5,4565.7,5772.054,1754092799999,26126420.1663,171309,2898.276,13125695.4034,0,2025-08-01
1754092800000,4565.2,4719.7,4527.7,4696.0,4693.535,1754179199999,21694663.3335,142614,2405.397,11124038.3666,0,2025-08-02
1754179200000,4695.9,4734.1,4583.5,4599.0,2341.907,1754265599999,10874713.2636,80433,999.164,4640560.0740,0,2025-08-03
1754265600000,4598.9,4606.9,4407.9,4411.6,3107.543,1754351999999,13969924.6318,96219,1462.543,6574757.2065,0,2025-08-04
1754352000000,4411.5,4564.1,4407.0,4517.7,2793.627,1754438399999,12518871.7274,93275,1340.689,6009367.7585,0,2025-08-05
1754438400000,4518.4,4554.9,4466.0,4471.4,2344.735,1754524799999,10571663.8670,77300,1134.991,5118077.9960,0,2025-08-06
1754524800000,4471.5,4485.9,4289.0,4293.0,4680.191,1754611199999,20566318.2228,113262,2235.644,9828148.6089,0,2025-08-07
1754611200000,4293.1,4312.3,4149.5,4208.0,5695.789,1754697599999,24127011.7840,131899,2590.947,10976508.0659,0,2025-08-08
1754697600000,4208.1,4208.3,4046.9,4085.4,6146.873,1754783999999,25221425.4786,141751,2962.400,12157884.9929,0,2025-08-09
1754784000000,4085.7,4233.0,4043.1,4189.2,4641.015,1754870399999,19308867.7345,114444,2386.002,9930405.1216,0,2025-08-10
1754870400000,4189.1,4286.6,4146.8,4235.9,5824.904,1754956799999,24598062.8685,131514,2915.575,12314936.5399,0,2025-08-11
1754956800000,4235.8,4237.7,3976.4,4006.9,4966.372,1755043199999,20337622.9182,115924,2219.309,9080660.9863,0,2025-08-12
1755043200000,4007.3,4023.8,3900.0,4007.3,6793.784,1755129599999,26940558.9190,138990,3567.479,14148008.1351,0,2025-08-13
1755129600000,4007.4,4068.7,3912.2,4018.7,8370.532,1755215999999,33402343.5116,176929,4224.188,16860327.0677,0,2025-08-14
1755216000000,4018.7,4108.2,3955.4,4049.0,5342.855,1755302399999,21520267.6318,125915,2739.504,11037526.0970,0,2025-08-15
1755302400000,4049.0,4087.7,4019.6,4038.3,2180.069,1755388799999,8831677.4692,74604,1053.232,4267374.8066,0,2025-08-16
1755388800000,4038.3,4056.3,3947.2,3993.6,3093.272,1755475199999,12355965.0585,87969,1541.589,6157085.6691,0,2025-08-17
1755475200000,3993.9,4150.0,3990.7,4072.1,4519.161,1755561599999,18394628.7342,138234,2265.206,9224708.7068,0,2025-08-18
1755561600000,4072.1,4174.8,4052.4,4171.7,3171.288,1755647999999,13023623.1091,107608,1667.094,6849846.8220,0,2025-08-19
1755648000000,4171.3,4173.0,3980.8,4007.1,3995.927,1755734399999,16256511.3977,107455,2001.659,8141599.5847,0,2025-08-20
1755734400000,4007.1,4065.7,4002.1,4060.6,3365.654,1755820799999,13582857.8486,90583,1746.815,7049840.3681,0,2025-08-21
1755820800000,4060.6,4081.8,3768.6,3796.8,8913.408,1755907199999,34928487.6340,157897,4160.776,16307873.0622,0,2025-08-22
1755907200000,3796.9,3876.1,3766.2,3782.5,3419.943,1755993599999,13033901.2589,96867,1506.587,5743198.8409,0,2025-08-23
1755993600000,3782.5,3830.0,3647.3,3734.0,6321.689,1756079999999,23543068.4611,138032,3062.942,11411085.1354,0,2025-08-24
1756080000000,3734.0,3936.1,3713.9,3919.1,6218.942,1756166399999,23798091.1352,147001,3243.611,12412895.5366,0,2025-08-25
1756166400000,3919.1,3924.7,3766.4,3807.6,3747.579,1756252799999,14423187.4742,103896,1837.783,7072914.1894,0,2025-08-26
1756252800000,3807.4,3837.8,3755.4,3832.3,4111.346,1756339199999,15581197.4125,84259,2156.476,8173704.7803,0,2025-08-27
1756339200000,3831.8,3877.2,3722.0,3834.7,2616.367,1756425599999,10019516.6523,61146,1371.081,5254436.1090,0,2025-08-28
1756425600000,3836.2,3896.9,3816.7,3832.8,4226.319,1756511999999,16315736.7942,81630,2331.328,9000767.1168,0,2025-08-29
1756512000000,3832.8,3880.5,3804.4,3845.0,2300.258,1756598399999,8853443.3709,52523,1123.438,4323357.7870,0,2025-08-30
1756598400000,3845.0,3848.9,3770.8,3841.6,2452.826,1756684799999,9332826.2626,48370,1202.829,4576029.1032,0,2025-08-31
1756684800000,3841.9,3966.1,3814.9,3935.7,4614.533,1756771199999,17912860.6719,102040,2440.777,9480393.0527,0,2025-09-01
1756771200000,3935.7,3988.9,3886.1,3927.4,3417.409,1756857599999,13435805.6642,76540,1679.818,6605833.6095,0,2025-09-02
1756857600000,3927.4,3960.5,3872.4,3888.1,2447.981,1756943999999,9569403.0430,62198,1126.909,4407791.8240,0,2025-09-03
1756944000000,3888.0,3971.8,3881.1,3971.1,2091.985,1757030399999,8188039.7340,56323,1038.148,4063352.4010,0,2025-09-04
1757030400000,3971.1,3992.1,3919.0,3946.0,3234.493,1757116799999,12796496.0193,74437,1576.302,6237971.0269,0,2025-09-05
1757116800000,3946.0,3969.7,3934.9,3955.2,1380.661,1757203199999,5461334.8063,36860,661.479,2616896.3180,0,2025-09-06
1757203200000,3955.2,3963.8,3910.7,3920.8,1636.055,1757289599999,6449237.0757,37248,832.262,3281379.1611,0,2025-09-07
1757289600000,3920.2,3933.4,3881.0,3906.2,2699.276,1757375999999,10546812.6885,54238,1181.953,4619377.6045,0,2025-09-08
1757376000000,3906.8,3914.5,3866.8,3883.7,3356.886,1757462399999,13054809.3816,72229,1691.578,6578674.8738,0,2025-09-09
1757462400000,3883.7,3934.1,3855.8,3909.5,2862.536,1757548799999,11134205.5436,63295,1418.487,5514870.4117,0,2025-09-10
1757548800000,3909.5,3916.0,3828.0,3878.5,3214.786,1757635199999,12455433.3103,69698,1707.095,6613950.2536,0,2025-09-11
1757635200000,3878.5,3888.4,3728.3,3738.8,3895.717,1757721599999,14825273.9316,84054,1768.425,6732605.6047,0,2025-09-12
1757721600000,3738.7,3764.9,3675.5,3733.7,2549.810,1757807999999,9481046.1684,57111,1209.035,4497232.9296,0,2025-09-13
1757808000000,3733.7,3798.8,3707.7,3784.0,3005.215,1757894399999,11282376.5658,68705,1522.090,5717775.5648,0,2025-09-14
1757894400000,3784.1,3874.4,3752.6,3850.7,3171.703,1757980799999,12152815.9567,67194,1562.325,5985195.2987,0,2025-09-15
1757980800000,3850.8,3909.4,3826.0,3874.6,2396.370,1758067199999,9258465.3535,53921,1270.613,4910980.4271,0,2025-09-16
1758067200000,3874.5,4000.0,3758.8,3771.2,3823.042,1758153599999,14756107.3646,70611,1899.847,7336513.7140,0,2025-09-17
1758153600000,3771.5,3815.7,3750.0,3782.0,2812.201,1758239999999,10623485.6058,55031,1287.923,4865671.7405,0,2025-09-18
1758240000000,3782.1,3861.6,3768.4,3839.7,2368.356,1758326399999,9049366.1255,57881,1204.487,4602167.8288,0,2025-09-19
1758326400000,3839.7,3877.6,3806.3,3812.0,1555.189,1758412799999,5958707.1443,43624,737.379,2826718.1362,0,2025-09-20
1758412800000,3812.1,3831.2,3783.5,3827.4,1577.072,1758499199999,6005319.2228,44029,702.691,2676219.0217,0,2025-09-21
1758499200000,3826.9,4185.7,3824.7,3954.2,5930.629,1758585599999,23453821.2978,117573,2954.782,11686989.3147,0,2025-09-22
1758585600000,3954.1,4006.6,3928.4,3967.7,1803.550,1758671999999,7144744.2216,52487,911.959,3613077.5270,0,2025-09-23
1758672000000,3967.2,4023.0,3948.0,3995.6,1797.184,1758758399999,7158566.0231,44659,836.141,3329895.2515,0,2025-09-24
1758758400000,3997.0,4250.0,3992.0,4124.6,5462.565,1758844799999,22279687.5821,108026,2697.815,11009073.3129,0,2025-09-25
1758844800000,4124.3,4251.0,4005.1,4009.0,3097.960,1758931199999,12660448.4737,69745,1440.852,5894844.7123,0,2025-09-26
1758931200000,4007.9,4043.9,3997.5,4016.5,1378.752,1759017599999,5536348.9877,34600,644.964,2590204.9305,0,2025-09-27
1759017600000,4015.6,4061.8,3997.3,3998.4,1731.970,1759103999999,6974678.6026,43587,817.181,3291601.7944,0,2025-09-28
1759104000000,3999.5,4067.1,3990.9,4017.8,2206.401,1759190399999,8876731.0250,49008,1060.927,4269369.7245,0,2025-09-29
1759190400000,4016.8,4100.5,4012.1,4073.8,1870.623,1759276799999,7587512.2311,49656,943.936,3826986.8092,0,2025-09-30
1759276800000,4073.6,4107.4,4005.9,4050.4,2287.995,1759363199999,9248984.7302,49342,1117.590,4516896.7338,0,2025-10-01
1759363200000,4050.4,4062.7,3960.0,3971.6,2932.439,1759449599999,11748279.6349,62189,1372.881,5501293.4303,0,2025-10-02
1759449600000,3972.0,4035.5,3930.6,3988.3,2475.087,1759535999999,9870497.1470,64229,1196.014,4768938.2026,0,2025-10-03
1759536000000,3988.1,4127.0,3982.3,4058.3,1614.501,1759622399999,6525334.5806,43293,886.484,3584429.6953,0,2025-10-04
1759622400000,4058.3,4080.5,4006.4,4077.1,1715.245,1759708799999,6937846.0340,41203,747.641,3025149.2794,0,2025-10-05
1759708800000,4077.2,4090.2,3973.0,3990.0,2411.571,1759795199999,9683860.8615,53331,1220.892,4904110.0367,0,2025-10-06
1759795200000,3990.7,4056.0,3945.8,4049.6,2784.551,1759881599999,11128946.7904,60432,1301.137,5200503.4618,0,2025-10-07
1759881600000,4049.5,4100.0,4028.5,4040.9,2139.842,1759967999999,8689730.6693,48133,1131.703,4597693.9219,0,2025-10-08
1759968000000,4041.0,4170.4,4035.7,4123.9,2586.170,1760054399999,10661245.5214,54490,1227.985,5061348.0889,0,2025-10-09
1760054400000,4123.5,5380.0,4085.4,4464.5,12179.967,1760140799999,53941227.7772,204989,6554.252,29066594.6200,0,2025-10-10
1760140800000,4465.1,4519.9,4323.6,4439.6,5687.464,1760227199999,25129001.5237,129768,2705.488,11957972.5880,0,2025-10-11
1760227200000,4439.7,4495.9,4130.3,4174.4,6176.066,1760313599999,26469185.1986,172065,2994.996,12828272.2362,0,2025-10-12
1760313600000,4175.0,4212.6,4067.8,4083.4,4507.146,1760399999999,18720367.6436,93563,2149.606,8927996.7556,0,2025-10-13
1760400000000,4082.8,4271.3,4058.5,4161.0,5708.300,1760486399999,23894615.3323,113419,2727.593,11418989.6066,0,2025-10-14
1760486400000,4161.0,4272.4,4100.0,4229.5,2999.034,1760572799999,12554830.9779,72938,1364.717,5714581.7836,0,2025-10-15
1760572800000,4230.3,4284.5,4173.2,4254.0,2911.232,1760659199999,12303292.0472,78559,1493.522,6314729.4864,0,2025-10-16
1760659200000,4254.7,4383.8,4224.3,4294.7,4010.260,1760745599999,17315509.3627,102942,1982.474,8563093.1707,0,2025-10-17
1760745600000,4294.8,4297.5,4196.5,4238.8,1579.092,1760831999999,6698247.2846,50478,724.425,3072583.2496,0,2025-10-18
1760832000000,4238.9,4264.5,4162.8,4215.1,1989.581,1760918399999,8386483.6258,54970,932.925,3932737.3483,0,2025-10-19
1760918400000,4215.9,4310.5,4197.3,4256.0,1901.070,1761004799999,8069952.0598,57505,934.588,3969635.1048,0,2025-10-20
1761004800000,4255.9,4320.8,4248.7,4290.7,2518.229,1761091199999,10776663.7204,73487,1160.819,4968011.8659,0,2025-10-21
1761091200000,4290.7,4380.0,4276.9,4331.9,2526.034,1761177599999,10918060.1465,77875,1170.325,5059893.4796,0,2025-10-22
1761177600000,4331.2,4350.8,4282.6,4327.1,2040.082,1761263999999,8807692.2829,55252,941.188,4062208.7635,0,2025-10-23
1761264000000,4327.2,4338.1,4253.7,4294.7,2055.816,1761350399999,8829245.9695,52973,1007.850,4328890.9563,0,2025-10-24
1761350400000,4294.6,4316.9,4265.7,4283.2,895.552,1761436799999,3842356.1775,29894,446.024,1913711.5932,0,2025-10-25
1761436800000,4283.7,4294.9,4212.2,4230.8,1867.416,1761523199999,7945109.9356,45458,891.680,3793429.9888,0,2025-10-26
1761523200000,4230.8,4270.0,4179.0,4248.9,2092.931,1761609599999,8851319.5802,60514,976.187,4130168.2312,0,2025-10-27
1761609600000,4249.1,4354.8,4230.7,4322.2,1867.881,1761695999999,7996489.2398,60525,974.371,4171948.1475,0,2025-10-28
1761696000000,4322.5,4333.9,4180.0,4251.4,2960.298,1761782399999,12637094.2956,75764,1405.734,5999744.7118,0,2025-10-29
1761782400000,4251.7,4430.0,4226.2,4338.6,3066.637,1761868799999,13205678.0828,101438,1486.980,6405188.2376,0,2025-10-30
1761868800000,4338.3,4356.8,4282.6,4317.2,1717.893,1761955199999,7438720.6937,62758,840.226,3639443.8016,0,2025-10-31
1761955200000,4317.3,4338.6,4311.5,4316.4,955.711,1762041599999,4133598.0621,36204,426.563,1844959.6848,0,2025-11-01
1762041600000,4316.8,4373.4,4314.1,4320.1,1387.411,1762127999999,6022733.6055,45975,604.189,2622417.0029,0,2025-11-02
1762128000000,4320.6,4603.6,4316.9,4560.5,4760.956,1762214399999,21315862.1678,130175,2338.260,10469521.4014,0,2025-11-03
1762214400000,4560.6,4829.9,4504.5,4650.2,7635.420,1762300799999,35470071.8031,177934,3837.080,17837777.7680,0,2025-11-04
1762300800000,4649.6,4747.0,4536.7,4567.9,3651.264,1762387199999,16908156.9970,110123,1730.362,8014798.5152,0,2025-11-05
1762387200000,4567.2,4669.4,4534.4,4602.3,2287.299,1762473599999,10537329.3281,80282,1043.198,4805649.5551,0,2025-11-06
1762473600000,4602.6,4653.7,4443.3,4485.9,3362.341,1762559999999,15314642.0855,110221,1637.537,7459696.9665,0,2025-11-07
1762560000000,4485.7,4522.4,4408.2,4488.5,2209.464,1762646399999,9869687.5254,75874,1058.585,4727629.1068,0,2025-11-08
1762646400000,4488.5,4531.4,4424.6,4435.6,1601.446,1762732799999,7165903.7000,59847,721.982,3232053.2610,0,2025-11-09
1762732800000,4435.0,4456.7,4384.6,4438.0,2089.601,1762819199999,9250740.6393,65159,983.652,4355724.1824,0,2025-11-10
1762819200000,4438.8,4534.5,4391.8,4531.8,2288.752,1762905599999,10209429.8964,69972,1099.087,4903213.4212,0,2025-11-11
1762905600000,4531.7,4537.8,4444.6,4482.0,2738.135,1762991999999,12315061.2901,72092,1310.666,5896983.6651,0,2025-11-12
1762992000000,4481.7,4632.0,4396.4,4587.3,3342.880,1763078399999,15091855.9091,92327,1551.880,7010470.1813,0,2025-11-13
1763078400000,4586.4,4619.1,4425.4,4499.8,3445.750,1763164799999,15597033.2606,95137,1687.788,7642132.9064,0,2025-11-14
1763164800000,4500.1,4513.3,4447.9,4484.7,1005.725,1763251199999,4508149.1628,42030,482.288,2162199.2987,0,2025-11-15
1763251200000,4484.7,4587.5,4430.0,4508.9,2726.429,1763337599999,12304888.3845,68262,1352.418,6103801.0428,0,2025-11-16
1763337600000,4509.8,4570.6,4438.1,4516.8,3414.679,1763423999999,15355711.3071,85473,1646.657,7408417.5554,0,2025-11-17
1763424000000,4514.7,4536.0,4378.0,4407.8,3218.395,1763510399999,14267615.0332,79863,1522.159,6746936.6566,0,2025-11-18
1763510400000,4407.9,4559.2,4388.7,4496.9,2730.487,1763596799999,12219464.9069,69752,1328.924,5950685.5990,0,2025-11-19
1763596800000,4497.0,4527.1,4451.4,4481.4,2503.586,1763683199999,11241367.4252,64579,1236.341,5552119.5014,0,2025-11-20
1763683200000,4481.4,4596.3,4451.1,4551.2,4052.586,1763769599999,18305600.6941,97867,2031.521,9177351.6959,0,2025-11-21
1763769600000,4551.9,4590.0,4520.0,4536.6,1243.648,1763855999999,5664387.3152,42993,642.174,2925576.1217,0,2025-11-22
1763856000000,4536.7,4562.5,4494.7,4553.9,892.786,1763942399999,4041073.4642,31692,451.676,2044856.2153,0,2025-11-23
1763942400000,4555.1,4574.0,4381.0,4417.3,2454.917,1764028799999,11002865.1093,57729,1090.232,4887501.4458,0,2025-11-24
1764028800000,4417.2,4458.5,4366.0,4375.5,1198.288,1764115199999,5299810.7012,32693,536.022,2370901.6996,0,2025-11-25
1764115200000,4375.6,4437.0,4371.3,4432.1,980.731,1764201599999,4323900.9657,27730,455.714,2009083.6082,0,2025-11-26
1764201600000,4432.2,4520.0,4417.0,4498.7,1305.079,1764287999999,5843974.5738,30403,705.133,3157599.0622,0,2025-11-27
1764288000000,4498.7,4525.0,4457.2,4500.4,1029.505,1764374399999,4628857.8357,30455,551.174,2479362.8853,0,2025-11-28
1764374400000,4500.3,4542.5,4488.9,4541.5,534.965,1764460799999,2415341.0890,20327,305.723,1380622.7204,0,2025-11-29
1764460800000,4541.5,4557.5,4493.8,4546.6,962.655,1764547199999,4356262.9932,24310,459.390,2079815.0869,0,2025-11-30
1764547200000,4546.2,4650.0,4526.2,4623.1,2397.520,1764633599999,11033704.0264,68778,1235.293,5685065.2304,0,2025-12-01
1764633600000,4623.2,4665.9,4518.0,4568.7,2235.802,1764719999999,10294985.6374,76344,1081.896,4985251.2766,0,2025-12-02
1764720000000,4568.8,4598.4,4461.5,4464.7,1941.114,1764806399999,8808420.7934,57903,969.271,4400134.4868,0,2025-12-03
1764806400000,4464.0,4527.2,4423.0,4508.1,1925.672,1764892799999,8618579.7476,56773,981.726,4396056.4441,0,2025-12-04
1764892800000,4508.1,4546.9,4461.7,4523.3,2429.762,1764979199999,10927808.3281,67323,1220.643,5488754.2832,0,2025-12-05
1764979200000,4522.8,4541.9,4493.4,4499.2,962.450,1765065599999,4350826.0712,25759,423.216,1913501.1646,0,2025-12-06
1765065600000,4499.2,4574.6,4481.8,4543.4,1329.271,1765151999999,6011157.2879,38435,698.562,3159311.0827,0,2025-12-07
1765152000000,4543.4,4549.1,4439.3,4484.1,1127.963,1765238399999,5057661.9375,35816,481.962,2161404.4682,0,2025-12-08
1765238400000,4483.8,4500.0,4371.0,4412.0,1639.257,1765324799999,7273267.0416,56382,654.957,2905198.4517,0,2025-12-09
1765324800000,4412.1,4440.6,4368.8,4425.1,1303.268,1765411199999,5741725.4243,41941,615.864,2713738.2304,0,2025-12-10
1765411200000,4426.1,4532.6,4421.7,4518.5,1730.183,1765497599999,7756088.6304,49499,948.990,4254809.8173,0,2025-12-11
1765497600000,4518.4,4583.5,4487.2,4554.5,1710.110,1765583999999,7750887.4502,40926,920.498,4172963.6557,0,2025-12-12
1765584000000,4554.2,4557.4,4494.2,4514.5,762.226,1765670399999,3446228.7616,26375,364.866,1649588.1834,0,2025-12-13
1765670400000,4514.3,4527.5,4483.6,4505.0,748.810,1765756799999,3374469.7727,28896,362.135,1632045.7603,0,2025-12-14
1765756800000,4504.4,4580.8,4469.5,4543.4,1517.643,1765843199999,6879253.1043,40132,757.249,3433434.0762,0,2025-12-15
1765843200000,4543.4,4609.8,4532.5,4588.0,1647.534,1765929599999,7540610.7295,42977,865.106,3960347.8664,0,2025-12-16
1765929600000,4588.8,4712.5,4563.1,4692.5,2614.959,1766015999999,12143210.8684,55786,1352.068,6277487.4802,0,2025-12-17
1766016000000,4693.2,4752.9,4657.1,4713.4,2437.975,1766102399999,11486236.5196,59939,1263.683,5955529.1890,0,2025-12-18
1766102400000,4713.4,4741.6,4593.5,4618.0,1590.523,1766188799999,7425910.2365,42768,723.295,3377657.1496,0,2025-12-19
1766188800000,4618.4,4640.3,4604.2,4628.1,502.926,1766275199999,2325736.5974,23836,258.256,1194502.5055,0,2025-12-20
1766275200000,4628.5,4661.4,4620.2,4632.9,673.610,1766361599999,3125914.2132,24836,336.730,1562405.8257,0,2025-12-21
1766361600000,4633.0,4661.9,4606.5,4629.9,801.229,1766447999999,3713174.1888,29164,380.784,1765074.7801,0,2025-12-22
1766448000000,4630.5,4689.2,4618.1,4646.1,794.489,1766534399999,3699465.6308,26417,385.863,1796901.4577,0,2025-12-23
1766534400000,4645.8,4690.0,4641.1,4681.2,573.604,1766620799999,2681188.9430,23709,224.162,1047746.2702,0,2025-12-24
1766620800000,4681.1,4734.0,4672.1,4731.5,742.461,1766707199999,3491224.9394,27594,351.981,1655264.9066,0,2025-12-25
1766707200000,4731.5,4738.2,4695.3,4700.2,671.413,1766793599999,3165936.8953,26779,333.349,1572203.0241,0,2025-12-26
1766793600000,4700.2,4703.5,4646.7,4654.2,452.542,1766879999999,2117949.3168,19712,196.679,920583.8742,0,2025-12-27
1766880000000,4654.4,4666.3,4631.0,4646.3,537.238,1766966399999,2498410.2053,23132,290.456,1350831.0703,0,2025-12-28
1766966400000,4646.7,4673.2,4615.0,4647.6,888.748,1767052799999,4128464.7590,32461,416.801,1936548.8237,0,2025-12-29
1767052800000,4647.5,4688.9,4617.0,4664.0,686.474,1767139199999,3192364.7261,25583,389.869,1812959.3468,0,2025-12-30
1767139200000,4664.0,4674.0,4639.0,4652.9,520.823,1767225599999,2427293.4435,19678,303.538,1414799.1758,0,2025-12-31
1767225600000,4653.4,4656.6,4631.1,4644.1,363.444,1767311999999,1688060.4455,17852,205.059,952296.7100,0,2026-01-01
1767312000000,4644.1,4648.0,4507.0,4515.9,1365.666,1767398399999,6260006.4781,37096,567.659,2605167.8737,0,2026-01-02
1767398400000,4516.0,4543.8,4496.2,4530.1,504.139,1767484799999,2280948.6669,24989,255.557,1156258.8812,0,2026-01-03
1767484800000,4530.1,4543.7,4494.3,4514.4,650.685,1767571199999,2936326.1563,25514,295.623,1334221.6015,0,2026-01-04
1767571200000,4514.0,4575.5,4460.0,4467.7,1105.778,1767657599999,5004885.1744,36744,554.306,2507917.8721,0,2026-01-05
1767657600000,4467.7,4485.4,4395.6,4415.4,1191.478,1767743999999,5282497.0213,37734,517.590,2295092.0306,0,2026-01-06
1767744000000,4414.5,4477.9,4400.2,4464.7,997.678,1767830399999,4425806.8294,36554,530.240,2351268.8525,0,2026-01-07
1767830400000,4465.4,4527.7,4443.8,4517.7,832.441,1767916799999,3738529.9712,37621,373.866,1679539.0808,0,2026-01-08
1767916800000,4517.6,4542.2,4486.5,4522.2,773.558,1768003199999,3493136.0644,27931,400.211,1807586.5667,0,2026-01-09
1768003200000,4522.1,4533.1,4507.1,4518.2,379.850,1768089599999,1717287.7489,18129,188.527,852399.8020,0,2026-01-10
1768089600000,4518.2,4527.4,4485.0,4515.7,391.470,1768175999999,1764436.4542,18551,202.752,913813.0249,0,2026-01-11
1768176000000,4515.4,4570.0,4512.9,4566.7,745.445,1768262399999,3380267.9369,27719,341.409,1548691.7511,0,2026-01-12
1768262400000,4566.8,4572.9,4483.9,4500.0,948.802,1768348799999,4303175.5692,28345,469.697,2129571.8991,0,2026-01-13
1768348800000,4500.0,4583.1,4470.0,4563.0,956.743,1768435199999,4334562.7296,31152,447.044,2024764.9650,0,2026-01-14
1768435200000,4563.1,4641.6,4551.7,4589.7,1115.990,1768521599999,5134015.6649,32288,619.534,2848882.9195,0,2026-01-15
1768521600000,4590.2,4615.0,4580.9,4588.0,486.782,1768607999999,2236878.8013,18962,310.886,1428612.3329,0,2026-01-16
1768608000000,4587.9,4596.8,4545.0,4555.4,311.545,1768694399999,1424407.9316,14428,126.086,576600.8826,0,2026-01-17
1768694400000,4556.0,4586.9,4535.6,4582.8,566.906,1768780799999,2585048.5295,19101,228.248,1040740.9582,0,2026-01-18
1768780800000,4582.9,4680.0,4582.8,4633.2,1511.013,1768867199999,7014208.4953,40775,794.120,3687295.0807,0,2026-01-19
1768867200000,4633.1,4743.5,4607.0,4712.3,1162.480,1768953599999,5452224.2305,37997,602.534,2825784.1715,0,2026-01-20
1768953600000,4712.2,4749.0,4645.0,4683.5,952.515,1769039999999,4484972.1680,38496,457.354,2154424.7125,0,2026-01-21
1769040000000,4683.5,4737.7,4663.7,4721.0,508.913,1769126399999,2391306.6676,20310,229.119,1075974.0315,0,2026-01-22
1769126400000,4721.0,4760.3,4705.7,4727.7,656.065,1769212799999,3104829.8887,24456,295.049,1396817.1128,0,2026-01-23
1769212800000,4727.7,4734.9,4711.0,4719.3,422.598,1769299199999,1996176.0965,17010,244.233,1153803.2541,0,2026-01-24
1769299200000,4719.3,4820.0,4698.7,4789.7,1102.230,1769385599999,5254331.5541,33327,533.843,2547176.7366,0,2026-01-25
1769385600000,4789.9,4795.7,4686.7,4716.1,945.047,1769471999999,4474309.2007,31801,461.650,2186187.7902,0,2026-01-26
1769472000000,4716.1,4731.0,4650.0,4658.9,842.379,1769558399999,3958810.0228,26485,331.444,1555159.5056,0,2026-01-27
1769558400000,4658.8,4715.3,4651.0,4680.5,361.680,1769644799999,1691269.2224,18677,182.684,854104.4331,0,2026-01-28
1769644800000,4679.8,4767.6,4671.8,4696.9,833.349,1769731199999,3929525.2747,34505,398.389,1879120.1257,0,2026-01-29
1769731200000,4696.1,4838.0,4660.0,4817.1,1606.180,1769817599999,7640793.2716,53148,833.196,3964800.3393,0,2026-01-30
1769817600000,4817.1,5138.0,4802.2,4924.3,5361.121,1769903999999,26674881.9964,137703,2722.575,13549410.2389,0,2026-01-31
1769904000000,4924.8,5095.0,4897.4,5070.1,1987.327,1769990399999,9964811.1193,92664,1011.886,5075392.5325,0,2026-02-01
1769990400000,5070.1,5155.8,4987.3,5042.9,2531.265,1770076799999,12829747.8734,96318,1200.938,6088143.5196,0,2026-02-02
1770076800000,5042.9,5112.1,4902.3,5044.3,2187.431,1770163199999,11023011.9669,79757,1069.991,5392242.5957,0,2026-02-03
1770163200000,5044.3,5155.8,5000.1,5095.1,1780.522,1770249599999,9044760.3887,74739,896.232,4553613.7146,0,2026-02-04
1770249600000,5094.1,5219.3,5012.7,5150.4,3934.532,1770335999999,20169651.5286,152783,1881.950,9650225.2614,0,2026-02-05
1770336000000,5149.7,5275.0,5063.1,5127.2,3752.941,1770422399999,19359896.1701,128168,1855.667,9573559.7494,0,2026-02-06
1770422400000,5127.1,5149.8,5016.9,5045.7,1805.014,1770508799999,9191778.3134,69460,888.019,4522662.8441,0,2026-02-07
1770508800000,5045.6,5188.4,5032.0,5138.5,547.388,1770595199999,2803133.9582,37155,271.047,1387655.9914,0,2026-02-08
1770595200000,5138.6,5215.0,5085.5,5111.5,962.857,1770681599999,4971770.2950,45930,454.852,2350368.7576,0,2026-02-09
1770681600000,5111.5,5220.0,5097.7,5181.9,678.520,1770767999999,3508059.6571,37985,339.039,1753245.9997,0,2026-02-10
1770768000000,5182.0,5229.6,5148.6,5207.0,786.776,1770854399999,4092308.7093,45090,391.569,2036785.0050,0,2026-02-11
1770854400000,5207.9,5209.5,5112.1,5121.7,578.463,1770940799999,2983344.3927,34919,267.366,1378647.8539,0,2026-02-12
1770940800000,5121.8,5187.2,5092.0,5109.6,668.639,1771027199999,3437712.2839,32931,330.989,1701416.4552,0,2026-02-13
1771027200000,5109.6,5112.9,5000.7,5002.8,856.773,1771113599999,4335368.5367,36507,380.806,1927101.7375,0,2026-02-14
1771113600000,5003.3,5169.6,4974.0,5138.2,1791.093,1771199999999,9089197.4565,62449,866.588,4400262.3684,0,2026-02-15
1771200000000,5137.4,5152.5,5056.7,5074.5,597.548,1771286399999,3052530.9172,35892,323.566,1653392.7334,0,2026-02-16
1771286400000,5074.5,5095.6,5006.8,5017.8,376.836,1771372799999,1905139.8405,23340,187.966,950140.6686,0,2026-02-17
1771372800000,5017.8,5076.1,5005.1,5060.4,391.923,1771459199999,1975165.8406,24013,194.165,978618.0562,0,2026-02-18
1771459200000,5060.4,5135.0,5052.4,5103.6,532.656,1771545599999,2714209.2002,26910,297.024,1513968.3208,0,2026-02-19
1771545600000,5103.6,5148.4,5067.3,5097.2,617.487,1771631999999,3153873.0093,32366,319.962,1633977.3299,0,2026-02-20
1771632000000,5097.9,5104.9,5064.5,5092.0,325.343,1771718399999,1655311.3432,19087,169.216,861067.8957,0,2026-02-21
1771718400000,5091.7,5163.6,5089.1,5142.6,376.817,1771804799999,1931213.4551,23938,193.319,990853.5350,0,2026-02-22
1771804800000,5143.2,5183.1,5087.0,5147.4,944.661,1771891199999,4862245.1038,44725,446.212,2297114.2081,0,2026-02-23
1771891200000,5147.2,5151.5,5086.9,5123.1,727.669,1771977599999,3724205.8231,35784,381.954,1954813.6364,0,2026-02-24
1771977600000,5122.8,5133.8,4927.8,4983.0,1850.530,1772063999999,9291965.2109,55798,829.977,4171020.1092,0,2026-02-25
1772064000000,4983.0,5064.2,4969.0,5025.1,1032.637,1772150399999,5183683.4219,36822,520.973,2616085.5437,0,2026-02-26
1772150400000,5025.0,5120.0,4984.1,5096.8,951.309,1772236799999,4819924.4694,39176,457.369,2317832.6915,0,2026-02-27
1772236800000,5096.9,5155.1,5083.6,5106.6,1197.348,1772323199999,6127821.2510,47860,595.159,3045922.2409,0,2026-02-28
1772323200000,5106.2,5115.1,4997.1,5082.4,1121.566,1772409599999,5664145.5139,45058,476.392,2405239.7778,0,2026-03-01
1772409600000,5082.4,5164.1,5060.0,5142.7,1131.794,1772495999999,5777397.9277,42834,492.516,2515877.5907,0,2026-03-02
1772496000000,5142.8,5219.9,5132.5,5188.5,1071.265,1772582399999,5536495.1889,44408,551.378,2849926.1395,0,2026-03-03
1772582400000,5188.4,5262.2,5170.4,5217.0,1271.624,1772668799999,6632109.6880,48710,694.901,3624299.8355,0,2026-03-04
1772668800000,5216.1,5252.4,5187.7,5199.4,450.687,1772755199999,2354837.7332,35541,222.902,1164740.0725,0,2026-03-05
1772755200000,5199.3,5242.5,5180.0,5198.4,491.678,1772841599999,2560504.6261,28647,230.583,1200933.2089,0,2026-03-06
1772841600000,5197.5,5211.8,5170.6,5172.0,562.216,1772927999999,2919213.4645,23598,213.527,1109072.3371,0,2026-03-07
1772928000000,5172.4,5229.5,5139.6,5143.9,517.051,1773014399999,2685777.4320,27342,236.407,1228329.3083,0,2026-03-08
1773014400000,5143.9,5210.0,5125.2,5192.6,524.748,1773100799999,2710160.8049,28694,240.134,1240577.7283,0,2026-03-09
1773100800000,5192.7,5239.0,5187.2,5213.2,619.761,1773187199999,3231906.4963,27652,369.403,1926391.2440,0,2026-03-10
1773187200000,5213.2,5241.8,5174.5,5194.1,464.785,1773273599999,2422552.8926,24985,230.385,1200840.4691,0,2026-03-11
1773273600000,5194.2,5207.6,5158.3,5186.9,387.275,1773359999999,2009296.1281,22155,183.848,953831.9461,0,2026-03-12
1773360000000,5186.9,5196.6,5130.0,5172.5,540.469,1773446399999,2791504.9817,26580,283.175,1462696.5816,0,2026-03-13
1773446400000,5172.6,5238.0,5157.4,5179.7,301.170,1773532799999,1562170.8826,17673,157.380,816725.3219,0,2026-03-14
1773532800000,5179.8,5195.8,5098.4,5122.4,590.195,1773619199999,3038808.4080,21024,271.760,1399002.2506,0,2026-03-15
1773619200000,5123.3,5130.0,4957.7,4999.5,1267.355,1773705599999,6392695.7407,43434,524.267,2644108.5821,0,2026-03-16
1773705600000,4999.0,5039.9,4989.7,5004.3,670.938,1773791999999,3365444.3333,27553,322.976,1620343.6920,0,2026-03-17
1773792000000,5004.7,5094.4,4993.5,5027.0,806.191,1773878399999,4069729.1049,28172,367.872,1858023.6016,0,2026-03-18
1773878400000,5026.7,5074.9,4993.9,5042.6,427.457,1773964799999,2148942.9131,21326,200.347,1007505.5354,0,2026-03-19
1773964800000,5042.1,5085.0,5031.0,5053.8,678.039,1774051199999,3428755.6204,18699,321.269,1624311.7507,0,2026-03-20
1774051200000,5053.8,5082.4,5039.2,5073.2,228.302,1774137599999,1154576.0751,11919,131.000,662526.9258,0,2026-03-21
1774137600000,5073.8,5095.4,5042.2,5061.9,402.031,1774223999999,2037546.1951,19437,222.926,1129968.7574,0,2026-03-22
1774224000000,5060.3,5133.5,5041.5,5081.1,1412.737,1774310399999,7190805.5994,40301,734.799,3739209.7375,0,2026-03-23
1774310400000,5081.1,5107.8,5042.5,5056.2,506.732,1774396799999,2574889.0521,19866,211.628,1075439.2073,0,2026-03-24
1774396800000,5056.3,5150.0,5043.0,5073.1,1345.475,1774483199999,6820990.3590,28598,627.183,3180749.4002,0,2026-03-25
1774483200000,5073.2,5148.6,5059.8,5114.0,671.359,1774569599999,3429864.7508,23876,354.201,1809625.6006,0,2026-03-26
1774569600000,5114.0,5198.0,5050.6,5086.5,981.623,1774655999999,5012607.7340,26689,394.173,2012104.4039,0,2026-03-27
1774656000000,5086.5,5093.6,5046.1,5084.2,353.467,1774742399999,1790556.3540,16466,184.797,935991.9234,0,2026-03-28
1774742400000,5084.3,5118.5,5075.7,5084.3,373.023,1774828799999,1901638.9069,17497,187.256,954851.8261,0,2026-03-29
1774828800000,5084.3,5084.6,5045.0,5084.5,443.098,1774915199999,2242582.3447,18365,197.362,998777.9425,0,2026-03-30
1774915200000,5084.6,5098.0,5050.8,5080.1,529.096,1775001599999,2686236.2215,21815,250.066,1269428.2079,0,2026-03-31
1775001600000,5080.1,5080.1,5016.0,5042.9,775.052,1775087999999,3913487.4689,22962,394.908,1993938.8140,0,2026-04-01
1775088000000,5042.4,5158.5,5032.5,5119.4,886.450,1775174399999,4524794.8991,31218,498.123,2544020.0692,0,2026-04-02
1775174400000,5119.1,5126.6,5080.5,5111.6,440.045,1775260799999,2244703.5434,18928,243.996,1244578.6861,0,2026-04-03
1775260800000,5111.7,5138.1,5096.4,5111.5,215.405,1775347199999,1102475.8699,13461,122.954,629358.3307,0,2026-04-04
1775347200000,5111.1,5176.5,5108.6,5166.6,343.126,1775433599999,1767631.5336,16364,182.745,941408.2752,0,2026-04-05
1775433600000,5166.7,5190.0,5111.5,5185.5,645.597,1775519999999,3321525.1786,20591,430.852,2215646.6140,0,2026-04-06
1775520000000,5185.4,5229.4,5111.0,5142.1,1426.838,1775606399999,7389737.7848,44301,729.517,3780348.6116,0,2026-04-07
1775606400000,5142.0,5220.0,5067.3,5215.2,1253.072,1775692799999,6453976.7999,42412,678.191,3495471.5097,0,2026-04-08
1775692800000,5214.8,5250.5,5206.3,5244.7,931.968,1775779199999,4873553.4338,48374,479.022,2505056.4979,0,2026-04-09
1775779200000,5244.7,5271.6,5233.3,5251.8,805.019,1775865599999,4229113.8681,49014,410.420,2156477.5772,0,2026-04-10
1775865600000,5251.8,5276.8,5191.2,5223.8,958.877,1775951999999,5035824.8653,53672,471.943,2479326.3760,0,2026-04-11
1775952000000,5224.1,5263.5,5216.7,5230.2,645.987,1776038399999,3388995.0716,42327,340.812,1788113.9717,0,2026-04-12
1776038400000,5230.2,5293.7,5194.4,5202.6,1066.670,1776124799999,5607275.0844,45660,521.843,2744803.5121,0,2026-04-13
1776124800000,5200.8,5286.6,5195.5,5265.6,750.182,1776211199999,3934389.7228,33613,401.374,2107031.4129,0,2026-04-14
1776211200000,5265.0,5283.1,5190.0,5223.4,586.749,1776297599999,3069069.3380,29023,331.241,1731359.0742,0,2026-04-15
1776297600000,5224.0,5236.4,5160.5,5173.1,572.953,1776383999999,2978139.1687,28189,273.453,1421563.3702,0,2026-04-16
1776384000000,5173.0,5228.7,5167.1,5208.8,701.119,1776470399999,3647061.3033,25697,363.142,1889791.7614,0,2026-04-17
1776470400000,5208.3,5270.9,5206.0,5259.4,662.936,1776556799999,3478454.6904,27132,364.701,1914103.9936,0,2026-04-18
1776556800000,5259.1,5298.0,5255.6,5280.1,813.695,1776643199999,4297559.4191,47368,436.827,2307551.7160,0,2026-04-19
1776643200000,5279.3,5321.6,5260.4,5319.9,962.813,1776729599999,5095061.1908,44588,566.317,2996682.5851,0,2026-04-20
1776729600000,5319.9,5332.3,5278.2,5312.4,900.151,1776815999999,4775822.1501,40472,497.815,2640924.3748,0,2026-04-21
1776816000000,5312.7,5393.4,5289.3,5392.5,1656.226,1776902399999,8853969.1500,77584,849.864,4544433.1172,0,2026-04-22
1776902400000,5392.5,5448.9,5326.0,5421.5,1118.632,1776988799999,6059316.1569,52440,542.989,2941823.6415,0,2026-04-23
1776988800000,5421.4,5445.4,5372.4,5391.1,706.814,1777075199999,3832103.1981,40096,317.552,1721510.1688,0,2026-04-24
1777075200000,5391.1,5421.3,5380.5,5410.6,484.272,1777161599999,2617897.8737,34625,242.716,1312405.7011,0,2026-04-25
1777161600000,5410.6,5434.7,5377.9,5414.6,519.860,1777247999999,2811662.4210,38616,247.993,1341591.7399,0,2026-04-26
1777248000000,5415.0,5467.0,5395.0,5432.9,695.536,1777334399999,3782859.3176,38787,355.720,1934918.5944,0,2026-04-27
1777334400000,5433.3,5453.5,5382.7,5407.4,582.456,1777420799999,3160295.4515,39931,296.921,1611676.0716,0,2026-04-28
1777420800000,5406.9,5472.2,5397.5,5433.9,1163.002,1777507199999,6310846.7624,52008,544.868,2957509.0239,0,2026-04-29
1777507200000,5434.9,5473.4,5410.7,5464.6,800.212,1777593599999,4357364.9207,48686,399.800,2177708.2531,0,2026-04-30
1777593600000,5464.6,5532.5,5450.5,5529.6,1444.099,1777679999999,7933102.0960,65286,729.519,4008519.9850,0,2026-05-01
1777680000000,5529.5,5540.3,5499.3,5518.8,769.187,1777766399999,4246097.9172,49293,367.926,2031502.4606,0,2026-05-02
1777766400000,5518.8,5536.6,5487.9,5509.9,625.097,1777852799999,3444327.8704,40164,339.953,1873356.5726,0,2026-05-03
1777852800000,5509.8,5568.6,5482.3,5556.9,1066.288,1777939199999,5898311.0480,51529,552.697,3058011.6913,0,2026-05-04
1777939200000,5557.4,5594.4,5500.9,5539.7,1235.069,1778025599999,6872617.8357,57786,633.789,3527462.0093,0,2026-05-05
1778025600000,5539.6,5559.2,5489.2,5541.9,596.374,1778111999999,3297690.5654,31463,270.753,1497353.0501,0,2026-05-06
1778112000000,5542.1,5577.0,5516.9,5554.0,545.686,1778198399999,3026938.7373,30379,267.759,1485316.2410,0,2026-05-07
1778198400000,5554.0,5562.4,5452.8,5474.4,573.912,1778284799999,3158484.7055,27368,263.701,1451661.7313,0,2026-05-08
1778284800000,5474.4,5500.0,5438.1,5482.4,580.614,1778371199999,3174199.6154,21925,308.714,1687606.9182,0,2026-05-09
1778371200000,5482.5,5503.6,5390.0,5453.0,475.351,1778457599999,2590989.3948,25500,239.078,1303600.3686,0,2026-05-10
1778457600000,5452.6,5478.0,5433.2,5450.4,330.282,1778543999999,1802482.3949,21472,157.542,859767.6250,0,2026-05-11
1778544000000,5450.4,5541.2,5438.0,5497.4,631.145,1778630399999,3474362.3876,32423,324.952,1789515.5427,0,2026-05-12
1778630400000,5497.4,5525.2,5433.7,5459.6,699.150,1778716799999,3830246.0276,32077,313.792,1720081.2579,0,2026-05-13
1778716800000,5460.3,5495.7,5438.2,5486.4,358.888,1778803199999,1963918.9689,22039,154.834,847472.2664,0,2026-05-14
1778803200000,5486.2,5535.1,5476.6,5489.1,529.246,1778889599999,2914235.6486,27220,220.546,1214204.6489,0,2026-05-15
1778889600000,5489.9,5572.6,5483.4,5538.2,670.426,1778975999999,3716635.2902,42762,362.296,2008730.5877,0,2026-05-16
1778976000000,5538.7,5595.0,5517.0,5571.0,648.627,1779062399999,3607125.1471,47403,382.568,2129888.7936,0,2026-05-17
1779062400000,5570.6,5619.3,5545.7,5559.1,1242.755,1779148799999,6941240.0275,71749,618.048,3452510.6994,0,2026-05-18
1779148800000,5559.1,5620.0,5547.0,5609.7,807.119,1779235199999,4509689.8112,46842,388.716,2172768.2566,0,2026-05-19
1779235200000,5609.0,5622.6,5565.4,5595.0,567.133,1779321599999,3174911.6880,36656,266.576,1492370.7080,0,2026-05-20
1779321600000,5595.1,5596.5,5533.7,5550.9,363.654,1779407999999,2025643.7262,23143,149.952,835457.3101,0,2026-05-21
1779408000000,5550.3,5584.0,5521.5,5567.7,411.215,1779494399999,2282751.8090,24672,209.832,1165146.1000,0,2026-05-22
1779494400000,5568.0,5622.6,5509.0,5544.4,859.517,1779580799999,4794318.1311,49891,434.985,2426939.3522,0,2026-05-23
1779580800000,5544.3,5610.2,5535.5,5603.4,354.456,1779667199999,1973864.5409,24780,192.943,1074715.4760,0,2026-05-24
1779667200000,5604.5,5629.6,5560.3,5589.6,462.885,1779753599999,2590936.6671,31834,222.484,1245882.2644,0,2026-05-25
1779753600000,5588.5,5608.5,5547.6,5577.2,307.199,1779839999999,1715107.5167,17443,146.832,819928.9727,0,2026-05-26
1779840000000,5577.2,5596.1,5558.4,5561.0,133.294,1779926399999,743134.6957,8520,72.971,406888.8712,0,2026-05-27
